energies,R,det_dx,fom,Fgt,Fmd,imgs,bmis,gt_bmi1,gt_bmi2
"(15, 20)",0.0,2e-06,71.15804809079444,0.46064126934059374,0.7884246053040194,"[[[0.99634 1.00036 1.00084 ... 0.99764 0.99716 0.99708]
  [1.00714 1.00165 1.00371 ... 1.00385 1.00282 0.99895]
  [1.00128 1.00137 0.99854 ... 1.00292 1.00197 1.00158]
  ...
  [1.00564 1.00328 1.00021 ... 0.99429 1.00379 0.99897]
  [0.99994 1.00521 0.99761 ... 1.00104 0.99716 0.99237]
  [0.99947 0.9931  0.99916 ... 0.99946 0.99954 0.99725]]

 [[0.99634 1.00036 1.00084 ... 0.99764 0.99716 0.99708]
  [1.00714 1.00165 1.00371 ... 1.00385 1.00282 0.99895]
  [1.00128 1.00137 0.99854 ... 1.00292 1.00197 1.00158]
  ...
  [1.00564 1.00328 1.00021 ... 0.99428 1.00379 0.99897]
  [0.99994 1.00521 0.99761 ... 1.00104 0.99716 0.99237]
  [0.99947 0.9931  0.99916 ... 0.99946 0.99954 0.99725]]]","[[[0.00940909 0.         0.         ... 0.00606305 0.00729797 0.00750381]
  [0.         0.         0.         ... 0.         0.         0.00269579]
  [0.         0.         0.00374923 ... 0.         0.         0.        ]
  ...
  [0.         0.         0.         ... 0.01473675 0.         0.0026445 ]
  [0.00015404 0.         0.0061403  ... 0.         0.00729796 0.01965412]
  [0.0013604  0.01776723 0.00215642 ... 0.00138612 0.00118076 0.00706636]]

 [[0.         0.00155321 0.00362298 ... 0.         0.         0.        ]
  [0.03070087 0.00711401 0.01597973 ... 0.01658132 0.01215162 0.        ]
  [0.00551962 0.0059075  0.         ... 0.01258198 0.00849267 0.00681253]
  ...
  [0.02426919 0.01413071 0.00090627 ... 0.         0.01632358 0.        ]
  [0.         0.02242375 0.         ... 0.00448532 0.         0.        ]
  [0.         0.         0.         ... 0.         0.         0.        ]]]","[[0. 0. 0. ... 0. 0. 0.]
 [0. 0. 0. ... 0. 0. 0.]
 [0. 0. 0. ... 0. 0. 0.]
 ...
 [0. 0. 0. ... 0. 0. 0.]
 [0. 0. 0. ... 0. 0. 0.]
 [0. 0. 0. ... 0. 0. 0.]]","[[0. 0. 0. ... 0. 0. 0.]
 [0. 0. 0. ... 0. 0. 0.]
 [0. 0. 0. ... 0. 0. 0.]
 ...
 [0. 0. 0. ... 0. 0. 0.]
 [0. 0. 0. ... 0. 0. 0.]
 [0. 0. 0. ... 0. 0. 0.]]"
"(20, 25)",0.0,2e-06,24.295041406342346,0.46064126934059374,0.572554256461592,"[[[0.99634 1.00036 1.00084 ... 0.99764 0.99716 0.99708]
  [1.00714 1.00165 1.00371 ... 1.00385 1.00282 0.99895]
  [1.00128 1.00137 0.99854 ... 1.00292 1.00197 1.00158]
  ...
  [1.00564 1.00328 1.00021 ... 0.99428 1.00379 0.99897]
  [0.99994 1.00521 0.99761 ... 1.00104 0.99716 0.99237]
  [0.99947 0.9931  0.99916 ... 0.99946 0.99954 0.99725]]

 [[0.99634 1.00036 1.00084 ... 0.99764 0.99716 0.99708]
  [1.00714 1.00165 1.00371 ... 1.00385 1.00282 0.99895]
  [1.00128 1.00137 0.99854 ... 1.00292 1.00197 1.00158]
  ...
  [1.00564 1.00328 1.00021 ... 0.99429 1.00379 0.99897]
  [0.99994 1.00521 0.99761 ... 1.00104 0.99716 0.99237]
  [0.99947 0.9931  0.99916 ... 0.99946 0.99954 0.99725]]]","[[[0.01044854 0.         0.         ... 0.00673284 0.00810418 0.00833277]
  [0.         0.         0.         ... 0.         0.         0.00299361]
  [0.         0.         0.00416345 ... 0.         0.         0.        ]
  ...
  [0.         0.         0.         ... 0.01629066 0.         0.00293665]
  [0.00017108 0.         0.00681866 ... 0.         0.00810418 0.02182533]
  [0.00151071 0.01973001 0.00239468 ... 0.00153925 0.00131121 0.007847  ]]

 [[0.         0.00172595 0.00402596 ... 0.         0.         0.        ]
  [0.03411623 0.00790538 0.01775736 ... 0.01842596 0.01350346 0.        ]
  [0.00613363 0.00656463 0.         ... 0.01398169 0.00943745 0.00757038]
  ...
  [0.02696904 0.01570267 0.00100704 ... 0.         0.0181395  0.        ]
  [0.         0.02491829 0.         ... 0.00498426 0.         0.        ]
  [0.         0.         0.         ... 0.         0.         0.        ]]]","[[0. 0. 0. ... 0. 0. 0.]
 [0. 0. 0. ... 0. 0. 0.]
 [0. 0. 0. ... 0. 0. 0.]
 ...
 [0. 0. 0. ... 0. 0. 0.]
 [0. 0. 0. ... 0. 0. 0.]
 [0. 0. 0. ... 0. 0. 0.]]","[[0. 0. 0. ... 0. 0. 0.]
 [0. 0. 0. ... 0. 0. 0.]
 [0. 0. 0. ... 0. 0. 0.]
 ...
 [0. 0. 0. ... 0. 0. 0.]
 [0. 0. 0. ... 0. 0. 0.]
 [0. 0. 0. ... 0. 0. 0.]]"
"(25, 30)",0.0,2e-06,10.722007551411137,0.46064126934059374,0.41125127765697916,"[[[0.99634 1.00036 1.00084 ... 0.99764 0.99716 0.99708]
  [1.00714 1.00165 1.00371 ... 1.00385 1.00282 0.99895]
  [1.00128 1.00137 0.99854 ... 1.00292 1.00197 1.00158]
  ...
  [1.00564 1.00328 1.00021 ... 0.99429 1.00379 0.99897]
  [0.99994 1.00521 0.99761 ... 1.00104 0.99716 0.99237]
  [0.99947 0.9931  0.99916 ... 0.99946 0.99954 0.99725]]

 [[0.99663 1.005   1.00213 ... 0.99737 0.99716 0.99991]
  [0.99782 1.00557 0.99449 ... 1.00152 1.00146 1.00319]
  [1.0008  0.99935 0.99389 ... 1.00292 0.99919 1.00111]
  ...
  [0.99843 0.99921 1.00517 ... 1.00252 1.00379 1.00167]
  [0.99856 1.00428 1.00105 ... 1.00459 0.99319 0.99237]
  [1.00123 0.99788 0.9959  ... 1.00525 1.00045 1.00426]]]","[[[0.02673251 0.         0.         ... 0.02620475 0.02515795 0.        ]
  [0.11923304 0.         0.14806574 ... 0.01154006 0.00168186 0.        ]
  [0.         0.02745483 0.10438446 ... 0.         0.03703233 0.        ]
  ...
  [0.09123783 0.05068301 0.         ... 0.         0.         0.        ]
  [0.02759068 0.         0.         ... 0.         0.10332525 0.06775314]
  [0.         0.         0.07146973 ... 0.         0.         0.        ]]

 [[0.         0.15999025 0.05564054 ... 0.         0.         0.05076128]
  [0.         0.15523829 0.         ... 0.         0.         0.12571001]
  [0.00319465 0.         0.         ... 0.04378943 0.         0.00802933]
  ...
  [0.         0.         0.16839676 ... 0.18936377 0.05681127 0.07468878]
  [0.         0.04711946 0.07905464 ... 0.13386705 0.         0.        ]
  [0.05081078 0.05641554 0.         ... 0.1848485  0.02348997 0.19263436]]]","[[0. 0. 0. ... 0. 0. 0.]
 [0. 0. 0. ... 0. 0. 0.]
 [0. 0. 0. ... 0. 0. 0.]
 ...
 [0. 0. 0. ... 0. 0. 0.]
 [0. 0. 0. ... 0. 0. 0.]
 [0. 0. 0. ... 0. 0. 0.]]","[[0. 0. 0. ... 0. 0. 0.]
 [0. 0. 0. ... 0. 0. 0.]
 [0. 0. 0. ... 0. 0. 0.]
 ...
 [0. 0. 0. ... 0. 0. 0.]
 [0. 0. 0. ... 0. 0. 0.]
 [0. 0. 0. ... 0. 0. 0.]]"
"(30, 35)",0.0,2e-06,26.500005858331384,0.46064126934059374,0.33857130597944435,"[[[0.99663 1.005   1.00213 ... 0.99737 0.99716 0.99991]
  [0.99782 1.00557 0.99449 ... 1.00152 1.00146 1.00319]
  [1.0008  0.99935 0.99389 ... 1.00292 0.99919 1.00111]
  ...
  [0.99843 0.99921 1.00517 ... 1.00252 1.00379 1.00167]
  [0.99856 1.00428 1.00105 ... 1.00459 0.99319 0.99237]
  [1.00123 0.99788 0.9959  ... 1.00525 1.00045 1.00426]]

 [[0.99663 1.005   1.00213 ... 0.99737 0.99716 0.99991]
  [0.99782 1.00557 0.99449 ... 1.00152 1.00146 1.00319]
  [1.0008  0.99935 0.99389 ... 1.00292 0.99919 1.00111]
  ...
  [0.99843 0.99921 1.00517 ... 1.00251 1.00379 1.00167]
  [0.99856 1.00428 1.00105 ... 1.00459 0.99319 0.99237]
  [1.00123 0.99788 0.9959  ... 0.99946 1.00045 1.00426]]]","[[[ 0.         10.20783509  4.35483621 ...  0.          0.
    0.        ]
  [ 0.         11.36842225  0.         ...  3.10865903  2.98587585
    6.51856593]
  [ 1.63671596  0.          0.         ...  5.96763255  0.
    2.27046287]
  ...
  [ 0.          0.         10.55399349 ...  5.09970462  7.74225592
    3.4150952 ]
  [ 0.          8.74098891  2.14787124 ...  9.37278576  0.
    0.        ]
  [ 2.51586565  0.          0.         ...  0.          0.9208337
    8.70017741]]

 [[11.81916863  0.          0.         ...  9.22045305  9.95769344
    0.31512454]
  [ 7.64103088  0.         19.34526714 ...  0.          0.
    0.        ]
  [ 0.          2.2765126  21.45844489 ...  0.          2.83726161
    0.        ]
  ...
  [ 5.50126183  2.76708877  0.         ...  0.          0.
    0.        ]
  [ 5.04541832  0.          0.         ...  0.         23.9252671
   26.81712257]
  [ 0.          7.43063518 14.38481626 ... 32.46261159  0.
    0.        ]]]","[[0. 0. 0. ... 0. 0. 0.]
 [0. 0. 0. ... 0. 0. 0.]
 [0. 0. 0. ... 0. 0. 0.]
 ...
 [0. 0. 0. ... 0. 0. 0.]
 [0. 0. 0. ... 0. 0. 0.]
 [0. 0. 0. ... 0. 0. 0.]]","[[0. 0. 0. ... 0. 0. 0.]
 [0. 0. 0. ... 0. 0. 0.]
 [0. 0. 0. ... 0. 0. 0.]
 ...
 [0. 0. 0. ... 0. 0. 0.]
 [0. 0. 0. ... 0. 0. 0.]
 [0. 0. 0. ... 0. 0. 0.]]"
"(15, 20)",0.0,5e-06,78.85097526867706,0.46064126934059374,0.8238614027056654,"[[[0.99634 1.00036 1.00084 ... 0.99954 0.9991  1.00071]
  [1.00251 1.00098 1.00401 ... 1.00324 1.0023  0.99612]
  [0.9975  0.99989 1.00321 ... 1.00388 0.99905 0.99687]
  ...
  [1.0047  1.00233 1.00125 ... 0.99918 0.99864 1.00161]
  [0.999   1.00618 1.00168 ... 0.99697 0.99763 1.00116]
  [1.00046 0.99718 1.00279 ... 1.0024  1.00065 0.99712]]

 [[0.99634 1.00036 1.00084 ... 0.99954 0.99909 1.00071]
  [1.00251 1.00098 1.00401 ... 1.00324 1.0023  0.99612]
  [0.9975  0.99989 1.00321 ... 1.00388 0.99905 0.99687]
  ...
  [1.0047  1.00233 1.00125 ... 0.99917 0.99864 1.00161]
  [0.999   1.00618 1.00327 ... 0.99697 0.99763 1.00116]
  [1.00046 0.99718 1.00279 ... 1.0024  1.00065 0.99712]]]","[[[0.00940897 0.         0.         ... 0.00118066 0.00235265 0.        ]
  [0.         0.         0.         ... 0.         0.         0.00997563]
  [0.00642305 0.00028207 0.         ... 0.         0.00243876 0.00804429]
  ...
  [0.         0.         0.         ... 0.00214721 0.00349213 0.        ]
  [0.00256722 0.         0.         ... 0.0077869  0.00608872 0.        ]
  [0.         0.00724646 0.         ... 0.         0.         0.00740078]]

 [[0.         0.00155341 0.00362319 ... 0.         0.         0.00306288]
  [0.01081746 0.00422707 0.01726922 ... 0.01395861 0.00991374 0.        ]
  [0.         0.         0.01382946 ... 0.01671067 0.         0.        ]
  ...
  [0.02023365 0.01004257 0.00539089 ... 0.         0.         0.00694214]
  [0.         0.02658597 0.01853618 ... 0.         0.         0.00500292]
  [0.00198478 0.         0.01202258 ... 0.01034424 0.00280425 0.        ]]]","[[0. 0. 0. ... 0. 0. 0.]
 [0. 0. 0. ... 0. 0. 0.]
 [0. 0. 0. ... 0. 0. 0.]
 ...
 [0. 0. 0. ... 0. 0. 0.]
 [0. 0. 0. ... 0. 0. 0.]
 [0. 0. 0. ... 0. 0. 0.]]","[[0. 0. 0. ... 0. 0. 0.]
 [0. 0. 0. ... 0. 0. 0.]
 [0. 0. 0. ... 0. 0. 0.]
 ...
 [0. 0. 0. ... 0. 0. 0.]
 [0. 0. 0. ... 0. 0. 0.]
 [0. 0. 0. ... 0. 0. 0.]]"
"(20, 25)",0.0,5e-06,11.341380810799187,0.46064126934059374,0.5128843498682096,"[[[0.99634 1.00036 1.00084 ... 0.99954 0.99909 1.00071]
  [1.00251 1.00098 1.00401 ... 1.00324 1.0023  0.99612]
  [0.9975  0.99989 1.00321 ... 1.00388 0.99905 0.99687]
  ...
  [1.0047  1.00233 1.00125 ... 0.99917 0.99864 1.00161]
  [0.999   1.00618 1.00327 ... 0.99697 0.99763 1.00116]
  [1.00046 0.99718 1.00279 ... 1.0024  1.00065 0.99712]]

 [[0.99634 1.00331 1.00546 ... 0.9995  0.99515 1.00071]
  [1.00212 0.9967  0.99803 ... 0.99863 0.99695 0.99612]
  [0.99934 1.00681 1.00434 ... 1.00388 0.99905 1.00037]
  ...
  [1.00668 1.0016  0.99543 ... 0.99918 0.99618 0.99838]
  [1.00439 1.00153 1.00327 ... 1.00167 1.00144 0.99923]
  [0.99808 0.99923 1.00062 ... 0.99865 0.99447 1.00383]]]","[[[0.01044861 0.         0.         ... 0.00153206 0.02439856 0.        ]
  [0.         0.0208542  0.02156121 ... 0.01619751 0.02298716 0.01107788]
  [0.         0.         0.         ... 0.         0.00270837 0.        ]
  ...
  [0.         0.         0.02860962 ... 0.00231086 0.017488   0.01323982]
  [0.         0.00800492 0.         ... 0.         0.         0.00734442]
  [0.01183241 0.         0.00401487 ... 0.01385165 0.0323343  0.        ]]

 [[0.         0.02924185 0.04706368 ... 0.         0.         0.00340326]
  [0.00838504 0.         0.         ... 0.         0.         0.        ]
  [0.00521827 0.06392156 0.02588829 ... 0.01856937 0.         0.0177194 ]
  ...
  [0.04088276 0.0043519  0.         ... 0.         0.         0.        ]
  [0.04548516 0.         0.01565472 ... 0.02939855 0.02424221 0.        ]
  [0.         0.0056497  0.         ... 0.         0.         0.0488428 ]]]","[[0. 0. 0. ... 0. 0. 0.]
 [0. 0. 0. ... 0. 0. 0.]
 [0. 0. 0. ... 0. 0. 0.]
 ...
 [0. 0. 0. ... 0. 0. 0.]
 [0. 0. 0. ... 0. 0. 0.]
 [0. 0. 0. ... 0. 0. 0.]]","[[0. 0. 0. ... 0. 0. 0.]
 [0. 0. 0. ... 0. 0. 0.]
 [0. 0. 0. ... 0. 0. 0.]
 ...
 [0. 0. 0. ... 0. 0. 0.]
 [0. 0. 0. ... 0. 0. 0.]
 [0. 0. 0. ... 0. 0. 0.]]"
"(25, 30)",0.0,5e-06,6.736808567595583,0.46064126934059374,0.4296087488417756,"[[[0.99634 1.00331 1.00546 ... 0.9995  0.99515 1.00071]
  [1.00212 0.9967  0.99803 ... 0.99863 0.99695 0.99612]
  [0.99934 1.00681 1.00434 ... 1.00388 0.99905 1.00037]
  ...
  [1.00668 1.0016  0.99543 ... 0.99918 0.99618 0.99838]
  [1.00439 1.00153 1.00327 ... 1.00167 1.00144 0.99923]
  [0.99808 0.99923 1.00062 ... 0.99865 0.99447 1.00383]]

 [[0.99634 1.00036 1.00084 ... 0.99954 0.99909 1.00071]
  [1.00251 1.00098 1.00401 ... 1.00324 1.0023  0.99612]
  [0.9975  0.99989 1.00321 ... 1.00388 0.99905 0.99687]
  ...
  [1.0047  1.00233 1.00125 ... 0.99917 0.99864 1.00161]
  [0.999   1.00618 1.00168 ... 0.99697 0.99763 1.00116]
  [1.00046 0.99718 1.00279 ... 1.0024  1.00065 0.99712]]]","[[[0.03243567 0.02846503 0.04207539 ... 0.00364015 0.         0.        ]
  [0.         0.         0.         ... 0.         0.         0.03438915]
  [0.04195074 0.07510273 0.         ... 0.         0.0084074  0.06540319]
  ...
  [0.         0.         0.         ... 0.0074528  0.         0.        ]
  [0.06668602 0.         0.00219897 ... 0.0773958  0.06196071 0.        ]
  [0.         0.04705512 0.         ... 0.         0.         0.09759984]]

 [[0.         0.         0.         ... 0.         0.05898119 0.01065928]
  [0.04480057 0.09349895 0.16994269 ... 0.13326439 0.13291035 0.        ]
  [0.         0.         0.02742912 ... 0.05815769 0.         0.        ]
  ...
  [0.03421732 0.04834517 0.12595196 ... 0.         0.02491094 0.08355093]
  [0.         0.17769753 0.         ... 0.         0.         0.05289105]
  [0.0507003  0.         0.08167284 ... 0.1049161  0.12366959 0.        ]]]","[[0. 0. 0. ... 0. 0. 0.]
 [0. 0. 0. ... 0. 0. 0.]
 [0. 0. 0. ... 0. 0. 0.]
 ...
 [0. 0. 0. ... 0. 0. 0.]
 [0. 0. 0. ... 0. 0. 0.]
 [0. 0. 0. ... 0. 0. 0.]]","[[0. 0. 0. ... 0. 0. 0.]
 [0. 0. 0. ... 0. 0. 0.]
 [0. 0. 0. ... 0. 0. 0.]
 ...
 [0. 0. 0. ... 0. 0. 0.]
 [0. 0. 0. ... 0. 0. 0.]
 [0. 0. 0. ... 0. 0. 0.]]"
"(30, 35)",0.0,5e-06,21.21255800946321,0.46064126934059374,0.36292747286619265,"[[[0.99634 1.00036 1.00084 ... 0.99954 0.99909 1.00071]
  [1.00251 1.00098 1.00401 ... 1.00324 1.0023  0.99612]
  [0.9975  0.99989 1.00321 ... 1.00388 0.99905 0.99687]
  ...
  [1.0047  1.00233 1.00125 ... 0.99917 0.99864 1.00161]
  [0.999   1.00618 1.00168 ... 0.99697 0.99763 1.00116]
  [1.00046 0.99718 1.00279 ... 1.0024  1.00065 0.99712]]

 [[0.99634 1.00331 1.00546 ... 0.9995  0.99515 1.00071]
  [1.00212 0.9967  0.99803 ... 1.00114 0.99695 0.99612]
  [0.99934 1.00681 1.00434 ... 1.00388 0.99905 1.00418]
  ...
  [1.00668 1.0016  0.99544 ... 0.99917 0.99618 0.99838]
  [1.00439 1.00153 1.00327 ... 1.00167 1.00144 0.99923]
  [0.99808 0.99923 1.00062 ... 0.99865 0.99447 1.00383]]]","[[[ 0.         15.87325038 25.39346983 ...  0.          0.
    1.45263698]
  [ 3.13075728  0.          0.         ...  0.          0.
    0.        ]
  [ 4.35045041 35.22835115 12.34665237 ...  7.92574304  0.
   31.14144374]
  ...
  [19.71769463  1.01826133  0.         ...  0.          0.
    0.        ]
  [25.61292147  0.         11.58887949 ... 17.96618529 14.73844748
    0.        ]
  [ 0.          4.77746958  0.         ...  0.          0.
   28.5735186 ]]

 [[12.83826539  0.          0.         ...  1.96294504 37.93485618
    0.        ]
  [ 0.         34.25157441 38.52079415 ...  7.10066313 39.02092576
   13.61147099]
  [ 0.          0.          0.         ...  0.          3.32773126
    0.        ]
  ...
  [ 0.          0.         46.80264513 ...  2.90726297 26.45377126
   22.77156561]
  [ 0.         19.16240047  0.         ...  0.          0.
   12.90936876]
  [19.33418188  0.          9.29477542 ... 24.56632582 52.20351632
    0.        ]]]","[[0. 0. 0. ... 0. 0. 0.]
 [0. 0. 0. ... 0. 0. 0.]
 [0. 0. 0. ... 0. 0. 0.]
 ...
 [0. 0. 0. ... 0. 0. 0.]
 [0. 0. 0. ... 0. 0. 0.]
 [0. 0. 0. ... 0. 0. 0.]]","[[0. 0. 0. ... 0. 0. 0.]
 [0. 0. 0. ... 0. 0. 0.]
 [0. 0. 0. ... 0. 0. 0.]
 ...
 [0. 0. 0. ... 0. 0. 0.]
 [0. 0. 0. ... 0. 0. 0.]
 [0. 0. 0. ... 0. 0. 0.]]"
"(15, 20)",0.0,1e-05,90.53845207443952,0.46064126934059374,0.8776987442176171,"[[[0.99634 1.00331 1.00546 ... 1.00241 0.99942 0.99813]
  [1.00188 0.99234 0.99694 ... 0.9995  0.99515 1.00071]
  [1.00212 0.9967  0.99803 ... 1.00014 1.00265 1.00057]
  ...
  [0.99166 1.0008  1.0015  ... 1.00301 1.00128 1.00001]
  [0.99704 0.9982  0.99533 ... 0.99651 0.99427 1.00279]
  [1.00227 1.0056  1.00119 ... 0.9978  0.99516 0.99835]]

 [[0.99634 1.00331 1.00546 ... 1.00241 0.99942 0.99813]
  [1.00188 0.99234 0.99694 ... 0.9995  0.99515 1.00071]
  [1.00212 0.9967  0.99803 ... 1.00014 1.00265 1.00057]
  ...
  [0.99166 1.0008  1.0015  ... 1.00301 1.00128 1.00001]
  [0.99704 0.9982  0.99533 ... 0.99651 0.99427 1.00279]
  [1.00227 1.0056  1.00119 ... 0.9978  0.99516 0.99835]]]","[[[9.40905364e-03 0.00000000e+00 0.00000000e+00 ... 0.00000000e+00
   1.48878192e-03 4.80296695e-03]
  [0.00000000e+00 1.97315587e-02 7.86405817e-03 ... 1.28339912e-03
   1.24755859e-02 0.00000000e+00]
  [0.00000000e+00 8.48192999e-03 5.05999618e-03 ... 0.00000000e+00
   0.00000000e+00 0.00000000e+00]
  ...
  [2.14906237e-02 0.00000000e+00 0.00000000e+00 ... 0.00000000e+00
   0.00000000e+00 0.00000000e+00]
  [7.60682549e-03 4.62302375e-03 1.20115801e-02 ... 8.97107716e-03
   1.47456910e-02 0.00000000e+00]
  [0.00000000e+00 0.00000000e+00 0.00000000e+00 ... 5.65156924e-03
   1.24499167e-02 4.23742604e-03]]

 [[0.00000000e+00 1.42594736e-02 2.34968260e-02 ... 1.03872176e-02
   0.00000000e+00 0.00000000e+00]
  [8.10516136e-03 0.00000000e+00 0.00000000e+00 ... 0.00000000e+00
   0.00000000e+00 3.06273979e-03]
  [9.13864590e-03 0.00000000e+00 0.00000000e+00 ... 6.03927159e-04
   1.14202009e-02 2.45926488e-03]
  ...
  [0.00000000e+00 3.45091584e-03 6.46802291e-03 ... 1.29694276e-02
   5.51980376e-03 4.33499871e-05]
  [0.00000000e+00 0.00000000e+00 0.00000000e+00 ... 0.00000000e+00
   0.00000000e+00 1.20225055e-02]
  [9.78426092e-03 2.40973932e-02 5.13180964e-03 ... 0.00000000e+00
   0.00000000e+00 0.00000000e+00]]]","[[0. 0. 0. ... 0. 0. 0.]
 [0. 0. 0. ... 0. 0. 0.]
 [0. 0. 0. ... 0. 0. 0.]
 ...
 [0. 0. 0. ... 0. 0. 0.]
 [0. 0. 0. ... 0. 0. 0.]
 [0. 0. 0. ... 0. 0. 0.]]","[[0. 0. 0. ... 0. 0. 0.]
 [0. 0. 0. ... 0. 0. 0.]
 [0. 0. 0. ... 0. 0. 0.]
 ...
 [0. 0. 0. ... 0. 0. 0.]
 [0. 0. 0. ... 0. 0. 0.]
 [0. 0. 0. ... 0. 0. 0.]]"
"(20, 25)",0.0,1e-05,44.875559581200044,0.46064126934059374,0.667356616619128,"[[[0.99634 1.00331 1.00546 ... 1.00241 0.99942 0.99813]
  [1.00188 0.99234 0.99694 ... 0.9995  0.99515 1.00071]
  [1.00212 0.9967  0.99803 ... 1.00014 1.00265 1.00057]
  ...
  [0.99166 1.0008  1.0015  ... 1.00301 1.00128 1.00001]
  [0.99704 0.9982  0.99533 ... 0.99651 0.99427 1.00279]
  [1.00227 1.0056  1.00119 ... 0.9978  0.99516 0.99835]]

 [[0.99634 1.00331 1.00546 ... 1.00241 0.99942 0.99813]
  [1.00188 0.99234 0.99694 ... 0.9995  0.99515 1.00071]
  [1.00212 0.9967  0.99803 ... 1.00014 1.00265 1.00057]
  ...
  [0.99166 1.0008  1.0015  ... 1.00301 1.00128 1.00001]
  [0.99704 0.9982  0.99533 ... 0.99651 0.99427 1.00279]
  [1.00227 0.99509 1.00119 ... 0.9978  0.99516 0.99835]]]","[[[1.04485935e-02 0.00000000e+00 0.00000000e+00 ... 0.00000000e+00
   1.65333971e-03 5.33363930e-03]
  [0.00000000e+00 2.19114866e-02 8.73299950e-03 ... 1.42528570e-03
   1.38538677e-02 0.00000000e+00]
  [0.00000000e+00 9.41915625e-03 5.61920580e-03 ... 0.00000000e+00
   0.00000000e+00 0.00000000e+00]
  ...
  [2.38648731e-02 0.00000000e+00 0.00000000e+00 ... 0.00000000e+00
   0.00000000e+00 0.00000000e+00]
  [8.44729792e-03 5.13387151e-03 1.33386599e-02 ... 9.96226637e-03
   1.63748012e-02 0.00000000e+00]
  [0.00000000e+00 4.20633821e-02 0.00000000e+00 ... 6.27598099e-03
   1.38253613e-02 4.70563269e-03]]

 [[0.00000000e+00 1.58455808e-02 2.61105589e-02 ... 1.15426412e-02
   0.00000000e+00 0.00000000e+00]
  [9.00657935e-03 0.00000000e+00 0.00000000e+00 ... 0.00000000e+00
   0.00000000e+00 3.40328633e-03]
  [1.01549782e-02 0.00000000e+00 0.00000000e+00 ... 6.70867563e-04
   1.26904321e-02 2.73261198e-03]
  ...
  [0.00000000e+00 3.83452589e-03 7.18729075e-03 ... 1.44118874e-02
   6.13354039e-03 4.78322328e-05]
  [0.00000000e+00 0.00000000e+00 0.00000000e+00 ... 0.00000000e+00
   0.00000000e+00 1.33596915e-02]
  [1.08725370e-02 0.00000000e+00 5.70250382e-03 ... 0.00000000e+00
   0.00000000e+00 0.00000000e+00]]]","[[0. 0. 0. ... 0. 0. 0.]
 [0. 0. 0. ... 0. 0. 0.]
 [0. 0. 0. ... 0. 0. 0.]
 ...
 [0. 0. 0. ... 0. 0. 0.]
 [0. 0. 0. ... 0. 0. 0.]
 [0. 0. 0. ... 0. 0. 0.]]","[[0. 0. 0. ... 0. 0. 0.]
 [0. 0. 0. ... 0. 0. 0.]
 [0. 0. 0. ... 0. 0. 0.]
 ...
 [0. 0. 0. ... 0. 0. 0.]
 [0. 0. 0. ... 0. 0. 0.]
 [0. 0. 0. ... 0. 0. 0.]]"
"(25, 30)",0.0,1e-05,5.51338669183647,0.46064126934059374,0.43524433489966285,"[[[0.99634 1.00331 1.00546 ... 1.00241 0.99942 0.99813]
  [1.00188 0.99234 0.99694 ... 0.9995  0.99515 1.00071]
  [1.00212 0.9967  0.99803 ... 1.00014 1.00265 1.00057]
  ...
  [0.99166 1.0008  1.0015  ... 1.00301 1.00128 1.00001]
  [0.99704 0.9982  0.99533 ... 0.99651 0.99427 1.00279]
  [1.00227 0.99509 1.00119 ... 0.9978  0.99516 0.99835]]

 [[0.99634 1.00036 1.00084 ... 1.00533 0.99911 1.00172]
  [0.99927 1.00081 0.99975 ... 0.99954 0.99909 1.00071]
  [1.00251 1.00098 1.00401 ... 0.99794 1.00004 1.00057]
  ...
  [0.99869 1.00448 1.00334 ... 0.99405 1.0027  1.00121]
  [1.0042  0.99693 1.00043 ... 0.99507 1.00558 0.99501]
  [1.00227 0.99906 0.99865 ... 1.0019  0.99962 0.99835]]]","[[[0.03243557 0.02846496 0.04207538 ... 0.         0.01121087 0.        ]
  [0.03449704 0.         0.         ... 0.00364008 0.         0.        ]
  [0.         0.         0.         ... 0.04190991 0.02766085 0.        ]
  ...
  [0.         0.         0.         ... 0.14923828 0.         0.        ]
  [0.         0.0408824  0.         ... 0.05926203 0.         0.12796595]
  [0.         0.         0.03925223 ... 0.         0.         0.01460749]]

 [[0.         0.         0.         ... 0.13331455 0.         0.09182105]
  [0.         0.16843358 0.04799847 ... 0.         0.05898133 0.01065942]
  [0.0448007  0.09349905 0.16994271 ... 0.         0.         0.00855895]
  ...
  [0.11020116 0.13461634 0.08382709 ... 0.         0.06655185 0.04021082]
  [0.19451299 0.         0.10042922 ... 0.         0.29153941 0.        ]
  [0.03405233 0.05908593 0.         ... 0.10390384 0.0765136  0.        ]]]","[[0. 0. 0. ... 0. 0. 0.]
 [0. 0. 0. ... 0. 0. 0.]
 [0. 0. 0. ... 0. 0. 0.]
 ...
 [0. 0. 0. ... 0. 0. 0.]
 [0. 0. 0. ... 0. 0. 0.]
 [0. 0. 0. ... 0. 0. 0.]]","[[0. 0. 0. ... 0. 0. 0.]
 [0. 0. 0. ... 0. 0. 0.]
 [0. 0. 0. ... 0. 0. 0.]
 ...
 [0. 0. 0. ... 0. 0. 0.]
 [0. 0. 0. ... 0. 0. 0.]
 [0. 0. 0. ... 0. 0. 0.]]"
"(30, 35)",0.0,1e-05,25.961035346895358,0.46064126934059374,0.34105402658469475,"[[[0.99634 1.00036 1.00084 ... 1.00533 0.99911 1.00172]
  [0.99927 1.00081 0.99975 ... 0.99954 0.99909 1.00071]
  [1.00251 1.00098 1.00401 ... 0.99794 1.00004 1.00057]
  ...
  [0.99869 1.00448 1.00334 ... 0.99405 1.0027  1.00121]
  [1.0042  0.99693 1.00043 ... 0.99507 1.00558 0.99501]
  [1.00227 0.99906 0.99865 ... 1.0019  0.99962 0.99835]]

 [[0.99634 1.00331 1.00546 ... 1.00241 0.99942 0.99813]
  [1.00188 0.99234 0.99694 ... 0.9995  0.99515 1.00071]
  [1.00212 0.9967  0.99803 ... 1.00014 1.00265 1.00057]
  ...
  [0.99166 1.0008  1.0015  ... 1.00301 1.00129 1.00001]
  [0.99704 0.9982  0.99533 ... 0.99651 0.99427 1.00279]
  [1.00227 1.0056  1.00119 ... 0.9978  0.99516 0.99835]]]","[[[ 0.         15.87327414 25.39350162 ...  0.          0.
    0.        ]
  [11.91468085  0.          0.         ...  0.          0.
    1.45265818]
  [ 3.13077671  0.          0.         ...  7.09931365 13.48060028
    1.16640502]
  ...
  [ 0.          0.          0.         ... 33.91334498  0.
    0.        ]
  [ 0.          0.25148232  0.         ...  0.          0.
   29.79897758]
  [ 4.64064839 31.61624585 10.29283842 ...  0.          0.
    0.        ]]

 [[12.83823214  0.          0.         ...  6.96581063  0.38947028
   25.55437924]
  [ 0.         71.90430094 25.62671374 ...  1.96291624 37.93482711
    0.        ]
  [ 0.         34.25154358 38.52075109 ...  0.          0.
    0.        ]
  ...
  [66.70960986 16.62494147  4.46653798 ...  0.          2.93392451
    6.31178034]
  [48.24989996  0.         43.43829643 ...  4.58709903 79.98225997
    0.        ]
  [ 0.          0.          0.         ... 29.41345828 40.65370139
    5.78176649]]]","[[0. 0. 0. ... 0. 0. 0.]
 [0. 0. 0. ... 0. 0. 0.]
 [0. 0. 0. ... 0. 0. 0.]
 ...
 [0. 0. 0. ... 0. 0. 0.]
 [0. 0. 0. ... 0. 0. 0.]
 [0. 0. 0. ... 0. 0. 0.]]","[[0. 0. 0. ... 0. 0. 0.]
 [0. 0. 0. ... 0. 0. 0.]
 [0. 0. 0. ... 0. 0. 0.]
 ...
 [0. 0. 0. ... 0. 0. 0.]
 [0. 0. 0. ... 0. 0. 0.]
 [0. 0. 0. ... 0. 0. 0.]]"
"(15, 20)",0.01,2e-06,117.0848985690975,0.46064126934059374,0.999982632315431,"[[[0.99634 1.00036 1.00084 ... 0.99764 0.99716 0.99708]
  [1.00714 1.00165 1.00371 ... 1.00385 1.00282 0.99895]
  [1.00128 1.00137 0.99854 ... 1.00292 1.00197 1.00158]
  ...
  [1.00564 1.00328 1.00021 ... 0.99429 1.00379 0.99897]
  [0.99994 1.00521 0.99761 ... 1.00104 0.99716 0.99237]
  [0.99947 0.9931  0.99916 ... 0.99946 0.99954 0.99725]]

 [[0.99663 1.005   1.00213 ... 0.99737 0.99716 0.99991]
  [0.99782 1.00557 0.99449 ... 1.00152 1.00146 1.00319]
  [1.0008  0.99935 0.9939  ... 1.00292 0.99919 1.00111]
  ...
  [0.99843 0.99921 1.00518 ... 1.00252 1.00166 1.00167]
  [0.99856 1.00428 1.00105 ... 1.00459 0.99319 0.99237]
  [1.00124 0.99788 0.9959  ... 1.00525 1.00045 1.00426]]]","[[[0.00437205 0.00512519 0.00485253 ... 0.00434738 0.00422333 0.00458234]
  [0.00320054 0.00563757 0.00325073 ... 0.00452407 0.00447751 0.00540606]
  [0.00473783 0.00425591 0.0037402  ... 0.00485991 0.00411156 0.00454938]
  ...
  [0.00333889 0.00424296 0.00504288 ... 0.00560148 0.0041882  0.00504303]
  [0.00442297 0.00452473 0.00488747 ... 0.00496871 0.0035603  0.00377   ]
  [0.00442415 0.00491586 0.00360536 ... 0.00546618 0.0044684  0.00562397]]

 [[0.         0.         0.         ... 0.         0.         0.        ]
  [0.         0.         0.         ... 0.         0.         0.        ]
  [0.         0.         0.         ... 0.         0.         0.        ]
  ...
  [0.         0.         0.         ... 0.         0.         0.        ]
  [0.         0.         0.         ... 0.         0.         0.        ]
  [0.         0.         0.         ... 0.         0.         0.        ]]]","[[0. 0. 0. ... 0. 0. 0.]
 [0. 0. 0. ... 0. 0. 0.]
 [0. 0. 0. ... 0. 0. 0.]
 ...
 [0. 0. 0. ... 0. 0. 0.]
 [0. 0. 0. ... 0. 0. 0.]
 [0. 0. 0. ... 0. 0. 0.]]","[[0. 0. 0. ... 0. 0. 0.]
 [0. 0. 0. ... 0. 0. 0.]
 [0. 0. 0. ... 0. 0. 0.]
 ...
 [0. 0. 0. ... 0. 0. 0.]
 [0. 0. 0. ... 0. 0. 0.]
 [0. 0. 0. ... 0. 0. 0.]]"
"(20, 25)",0.01,2e-06,62.855059754695446,0.46064126934059374,0.7501776144394116,"[[[0.99663 1.005   1.00213 ... 0.99737 0.99716 0.99991]
  [0.99782 1.00557 0.99449 ... 1.00152 1.00146 1.00319]
  [1.0008  0.99935 0.9939  ... 1.00292 0.99919 1.00111]
  ...
  [0.99843 0.99921 1.00518 ... 1.00252 1.00166 1.00167]
  [0.99856 1.00428 1.00105 ... 1.00459 0.99319 0.99237]
  [1.00124 0.99788 0.9959  ... 1.00525 1.00045 1.00426]]

 [[0.99634 1.00036 1.00084 ... 0.99764 0.99716 0.99708]
  [1.00714 1.00165 1.00371 ... 1.00385 1.00282 0.99895]
  [1.00128 1.00137 0.99854 ... 1.00292 1.00197 1.00158]
  ...
  [1.00564 1.00328 1.00021 ... 0.99429 1.00379 0.99897]
  [0.99994 1.00521 0.99761 ... 1.00104 0.99716 0.99237]
  [0.99947 0.9931  0.99916 ... 0.99946 0.99954 0.99725]]]","[[[0.00000000e+00 0.00000000e+00 0.00000000e+00 ... 0.00000000e+00
   0.00000000e+00 0.00000000e+00]
  [3.76994958e-03 0.00000000e+00 2.48975090e-03 ... 1.22093696e-04
   1.34638079e-04 0.00000000e+00]
  [0.00000000e+00 2.23615068e-04 2.38924516e-04 ... 0.00000000e+00
   3.29220813e-04 0.00000000e+00]
  ...
  [2.78254681e-03 0.00000000e+00 0.00000000e+00 ... 0.00000000e+00
   8.44747769e-04 0.00000000e+00]
  [0.00000000e+00 8.30618487e-04 0.00000000e+00 ... 0.00000000e+00
   0.00000000e+00 0.00000000e+00]
  [0.00000000e+00 0.00000000e+00 7.15530154e-04 ... 0.00000000e+00
   0.00000000e+00 0.00000000e+00]]

 [[2.58885674e-03 2.18886644e-03 1.76295606e-03 ... 2.12384867e-03
   1.79641062e-03 2.36249850e-03]
  [0.00000000e+00 3.37471139e-03 0.00000000e+00 ... 3.48806477e-04
   3.21365793e-04 3.67086752e-03]
  [1.61174517e-03 1.91112499e-04 1.68198609e-04 ... 9.87660052e-04
   9.60009881e-05 9.15675013e-04]
  ...
  [0.00000000e+00 6.52543346e-04 2.39470261e-03 ... 6.09155742e-03
   0.00000000e+00 3.25109465e-03]
  [1.77556877e-03 0.00000000e+00 3.45509277e-03 ... 1.90553015e-03
   8.13337711e-04 2.43167449e-03]
  [9.65701831e-04 4.85949101e-03 0.00000000e+00 ... 3.76006813e-03
   1.27614408e-03 4.43879848e-03]]]","[[0. 0. 0. ... 0. 0. 0.]
 [0. 0. 0. ... 0. 0. 0.]
 [0. 0. 0. ... 0. 0. 0.]
 ...
 [0. 0. 0. ... 0. 0. 0.]
 [0. 0. 0. ... 0. 0. 0.]
 [0. 0. 0. ... 0. 0. 0.]]","[[0. 0. 0. ... 0. 0. 0.]
 [0. 0. 0. ... 0. 0. 0.]
 [0. 0. 0. ... 0. 0. 0.]
 ...
 [0. 0. 0. ... 0. 0. 0.]
 [0. 0. 0. ... 0. 0. 0.]
 [0. 0. 0. ... 0. 0. 0.]]"
"(25, 30)",0.01,2e-06,42.32979469360863,0.46064126934059374,0.6556297729264998,"[[[0.99634 1.00036 1.00084 ... 0.99764 0.99716 0.99708]
  [1.00714 1.00165 1.00371 ... 1.00385 1.00282 0.99895]
  [1.00128 1.00137 0.99854 ... 1.00292 1.00197 1.00158]
  ...
  [1.00564 1.00328 1.00021 ... 0.99429 1.00379 0.99897]
  [0.99994 1.00521 0.99761 ... 1.00104 0.99716 0.99237]
  [0.99947 0.9931  0.99916 ... 0.99946 0.99954 0.99725]]

 [[0.99663 1.005   1.00213 ... 0.99737 0.99716 0.99991]
  [0.99782 1.00557 0.99449 ... 1.00152 1.00146 1.00319]
  [1.0008  0.99935 0.9939  ... 1.00292 0.99919 1.00111]
  ...
  [0.99843 0.99921 1.00517 ... 1.00251 1.00379 1.00167]
  [0.99856 1.00428 1.00105 ... 1.00459 0.99319 0.99237]
  [1.00123 0.99788 0.9959  ... 1.00525 1.00045 1.00426]]]","[[[0.         0.         0.         ... 0.         0.         0.        ]
  [0.         0.00141686 0.         ... 0.         0.         0.00062815]
  [0.         0.         0.         ... 0.         0.         0.        ]
  ...
  [0.         0.         0.         ... 0.00269809 0.         0.        ]
  [0.         0.         0.         ... 0.         0.         0.        ]
  [0.         0.         0.         ... 0.0014963  0.         0.00234457]]

 [[0.00737097 0.00260094 0.00506899 ... 0.00724434 0.00805757 0.00543102]
  [0.01552085 0.00071344 0.01536061 ... 0.00740475 0.00734102 0.00157153]
  [0.006181   0.00883483 0.01204766 ... 0.00545092 0.00955197 0.00693204]
  ...
  [0.01345216 0.00878843 0.00250825 ... 0.         0.00587213 0.00338769]
  [0.00732678 0.00662996 0.00386062 ... 0.00312765 0.01212245 0.00948134]
  [0.0064377  0.00343248 0.01176619 ... 0.00056308 0.0063638  0.        ]]]","[[0. 0. 0. ... 0. 0. 0.]
 [0. 0. 0. ... 0. 0. 0.]
 [0. 0. 0. ... 0. 0. 0.]
 ...
 [0. 0. 0. ... 0. 0. 0.]
 [0. 0. 0. ... 0. 0. 0.]
 [0. 0. 0. ... 0. 0. 0.]]","[[0. 0. 0. ... 0. 0. 0.]
 [0. 0. 0. ... 0. 0. 0.]
 [0. 0. 0. ... 0. 0. 0.]
 ...
 [0. 0. 0. ... 0. 0. 0.]
 [0. 0. 0. ... 0. 0. 0.]
 [0. 0. 0. ... 0. 0. 0.]]"
"(30, 35)",0.01,2e-06,100.0,0.46064126934059374,0.0,"[[[0.99663 1.005   1.00213 ... 0.99737 0.99716 0.99991]
  [0.99782 1.00557 0.99449 ... 1.00152 1.00146 1.00319]
  [1.0008  0.99935 0.9939  ... 1.00292 0.99919 1.00111]
  ...
  [0.99843 0.99921 1.00517 ... 1.00251 1.00379 1.00167]
  [0.99856 1.00428 1.00105 ... 1.00459 0.99319 0.99237]
  [1.00123 0.99788 0.9959  ... 1.00525 1.00045 1.00426]]

 [[0.99634 1.00036 1.00084 ... 0.99764 0.99716 0.99708]
  [1.00714 1.00165 1.00371 ... 1.00385 1.00282 0.99895]
  [1.00128 1.00137 0.99854 ... 1.00292 1.00197 1.00158]
  ...
  [1.00564 1.00328 1.00021 ... 0.99429 1.00379 0.99897]
  [0.99994 1.00521 0.99761 ... 1.00104 0.99716 0.99237]
  [0.99947 0.9931  0.99916 ... 0.99946 0.99954 0.99725]]]","[[[0.         0.         0.         ... 0.         0.         0.        ]
  [0.         0.         0.         ... 0.         0.         0.        ]
  [0.         0.         0.         ... 0.         0.         0.        ]
  ...
  [0.         0.         0.         ... 0.         0.         0.        ]
  [0.         0.         0.         ... 0.         0.         0.        ]
  [0.         0.         0.         ... 0.         0.         0.        ]]

 [[0.72120033 0.72304795 0.71955547 ... 0.7203435  0.71915724 0.72259198]
  [0.6992712  0.72533932 0.70298372 ... 0.7140198  0.71469079 0.72651721]
  [0.71820469 0.71383042 0.7121233  ... 0.71716553 0.71298865 0.71662803]
  ...
  [0.70387734 0.71345318 0.72373991 ... 0.73488368 0.71567317 0.72425643]
  [0.71807219 0.71303399 0.72514694 ... 0.72201757 0.71402177 0.72159906]
  [0.718364   0.72976439 0.7117947  ... 0.7275729  0.71876328 0.73007664]]]","[[0. 0. 0. ... 0. 0. 0.]
 [0. 0. 0. ... 0. 0. 0.]
 [0. 0. 0. ... 0. 0. 0.]
 ...
 [0. 0. 0. ... 0. 0. 0.]
 [0. 0. 0. ... 0. 0. 0.]
 [0. 0. 0. ... 0. 0. 0.]]","[[0. 0. 0. ... 0. 0. 0.]
 [0. 0. 0. ... 0. 0. 0.]
 [0. 0. 0. ... 0. 0. 0.]
 ...
 [0. 0. 0. ... 0. 0. 0.]
 [0. 0. 0. ... 0. 0. 0.]
 [0. 0. 0. ... 0. 0. 0.]]"
"(15, 20)",0.01,5e-06,117.08866889662238,0.46064126934059374,1.0,"[[[0.99634 1.00036 1.00084 ... 0.99954 0.9991  1.00071]
  [1.00251 1.00098 1.00401 ... 1.00324 1.0023  0.99612]
  [0.9975  0.99989 1.00321 ... 1.00388 0.99905 0.99687]
  ...
  [1.0047  1.00233 1.00125 ... 0.99917 0.99864 1.00161]
  [0.999   1.00618 1.00168 ... 0.99697 0.99763 1.00116]
  [1.00046 0.99718 1.00279 ... 1.0024  1.00065 0.99712]]

 [[0.99634 1.00036 1.00084 ... 0.99954 0.99909 1.00071]
  [1.00251 1.00098 1.00401 ... 1.00324 1.0023  0.99612]
  [0.9975  0.99989 1.00321 ... 1.00388 0.99905 0.99687]
  ...
  [1.0047  1.00233 1.00125 ... 0.99917 0.99864 1.00161]
  [0.999   1.00618 1.00168 ... 0.99697 0.99763 1.00116]
  [1.00046 0.99718 1.00279 ... 1.0024  1.00065 0.99712]]]","[[[0.00666766 0.00691924 0.00697056 ... 0.00695576 0.00686405 0.0069415 ]
  [0.00715217 0.00707064 0.00731347 ... 0.00724036 0.00715289 0.00678838]
  [0.00700675 0.00716498 0.0074487  ... 0.00740283 0.00709809 0.00697122]
  ...
  [0.00681124 0.00666479 0.0066763  ... 0.00679093 0.00663854 0.00670406]
  [0.00657585 0.00698731 0.00677652 ... 0.0067095  0.006641   0.00676457]
  [0.00679758 0.00659521 0.00696973 ... 0.00705648 0.00688002 0.00662361]]

 [[0.         0.         0.         ... 0.         0.         0.        ]
  [0.         0.         0.         ... 0.         0.         0.        ]
  [0.         0.         0.         ... 0.         0.         0.        ]
  ...
  [0.         0.         0.         ... 0.         0.         0.        ]
  [0.         0.         0.         ... 0.         0.         0.        ]
  [0.         0.         0.         ... 0.         0.         0.        ]]]","[[0. 0. 0. ... 0. 0. 0.]
 [0. 0. 0. ... 0. 0. 0.]
 [0. 0. 0. ... 0. 0. 0.]
 ...
 [0. 0. 0. ... 0. 0. 0.]
 [0. 0. 0. ... 0. 0. 0.]
 [0. 0. 0. ... 0. 0. 0.]]","[[0. 0. 0. ... 0. 0. 0.]
 [0. 0. 0. ... 0. 0. 0.]
 [0. 0. 0. ... 0. 0. 0.]
 ...
 [0. 0. 0. ... 0. 0. 0.]
 [0. 0. 0. ... 0. 0. 0.]
 [0. 0. 0. ... 0. 0. 0.]]"
"(20, 25)",0.01,5e-06,81.02253127093522,0.46064126934059374,0.8338644858389093,"[[[0.99634 1.00036 1.00084 ... 0.99954 0.99909 1.00071]
  [1.00251 1.00098 1.00401 ... 1.00324 1.0023  0.99612]
  [0.9975  0.99989 1.00321 ... 1.00388 0.99905 0.99687]
  ...
  [1.0047  1.00233 1.00125 ... 0.99917 0.99864 1.00161]
  [0.999   1.00618 1.00168 ... 0.99697 0.99763 1.00116]
  [1.00046 0.99718 1.00279 ... 1.0024  1.00065 0.99712]]

 [[0.99634 1.00036 1.00084 ... 0.99954 0.9991  1.00071]
  [1.00251 1.00098 1.00401 ... 1.00324 1.0023  0.99612]
  [0.9975  0.99989 1.00321 ... 1.00388 0.99905 0.99687]
  ...
  [1.0047  1.00233 1.00125 ... 0.99917 0.99864 1.00161]
  [0.999   1.00618 1.00168 ... 0.99697 0.99763 1.00116]
  [1.00046 0.99718 1.00279 ... 1.0024  1.00065 0.99712]]]","[[[0.00000000e+00 0.00000000e+00 0.00000000e+00 ... 0.00000000e+00
   0.00000000e+00 0.00000000e+00]
  [0.00000000e+00 0.00000000e+00 0.00000000e+00 ... 0.00000000e+00
   0.00000000e+00 0.00000000e+00]
  [0.00000000e+00 0.00000000e+00 0.00000000e+00 ... 2.85216354e-05
   0.00000000e+00 0.00000000e+00]
  ...
  [0.00000000e+00 0.00000000e+00 0.00000000e+00 ... 0.00000000e+00
   0.00000000e+00 0.00000000e+00]
  [0.00000000e+00 8.04176478e-05 0.00000000e+00 ... 0.00000000e+00
   0.00000000e+00 0.00000000e+00]
  [0.00000000e+00 0.00000000e+00 0.00000000e+00 ... 0.00000000e+00
   0.00000000e+00 0.00000000e+00]]

 [[1.47582836e-03 9.90901104e-04 1.05731564e-03 ... 7.98108125e-04
   9.19237731e-04 7.08649017e-04]
  [5.45667720e-04 9.29681464e-04 5.62577599e-04 ... 3.30824636e-04
   4.63984473e-04 1.39703443e-03]
  [1.29025671e-03 1.08010418e-03 6.37485340e-04 ... 2.29781982e-04
   9.38500517e-04 1.27719337e-03]
  ...
  [4.98663555e-04 9.78362861e-04 1.13247090e-03 ... 7.29453446e-04
   9.77250031e-04 7.50653038e-04]
  [1.25608190e-03 3.17593690e-04 1.05909381e-03 ... 1.04930683e-03
   1.09449043e-03 7.32355976e-04]
  [8.87905103e-04 1.54357423e-03 7.93228010e-04 ... 3.19795213e-04
   6.55632638e-04 1.28272838e-03]]]","[[0. 0. 0. ... 0. 0. 0.]
 [0. 0. 0. ... 0. 0. 0.]
 [0. 0. 0. ... 0. 0. 0.]
 ...
 [0. 0. 0. ... 0. 0. 0.]
 [0. 0. 0. ... 0. 0. 0.]
 [0. 0. 0. ... 0. 0. 0.]]","[[0. 0. 0. ... 0. 0. 0.]
 [0. 0. 0. ... 0. 0. 0.]
 [0. 0. 0. ... 0. 0. 0.]
 ...
 [0. 0. 0. ... 0. 0. 0.]
 [0. 0. 0. ... 0. 0. 0.]
 [0. 0. 0. ... 0. 0. 0.]]"
"(25, 30)",0.01,5e-06,56.224443827139815,0.46064126934059374,0.7196342610656197,"[[[0.99634 1.00036 1.00084 ... 0.99954 0.9991  1.00071]
  [1.00251 1.00098 1.00401 ... 1.00324 1.0023  0.99612]
  [0.9975  0.99989 1.00321 ... 1.00388 0.99905 0.99687]
  ...
  [1.0047  1.00233 1.00125 ... 0.99917 0.99864 1.00161]
  [0.999   1.00618 1.00168 ... 0.99697 0.99763 1.00116]
  [1.00046 0.99718 1.00279 ... 1.0024  1.00065 0.99712]]

 [[0.99634 1.00036 1.00084 ... 0.99954 0.99909 1.00071]
  [1.00251 1.00098 1.00401 ... 1.00324 1.0023  0.99612]
  [0.9975  0.99989 1.00321 ... 1.00388 0.99905 0.99687]
  ...
  [1.0047  1.00233 1.00125 ... 0.99917 0.99864 1.00161]
  [0.999   1.00618 1.00168 ... 0.99697 0.99763 1.00116]
  [1.00046 0.99718 1.00279 ... 1.0024  1.00065 0.99712]]]","[[[0.         0.         0.         ... 0.         0.         0.        ]
  [0.         0.         0.         ... 0.         0.         0.        ]
  [0.         0.         0.         ... 0.         0.         0.        ]
  ...
  [0.         0.         0.         ... 0.         0.         0.        ]
  [0.         0.         0.         ... 0.         0.         0.        ]
  [0.         0.         0.         ... 0.         0.         0.        ]]

 [[0.00652588 0.00553299 0.00533742 ... 0.00566714 0.0057804  0.00529732]
  [0.00491714 0.0054476  0.00463442 ... 0.00487846 0.00500978 0.00658255]
  [0.00632323 0.00580506 0.00491457 ... 0.0047852  0.00593688 0.0064335 ]
  ...
  [0.00467894 0.00546332 0.00571726 ... 0.00542277 0.00576628 0.00524168]
  [0.00605574 0.00426357 0.00551501 ... 0.00604133 0.00601262 0.00524487]
  [0.00544571 0.0064754  0.00498422 ... 0.00475656 0.00525785 0.00627329]]]","[[0. 0. 0. ... 0. 0. 0.]
 [0. 0. 0. ... 0. 0. 0.]
 [0. 0. 0. ... 0. 0. 0.]
 ...
 [0. 0. 0. ... 0. 0. 0.]
 [0. 0. 0. ... 0. 0. 0.]
 [0. 0. 0. ... 0. 0. 0.]]","[[0. 0. 0. ... 0. 0. 0.]
 [0. 0. 0. ... 0. 0. 0.]
 [0. 0. 0. ... 0. 0. 0.]
 ...
 [0. 0. 0. ... 0. 0. 0.]
 [0. 0. 0. ... 0. 0. 0.]
 [0. 0. 0. ... 0. 0. 0.]]"
"(30, 35)",0.01,5e-06,100.0,0.46064126934059374,0.0,"[[[0.99634 1.00036 1.00084 ... 0.99954 0.99909 1.00071]
  [1.00251 1.00098 1.00401 ... 1.00324 1.0023  0.99612]
  [0.9975  0.99989 1.00321 ... 1.00388 0.99905 0.99687]
  ...
  [1.0047  1.00233 1.00125 ... 0.99917 0.99864 1.00161]
  [0.999   1.00618 1.00168 ... 0.99697 0.99763 1.00116]
  [1.00046 0.99718 1.00279 ... 1.0024  1.00065 0.99712]]

 [[0.99634 1.00036 1.00084 ... 0.99954 0.9991  1.00071]
  [1.00251 1.00098 1.00401 ... 1.00324 1.0023  0.99612]
  [0.9975  0.99989 1.00321 ... 1.00388 0.99905 0.99687]
  ...
  [1.0047  1.00233 1.00125 ... 0.99917 0.99864 1.00161]
  [0.999   1.00618 1.00327 ... 0.99697 0.99763 1.00116]
  [1.00046 0.99718 1.00279 ... 1.0024  1.00065 0.99712]]]","[[[0.         0.         0.         ... 0.         0.         0.        ]
  [0.         0.         0.         ... 0.         0.         0.        ]
  [0.         0.         0.         ... 0.         0.         0.        ]
  ...
  [0.         0.         0.         ... 0.         0.         0.        ]
  [0.         0.         0.         ... 0.         0.         0.        ]
  [0.         0.         0.         ... 0.         0.         0.        ]]

 [[0.86614814 0.86467546 0.86500234 ... 0.86390341 0.86435981 0.86383704]
  [0.86341924 0.86451321 0.86344232 ... 0.8625026  0.86304589 0.86593717]
  [0.86563309 0.86494278 0.86363283 ... 0.86225001 0.86449647 0.86560359]
  ...
  [0.86259564 0.86399184 0.86453363 ... 0.86346747 0.86418987 0.86343598]
  [0.86509183 0.86233278 0.86191992 ... 0.86457616 0.8647178  0.86362019]
  [0.86427779 0.86619112 0.86402574 ... 0.86245035 0.8635237  0.86542665]]]","[[0. 0. 0. ... 0. 0. 0.]
 [0. 0. 0. ... 0. 0. 0.]
 [0. 0. 0. ... 0. 0. 0.]
 ...
 [0. 0. 0. ... 0. 0. 0.]
 [0. 0. 0. ... 0. 0. 0.]
 [0. 0. 0. ... 0. 0. 0.]]","[[0. 0. 0. ... 0. 0. 0.]
 [0. 0. 0. ... 0. 0. 0.]
 [0. 0. 0. ... 0. 0. 0.]
 ...
 [0. 0. 0. ... 0. 0. 0.]
 [0. 0. 0. ... 0. 0. 0.]
 [0. 0. 0. ... 0. 0. 0.]]"
"(15, 20)",0.01,1e-05,117.08866889662238,0.46064126934059374,1.0,"[[[0.99634 1.00036 1.00084 ... 1.00533 0.99911 1.00172]
  [0.99927 1.00081 0.99975 ... 0.99954 0.9991  1.00071]
  [1.00251 1.00098 1.00401 ... 0.99794 1.00004 1.00057]
  ...
  [0.99869 1.00448 1.00334 ... 0.99405 1.0027  1.00121]
  [1.0042  0.99693 1.00043 ... 0.99507 1.00558 0.99501]
  [1.00227 0.99906 0.99865 ... 1.0019  0.99962 0.99473]]

 [[0.99634 1.00331 1.00546 ... 1.00241 0.99942 0.99813]
  [1.00188 0.99234 0.99694 ... 0.9995  0.99515 1.00071]
  [1.00212 0.9967  0.99803 ... 1.00014 1.00265 1.00057]
  ...
  [0.99166 1.0008  1.0015  ... 1.00301 1.00128 1.00001]
  [0.99704 0.9982  0.99533 ... 0.99651 0.99427 1.00279]
  [1.00227 1.0056  1.00119 ... 0.99779 0.99516 0.99835]]]","[[[0.01239949 0.01314723 0.01380994 ... 0.01292146 0.01274146 0.01225925]
  [0.01340797 0.01267449 0.01389323 ... 0.01325144 0.01255964 0.01300408]
  [0.01375494 0.01389915 0.01469185 ... 0.01388328 0.01381983 0.01346195]
  ...
  [0.01093923 0.01166262 0.01211299 ... 0.01296414 0.01196554 0.0117377 ]
  [0.01133996 0.01209112 0.01185617 ... 0.01235434 0.01118231 0.0126643 ]
  [0.0122526  0.01294918 0.0128735  ... 0.01237017 0.01195824 0.01239926]]

 [[0.         0.         0.         ... 0.         0.         0.        ]
  [0.         0.         0.         ... 0.         0.         0.        ]
  [0.         0.         0.         ... 0.         0.         0.        ]
  ...
  [0.         0.         0.         ... 0.         0.         0.        ]
  [0.         0.         0.         ... 0.         0.         0.        ]
  [0.         0.         0.         ... 0.         0.         0.        ]]]","[[0. 0. 0. ... 0. 0. 0.]
 [0. 0. 0. ... 0. 0. 0.]
 [0. 0. 0. ... 0. 0. 0.]
 ...
 [0. 0. 0. ... 0. 0. 0.]
 [0. 0. 0. ... 0. 0. 0.]
 [0. 0. 0. ... 0. 0. 0.]]","[[0. 0. 0. ... 0. 0. 0.]
 [0. 0. 0. ... 0. 0. 0.]
 [0. 0. 0. ... 0. 0. 0.]
 ...
 [0. 0. 0. ... 0. 0. 0.]
 [0. 0. 0. ... 0. 0. 0.]
 [0. 0. 0. ... 0. 0. 0.]]"
"(20, 25)",0.01,1e-05,108.8940670822398,0.46064126934059374,0.9622522821848208,"[[[0.99634 1.00331 1.00546 ... 1.00241 0.99942 0.99813]
  [1.00188 0.99234 0.99694 ... 0.9995  0.99515 1.00071]
  [1.00212 0.9967  0.99803 ... 1.00014 1.00265 1.00057]
  ...
  [0.99166 1.0008  1.0015  ... 1.00301 1.00128 1.00001]
  [0.99704 0.9982  0.99533 ... 0.99651 0.99427 1.00279]
  [1.00227 1.0056  1.00119 ... 0.99779 0.99516 0.99835]]

 [[0.99634 1.00331 1.00546 ... 1.00241 0.99942 0.99813]
  [1.00188 0.99234 0.99694 ... 0.9995  0.99515 1.00071]
  [1.00212 0.9967  0.99803 ... 1.00014 1.00265 1.00057]
  ...
  [0.99166 1.0008  1.0015  ... 1.00301 1.00128 1.00001]
  [0.99704 0.9982  0.99533 ... 0.99651 0.99427 1.00279]
  [1.00227 0.99509 1.00119 ... 0.99779 0.99516 0.99835]]]","[[[0.00065117 0.00151799 0.00152871 ... 0.0009198  0.00080447 0.00078826]
  [0.00115365 0.00013886 0.00061719 ... 0.00045215 0.00015378 0.00090704]
  [0.00096347 0.00051731 0.00077169 ... 0.0004163  0.00091408 0.00072147]
  ...
  [0.         0.00082414 0.00072025 ... 0.0007406  0.0007843  0.00077569]
  [0.00073142 0.00091348 0.0003343  ... 0.00016375 0.0001804  0.00128716]
  [0.00145445 0.         0.00111337 ... 0.00045869 0.00039434 0.00084023]]

 [[0.         0.         0.         ... 0.         0.         0.        ]
  [0.         0.         0.         ... 0.         0.         0.        ]
  [0.         0.         0.         ... 0.         0.         0.        ]
  ...
  [0.         0.         0.         ... 0.         0.         0.        ]
  [0.         0.         0.         ... 0.         0.         0.        ]
  [0.         0.00111441 0.         ... 0.         0.         0.        ]]]","[[0. 0. 0. ... 0. 0. 0.]
 [0. 0. 0. ... 0. 0. 0.]
 [0. 0. 0. ... 0. 0. 0.]
 ...
 [0. 0. 0. ... 0. 0. 0.]
 [0. 0. 0. ... 0. 0. 0.]
 [0. 0. 0. ... 0. 0. 0.]]","[[0. 0. 0. ... 0. 0. 0.]
 [0. 0. 0. ... 0. 0. 0.]
 [0. 0. 0. ... 0. 0. 0.]
 ...
 [0. 0. 0. ... 0. 0. 0.]
 [0. 0. 0. ... 0. 0. 0.]
 [0. 0. 0. ... 0. 0. 0.]]"
"(25, 30)",0.01,1e-05,71.41981477457746,0.46064126934059374,0.7896304106789083,"[[[0.99634 1.00331 1.00546 ... 1.00241 0.99942 0.99813]
  [1.00188 0.99234 0.99694 ... 0.9995  0.99515 1.00071]
  [1.00212 0.9967  0.99803 ... 1.00014 1.00265 1.00057]
  ...
  [0.99166 1.0008  1.0015  ... 1.00301 1.00128 1.00001]
  [0.99704 0.9982  0.99533 ... 0.99651 0.99427 1.00279]
  [1.00227 0.99509 1.00119 ... 0.99779 0.99516 0.99835]]

 [[0.99634 1.00036 1.00084 ... 1.00533 0.99911 1.00172]
  [0.99927 1.00081 0.99975 ... 0.99954 0.99909 1.00071]
  [1.00251 1.00098 1.00401 ... 0.99794 1.00004 1.00057]
  ...
  [0.99869 1.00448 1.00334 ... 0.99405 1.0027  1.00121]
  [1.0042  0.99693 1.00043 ... 0.99507 1.00558 0.99501]
  [1.00227 0.99906 0.99865 ... 1.0019  0.99962 0.99835]]]","[[[0.         0.         0.         ... 0.         0.         0.        ]
  [0.         0.         0.         ... 0.         0.         0.        ]
  [0.         0.         0.         ... 0.         0.         0.        ]
  ...
  [0.00014134 0.         0.         ... 0.         0.         0.        ]
  [0.0006982  0.         0.         ... 0.         0.00359854 0.        ]
  [0.         0.         0.         ... 0.         0.         0.        ]]

 [[0.00862468 0.00971484 0.01079877 ... 0.00458573 0.00803939 0.00522414]
  [0.01000562 0.00437413 0.00865266 ... 0.00729312 0.00560856 0.007687  ]
  [0.00764637 0.00716235 0.00645821 ... 0.00896347 0.00904034 0.00759959]
  ...
  [0.00170424 0.00244576 0.00416001 ... 0.00909532 0.0026996  0.00368164]
  [0.00154526 0.00838374 0.0037526  ... 0.00660873 0.         0.01162888]
  [0.00674556 0.00528784 0.00889337 ... 0.00378352 0.00465799 0.00731619]]]","[[0. 0. 0. ... 0. 0. 0.]
 [0. 0. 0. ... 0. 0. 0.]
 [0. 0. 0. ... 0. 0. 0.]
 ...
 [0. 0. 0. ... 0. 0. 0.]
 [0. 0. 0. ... 0. 0. 0.]
 [0. 0. 0. ... 0. 0. 0.]]","[[0. 0. 0. ... 0. 0. 0.]
 [0. 0. 0. ... 0. 0. 0.]
 [0. 0. 0. ... 0. 0. 0.]
 ...
 [0. 0. 0. ... 0. 0. 0.]
 [0. 0. 0. ... 0. 0. 0.]
 [0. 0. 0. ... 0. 0. 0.]]"
"(30, 35)",0.01,1e-05,100.0,0.46064126934059374,0.0,"[[[0.99634 1.00036 1.00084 ... 1.00533 0.99911 1.00172]
  [0.99927 1.00081 0.99975 ... 0.99954 0.99909 1.00071]
  [1.00251 1.00098 1.00401 ... 0.99794 1.00004 1.00057]
  ...
  [0.99869 1.00448 1.00334 ... 0.99405 1.0027  1.00121]
  [1.0042  0.99693 1.00043 ... 0.99507 1.00558 0.99501]
  [1.00227 0.99906 0.99865 ... 1.0019  0.99962 0.99835]]

 [[0.99634 1.00331 1.00546 ... 1.00241 0.99942 0.99813]
  [1.00188 0.99234 0.99694 ... 0.9995  0.99515 1.00071]
  [1.00212 0.9967  0.99803 ... 1.00014 1.00265 1.00057]
  ...
  [0.99166 1.0008  1.0015  ... 1.00301 1.00128 1.00001]
  [0.99704 0.9982  0.99533 ... 0.99651 0.99427 1.00279]
  [1.00227 1.0056  1.00119 ... 0.9978  0.99516 0.99835]]]","[[[0.         0.         0.         ... 0.         0.         0.        ]
  [0.         0.         0.         ... 0.         0.         0.        ]
  [0.         0.         0.         ... 0.         0.         0.        ]
  ...
  [0.         0.         0.         ... 0.         0.         0.        ]
  [0.         0.         0.         ... 0.         0.         0.        ]
  [0.         0.         0.         ... 0.         0.         0.        ]]

 [[1.69386207 1.68794175 1.68497503 ... 1.69597883 1.69224397 1.69692835]
  [1.68675656 1.70163376 1.69244989 ... 1.69365981 1.69842516 1.69111199]
  [1.68941894 1.69339677 1.69302422 ... 1.69032571 1.68748641 1.69079453]
  ...
  [1.70860282 1.70138857 1.69889949 ... 1.69056763 1.70051325 1.69963292]
  [1.70474859 1.69471776 1.70325644 ... 1.6981178  1.71130452 1.68559062]
  [1.69343782 1.68551327 1.69165617 ... 1.70056373 1.70052138 1.69438189]]]","[[0. 0. 0. ... 0. 0. 0.]
 [0. 0. 0. ... 0. 0. 0.]
 [0. 0. 0. ... 0. 0. 0.]
 ...
 [0. 0. 0. ... 0. 0. 0.]
 [0. 0. 0. ... 0. 0. 0.]
 [0. 0. 0. ... 0. 0. 0.]]","[[0. 0. 0. ... 0. 0. 0.]
 [0. 0. 0. ... 0. 0. 0.]
 [0. 0. 0. ... 0. 0. 0.]
 ...
 [0. 0. 0. ... 0. 0. 0.]
 [0. 0. 0. ... 0. 0. 0.]
 [0. 0. 0. ... 0. 0. 0.]]"
"(15, 20)",0.05,2e-06,71.0170833081679,0.46064126934059374,0.7877752633400052,"[[[0.99634 1.00036 1.00084 ... 0.99764 0.99716 0.99708]
  [1.00714 1.00165 1.00371 ... 1.00385 1.00282 0.99895]
  [1.00128 1.00137 0.99854 ... 1.00292 1.00197 1.00158]
  ...
  [1.00564 1.00328 1.00021 ... 0.99429 1.00379 0.99897]
  [0.99994 1.00521 0.99761 ... 1.00104 0.99716 0.99237]
  [0.99947 0.9931  0.99916 ... 0.99946 0.99954 0.99725]]

 [[0.99634 1.00036 1.00084 ... 0.99764 0.99716 0.99708]
  [1.00714 1.00165 1.00371 ... 1.00385 1.00282 0.99895]
  [1.00128 1.00137 0.99854 ... 1.00292 1.00197 1.00158]
  ...
  [1.00564 1.00328 1.00021 ... 0.99428 1.00379 0.99897]
  [0.99994 1.00521 0.99761 ... 1.00104 0.99716 0.99237]
  [0.99947 0.9931  0.99916 ... 0.99946 0.99954 0.99725]]]","[[[0.         0.05880441 0.         ... 0.         0.11453837 0.03181116]
  [0.01702321 0.03958842 0.         ... 0.0341872  0.         0.        ]
  [0.04275343 0.09008939 0.         ... 0.         0.         0.        ]
  ...
  [0.03466402 0.03825067 0.00341511 ... 0.03286079 0.02179397 0.05037422]
  [0.         0.03518001 0.00496615 ... 0.         0.01992509 0.        ]
  [0.         0.05145875 0.03910347 ... 0.         0.06266629 0.00888898]]

 [[0.00352249 0.         0.         ... 0.00930912 0.         0.        ]
  [0.         0.         0.1319215  ... 0.         0.0005492  0.08716449]
  [0.         0.         0.06270073 ... 0.0024043  0.01793409 0.05399315]
  ...
  [0.         0.         0.         ... 0.         0.         0.        ]
  [0.06166425 0.         0.         ... 0.04514661 0.         0.00065845]
  [0.08435768 0.         0.         ... 0.1080731  0.         0.        ]]]","[[0. 0. 0. ... 0. 0. 0.]
 [0. 0. 0. ... 0. 0. 0.]
 [0. 0. 0. ... 0. 0. 0.]
 ...
 [0. 0. 0. ... 0. 0. 0.]
 [0. 0. 0. ... 0. 0. 0.]
 [0. 0. 0. ... 0. 0. 0.]]","[[0. 0. 0. ... 0. 0. 0.]
 [0. 0. 0. ... 0. 0. 0.]
 [0. 0. 0. ... 0. 0. 0.]
 ...
 [0. 0. 0. ... 0. 0. 0.]
 [0. 0. 0. ... 0. 0. 0.]
 [0. 0. 0. ... 0. 0. 0.]]"
"(20, 25)",0.05,2e-06,8.21060886440804,0.46064126934059374,0.49846272223419424,"[[[0.99634 1.00036 1.00084 ... 0.99764 0.99716 0.99708]
  [1.00714 1.00165 1.00371 ... 1.00385 1.00282 0.99895]
  [1.00128 1.00137 0.99854 ... 1.00292 1.00197 1.00158]
  ...
  [1.00564 1.00328 1.00021 ... 0.99428 1.00379 0.99897]
  [0.99994 1.00521 0.99761 ... 1.00104 0.99716 0.99237]
  [0.99947 0.9931  0.99916 ... 0.99946 0.99954 0.99725]]

 [[0.99634 1.00036 1.00084 ... 0.99764 0.99716 0.99708]
  [1.00714 1.00165 1.00371 ... 1.00385 1.00282 0.99895]
  [1.00128 1.00137 0.99854 ... 1.00292 1.00197 1.00158]
  ...
  [1.00564 1.00328 1.00021 ... 0.99429 1.00379 0.99897]
  [0.99994 1.00521 0.99761 ... 1.00104 0.99716 0.99237]
  [0.99947 0.9931  0.99916 ... 0.99946 0.99954 0.99725]]]","[[[0.27981105 0.         0.         ... 0.1087929  0.         0.        ]
  [0.14485359 0.01366132 0.         ... 0.14503641 0.18819785 0.        ]
  [0.         0.         0.         ... 0.         0.1001909  0.        ]
  ...
  [0.05774191 0.         0.03108781 ... 0.05248013 0.         0.        ]
  [0.30784826 0.         0.05711514 ... 0.37576177 0.01805928 0.        ]
  [0.2181014  0.         0.         ... 0.16914472 0.         0.        ]]

 [[0.         0.10850919 0.04790534 ... 0.         0.04719775 0.19923046]
  [0.         0.         0.00941412 ... 0.         0.         0.15833647]
  [0.06124139 0.05298027 0.36556613 ... 0.212908   0.         0.28355574]
  ...
  [0.         0.10533367 0.         ... 0.         0.21097292 0.12088049]
  [0.         0.11204593 0.         ... 0.         0.         0.07981819]
  [0.         0.37079141 0.18894805 ... 0.         0.15285437 0.25809909]]]","[[0. 0. 0. ... 0. 0. 0.]
 [0. 0. 0. ... 0. 0. 0.]
 [0. 0. 0. ... 0. 0. 0.]
 ...
 [0. 0. 0. ... 0. 0. 0.]
 [0. 0. 0. ... 0. 0. 0.]
 [0. 0. 0. ... 0. 0. 0.]]","[[0. 0. 0. ... 0. 0. 0.]
 [0. 0. 0. ... 0. 0. 0.]
 [0. 0. 0. ... 0. 0. 0.]
 ...
 [0. 0. 0. ... 0. 0. 0.]
 [0. 0. 0. ... 0. 0. 0.]
 [0. 0. 0. ... 0. 0. 0.]]"
"(25, 30)",0.05,2e-06,5.7037369512964595,0.46064126934059374,0.48691503563289423,"[[[0.99634 1.00036 1.00084 ... 0.99764 0.99716 0.99708]
  [1.00714 1.00165 1.00371 ... 1.00385 1.00282 0.99895]
  [1.00128 1.00137 0.99854 ... 1.00292 1.00197 1.00158]
  ...
  [1.00564 1.00328 1.00021 ... 0.99429 1.00379 0.99897]
  [0.99994 1.00521 0.99761 ... 1.00104 0.99716 0.99237]
  [0.99947 0.9931  0.99916 ... 0.99946 0.99954 0.99725]]

 [[0.99663 1.005   1.00213 ... 0.99737 0.99716 0.99991]
  [0.99782 1.00557 0.99449 ... 1.00152 1.00146 1.00319]
  [1.0008  0.99935 0.99389 ... 1.00292 0.99919 1.00111]
  ...
  [0.99843 0.99921 1.00517 ... 1.00252 1.00379 1.00167]
  [0.99856 1.00428 1.00105 ... 1.00459 0.99319 0.99237]
  [1.00123 0.99788 0.9959  ... 1.00525 1.00045 1.00426]]]","[[[0.         0.         0.         ... 0.         0.2840957  0.        ]
  [0.05329404 0.43548596 0.38192511 ... 0.02398687 0.         0.        ]
  [0.08561996 0.         0.         ... 0.05142896 0.         0.17249631]
  ...
  [0.         0.         0.         ... 0.         0.45361487 0.        ]
  [0.19943749 0.3783901  0.         ... 0.         0.         0.        ]
  [0.11728873 0.         0.         ... 0.         0.10735233 0.08715021]]

 [[0.26926175 0.07281603 0.15553453 ... 0.17575135 0.         0.05734746]
  [0.         0.         0.         ... 0.         0.10794852 0.26256023]
  [0.         0.63888747 0.31242572 ... 0.         0.10269999 0.        ]
  ...
  [0.34366449 0.08040642 0.18200527 ... 0.23506566 0.         0.10248548]
  [0.         0.         0.10571847 ... 0.07425021 0.18847649 0.37342819]
  [0.         0.20134294 0.3155445  ... 0.16845755 0.         0.        ]]]","[[0. 0. 0. ... 0. 0. 0.]
 [0. 0. 0. ... 0. 0. 0.]
 [0. 0. 0. ... 0. 0. 0.]
 ...
 [0. 0. 0. ... 0. 0. 0.]
 [0. 0. 0. ... 0. 0. 0.]
 [0. 0. 0. ... 0. 0. 0.]]","[[0. 0. 0. ... 0. 0. 0.]
 [0. 0. 0. ... 0. 0. 0.]
 [0. 0. 0. ... 0. 0. 0.]
 ...
 [0. 0. 0. ... 0. 0. 0.]
 [0. 0. 0. ... 0. 0. 0.]
 [0. 0. 0. ... 0. 0. 0.]]"
"(30, 35)",0.05,2e-06,77.23625996188663,0.46064126934059374,0.10485918106095839,"[[[0.99663 1.005   1.00213 ... 0.99737 0.99716 0.99991]
  [0.99782 1.00557 0.99449 ... 1.00152 1.00146 1.00319]
  [1.0008  0.99935 0.99389 ... 1.00292 0.99919 1.00111]
  ...
  [0.99843 0.99921 1.00517 ... 1.00252 1.00379 1.00167]
  [0.99856 1.00428 1.00105 ... 1.00459 0.99319 0.99237]
  [1.00123 0.99788 0.9959  ... 1.00525 1.00045 1.00426]]

 [[0.99634 1.00036 1.00084 ... 0.99764 0.99716 0.99708]
  [1.00714 1.00165 1.00371 ... 1.00385 1.00282 0.99895]
  [1.00128 1.00137 0.99854 ... 1.00292 1.00197 1.00158]
  ...
  [1.00564 1.00328 1.00021 ... 0.99429 1.00379 0.99897]
  [0.99994 1.00521 0.99761 ... 1.00104 0.99716 0.99237]
  [0.99947 0.9931  0.99916 ... 0.99946 0.99954 0.99725]]]","[[[0.         0.46654929 0.23702347 ... 0.         0.         0.25644441]
  [0.         0.2382912  0.         ... 0.24463784 0.         0.        ]
  [0.         0.         0.         ... 0.14213784 0.         0.        ]
  ...
  [0.         0.         0.         ... 0.         0.         0.        ]
  [0.         1.41335694 0.         ... 0.68665451 0.33287551 0.44813877]
  [0.         0.         0.         ... 0.         0.         0.21241425]]

 [[1.73541799 0.         0.05244181 ... 0.57003117 1.0443169  0.03077814]
  [1.3119035  0.05102915 0.96227299 ... 0.04398006 0.32437601 0.72525331]
  [0.6625979  2.71838527 0.68262645 ... 0.15840794 3.14094403 1.11613281]
  ...
  [3.06880043 0.74913366 1.06686317 ... 1.61253067 1.71245687 2.00770696]
  [0.62371162 0.         0.9166025  ... 0.         0.         0.        ]
  [1.84429034 2.15034634 2.04533351 ... 1.60971383 3.03582812 0.07993961]]]","[[0. 0. 0. ... 0. 0. 0.]
 [0. 0. 0. ... 0. 0. 0.]
 [0. 0. 0. ... 0. 0. 0.]
 ...
 [0. 0. 0. ... 0. 0. 0.]
 [0. 0. 0. ... 0. 0. 0.]
 [0. 0. 0. ... 0. 0. 0.]]","[[0. 0. 0. ... 0. 0. 0.]
 [0. 0. 0. ... 0. 0. 0.]
 [0. 0. 0. ... 0. 0. 0.]
 ...
 [0. 0. 0. ... 0. 0. 0.]
 [0. 0. 0. ... 0. 0. 0.]
 [0. 0. 0. ... 0. 0. 0.]]"
"(15, 20)",0.05,5e-06,117.08866889662238,0.46064126934059374,1.0,"[[[0.99634 1.00036 1.00084 ... 0.99954 0.9991  1.00071]
  [1.00251 1.00098 1.00401 ... 1.00324 1.0023  0.99612]
  [0.9975  0.99989 1.00321 ... 1.00388 0.99905 0.99687]
  ...
  [1.0047  1.00233 1.00125 ... 0.99917 0.99864 1.00161]
  [0.999   1.00618 1.00168 ... 0.99697 0.99763 1.00116]
  [1.00046 0.99718 1.00279 ... 1.0024  1.00065 0.99712]]

 [[0.99634 1.00036 1.00084 ... 0.99954 0.99909 1.00071]
  [1.00251 1.00098 1.00401 ... 1.00324 1.0023  0.99612]
  [0.9975  0.99989 1.00321 ... 1.00388 0.99905 0.99687]
  ...
  [1.0047  1.00233 1.00125 ... 0.99917 0.99864 1.00161]
  [0.999   1.00618 1.00327 ... 0.99697 0.99763 1.00116]
  [1.00046 0.99718 1.00279 ... 1.0024  1.00065 0.99712]]]","[[[0.011293   0.01174123 0.01158101 ... 0.01162274 0.01152197 0.01176035]
  [0.0119516  0.01172222 0.01201954 ... 0.01191354 0.0119022  0.01139593]
  [0.01162573 0.0117709  0.0120541  ... 0.01206159 0.01172479 0.0116143 ]
  ...
  [0.01169713 0.01144054 0.01150379 ... 0.01145602 0.01132988 0.01148758]
  [0.01129666 0.01192452 0.01174844 ... 0.0113297  0.01131555 0.01160004]
  [0.01166747 0.01126073 0.01178674 ... 0.01175997 0.0116408  0.01129542]]

 [[0.         0.         0.         ... 0.         0.         0.        ]
  [0.         0.         0.         ... 0.         0.         0.        ]
  [0.         0.         0.         ... 0.         0.         0.        ]
  ...
  [0.         0.         0.         ... 0.         0.         0.        ]
  [0.         0.         0.         ... 0.         0.         0.        ]
  [0.         0.         0.         ... 0.         0.         0.        ]]]","[[0. 0. 0. ... 0. 0. 0.]
 [0. 0. 0. ... 0. 0. 0.]
 [0. 0. 0. ... 0. 0. 0.]
 ...
 [0. 0. 0. ... 0. 0. 0.]
 [0. 0. 0. ... 0. 0. 0.]
 [0. 0. 0. ... 0. 0. 0.]]","[[0. 0. 0. ... 0. 0. 0.]
 [0. 0. 0. ... 0. 0. 0.]
 [0. 0. 0. ... 0. 0. 0.]
 ...
 [0. 0. 0. ... 0. 0. 0.]
 [0. 0. 0. ... 0. 0. 0.]
 [0. 0. 0. ... 0. 0. 0.]]"
"(20, 25)",0.05,5e-06,47.88760942703425,0.46064126934059374,0.6812313612621501,"[[[0.99634 1.00036 1.00084 ... 0.99954 0.99909 1.00071]
  [1.00251 1.00098 1.00401 ... 1.00324 1.0023  0.99612]
  [0.9975  0.99989 1.00321 ... 1.00388 0.99905 0.99687]
  ...
  [1.0047  1.00233 1.00125 ... 0.99917 0.99864 1.00161]
  [0.999   1.00618 1.00327 ... 0.99697 0.99763 1.00116]
  [1.00046 0.99718 1.00279 ... 1.0024  1.00065 0.99712]]

 [[0.99634 1.00036 1.00084 ... 0.99954 0.9991  1.00071]
  [1.00251 1.00098 1.00401 ... 1.00324 1.0023  0.99612]
  [0.9975  0.99989 1.00321 ... 1.00388 0.99905 0.99687]
  ...
  [1.0047  1.00233 1.00125 ... 0.99918 0.99864 1.00161]
  [0.999   1.00618 1.00168 ... 0.99697 0.99763 1.00116]
  [1.00046 0.99718 1.00279 ... 1.0024  1.00065 0.99712]]]","[[[0.         0.         0.         ... 0.         0.         0.        ]
  [0.         0.         0.         ... 0.         0.         0.        ]
  [0.         0.         0.         ... 0.         0.         0.        ]
  ...
  [0.         0.         0.         ... 0.         0.         0.        ]
  [0.         0.         0.         ... 0.         0.         0.        ]
  [0.         0.         0.         ... 0.         0.         0.        ]]

 [[0.01096155 0.01017256 0.01000447 ... 0.01034936 0.01045154 0.00995609]
  [0.00966003 0.01018641 0.00967646 ... 0.00975696 0.00976806 0.01096205]
  [0.01065759 0.01037522 0.00973593 ... 0.00961743 0.01040203 0.01069183]
  ...
  [0.00958343 0.01024438 0.01013275 ... 0.01032768 0.01055098 0.0101069 ]
  [0.01071621 0.00911897 0.0108055  ... 0.01075407 0.01071116 0.00996565]
  [0.00998963 0.01096381 0.00977256 ... 0.00980593 0.01005398 0.01084629]]]","[[0. 0. 0. ... 0. 0. 0.]
 [0. 0. 0. ... 0. 0. 0.]
 [0. 0. 0. ... 0. 0. 0.]
 ...
 [0. 0. 0. ... 0. 0. 0.]
 [0. 0. 0. ... 0. 0. 0.]
 [0. 0. 0. ... 0. 0. 0.]]","[[0. 0. 0. ... 0. 0. 0.]
 [0. 0. 0. ... 0. 0. 0.]
 [0. 0. 0. ... 0. 0. 0.]
 ...
 [0. 0. 0. ... 0. 0. 0.]
 [0. 0. 0. ... 0. 0. 0.]
 [0. 0. 0. ... 0. 0. 0.]]"
"(25, 30)",0.05,5e-06,35.671133464115805,0.46064126934059374,0.6249572313178741,"[[[0.99634 1.00036 1.00084 ... 0.99954 0.9991  1.00071]
  [1.00251 1.00098 1.00401 ... 1.00324 1.0023  0.99612]
  [0.9975  0.99989 1.00321 ... 1.00388 0.99905 0.99687]
  ...
  [1.0047  1.00233 1.00125 ... 0.99918 0.99864 1.00161]
  [0.999   1.00618 1.00168 ... 0.99697 0.99763 1.00116]
  [1.00046 0.99718 1.00279 ... 1.0024  1.00065 0.99712]]

 [[0.99634 1.00036 1.00084 ... 0.99954 0.99909 1.00071]
  [1.00251 1.00098 1.00401 ... 1.00324 1.0023  0.99612]
  [0.9975  0.99989 1.00321 ... 1.00388 0.99905 0.99687]
  ...
  [1.0047  1.00233 1.00125 ... 0.99917 0.99864 1.00161]
  [0.999   1.00618 1.00327 ... 0.99697 0.99763 1.00116]
  [1.00046 0.99718 1.00279 ... 1.0024  1.00065 0.99712]]]","[[[0.         0.         0.         ... 0.         0.         0.        ]
  [0.         0.         0.         ... 0.         0.         0.        ]
  [0.         0.         0.         ... 0.         0.         0.        ]
  ...
  [0.         0.         0.         ... 0.         0.         0.        ]
  [0.         0.         0.         ... 0.         0.         0.        ]
  [0.         0.         0.         ... 0.         0.         0.        ]]

 [[0.01851124 0.01703236 0.01706968 ... 0.01738964 0.01761019 0.01676011]
  [0.01626002 0.01714921 0.01616614 ... 0.01638652 0.01643553 0.01851965]
  [0.01800272 0.01745097 0.01634286 ... 0.01615324 0.01755505 0.0180843 ]
  ...
  [0.01592797 0.01695818 0.0170559  ... 0.01724947 0.0176173  0.01681142]
  [0.01784397 0.01538803 0.01551107 ... 0.01804607 0.01793249 0.01672897]
  [0.01682505 0.01838813 0.01650458 ... 0.01641283 0.0168946  0.01821978]]]","[[0. 0. 0. ... 0. 0. 0.]
 [0. 0. 0. ... 0. 0. 0.]
 [0. 0. 0. ... 0. 0. 0.]
 ...
 [0. 0. 0. ... 0. 0. 0.]
 [0. 0. 0. ... 0. 0. 0.]
 [0. 0. 0. ... 0. 0. 0.]]","[[0. 0. 0. ... 0. 0. 0.]
 [0. 0. 0. ... 0. 0. 0.]
 [0. 0. 0. ... 0. 0. 0.]
 ...
 [0. 0. 0. ... 0. 0. 0.]
 [0. 0. 0. ... 0. 0. 0.]
 [0. 0. 0. ... 0. 0. 0.]]"
"(30, 35)",0.05,5e-06,100.0,0.46064126934059374,0.0,"[[[0.99634 1.00036 1.00084 ... 0.99954 0.99909 1.00071]
  [1.00251 1.00098 1.00401 ... 1.00324 1.0023  0.99612]
  [0.9975  0.99989 1.00321 ... 1.00388 0.99905 0.99687]
  ...
  [1.0047  1.00233 1.00125 ... 0.99917 0.99864 1.00161]
  [0.999   1.00618 1.00327 ... 0.99697 0.99763 1.00116]
  [1.00046 0.99718 1.00279 ... 1.0024  1.00065 0.99712]]

 [[0.99634 1.00036 1.00084 ... 0.99954 0.99909 1.00071]
  [1.00251 1.00098 1.00401 ... 1.00324 1.0023  0.99612]
  [0.9975  0.99989 1.00321 ... 1.00388 0.99905 0.99687]
  ...
  [1.0047  1.00233 1.00125 ... 0.99917 0.99864 1.00161]
  [0.999   1.00618 1.00168 ... 0.99697 0.99763 1.00116]
  [1.00046 0.99718 1.00279 ... 1.0024  1.00065 0.99712]]]","[[[0.         0.         0.         ... 0.         0.         0.        ]
  [0.         0.         0.         ... 0.         0.         0.        ]
  [0.         0.         0.         ... 0.         0.         0.        ]
  ...
  [0.         0.         0.         ... 0.         0.         0.        ]
  [0.         0.         0.         ... 0.         0.         0.        ]
  [0.         0.         0.         ... 0.         0.         0.        ]]

 [[1.0374154  1.03473853 1.03592041 ... 1.03536685 1.03581762 1.03448145]
  [1.03375058 1.03509373 1.03342018 ... 1.03371207 1.03393897 1.03727987]
  [1.0364825  1.03555703 1.03382983 ... 1.03335151 1.03567856 1.03662863]
  ...
  [1.03305547 1.03469306 1.03457377 ... 1.03516865 1.0357685  1.03449395]
  [1.03623939 1.0319735  1.03725484 ... 1.03644714 1.03634116 1.03440004]
  [1.03465348 1.037126   1.03371128 ... 1.03383908 1.0346726  1.03681719]]]","[[0. 0. 0. ... 0. 0. 0.]
 [0. 0. 0. ... 0. 0. 0.]
 [0. 0. 0. ... 0. 0. 0.]
 ...
 [0. 0. 0. ... 0. 0. 0.]
 [0. 0. 0. ... 0. 0. 0.]
 [0. 0. 0. ... 0. 0. 0.]]","[[0. 0. 0. ... 0. 0. 0.]
 [0. 0. 0. ... 0. 0. 0.]
 [0. 0. 0. ... 0. 0. 0.]
 ...
 [0. 0. 0. ... 0. 0. 0.]
 [0. 0. 0. ... 0. 0. 0.]
 [0. 0. 0. ... 0. 0. 0.]]"
"(15, 20)",0.05,1e-05,117.08866889662238,0.46064126934059374,1.0,"[[[0.99634 1.00036 1.00084 ... 1.00533 0.99911 1.00172]
  [0.99927 1.00081 0.99975 ... 0.99954 0.9991  1.00071]
  [1.00251 1.00098 1.00401 ... 0.99794 1.00004 1.00057]
  ...
  [0.99869 1.00448 1.00334 ... 0.99405 1.0027  1.00121]
  [1.0042  0.99693 1.00043 ... 0.99507 1.00558 0.99501]
  [1.00227 0.99906 0.99865 ... 1.0019  0.99962 0.99473]]

 [[0.99634 1.00331 1.00546 ... 1.00241 0.99942 0.99813]
  [1.00188 0.99234 0.99694 ... 0.9995  0.99515 1.00071]
  [1.00212 0.9967  0.99803 ... 1.00014 1.00265 1.00057]
  ...
  [0.99166 1.0008  1.0015  ... 1.00301 1.00128 1.00001]
  [0.99704 0.9982  0.99533 ... 0.99651 0.99427 1.00279]
  [1.00227 0.99509 1.00119 ... 0.99779 0.99516 0.99835]]]","[[[0.02413201 0.02489891 0.02528584 ... 0.02444893 0.02439284 0.02395611]
  [0.02497453 0.02375223 0.02469055 ... 0.02475073 0.02407393 0.02464359]
  [0.02506519 0.02470861 0.02495129 ... 0.02524674 0.0253229  0.02493559]
  ...
  [0.02265438 0.02347379 0.02380303 ... 0.02466253 0.02367455 0.02354013]
  [0.02314313 0.02398545 0.02343978 ... 0.02394019 0.02273806 0.02460139]
  [0.02422776 0.02358192 0.02459522 ... 0.02385615 0.02355233 0.0242295 ]]

 [[0.         0.         0.         ... 0.         0.         0.        ]
  [0.         0.         0.         ... 0.         0.         0.        ]
  [0.         0.         0.         ... 0.         0.         0.        ]
  ...
  [0.         0.         0.         ... 0.         0.         0.        ]
  [0.         0.         0.         ... 0.         0.         0.        ]
  [0.         0.         0.         ... 0.         0.         0.        ]]]","[[0. 0. 0. ... 0. 0. 0.]
 [0. 0. 0. ... 0. 0. 0.]
 [0. 0. 0. ... 0. 0. 0.]
 ...
 [0. 0. 0. ... 0. 0. 0.]
 [0. 0. 0. ... 0. 0. 0.]
 [0. 0. 0. ... 0. 0. 0.]]","[[0. 0. 0. ... 0. 0. 0.]
 [0. 0. 0. ... 0. 0. 0.]
 [0. 0. 0. ... 0. 0. 0.]
 ...
 [0. 0. 0. ... 0. 0. 0.]
 [0. 0. 0. ... 0. 0. 0.]
 [0. 0. 0. ... 0. 0. 0.]]"
"(20, 25)",0.05,1e-05,72.43908463115261,0.46064126934059374,0.794325588284242,"[[[0.99634 1.00331 1.00546 ... 1.00241 0.99942 0.99813]
  [1.00188 0.99234 0.99694 ... 0.9995  0.99515 1.00071]
  [1.00212 0.9967  0.99803 ... 1.00014 1.00265 1.00057]
  ...
  [0.99166 1.0008  1.0015  ... 1.00301 1.00128 1.00001]
  [0.99704 0.9982  0.99533 ... 0.99651 0.99427 1.00279]
  [1.00227 0.99509 1.00119 ... 0.99779 0.99516 0.99835]]

 [[0.99634 1.00036 1.00084 ... 1.00533 0.99911 1.00172]
  [0.99927 1.00081 0.99975 ... 0.99954 0.9991  1.00071]
  [1.00251 1.00098 1.00401 ... 0.99794 1.00004 1.00057]
  ...
  [0.99869 1.00448 1.00334 ... 0.99405 1.0027  1.00121]
  [1.0042  0.99693 1.00043 ... 0.99507 1.00558 0.99501]
  [1.00227 0.99906 0.99865 ... 1.0019  0.99962 0.99473]]]","[[[0.         0.         0.         ... 0.         0.         0.        ]
  [0.         0.         0.         ... 0.         0.         0.        ]
  [0.         0.         0.         ... 0.         0.         0.        ]
  ...
  [0.         0.         0.         ... 0.         0.         0.        ]
  [0.         0.         0.         ... 0.         0.         0.        ]
  [0.         0.         0.         ... 0.         0.         0.        ]]

 [[0.00717726 0.00746715 0.00775133 ... 0.0052261  0.00696368 0.00540527]
  [0.00754598 0.00443995 0.00631417 ... 0.00671998 0.00573131 0.00656264]
  [0.00626897 0.00571616 0.0049464  ... 0.00752078 0.00737267 0.00655797]
  ...
  [0.00502895 0.00502751 0.00588304 ... 0.00977685 0.00588564 0.00608595]
  [0.00409912 0.00765947 0.00529537 ... 0.00776912 0.00279626 0.00951958]
  [0.00631677 0.00570125 0.00751235 ... 0.00535323 0.0055921  0.00831316]]]","[[0. 0. 0. ... 0. 0. 0.]
 [0. 0. 0. ... 0. 0. 0.]
 [0. 0. 0. ... 0. 0. 0.]
 ...
 [0. 0. 0. ... 0. 0. 0.]
 [0. 0. 0. ... 0. 0. 0.]
 [0. 0. 0. ... 0. 0. 0.]]","[[0. 0. 0. ... 0. 0. 0.]
 [0. 0. 0. ... 0. 0. 0.]
 [0. 0. 0. ... 0. 0. 0.]
 ...
 [0. 0. 0. ... 0. 0. 0.]
 [0. 0. 0. ... 0. 0. 0.]
 [0. 0. 0. ... 0. 0. 0.]]"
"(25, 30)",0.05,1e-05,50.83636002887034,0.46064126934059374,0.6948145234641363,"[[[0.99634 1.00036 1.00084 ... 1.00533 0.99911 1.00172]
  [0.99927 1.00081 0.99975 ... 0.99954 0.9991  1.00071]
  [1.00251 1.00098 1.00401 ... 0.99794 1.00004 1.00057]
  ...
  [0.99869 1.00448 1.00334 ... 0.99405 1.0027  1.00121]
  [1.0042  0.99693 1.00043 ... 0.99507 1.00558 0.99501]
  [1.00227 0.99906 0.99865 ... 1.0019  0.99962 0.99473]]

 [[0.99634 1.00036 1.00084 ... 1.00533 0.99911 1.00172]
  [0.99927 1.00081 0.99975 ... 0.99954 0.99909 1.00071]
  [1.00251 1.00098 1.00401 ... 0.99794 1.00004 1.00057]
  ...
  [0.99869 1.00448 1.00334 ... 0.99405 1.0027  1.00121]
  [1.0042  0.99693 1.00043 ... 0.99507 1.00558 0.99501]
  [1.00227 0.99906 0.99865 ... 1.0019  0.99962 0.99835]]]","[[[0.         0.         0.         ... 0.         0.         0.        ]
  [0.         0.         0.         ... 0.         0.         0.        ]
  [0.         0.         0.         ... 0.         0.         0.        ]
  ...
  [0.         0.         0.         ... 0.         0.         0.        ]
  [0.         0.         0.         ... 0.         0.         0.        ]
  [0.         0.         0.         ... 0.         0.         0.        ]]

 [[0.01497857 0.01398147 0.01415147 ... 0.01257669 0.01419897 0.01349591]
  [0.01428251 0.0139849  0.01452802 ... 0.01415341 0.01424607 0.01381967]
  [0.0135109  0.01406445 0.01339517 ... 0.01466511 0.01406194 0.01393801]
  ...
  [0.01416651 0.01266564 0.01319564 ... 0.01509984 0.01287223 0.01328729]
  [0.01268639 0.01480099 0.01392545 ... 0.01499369 0.01220125 0.01516962]
  [0.01336152 0.01423269 0.01448868 ... 0.01332471 0.01399229 0.01208429]]]","[[0. 0. 0. ... 0. 0. 0.]
 [0. 0. 0. ... 0. 0. 0.]
 [0. 0. 0. ... 0. 0. 0.]
 ...
 [0. 0. 0. ... 0. 0. 0.]
 [0. 0. 0. ... 0. 0. 0.]
 [0. 0. 0. ... 0. 0. 0.]]","[[0. 0. 0. ... 0. 0. 0.]
 [0. 0. 0. ... 0. 0. 0.]
 [0. 0. 0. ... 0. 0. 0.]
 ...
 [0. 0. 0. ... 0. 0. 0.]
 [0. 0. 0. ... 0. 0. 0.]
 [0. 0. 0. ... 0. 0. 0.]]"
"(30, 35)",0.05,1e-05,100.0,0.46064126934059374,0.0,"[[[0.99634 1.00036 1.00084 ... 1.00533 0.99911 1.00172]
  [0.99927 1.00081 0.99975 ... 0.99954 0.99909 1.00071]
  [1.00251 1.00098 1.00401 ... 0.99794 1.00004 1.00057]
  ...
  [0.99869 1.00448 1.00334 ... 0.99405 1.0027  1.00121]
  [1.0042  0.99693 1.00043 ... 0.99507 1.00558 0.99501]
  [1.00227 0.99906 0.99865 ... 1.0019  0.99962 0.99835]]

 [[0.99634 1.00036 1.00084 ... 1.00533 0.99911 1.00172]
  [0.99927 1.00081 0.99975 ... 0.99954 0.9991  1.00071]
  [1.00251 1.00098 1.00401 ... 0.99794 1.00004 1.00057]
  ...
  [0.99869 1.00448 1.00334 ... 0.99405 1.0027  1.00121]
  [1.0042  0.99693 1.00043 ... 0.99507 1.00558 0.99501]
  [1.00227 0.99906 0.99865 ... 1.0019  0.99962 0.99473]]]","[[[0.         0.         0.         ... 0.         0.         0.        ]
  [0.         0.         0.         ... 0.         0.         0.        ]
  [0.         0.         0.         ... 0.         0.         0.        ]
  ...
  [0.         0.         0.         ... 0.         0.         0.        ]
  [0.         0.         0.         ... 0.         0.         0.        ]
  [0.         0.         0.         ... 0.         0.         0.        ]]

 [[1.32930261 1.32749586 1.32695131 ... 1.32576182 1.32833721 1.32692292]
  [1.32817837 1.32741225 1.32789257 ... 1.32827617 1.32839069 1.32763436]
  [1.32688784 1.3275355  1.32611297 ... 1.32906755 1.32806108 1.32775269]
  ...
  [1.3280715  1.32545892 1.32605223 ... 1.33027316 1.32658764 1.32705837]
  [1.32569223 1.32892646 1.3272045  ... 1.33004796 1.32527031 1.32981443]
  [1.32651919 1.32794098 1.32795268 ... 1.32707949 1.32791665 1.33437385]]]","[[0. 0. 0. ... 0. 0. 0.]
 [0. 0. 0. ... 0. 0. 0.]
 [0. 0. 0. ... 0. 0. 0.]
 ...
 [0. 0. 0. ... 0. 0. 0.]
 [0. 0. 0. ... 0. 0. 0.]
 [0. 0. 0. ... 0. 0. 0.]]","[[0. 0. 0. ... 0. 0. 0.]
 [0. 0. 0. ... 0. 0. 0.]
 [0. 0. 0. ... 0. 0. 0.]
 ...
 [0. 0. 0. ... 0. 0. 0.]
 [0. 0. 0. ... 0. 0. 0.]
 [0. 0. 0. ... 0. 0. 0.]]"
"(15, 20)",0.1,2e-06,20.124922662172008,0.46064126934059374,0.5533449685454357,"[[[0.99634 1.00036 1.00084 ... 0.99764 0.99716 0.99708]
  [1.00714 1.00165 1.00371 ... 1.00385 1.00282 0.99895]
  [1.00128 1.00137 0.99854 ... 1.00292 1.00197 1.00158]
  ...
  [1.00564 1.00328 1.00021 ... 0.99429 1.00379 0.99897]
  [0.99994 1.00521 0.99761 ... 1.00104 0.99716 0.99237]
  [0.99947 0.9931  0.99916 ... 0.99946 0.99954 0.99725]]

 [[0.99634 1.00036 1.00084 ... 0.99764 0.99716 0.99708]
  [1.00714 1.00165 1.00371 ... 1.00385 1.00282 0.99895]
  [1.00128 1.00137 0.99854 ... 1.00292 1.00197 1.00158]
  ...
  [1.00564 1.00328 1.00021 ... 0.99428 1.00379 0.99897]
  [0.99994 1.00521 0.99761 ... 1.00104 0.99716 0.99237]
  [0.99947 0.9931  0.99916 ... 0.99946 0.99954 0.99725]]]","[[[0.         0.         0.         ... 0.20486991 0.23382572 0.        ]
  [0.         0.09444529 0.23404657 ... 0.27802173 0.38174308 0.11938057]
  [0.18048446 0.33063518 0.355677   ... 0.         0.11807895 0.13018358]
  ...
  [0.51917702 0.32242554 0.         ... 0.         0.         0.13836571]
  [0.26648203 0.30612905 0.16674847 ... 0.10410983 0.         0.04460806]
  [0.         0.         0.09292832 ... 0.10023766 0.03223844 0.        ]]

 [[0.53571695 0.32647467 0.01583089 ... 0.         0.         0.21709998]
  [0.0658638  0.         0.         ... 0.         0.         0.        ]
  [0.         0.         0.         ... 0.         0.         0.        ]
  ...
  [0.         0.         0.22728459 ... 0.05055412 0.24831787 0.        ]
  [0.         0.         0.         ... 0.         0.04391773 0.        ]
  [0.36863645 0.15002799 0.         ... 0.         0.         0.26888751]]]","[[0. 0. 0. ... 0. 0. 0.]
 [0. 0. 0. ... 0. 0. 0.]
 [0. 0. 0. ... 0. 0. 0.]
 ...
 [0. 0. 0. ... 0. 0. 0.]
 [0. 0. 0. ... 0. 0. 0.]
 [0. 0. 0. ... 0. 0. 0.]]","[[0. 0. 0. ... 0. 0. 0.]
 [0. 0. 0. ... 0. 0. 0.]
 [0. 0. 0. ... 0. 0. 0.]
 ...
 [0. 0. 0. ... 0. 0. 0.]
 [0. 0. 0. ... 0. 0. 0.]
 [0. 0. 0. ... 0. 0. 0.]]"
"(20, 25)",0.1,2e-06,3.2637936149041162,0.46064126934059374,0.4756756496769453,"[[[0.99634 1.00036 1.00084 ... 0.99764 0.99716 0.99708]
  [1.00714 1.00165 1.00371 ... 1.00385 1.00282 0.99895]
  [1.00128 1.00137 0.99854 ... 1.00292 1.00197 1.00158]
  ...
  [1.00564 1.00328 1.00021 ... 0.99428 1.00379 0.99897]
  [0.99994 1.00521 0.99761 ... 1.00104 0.99716 0.99237]
  [0.99947 0.9931  0.99916 ... 0.99946 0.99954 0.99725]]

 [[0.99663 1.005   1.00213 ... 0.99737 0.99716 0.99991]
  [0.99782 1.00557 0.99449 ... 1.00152 1.00146 1.00319]
  [1.0008  0.99935 0.9939  ... 1.00292 0.99919 1.00111]
  ...
  [0.99843 0.99921 1.00518 ... 1.00252 1.00379 1.00167]
  [0.99856 1.00428 1.00105 ... 1.00459 0.99319 0.99237]
  [1.00123 0.99788 0.99916 ... 1.00525 1.00045 1.00426]]]","[[[0.         0.23053665 1.08644819 ... 0.0827783  0.         0.        ]
  [0.         0.31858407 0.91791458 ... 0.         0.21968668 0.55798885]
  [0.52548571 0.         0.         ... 0.         2.21867095 2.48806942]
  ...
  [0.91442212 0.53843575 0.28803533 ... 0.         0.         0.72862713]
  [0.88379498 1.03010283 0.         ... 1.19215335 0.60893495 0.41766038]
  [0.         0.3964169  0.26533228 ... 2.00914402 0.21599293 0.        ]]

 [[1.67978002 0.         0.         ... 0.         0.93372459 2.11333522]
  [0.00793572 0.         0.         ... 1.73555033 0.         0.        ]
  [0.         0.71375033 0.09617378 ... 0.95381877 0.         0.        ]
  ...
  [0.         0.         0.         ... 1.96260725 0.77490023 0.        ]
  [0.         0.         0.24582079 ... 0.         0.         0.        ]
  [1.05837106 0.         0.         ... 0.         0.         1.5551935 ]]]","[[0. 0. 0. ... 0. 0. 0.]
 [0. 0. 0. ... 0. 0. 0.]
 [0. 0. 0. ... 0. 0. 0.]
 ...
 [0. 0. 0. ... 0. 0. 0.]
 [0. 0. 0. ... 0. 0. 0.]
 [0. 0. 0. ... 0. 0. 0.]]","[[0. 0. 0. ... 0. 0. 0.]
 [0. 0. 0. ... 0. 0. 0.]
 [0. 0. 0. ... 0. 0. 0.]
 ...
 [0. 0. 0. ... 0. 0. 0.]
 [0. 0. 0. ... 0. 0. 0.]
 [0. 0. 0. ... 0. 0. 0.]]"
"(25, 30)",0.1,2e-06,4.561330301794392,0.46064126934059374,0.48165263914159656,"[[[0.99663 1.005   1.00213 ... 0.99737 0.99716 0.99991]
  [0.99782 1.00557 0.99449 ... 1.00152 1.00146 1.00319]
  [1.0008  0.99935 0.9939  ... 1.00292 0.99919 1.00111]
  ...
  [0.99843 0.99921 1.00518 ... 1.00252 1.00379 1.00167]
  [0.99856 1.00428 1.00105 ... 1.00459 0.99319 0.99237]
  [1.00123 0.99788 0.99916 ... 1.00525 1.00045 1.00426]]

 [[0.99634 1.00036 1.00084 ... 0.99764 0.99716 0.99708]
  [1.00714 1.00165 1.00371 ... 1.00385 1.00282 0.99895]
  [1.00128 1.00137 0.99854 ... 1.00292 1.00197 1.00158]
  ...
  [1.00564 1.00328 1.00021 ... 0.99428 1.00379 0.99897]
  [0.99994 1.00521 0.99761 ... 1.00104 0.99716 0.99237]
  [0.99947 0.9931  0.99916 ... 0.99946 0.99954 0.99725]]]","[[[0.09906054 0.27409755 0.24787246 ... 0.         0.67835963 0.6392598 ]
  [0.         0.         0.         ... 0.         0.7740313  0.3245778 ]
  [0.         0.         0.47667857 ... 0.         0.13009149 0.        ]
  ...
  [0.01981206 0.         0.         ... 0.684693   0.10105903 0.        ]
  [0.         0.         0.28286679 ... 0.4886085  0.         0.        ]
  [0.         0.77217546 0.99258733 ... 0.         0.         0.        ]]

 [[0.         0.         0.         ... 0.48928579 0.         0.        ]
  [0.85924373 0.85664889 0.27979549 ... 0.06293788 0.         0.        ]
  [0.92906303 0.39840435 0.         ... 0.15695916 0.         0.3103309 ]
  ...
  [0.         0.57498136 1.05648231 ... 0.         0.         0.08410253]
  [0.85973238 0.15529599 0.         ... 0.         0.20014711 0.98336193]
  [0.1014095  0.         0.         ... 0.3213701  0.02966318 0.27973517]]]","[[0. 0. 0. ... 0. 0. 0.]
 [0. 0. 0. ... 0. 0. 0.]
 [0. 0. 0. ... 0. 0. 0.]
 ...
 [0. 0. 0. ... 0. 0. 0.]
 [0. 0. 0. ... 0. 0. 0.]
 [0. 0. 0. ... 0. 0. 0.]]","[[0. 0. 0. ... 0. 0. 0.]
 [0. 0. 0. ... 0. 0. 0.]
 [0. 0. 0. ... 0. 0. 0.]
 ...
 [0. 0. 0. ... 0. 0. 0.]
 [0. 0. 0. ... 0. 0. 0.]
 [0. 0. 0. ... 0. 0. 0.]]"
"(30, 35)",0.1,2e-06,89.54790907780703,0.46064126934059374,0.04814664429662261,"[[[0.99634 1.00036 1.00084 ... 0.99764 0.99716 0.99708]
  [1.00714 1.00165 1.00371 ... 1.00385 1.00282 0.99895]
  [1.00128 1.00137 0.99854 ... 1.00292 1.00197 1.00158]
  ...
  [1.00564 1.00328 1.00021 ... 0.99428 1.00379 0.99897]
  [0.99994 1.00521 0.99761 ... 1.00104 0.99716 0.99237]
  [0.99947 0.9931  0.99916 ... 0.99946 0.99954 0.99725]]

 [[0.99634 1.00036 1.00084 ... 0.99764 0.99716 0.99708]
  [1.00714 1.00165 1.00371 ... 1.00385 1.00282 0.99895]
  [1.00128 1.00137 0.99854 ... 1.00292 1.00197 1.00158]
  ...
  [1.00564 1.00328 1.00021 ... 0.99428 1.00379 0.99897]
  [0.99994 1.00521 0.99761 ... 1.00104 0.99716 0.99237]
  [0.99947 0.9931  0.99916 ... 0.99946 0.99954 0.99725]]]","[[[0.         0.         0.         ... 0.         0.         0.        ]
  [0.         0.         0.         ... 0.         0.         0.        ]
  [0.         0.         0.         ... 0.50917448 0.         0.        ]
  ...
  [0.         0.         0.         ... 0.         0.         0.        ]
  [0.         0.         0.         ... 0.         0.         0.        ]
  [0.         0.         0.         ... 0.         0.         0.0755963 ]]

 [[0.54950821 1.47797504 2.05653556 ... 2.51949055 2.41962281 1.04545959]
  [1.01756422 0.76257374 1.46649822 ... 1.00179652 2.18493521 2.13143077]
  [1.98468943 1.29435827 1.27281585 ... 0.         1.13162765 2.3057675 ]
  ...
  [1.59725684 1.21911502 0.95469623 ... 1.15893406 1.84447804 2.0542963 ]
  [2.29633516 2.4239572  0.76759453 ... 1.10735037 0.7744471  1.13823814]
  [1.48165618 2.63290218 1.80098401 ... 2.1067647  1.21920164 0.43278356]]]","[[0. 0. 0. ... 0. 0. 0.]
 [0. 0. 0. ... 0. 0. 0.]
 [0. 0. 0. ... 0. 0. 0.]
 ...
 [0. 0. 0. ... 0. 0. 0.]
 [0. 0. 0. ... 0. 0. 0.]
 [0. 0. 0. ... 0. 0. 0.]]","[[0. 0. 0. ... 0. 0. 0.]
 [0. 0. 0. ... 0. 0. 0.]
 [0. 0. 0. ... 0. 0. 0.]
 ...
 [0. 0. 0. ... 0. 0. 0.]
 [0. 0. 0. ... 0. 0. 0.]
 [0. 0. 0. ... 0. 0. 0.]]"
"(15, 20)",0.1,5e-06,86.58958956354277,0.46064126934059374,0.8595086538229074,"[[[0.99634 1.00036 1.00084 ... 0.99954 0.9991  1.00071]
  [1.00251 1.00098 1.00401 ... 1.00324 1.0023  0.99612]
  [0.9975  0.99989 1.00321 ... 1.00388 0.99905 0.99687]
  ...
  [1.0047  1.00233 1.00125 ... 0.99917 0.99864 1.00161]
  [0.999   1.00618 1.00168 ... 0.99697 0.99763 1.00116]
  [1.00046 0.99718 1.00279 ... 1.0024  1.00065 0.99712]]

 [[0.99634 1.00036 1.00084 ... 0.99954 0.9991  1.00071]
  [1.00251 1.00098 1.00401 ... 1.00324 1.0023  0.99612]
  [0.9975  0.99989 1.00321 ... 1.00388 0.99905 0.99687]
  ...
  [1.0047  1.00233 1.00125 ... 0.99918 0.99864 1.00161]
  [0.999   1.00618 1.00168 ... 0.99697 0.99763 1.00116]
  [1.00046 0.99718 1.00279 ... 1.0024  1.00065 0.99712]]]","[[[0.03947741 0.         0.04992845 ... 0.062806   0.         0.0105029 ]
  [0.         0.06458476 0.         ... 0.         0.03857146 0.01932076]
  [0.05671992 0.         0.07397191 ... 0.06103835 0.         0.00159459]
  ...
  [0.         0.03373846 0.         ... 0.01360234 0.         0.03580269]
  [0.03384654 0.         0.03129466 ... 0.03830984 0.00559881 0.00275664]
  [0.         0.04214688 0.         ... 0.         0.03377835 0.01552407]]

 [[0.         0.0224841  0.         ... 0.         0.00777376 0.        ]
  [0.01785643 0.         0.03319104 ... 0.03357496 0.         0.        ]
  [0.         0.04829418 0.         ... 0.         0.00475609 0.        ]
  ...
  [0.00641655 0.         0.         ... 0.         0.         0.        ]
  [0.         0.00459983 0.         ... 0.         0.         0.        ]
  [0.00236625 0.         0.00735687 ... 0.02628048 0.         0.        ]]]","[[0. 0. 0. ... 0. 0. 0.]
 [0. 0. 0. ... 0. 0. 0.]
 [0. 0. 0. ... 0. 0. 0.]
 ...
 [0. 0. 0. ... 0. 0. 0.]
 [0. 0. 0. ... 0. 0. 0.]
 [0. 0. 0. ... 0. 0. 0.]]","[[0. 0. 0. ... 0. 0. 0.]
 [0. 0. 0. ... 0. 0. 0.]
 [0. 0. 0. ... 0. 0. 0.]
 ...
 [0. 0. 0. ... 0. 0. 0.]
 [0. 0. 0. ... 0. 0. 0.]
 [0. 0. 0. ... 0. 0. 0.]]"
"(20, 25)",0.1,5e-06,19.856138835580317,0.46064126934059374,0.5521068393148415,"[[[0.99634 1.00036 1.00084 ... 0.99954 0.9991  1.00071]
  [1.00251 1.00098 1.00401 ... 1.00324 1.0023  0.99612]
  [0.9975  0.99989 1.00321 ... 1.00388 0.99905 0.99687]
  ...
  [1.0047  1.00233 1.00125 ... 0.99918 0.99864 1.00161]
  [0.999   1.00618 1.00168 ... 0.99697 0.99763 1.00116]
  [1.00046 0.99718 1.00279 ... 1.0024  1.00065 0.99712]]

 [[0.99634 1.00036 1.00084 ... 0.99954 0.99909 1.00071]
  [1.00251 1.00098 1.00401 ... 1.00324 1.0023  0.99612]
  [0.9975  0.99989 1.00321 ... 1.00388 0.99905 0.99687]
  ...
  [1.0047  1.00233 1.00125 ... 0.99917 0.99864 1.00161]
  [0.999   1.00618 1.00327 ... 0.99697 0.99763 1.00116]
  [1.00046 0.99718 1.00279 ... 1.0024  1.00065 0.99712]]]","[[[0.         0.00712885 0.         ... 0.03554893 0.         0.03544618]
  [0.01220604 0.         0.         ... 0.         0.03431633 0.        ]
  [0.         0.         0.03064766 ... 0.03718527 0.         0.02060439]
  ...
  [0.07362114 0.         0.05963113 ... 0.         0.05737971 0.        ]
  [0.         0.05053424 0.         ... 0.03961663 0.         0.05876764]
  [0.04093536 0.         0.00851303 ... 0.         0.04559985 0.        ]]

 [[0.05347049 0.         0.00689437 ... 0.         0.06872246 0.        ]
  [0.         0.0145868  0.04429854 ... 0.06368914 0.         0.0552779 ]
  [0.02961157 0.02759373 0.         ... 0.         0.06126018 0.        ]
  ...
  [0.         0.10325748 0.         ... 0.07089498 0.         0.10170169]
  [0.09007294 0.         0.06280077 ... 0.         0.08421851 0.        ]
  [0.         0.05690082 0.         ... 0.06696963 0.         0.07791307]]]","[[0. 0. 0. ... 0. 0. 0.]
 [0. 0. 0. ... 0. 0. 0.]
 [0. 0. 0. ... 0. 0. 0.]
 ...
 [0. 0. 0. ... 0. 0. 0.]
 [0. 0. 0. ... 0. 0. 0.]
 [0. 0. 0. ... 0. 0. 0.]]","[[0. 0. 0. ... 0. 0. 0.]
 [0. 0. 0. ... 0. 0. 0.]
 [0. 0. 0. ... 0. 0. 0.]
 ...
 [0. 0. 0. ... 0. 0. 0.]
 [0. 0. 0. ... 0. 0. 0.]
 [0. 0. 0. ... 0. 0. 0.]]"
"(25, 30)",0.1,5e-06,36.230741240030866,0.46064126934059374,0.6275350156801779,"[[[0.99634 1.00036 1.00084 ... 0.99954 0.99909 1.00071]
  [1.00251 1.00098 1.00401 ... 1.00324 1.0023  0.99612]
  [0.9975  0.99989 1.00321 ... 1.00388 0.99905 0.99687]
  ...
  [1.0047  1.00233 1.00125 ... 0.99917 0.99864 1.00161]
  [0.999   1.00618 1.00327 ... 0.99697 0.99763 1.00116]
  [1.00046 0.99718 1.00279 ... 1.0024  1.00065 0.99712]]

 [[0.99634 1.00036 1.00084 ... 0.99954 0.9991  1.00071]
  [1.00251 1.00098 1.00401 ... 1.00324 1.0023  0.99612]
  [0.9975  0.99989 1.00321 ... 1.00388 0.99905 0.99687]
  ...
  [1.0047  1.00233 1.00125 ... 0.99917 0.99864 1.00161]
  [0.999   1.00618 1.00168 ... 0.99697 0.99763 1.00116]
  [1.00046 0.99718 1.00279 ... 1.0024  1.00065 0.99712]]]","[[[0.         0.         0.         ... 0.         0.         0.        ]
  [0.         0.         0.         ... 0.         0.         0.        ]
  [0.         0.         0.         ... 0.         0.         0.        ]
  ...
  [0.         0.         0.         ... 0.         0.         0.        ]
  [0.         0.         0.         ... 0.         0.         0.        ]
  [0.         0.         0.         ... 0.         0.         0.        ]]

 [[0.02562174 0.01441754 0.02508902 ... 0.0165323  0.02377079 0.01470002]
  [0.01435967 0.02337976 0.01433252 ... 0.0218026  0.01512642 0.02485772]
  [0.02355144 0.01683509 0.02152802 ... 0.01536329 0.02298166 0.01731604]
  ...
  [0.0144553  0.02339032 0.01483018 ... 0.02199475 0.01716067 0.02223947]
  [0.02472587 0.01243193 0.02555026 ... 0.01750278 0.02379746 0.01501597]
  [0.01449338 0.02564016 0.01359099 ... 0.02168596 0.01554914 0.02479353]]]","[[0. 0. 0. ... 0. 0. 0.]
 [0. 0. 0. ... 0. 0. 0.]
 [0. 0. 0. ... 0. 0. 0.]
 ...
 [0. 0. 0. ... 0. 0. 0.]
 [0. 0. 0. ... 0. 0. 0.]
 [0. 0. 0. ... 0. 0. 0.]]","[[0. 0. 0. ... 0. 0. 0.]
 [0. 0. 0. ... 0. 0. 0.]
 [0. 0. 0. ... 0. 0. 0.]
 ...
 [0. 0. 0. ... 0. 0. 0.]
 [0. 0. 0. ... 0. 0. 0.]
 [0. 0. 0. ... 0. 0. 0.]]"
"(30, 35)",0.1,5e-06,100.0,0.46064126934059374,0.0,"[[[0.99634 1.00036 1.00084 ... 0.99954 0.9991  1.00071]
  [1.00251 1.00098 1.00401 ... 1.00324 1.0023  0.99612]
  [0.9975  0.99989 1.00321 ... 1.00388 0.99905 0.99687]
  ...
  [1.0047  1.00233 1.00125 ... 0.99917 0.99864 1.00161]
  [0.999   1.00618 1.00168 ... 0.99697 0.99763 1.00116]
  [1.00046 0.99718 1.00279 ... 1.0024  1.00065 0.99712]]

 [[0.99634 1.00036 1.00084 ... 0.99954 0.9991  1.00071]
  [1.00251 1.00098 1.00401 ... 1.00324 1.0023  0.99612]
  [0.9975  0.99989 1.00321 ... 1.00388 0.99905 0.99687]
  ...
  [1.0047  1.00233 1.00125 ... 0.99918 0.99864 1.00161]
  [0.999   1.00618 1.00327 ... 0.99697 0.99763 1.00116]
  [1.00046 0.99718 1.00279 ... 1.0024  1.00065 0.99712]]]","[[[0.         0.         0.         ... 0.         0.         0.        ]
  [0.         0.         0.         ... 0.         0.         0.        ]
  [0.         0.         0.         ... 0.         0.         0.        ]
  ...
  [0.         0.         0.         ... 0.         0.         0.        ]
  [0.         0.         0.         ... 0.         0.         0.        ]
  [0.         0.         0.         ... 0.         0.         0.        ]]

 [[1.48095453 1.47614621 1.47809458 ... 1.47785825 1.47879797 1.47574676]
  [1.47499651 1.47781208 1.47535206 ... 1.47595552 1.47577762 1.48050147]
  [1.47895099 1.47805734 1.47557523 ... 1.4758633  1.47802505 1.47898771]
  ...
  [1.47452358 1.47802083 1.47628168 ... 1.47717998 1.47823303 1.47703815]
  [1.47971866 1.4730575  1.47469063 ... 1.47905237 1.47923436 1.47586979]
  [1.47558682 1.48078872 1.47541462 ... 1.47602447 1.47645962 1.48025945]]]","[[0. 0. 0. ... 0. 0. 0.]
 [0. 0. 0. ... 0. 0. 0.]
 [0. 0. 0. ... 0. 0. 0.]
 ...
 [0. 0. 0. ... 0. 0. 0.]
 [0. 0. 0. ... 0. 0. 0.]
 [0. 0. 0. ... 0. 0. 0.]]","[[0. 0. 0. ... 0. 0. 0.]
 [0. 0. 0. ... 0. 0. 0.]
 [0. 0. 0. ... 0. 0. 0.]
 ...
 [0. 0. 0. ... 0. 0. 0.]
 [0. 0. 0. ... 0. 0. 0.]
 [0. 0. 0. ... 0. 0. 0.]]"
"(15, 20)",0.1,1e-05,117.08866889662238,0.46064126934059374,1.0,"[[[0.99634 1.00331 1.00546 ... 1.00241 0.99942 0.99813]
  [1.00188 0.99234 0.99694 ... 0.9995  0.99515 1.00071]
  [1.00212 0.9967  0.99803 ... 1.00014 1.00265 1.00057]
  ...
  [0.99166 1.0008  1.0015  ... 1.00301 1.00129 1.00001]
  [0.99704 0.9982  0.99533 ... 0.99651 0.99427 1.00279]
  [1.00227 0.99509 1.00119 ... 0.9978  0.99516 0.99835]]

 [[0.99634 1.00331 1.00546 ... 1.00241 0.99942 0.99813]
  [1.00188 0.99234 0.99694 ... 0.9995  0.99515 1.00071]
  [1.00212 0.9967  0.99803 ... 1.00014 1.00265 1.00057]
  ...
  [0.99166 1.0008  1.0015  ... 1.00301 1.00129 1.00001]
  [0.99704 0.9982  0.99533 ... 0.99651 0.99427 1.00279]
  [1.00227 0.99509 1.00119 ... 0.9978  0.99516 0.99835]]]","[[[0.02611076 0.02664499 0.02685454 ... 0.02658885 0.02633707 0.02623345]
  [0.02666312 0.02615072 0.02656076 ... 0.02658275 0.02622566 0.02654548]
  [0.02685135 0.02665228 0.02689804 ... 0.02677848 0.02690319 0.02672655]
  ...
  [0.02540107 0.02600733 0.02611934 ... 0.02622892 0.02602717 0.02591156]
  [0.02585886 0.02601726 0.02589921 ... 0.02592533 0.02572521 0.02621907]
  [0.02634491 0.0259238  0.02642151 ... 0.0261733  0.0259299  0.0260646 ]]

 [[0.         0.         0.         ... 0.         0.         0.        ]
  [0.         0.         0.         ... 0.         0.         0.        ]
  [0.         0.         0.         ... 0.         0.         0.        ]
  ...
  [0.         0.         0.         ... 0.         0.         0.        ]
  [0.         0.         0.         ... 0.         0.         0.        ]
  [0.         0.         0.         ... 0.         0.         0.        ]]]","[[0. 0. 0. ... 0. 0. 0.]
 [0. 0. 0. ... 0. 0. 0.]
 [0. 0. 0. ... 0. 0. 0.]
 ...
 [0. 0. 0. ... 0. 0. 0.]
 [0. 0. 0. ... 0. 0. 0.]
 [0. 0. 0. ... 0. 0. 0.]]","[[0. 0. 0. ... 0. 0. 0.]
 [0. 0. 0. ... 0. 0. 0.]
 [0. 0. 0. ... 0. 0. 0.]
 ...
 [0. 0. 0. ... 0. 0. 0.]
 [0. 0. 0. ... 0. 0. 0.]
 [0. 0. 0. ... 0. 0. 0.]]"
"(20, 25)",0.1,1e-05,61.09458466040028,0.46064126934059374,0.7420681396186253,"[[[0.99634 1.00331 1.00546 ... 1.00241 0.99942 0.99813]
  [1.00188 0.99234 0.99694 ... 0.9995  0.99515 1.00071]
  [1.00212 0.9967  0.99803 ... 1.00014 1.00265 1.00057]
  ...
  [0.99166 1.0008  1.0015  ... 1.00301 1.00129 1.00001]
  [0.99704 0.9982  0.99533 ... 0.99651 0.99427 1.00279]
  [1.00227 0.99509 1.00119 ... 0.9978  0.99516 0.99835]]

 [[0.99634 1.00036 1.00084 ... 1.00533 0.99911 1.00172]
  [0.99927 1.00081 0.99975 ... 0.99954 0.9991  1.00071]
  [1.00251 1.00098 1.00401 ... 0.99794 1.00004 1.00057]
  ...
  [0.99869 1.00448 1.00334 ... 0.99405 1.0027  1.00121]
  [1.0042  0.99693 1.00043 ... 0.99507 1.00558 0.99501]
  [1.00227 0.99906 0.99865 ... 1.0019  0.99962 0.99473]]]","[[[0.         0.         0.         ... 0.         0.         0.        ]
  [0.         0.         0.         ... 0.         0.         0.        ]
  [0.         0.         0.         ... 0.         0.         0.        ]
  ...
  [0.         0.         0.         ... 0.         0.         0.        ]
  [0.         0.         0.         ... 0.         0.         0.        ]
  [0.         0.         0.         ... 0.         0.         0.        ]]

 [[0.01140131 0.01176086 0.01194363 ... 0.00933606 0.01123278 0.00950785]
  [0.01183532 0.00840201 0.01049116 ... 0.01095919 0.00987419 0.01077076]
  [0.0104324  0.00986676 0.00895344 ... 0.01180125 0.0117022  0.01078586]
  ...
  [0.00926543 0.00907095 0.01007577 ... 0.01421377 0.01004182 0.01020376]
  [0.00804332 0.01208316 0.00935877 ... 0.01209483 0.00667415 0.01402708]
  [0.01053292 0.00978516 0.01178969 ... 0.00947217 0.00975267 0.01259854]]]","[[0. 0. 0. ... 0. 0. 0.]
 [0. 0. 0. ... 0. 0. 0.]
 [0. 0. 0. ... 0. 0. 0.]
 ...
 [0. 0. 0. ... 0. 0. 0.]
 [0. 0. 0. ... 0. 0. 0.]
 [0. 0. 0. ... 0. 0. 0.]]","[[0. 0. 0. ... 0. 0. 0.]
 [0. 0. 0. ... 0. 0. 0.]
 [0. 0. 0. ... 0. 0. 0.]
 ...
 [0. 0. 0. ... 0. 0. 0.]
 [0. 0. 0. ... 0. 0. 0.]
 [0. 0. 0. ... 0. 0. 0.]]"
"(25, 30)",0.1,1e-05,48.865441061983816,0.46064126934059374,0.6857356573173957,"[[[0.99634 1.00036 1.00084 ... 1.00533 0.99911 1.00172]
  [0.99927 1.00081 0.99975 ... 0.99954 0.9991  1.00071]
  [1.00251 1.00098 1.00401 ... 0.99794 1.00004 1.00057]
  ...
  [0.99869 1.00448 1.00334 ... 0.99405 1.0027  1.00121]
  [1.0042  0.99693 1.00043 ... 0.99507 1.00558 0.99501]
  [1.00227 0.99906 0.99865 ... 1.0019  0.99962 0.99473]]

 [[0.99634 1.00036 1.00084 ... 1.00533 0.99911 1.00172]
  [0.99927 1.00081 0.99975 ... 0.99954 0.99909 1.00071]
  [1.00251 1.00098 1.00401 ... 0.99794 1.00004 1.00057]
  ...
  [0.99869 1.00448 1.00334 ... 0.99405 1.0027  1.00121]
  [1.0042  0.99693 1.00043 ... 0.99507 1.00558 0.99501]
  [1.00227 0.99906 0.99865 ... 1.0019  0.99962 0.99835]]]","[[[0.         0.         0.         ... 0.         0.         0.        ]
  [0.         0.         0.         ... 0.         0.         0.        ]
  [0.         0.         0.         ... 0.         0.         0.        ]
  ...
  [0.         0.         0.         ... 0.         0.         0.        ]
  [0.         0.         0.         ... 0.         0.         0.        ]
  [0.         0.         0.         ... 0.         0.         0.        ]]

 [[0.01740303 0.01622663 0.01638898 ... 0.01490952 0.01663955 0.01586333]
  [0.01660489 0.01618247 0.01671564 ... 0.01650997 0.01662568 0.01614103]
  [0.01574551 0.01627616 0.01545291 ... 0.01701407 0.01638196 0.01624895]
  ...
  [0.01670288 0.01496103 0.01550648 ... 0.01783246 0.01548823 0.01579249]
  [0.01500935 0.0172808  0.01617946 ... 0.01770958 0.01461655 0.01784627]
  [0.01574864 0.01655074 0.01674852 ... 0.01573787 0.01651887 0.01440232]]]","[[0. 0. 0. ... 0. 0. 0.]
 [0. 0. 0. ... 0. 0. 0.]
 [0. 0. 0. ... 0. 0. 0.]
 ...
 [0. 0. 0. ... 0. 0. 0.]
 [0. 0. 0. ... 0. 0. 0.]
 [0. 0. 0. ... 0. 0. 0.]]","[[0. 0. 0. ... 0. 0. 0.]
 [0. 0. 0. ... 0. 0. 0.]
 [0. 0. 0. ... 0. 0. 0.]
 ...
 [0. 0. 0. ... 0. 0. 0.]
 [0. 0. 0. ... 0. 0. 0.]
 [0. 0. 0. ... 0. 0. 0.]]"
"(30, 35)",0.1,1e-05,100.0,0.46064126934059374,0.0,"[[[0.99634 1.00036 1.00084 ... 1.00533 0.99911 1.00172]
  [0.99927 1.00081 0.99975 ... 0.99954 0.99909 1.00071]
  [1.00251 1.00098 1.00401 ... 0.99794 1.00004 1.00057]
  ...
  [0.99869 1.00448 1.00334 ... 0.99405 1.0027  1.00121]
  [1.0042  0.99693 1.00043 ... 0.99507 1.00558 0.99501]
  [1.00227 0.99906 0.99865 ... 1.0019  0.99962 0.99835]]

 [[0.99634 1.00036 1.00084 ... 1.00533 0.99911 1.00172]
  [0.99927 1.00081 0.99975 ... 0.99954 0.9991  1.00071]
  [1.00251 1.00098 1.00401 ... 0.99794 1.00004 1.00057]
  ...
  [0.99869 1.00448 1.00334 ... 0.99405 1.0027  1.00121]
  [1.0042  0.99693 1.00043 ... 0.99507 1.00558 0.99501]
  [1.00227 0.99906 0.99865 ... 1.0019  0.99962 0.99473]]]","[[[0.         0.         0.         ... 0.         0.         0.        ]
  [0.         0.         0.         ... 0.         0.         0.        ]
  [0.         0.         0.         ... 0.         0.         0.        ]
  ...
  [0.         0.         0.         ... 0.         0.         0.        ]
  [0.         0.         0.         ... 0.         0.         0.        ]
  [0.         0.         0.         ... 0.         0.         0.        ]]

 [[1.4042769  1.40246485 1.40181425 ... 1.40036098 1.40315324 1.4016252 ]
  [1.40304265 1.40226176 1.40293932 ... 1.40303164 1.40317227 1.40244899]
  [1.40165916 1.40238562 1.4009097  ... 1.40387103 1.40282966 1.40253025]
  ...
  [1.40296961 1.40024728 1.4010403  ... 1.40502257 1.40115549 1.40175357]
  [1.40044079 1.40400084 1.40220585 ... 1.40483677 1.39981529 1.40472242]
  [1.40128836 1.40292497 1.40303996 ... 1.40175349 1.40263468 1.40953814]]]","[[0. 0. 0. ... 0. 0. 0.]
 [0. 0. 0. ... 0. 0. 0.]
 [0. 0. 0. ... 0. 0. 0.]
 ...
 [0. 0. 0. ... 0. 0. 0.]
 [0. 0. 0. ... 0. 0. 0.]
 [0. 0. 0. ... 0. 0. 0.]]","[[0. 0. 0. ... 0. 0. 0.]
 [0. 0. 0. ... 0. 0. 0.]
 [0. 0. 0. ... 0. 0. 0.]
 ...
 [0. 0. 0. ... 0. 0. 0.]
 [0. 0. 0. ... 0. 0. 0.]
 [0. 0. 0. ... 0. 0. 0.]]"
"(15, 20)",0.15,2e-06,20.66462386199654,0.46064126934059374,0.5558310550029538,"[[[0.99634 1.00036 1.00084 ... 0.99764 0.99716 0.99708]
  [1.00714 1.00165 1.00371 ... 1.00385 1.00282 0.99895]
  [1.00128 1.00137 0.99854 ... 1.00292 1.00197 1.00158]
  ...
  [1.00564 1.00328 1.00021 ... 0.99429 1.00379 0.99897]
  [0.99994 1.00521 0.99761 ... 1.00104 0.99716 0.99237]
  [0.99947 0.9931  0.99916 ... 0.99946 0.99954 0.99725]]

 [[0.99634 1.00036 1.00084 ... 0.99764 0.99716 0.99708]
  [1.00714 1.00165 1.00371 ... 1.00385 1.00282 0.99895]
  [1.00128 1.00137 0.99854 ... 1.00292 1.00197 1.00158]
  ...
  [1.00564 1.00328 1.00021 ... 0.99428 1.00379 0.99897]
  [0.99994 1.00521 0.99761 ... 1.00104 0.99716 0.99237]
  [0.99947 0.9931  0.99916 ... 0.99946 0.99954 0.99725]]]","[[[0.         0.07359821 0.47868617 ... 0.44314232 0.         0.        ]
  [0.         0.32309226 0.75917622 ... 0.         0.         0.        ]
  [0.         0.31757548 0.5560383  ... 0.         0.         0.        ]
  ...
  [0.         0.         0.04115185 ... 0.06256887 0.26703767 0.11627178]
  [0.         0.         0.         ... 0.55584565 0.65636034 0.26055894]
  [0.         0.         0.02076177 ... 0.77243353 0.56419887 0.02350114]]

 [[0.45722825 0.         0.         ... 0.         0.01893065 0.50285408]
  [0.37853658 0.         0.         ... 0.1924698  0.62914314 0.77002632]
  [0.0693124  0.         0.         ... 0.57735804 0.52565125 0.36803908]
  ...
  [0.08620784 0.0734386  0.         ... 0.         0.         0.        ]
  [0.15512438 0.26185073 0.1894893  ... 0.         0.         0.        ]
  [0.32274555 0.20184855 0.         ... 0.         0.         0.        ]]]","[[0. 0. 0. ... 0. 0. 0.]
 [0. 0. 0. ... 0. 0. 0.]
 [0. 0. 0. ... 0. 0. 0.]
 ...
 [0. 0. 0. ... 0. 0. 0.]
 [0. 0. 0. ... 0. 0. 0.]
 [0. 0. 0. ... 0. 0. 0.]]","[[0. 0. 0. ... 0. 0. 0.]
 [0. 0. 0. ... 0. 0. 0.]
 [0. 0. 0. ... 0. 0. 0.]
 ...
 [0. 0. 0. ... 0. 0. 0.]
 [0. 0. 0. ... 0. 0. 0.]
 [0. 0. 0. ... 0. 0. 0.]]"
"(20, 25)",0.15,2e-06,3.7861489260830914,0.46064126934059374,0.47808183381282815,"[[[0.99634 1.00036 1.00084 ... 0.99764 0.99716 0.99708]
  [1.00714 1.00165 1.00371 ... 1.00385 1.00282 0.99895]
  [1.00128 1.00137 0.99854 ... 1.00292 1.00197 1.00158]
  ...
  [1.00564 1.00328 1.00021 ... 0.99428 1.00379 0.99897]
  [0.99994 1.00521 0.99761 ... 1.00104 0.99716 0.99237]
  [0.99947 0.9931  0.99916 ... 0.99946 0.99954 0.99725]]

 [[0.99634 1.00036 1.00084 ... 0.99764 0.99716 0.99708]
  [1.00714 1.00165 1.00371 ... 1.00385 1.00282 0.99895]
  [1.00128 1.00137 0.99854 ... 1.00292 1.00197 1.00158]
  ...
  [1.00564 1.00328 1.00021 ... 0.99429 1.00379 0.99897]
  [0.99994 1.00521 0.99761 ... 1.00104 0.99716 0.99237]
  [0.99947 0.9931  0.99916 ... 0.99946 0.99954 0.99725]]]","[[[0.         0.         0.         ... 0.         0.9572267  0.63061257]
  [0.         0.         0.36037025 ... 0.69946316 1.44186244 1.02462211]
  [0.12301067 0.         0.72377764 ... 0.06729221 0.78396357 0.73891724]
  ...
  [0.89070083 0.64550023 1.09377884 ... 0.         0.7126133  1.1572718 ]
  [0.39316059 0.         0.04298614 ... 0.         0.37164638 1.03926345]
  [0.         0.         0.         ... 0.         0.28121402 0.52502892]]

 [[1.14188544 2.21780879 1.19462882 ... 0.11110994 0.         0.        ]
  [0.37006993 0.95782482 0.         ... 0.         0.         0.        ]
  [0.         0.02545369 0.         ... 0.         0.         0.        ]
  ...
  [0.         0.         0.         ... 0.10544622 0.         0.        ]
  [0.         0.31785195 0.         ... 1.30087396 0.         0.        ]
  [0.85924489 2.02422812 1.55056546 ... 1.38973309 0.         0.        ]]]","[[0. 0. 0. ... 0. 0. 0.]
 [0. 0. 0. ... 0. 0. 0.]
 [0. 0. 0. ... 0. 0. 0.]
 ...
 [0. 0. 0. ... 0. 0. 0.]
 [0. 0. 0. ... 0. 0. 0.]
 [0. 0. 0. ... 0. 0. 0.]]","[[0. 0. 0. ... 0. 0. 0.]
 [0. 0. 0. ... 0. 0. 0.]
 [0. 0. 0. ... 0. 0. 0.]
 ...
 [0. 0. 0. ... 0. 0. 0.]
 [0. 0. 0. ... 0. 0. 0.]
 [0. 0. 0. ... 0. 0. 0.]]"
"(25, 30)",0.15,2e-06,2.825509324889388,0.46064126934059374,0.47365673136010106,"[[[0.99634 1.00036 1.00084 ... 0.99764 0.99716 0.99708]
  [1.00714 1.00165 1.00371 ... 1.00385 1.00282 0.99895]
  [1.00128 1.00137 0.99854 ... 1.00292 1.00197 1.00158]
  ...
  [1.00564 1.00328 1.00021 ... 0.99429 1.00379 0.99897]
  [0.99994 1.00521 0.99761 ... 1.00104 0.99716 0.99237]
  [0.99947 0.9931  0.99916 ... 0.99946 0.99954 0.99725]]

 [[0.99634 1.00036 1.00084 ... 0.99764 0.99716 0.99708]
  [1.00714 1.00165 1.00371 ... 1.00385 1.00282 0.99895]
  [1.00128 1.00137 0.99854 ... 1.00292 1.00197 1.00158]
  ...
  [1.00564 1.00328 1.00021 ... 0.99429 1.00379 0.99897]
  [0.99994 1.00521 0.99761 ... 1.00104 0.99716 0.99237]
  [0.99947 0.9931  0.99916 ... 0.99946 0.99954 0.99725]]]","[[[ 0.          2.09401546 11.3284024  ...  8.93286143 16.68454446
   10.14276974]
  [ 0.          0.          1.88086285 ...  5.97027224 11.99706101
    2.92643554]
  [ 0.          0.          0.35839434 ...  0.          1.16254464
    0.        ]
  ...
  [ 0.          0.          0.         ...  0.          2.65662937
    0.        ]
  [ 0.          0.          1.43939165 ...  0.          0.
    0.        ]
  [ 0.          1.42865657 12.04710783 ...  0.          6.22800353
    3.29668953]]

 [[ 0.23977657  0.          0.         ...  0.          0.
    0.        ]
  [10.70044731  8.82862608  0.         ...  0.          0.
    0.        ]
  [18.02051081 13.427985    0.         ...  6.85991147  0.
    6.70288387]
  ...
  [10.0097671  10.1381247   4.79590038 ...  0.36538885  0.
    2.13506249]
  [12.8945172   8.8429682   0.         ... 11.07001661  3.46850719
    6.59622475]
  [ 3.48105254  0.          0.         ...  3.256784    0.
    0.        ]]]","[[0. 0. 0. ... 0. 0. 0.]
 [0. 0. 0. ... 0. 0. 0.]
 [0. 0. 0. ... 0. 0. 0.]
 ...
 [0. 0. 0. ... 0. 0. 0.]
 [0. 0. 0. ... 0. 0. 0.]
 [0. 0. 0. ... 0. 0. 0.]]","[[0. 0. 0. ... 0. 0. 0.]
 [0. 0. 0. ... 0. 0. 0.]
 [0. 0. 0. ... 0. 0. 0.]
 ...
 [0. 0. 0. ... 0. 0. 0.]
 [0. 0. 0. ... 0. 0. 0.]
 [0. 0. 0. ... 0. 0. 0.]]"
"(30, 35)",0.15,2e-06,99.97550333813817,0.46064126934059374,0.00011284173414642823,"[[[0.99634 1.00036 1.00084 ... 0.99764 0.99716 0.99708]
  [1.00714 1.00165 1.00371 ... 1.00385 1.00282 0.99895]
  [1.00128 1.00137 0.99854 ... 1.00292 1.00197 1.00158]
  ...
  [1.00564 1.00328 1.00021 ... 0.99429 1.00379 0.99897]
  [0.99994 1.00521 0.99761 ... 1.00104 0.99716 0.99237]
  [0.99947 0.9931  0.99916 ... 0.99946 0.99954 0.99725]]

 [[0.99634 1.00036 1.00084 ... 0.99764 0.99716 0.99708]
  [1.00714 1.00165 1.00371 ... 1.00385 1.00282 0.99895]
  [1.00128 1.00137 0.99854 ... 1.00292 1.00197 1.00158]
  ...
  [1.00564 1.00328 1.00021 ... 0.99428 1.00379 0.99897]
  [0.99994 1.00521 0.99761 ... 1.00104 0.99716 0.99237]
  [0.99947 0.9931  0.99916 ... 0.99946 0.99954 0.99725]]]","[[[0.         0.         0.         ... 0.1816801  0.         0.        ]
  [0.         0.         0.         ... 0.         0.         0.        ]
  [0.         0.         0.         ... 0.         0.         0.        ]
  ...
  [0.         0.         0.         ... 0.         0.         0.        ]
  [0.         0.         0.         ... 0.         0.         0.        ]
  [0.         0.         0.         ... 0.         0.         0.        ]]

 [[3.18873177 2.52940476 2.93519173 ... 0.70055179 2.10506836 3.4296045 ]
  [2.8367932  2.22416953 2.66511227 ... 1.40353009 2.40441636 3.26762433]
  [2.15069594 1.60887778 2.03206095 ... 3.09496047 3.25263399 3.03932388]
  ...
  [1.98365191 2.63535785 3.1196543  ... 3.18255296 2.92004505 2.16176444]
  [2.04418164 1.6426644  1.92638673 ... 3.37101676 3.50494064 2.97469639]
  [2.71069629 1.91087712 2.17150846 ... 1.99586935 2.9187389  3.44066459]]]","[[0. 0. 0. ... 0. 0. 0.]
 [0. 0. 0. ... 0. 0. 0.]
 [0. 0. 0. ... 0. 0. 0.]
 ...
 [0. 0. 0. ... 0. 0. 0.]
 [0. 0. 0. ... 0. 0. 0.]
 [0. 0. 0. ... 0. 0. 0.]]","[[0. 0. 0. ... 0. 0. 0.]
 [0. 0. 0. ... 0. 0. 0.]
 [0. 0. 0. ... 0. 0. 0.]
 ...
 [0. 0. 0. ... 0. 0. 0.]
 [0. 0. 0. ... 0. 0. 0.]
 [0. 0. 0. ... 0. 0. 0.]]"
"(15, 20)",0.15,5e-06,56.04411990493387,0.46064126934059374,0.7188036146614455,"[[[0.99634 1.00036 1.00084 ... 0.99954 0.9991  1.00071]
  [1.00251 1.00098 1.00401 ... 1.00324 1.0023  0.99612]
  [0.9975  0.99989 1.00321 ... 1.00388 0.99905 0.99687]
  ...
  [1.0047  1.00233 1.00125 ... 0.99917 0.99864 1.00161]
  [0.999   1.00618 1.00168 ... 0.99697 0.99763 1.00116]
  [1.00046 0.99718 1.00279 ... 1.0024  1.00065 0.99712]]

 [[0.99634 1.00036 1.00084 ... 0.99954 0.99909 1.00071]
  [1.00251 1.00098 1.00401 ... 1.00324 1.0023  0.99612]
  [0.9975  0.99989 1.00321 ... 1.00388 0.99905 0.99687]
  ...
  [1.0047  1.00233 1.00125 ... 0.99917 0.99864 1.00161]
  [0.999   1.00618 1.00327 ... 0.99697 0.99763 1.00116]
  [1.00046 0.99718 1.00279 ... 1.0024  1.00065 0.99712]]]","[[[0.         0.17549267 0.         ... 0.01298577 0.         0.13793968]
  [0.         0.08558999 0.         ... 0.12570934 0.         0.0711331 ]
  [0.08852676 0.         0.05628802 ... 0.         0.03586841 0.        ]
  ...
  [0.         0.01986015 0.         ... 0.         0.17103928 0.04247693]
  [0.08872294 0.07644899 0.013359   ... 0.         0.         0.        ]
  [0.         0.         0.03876066 ... 0.18617818 0.01413023 0.02428304]]

 [[0.07578191 0.         0.04853735 ... 0.         0.12030498 0.        ]
  [0.1040132  0.         0.12269704 ... 0.         0.01007114 0.        ]
  [0.         0.00313012 0.         ... 0.08907176 0.         0.00115309]
  ...
  [0.11543498 0.         0.06252977 ... 0.06404837 0.         0.        ]
  [0.         0.         0.         ... 0.05557499 0.04303172 0.00748782]
  [0.         0.08937579 0.         ... 0.         0.         0.        ]]]","[[0. 0. 0. ... 0. 0. 0.]
 [0. 0. 0. ... 0. 0. 0.]
 [0. 0. 0. ... 0. 0. 0.]
 ...
 [0. 0. 0. ... 0. 0. 0.]
 [0. 0. 0. ... 0. 0. 0.]
 [0. 0. 0. ... 0. 0. 0.]]","[[0. 0. 0. ... 0. 0. 0.]
 [0. 0. 0. ... 0. 0. 0.]
 [0. 0. 0. ... 0. 0. 0.]
 ...
 [0. 0. 0. ... 0. 0. 0.]
 [0. 0. 0. ... 0. 0. 0.]
 [0. 0. 0. ... 0. 0. 0.]]"
"(20, 25)",0.15,5e-06,6.912881518912452,0.46064126934059374,0.4924848545173234,"[[[0.99634 1.00036 1.00084 ... 0.99954 0.99909 1.00071]
  [1.00251 1.00098 1.00401 ... 1.00324 1.0023  0.99612]
  [0.9975  0.99989 1.00321 ... 1.00388 0.99905 0.99687]
  ...
  [1.0047  1.00233 1.00125 ... 0.99917 0.99864 1.00161]
  [0.999   1.00618 1.00327 ... 0.99697 0.99763 1.00116]
  [1.00046 0.99718 1.00279 ... 1.0024  1.00065 0.99712]]

 [[0.99634 1.00331 1.00546 ... 0.9995  0.99515 1.00071]
  [1.00212 0.9967  0.99803 ... 1.00114 0.99695 0.99612]
  [0.99934 1.00681 1.00434 ... 1.00388 0.99905 1.00418]
  ...
  [1.00668 1.0016  0.99543 ... 0.99917 0.99618 0.99838]
  [1.00439 1.00153 1.00327 ... 1.00167 1.00144 0.99923]
  [0.99808 0.99923 1.00062 ... 0.99865 0.99447 1.00383]]]","[[[1.37767080e-01 0.00000000e+00 0.00000000e+00 ... 2.83863938e-01
   0.00000000e+00 0.00000000e+00]
  [0.00000000e+00 4.85040957e-03 3.91662853e-01 ... 0.00000000e+00
   2.28946620e-01 1.10917286e-01]
  [3.92567182e-01 0.00000000e+00 0.00000000e+00 ... 4.48372328e-01
   0.00000000e+00 0.00000000e+00]
  ...
  [4.40337223e-01 0.00000000e+00 0.00000000e+00 ... 3.07716628e-01
   0.00000000e+00 0.00000000e+00]
  [0.00000000e+00 0.00000000e+00 3.84432476e-01 ... 0.00000000e+00
   4.53175337e-02 4.39374806e-02]
  [0.00000000e+00 1.97081537e-01 0.00000000e+00 ... 0.00000000e+00
   7.80984016e-02 1.57500736e-02]]

 [[0.00000000e+00 1.41696429e-01 1.03436013e-01 ... 0.00000000e+00
   2.32368513e-01 8.82066914e-02]
  [2.61783739e-01 1.94241203e-04 0.00000000e+00 ... 4.36778000e-01
   0.00000000e+00 0.00000000e+00]
  [0.00000000e+00 1.65682654e-01 4.70943025e-01 ... 0.00000000e+00
   2.72051341e-01 2.99926164e-01]
  ...
  [0.00000000e+00 2.26704694e-01 3.11393626e-01 ... 0.00000000e+00
   2.67851305e-01 1.93009561e-01]
  [1.76992244e-01 1.31841154e-01 0.00000000e+00 ... 4.87022820e-02
   0.00000000e+00 0.00000000e+00]
  [9.25048970e-02 0.00000000e+00 3.21933722e-01 ... 2.22762155e-01
   0.00000000e+00 0.00000000e+00]]]","[[0. 0. 0. ... 0. 0. 0.]
 [0. 0. 0. ... 0. 0. 0.]
 [0. 0. 0. ... 0. 0. 0.]
 ...
 [0. 0. 0. ... 0. 0. 0.]
 [0. 0. 0. ... 0. 0. 0.]
 [0. 0. 0. ... 0. 0. 0.]]","[[0. 0. 0. ... 0. 0. 0.]
 [0. 0. 0. ... 0. 0. 0.]
 [0. 0. 0. ... 0. 0. 0.]
 ...
 [0. 0. 0. ... 0. 0. 0.]
 [0. 0. 0. ... 0. 0. 0.]
 [0. 0. 0. ... 0. 0. 0.]]"
"(25, 30)",0.15,5e-06,8.368108815140959,0.46064126934059374,0.4991882320064612,"[[[0.99634 1.00331 1.00546 ... 0.9995  0.99515 1.00071]
  [1.00212 0.9967  0.99803 ... 1.00114 0.99695 0.99612]
  [0.99934 1.00681 1.00434 ... 1.00388 0.99905 1.00418]
  ...
  [1.00668 1.0016  0.99543 ... 0.99917 0.99618 0.99838]
  [1.00439 1.00153 1.00327 ... 1.00167 1.00144 0.99923]
  [0.99808 0.99923 1.00062 ... 0.99865 0.99447 1.00383]]

 [[0.99634 1.00036 1.00084 ... 0.99954 0.9991  1.00071]
  [1.00251 1.00098 1.00401 ... 1.00324 1.0023  0.99612]
  [0.9975  0.99989 1.00321 ... 1.00388 0.99905 0.99687]
  ...
  [1.0047  1.00233 1.00125 ... 0.99917 0.99864 1.00161]
  [0.999   1.00618 1.00168 ... 0.99697 0.99763 1.00116]
  [1.00046 0.99718 1.00279 ... 1.0024  1.00065 0.99712]]]","[[[0.         0.33912434 0.         ... 0.47224871 0.         0.33406362]
  [0.         0.         0.30110825 ... 0.         0.0366509  0.03537061]
  [0.4473773  0.         0.         ... 0.         0.44230688 0.        ]
  ...
  [0.         0.47320308 0.         ... 0.04092969 0.         0.3062124 ]
  [0.10860219 0.         0.05239035 ... 0.22033031 0.         0.00718709]
  [0.22237218 0.         0.27408773 ... 0.         0.46514877 0.        ]]

 [[0.3414585  0.         0.50708318 ... 0.         0.51645906 0.        ]
  [0.04613851 0.15348725 0.         ... 0.12362654 0.         0.        ]
  [0.         0.26304178 0.07844876 ... 0.418448   0.         0.61352109]
  ...
  [0.52846507 0.         0.42847088 ... 0.         0.17381519 0.        ]
  [0.         0.16814911 0.         ... 0.         0.21288062 0.        ]
  [0.         0.27205036 0.         ... 0.569455   0.         0.39767001]]]","[[0. 0. 0. ... 0. 0. 0.]
 [0. 0. 0. ... 0. 0. 0.]
 [0. 0. 0. ... 0. 0. 0.]
 ...
 [0. 0. 0. ... 0. 0. 0.]
 [0. 0. 0. ... 0. 0. 0.]
 [0. 0. 0. ... 0. 0. 0.]]","[[0. 0. 0. ... 0. 0. 0.]
 [0. 0. 0. ... 0. 0. 0.]
 [0. 0. 0. ... 0. 0. 0.]
 ...
 [0. 0. 0. ... 0. 0. 0.]
 [0. 0. 0. ... 0. 0. 0.]
 [0. 0. 0. ... 0. 0. 0.]]"
"(30, 35)",0.15,5e-06,81.49797369448703,0.46064126934059374,0.08522796882744549,"[[[0.99634 1.00036 1.00084 ... 0.99954 0.9991  1.00071]
  [1.00251 1.00098 1.00401 ... 1.00324 1.0023  0.99612]
  [0.9975  0.99989 1.00321 ... 1.00388 0.99905 0.99687]
  ...
  [1.0047  1.00233 1.00125 ... 0.99917 0.99864 1.00161]
  [0.999   1.00618 1.00168 ... 0.99697 0.99763 1.00116]
  [1.00046 0.99718 1.00279 ... 1.0024  1.00065 0.99712]]

 [[0.99634 1.00036 1.00084 ... 0.99954 0.99909 1.00071]
  [1.00251 1.00098 1.00401 ... 1.00324 1.0023  0.99612]
  [0.9975  0.99989 1.00321 ... 1.00388 0.99905 0.99687]
  ...
  [1.0047  1.00233 1.00125 ... 0.99917 0.99864 1.00161]
  [0.999   1.00618 1.00327 ... 0.99697 0.99763 1.00116]
  [1.00046 0.99718 1.00279 ... 1.0024  1.00065 0.99712]]]","[[[0.         1.70152202 0.         ... 0.         0.         0.        ]
  [1.37759668 0.         1.29160947 ... 0.24480304 0.         0.        ]
  [0.         1.60285682 0.         ... 0.         0.         0.        ]
  ...
  [0.26315715 0.         0.         ... 1.66567782 0.         0.        ]
  [0.         0.57296973 0.         ... 0.         0.37518862 0.        ]
  [0.80821296 0.         0.29101935 ... 1.31636239 0.         0.        ]]

 [[4.67956662 0.         4.38147503 ... 4.11335308 1.14776243 0.91633251]
  [0.         5.41324646 0.         ... 0.41846221 2.49017938 3.25677239]
  [4.4490047  0.         4.5221876  ... 3.36061256 1.42296513 1.01641459]
  ...
  [0.39797472 3.58290305 1.73640061 ... 0.         3.65378996 2.25755402]
  [3.72219485 0.05209133 2.77694169 ... 5.17850955 0.27287926 1.73023635]
  [0.         4.57927556 0.36688017 ... 0.         3.3528774  2.6179181 ]]]","[[0. 0. 0. ... 0. 0. 0.]
 [0. 0. 0. ... 0. 0. 0.]
 [0. 0. 0. ... 0. 0. 0.]
 ...
 [0. 0. 0. ... 0. 0. 0.]
 [0. 0. 0. ... 0. 0. 0.]
 [0. 0. 0. ... 0. 0. 0.]]","[[0. 0. 0. ... 0. 0. 0.]
 [0. 0. 0. ... 0. 0. 0.]
 [0. 0. 0. ... 0. 0. 0.]
 ...
 [0. 0. 0. ... 0. 0. 0.]
 [0. 0. 0. ... 0. 0. 0.]
 [0. 0. 0. ... 0. 0. 0.]]"
"(15, 20)",0.15,1e-05,117.08866889662238,0.46064126934059374,1.0,"[[[0.99634 1.00331 1.00546 ... 1.00241 0.99942 0.99813]
  [1.00188 0.99234 0.99694 ... 0.9995  0.99515 1.00071]
  [1.00212 0.9967  0.99803 ... 1.00014 1.00265 1.00057]
  ...
  [0.99166 1.0008  1.0015  ... 1.00301 1.00128 1.00001]
  [0.99704 0.9982  0.99533 ... 0.99651 0.99427 1.00279]
  [1.00227 1.0056  1.00119 ... 0.9978  0.99516 0.99835]]

 [[0.99634 1.00331 1.00546 ... 1.00241 0.99942 0.99813]
  [1.00188 0.99234 0.99694 ... 0.9995  0.99515 1.00071]
  [1.00212 0.9967  0.99803 ... 1.00014 1.00265 1.00057]
  ...
  [0.99166 1.0008  1.0015  ... 1.00301 1.00129 1.00001]
  [0.99704 0.9982  0.99533 ... 0.99651 0.99427 1.00279]
  [1.00227 0.99509 1.00119 ... 0.99779 0.99516 0.99835]]]","[[[0.02756048 0.0281999  0.02830427 ... 0.02805113 0.027815   0.02772208]
  [0.02811283 0.02750691 0.02790436 ... 0.02798631 0.02762394 0.02798686]
  [0.02822343 0.02799958 0.02822597 ... 0.02811942 0.02830115 0.02809748]
  ...
  [0.02696612 0.0275866  0.02768287 ... 0.02781208 0.02761422 0.02751297]
  [0.02740848 0.02764423 0.02740809 ... 0.02742871 0.02725795 0.02780822]
  [0.02795828 0.02650806 0.02796955 ... 0.02766283 0.02744357 0.027566  ]]

 [[0.         0.         0.         ... 0.         0.         0.        ]
  [0.         0.         0.         ... 0.         0.         0.        ]
  [0.         0.         0.         ... 0.         0.         0.        ]
  ...
  [0.         0.         0.         ... 0.         0.         0.        ]
  [0.         0.         0.         ... 0.         0.         0.        ]
  [0.         0.         0.         ... 0.         0.         0.        ]]]","[[0. 0. 0. ... 0. 0. 0.]
 [0. 0. 0. ... 0. 0. 0.]
 [0. 0. 0. ... 0. 0. 0.]
 ...
 [0. 0. 0. ... 0. 0. 0.]
 [0. 0. 0. ... 0. 0. 0.]
 [0. 0. 0. ... 0. 0. 0.]]","[[0. 0. 0. ... 0. 0. 0.]
 [0. 0. 0. ... 0. 0. 0.]
 [0. 0. 0. ... 0. 0. 0.]
 ...
 [0. 0. 0. ... 0. 0. 0.]
 [0. 0. 0. ... 0. 0. 0.]
 [0. 0. 0. ... 0. 0. 0.]]"
"(20, 25)",0.15,1e-05,59.795941833327035,0.46064126934059374,0.7360860548157945,"[[[0.99634 1.00331 1.00546 ... 1.00241 0.99942 0.99813]
  [1.00188 0.99234 0.99694 ... 0.9995  0.99515 1.00071]
  [1.00212 0.9967  0.99803 ... 1.00014 1.00265 1.00057]
  ...
  [0.99166 1.0008  1.0015  ... 1.00301 1.00129 1.00001]
  [0.99704 0.9982  0.99533 ... 0.99651 0.99427 1.00279]
  [1.00227 0.99509 1.00119 ... 0.99779 0.99516 0.99835]]

 [[0.99634 1.00331 1.00546 ... 1.00241 0.99942 0.99813]
  [1.00188 0.99234 0.99694 ... 0.9995  0.99515 1.00071]
  [1.00212 0.9967  0.99803 ... 1.00014 1.00265 1.00057]
  ...
  [0.99166 1.0008  1.0015  ... 1.00301 1.00128 1.00001]
  [0.99704 0.9982  0.99533 ... 0.99651 0.99427 1.00279]
  [1.00227 1.0056  1.00119 ... 0.9978  0.99516 0.99835]]]","[[[0.         0.         0.         ... 0.         0.         0.        ]
  [0.         0.         0.         ... 0.         0.         0.        ]
  [0.         0.         0.         ... 0.         0.         0.        ]
  ...
  [0.         0.         0.         ... 0.         0.         0.        ]
  [0.         0.         0.         ... 0.         0.         0.        ]
  [0.         0.         0.         ... 0.         0.         0.        ]]

 [[0.01279581 0.01180709 0.01135054 ... 0.01178609 0.01219969 0.01238436]
  [0.01174471 0.01332731 0.0126918  ... 0.01225111 0.01297315 0.01200016]
  [0.01178603 0.01260804 0.01237361 ... 0.01223873 0.01160939 0.01202501]
  ...
  [0.01373686 0.01213684 0.01221597 ... 0.01186515 0.01215681 0.01231897]
  [0.01272958 0.0127211  0.01310723 ... 0.01294486 0.01319344 0.0117168 ]
  [0.01200764 0.00821816 0.01234502 ... 0.01251009 0.01296881 0.01240206]]]","[[0. 0. 0. ... 0. 0. 0.]
 [0. 0. 0. ... 0. 0. 0.]
 [0. 0. 0. ... 0. 0. 0.]
 ...
 [0. 0. 0. ... 0. 0. 0.]
 [0. 0. 0. ... 0. 0. 0.]
 [0. 0. 0. ... 0. 0. 0.]]","[[0. 0. 0. ... 0. 0. 0.]
 [0. 0. 0. ... 0. 0. 0.]
 [0. 0. 0. ... 0. 0. 0.]
 ...
 [0. 0. 0. ... 0. 0. 0.]
 [0. 0. 0. ... 0. 0. 0.]
 [0. 0. 0. ... 0. 0. 0.]]"
"(25, 30)",0.15,1e-05,50.5172115901592,0.46064126934059374,0.6933443940449766,"[[[0.99634 1.00331 1.00546 ... 1.00241 0.99942 0.99813]
  [1.00188 0.99234 0.99694 ... 0.9995  0.99515 1.00071]
  [1.00212 0.9967  0.99803 ... 1.00014 1.00265 1.00057]
  ...
  [0.99166 1.0008  1.0015  ... 1.00301 1.00128 1.00001]
  [0.99704 0.9982  0.99533 ... 0.99651 0.99427 1.00279]
  [1.00227 1.0056  1.00119 ... 0.9978  0.99516 0.99835]]

 [[0.99634 1.00331 1.00546 ... 1.00241 0.99942 0.99813]
  [1.00188 0.99234 0.99694 ... 0.9995  0.99515 1.00071]
  [1.00212 0.9967  0.99803 ... 1.00014 1.00265 1.00057]
  ...
  [0.99166 1.0008  1.0015  ... 1.00301 1.00128 1.00001]
  [0.99704 0.9982  0.99533 ... 0.99651 0.99427 1.00279]
  [1.00227 1.0056  1.00119 ... 0.9978  0.99516 0.99835]]]","[[[0.         0.         0.         ... 0.         0.         0.        ]
  [0.         0.         0.         ... 0.         0.         0.        ]
  [0.         0.         0.         ... 0.         0.         0.        ]
  ...
  [0.         0.         0.         ... 0.         0.         0.        ]
  [0.         0.         0.         ... 0.         0.         0.        ]
  [0.         0.         0.         ... 0.         0.         0.        ]]

 [[0.01752781 0.01542622 0.01488374 ... 0.01573754 0.01650588 0.01683236]
  [0.01572822 0.01857899 0.01732787 ... 0.01660413 0.01789405 0.01617838]
  [0.01581306 0.01723216 0.01677445 ... 0.01658136 0.0155373  0.01626744]
  ...
  [0.01892899 0.01617764 0.01615203 ... 0.01561972 0.01614664 0.01645517]
  [0.01727473 0.01690605 0.01784034 ... 0.01760903 0.01810199 0.01550294]
  [0.01574315 0.01486733 0.01624147 ... 0.01699558 0.01775766 0.01686719]]]","[[0. 0. 0. ... 0. 0. 0.]
 [0. 0. 0. ... 0. 0. 0.]
 [0. 0. 0. ... 0. 0. 0.]
 ...
 [0. 0. 0. ... 0. 0. 0.]
 [0. 0. 0. ... 0. 0. 0.]
 [0. 0. 0. ... 0. 0. 0.]]","[[0. 0. 0. ... 0. 0. 0.]
 [0. 0. 0. ... 0. 0. 0.]
 [0. 0. 0. ... 0. 0. 0.]
 ...
 [0. 0. 0. ... 0. 0. 0.]
 [0. 0. 0. ... 0. 0. 0.]
 [0. 0. 0. ... 0. 0. 0.]]"
"(30, 35)",0.15,1e-05,100.0,0.46064126934059374,0.0,"[[[0.99634 1.00331 1.00546 ... 1.00241 0.99942 0.99813]
  [1.00188 0.99234 0.99694 ... 0.9995  0.99515 1.00071]
  [1.00212 0.9967  0.99803 ... 1.00014 1.00265 1.00057]
  ...
  [0.99166 1.0008  1.0015  ... 1.00301 1.00128 1.00001]
  [0.99704 0.9982  0.99533 ... 0.99651 0.99427 1.00279]
  [1.00227 1.0056  1.00119 ... 0.9978  0.99516 0.99835]]

 [[0.99634 1.00331 1.00546 ... 1.00241 0.99942 0.99813]
  [1.00188 0.99234 0.99694 ... 0.9995  0.99515 1.00071]
  [1.00212 0.9967  0.99803 ... 1.00014 1.00265 1.00057]
  ...
  [0.99166 1.0008  1.0015  ... 1.00301 1.00128 1.00001]
  [0.99704 0.9982  0.99533 ... 0.99651 0.99427 1.00279]
  [1.00227 1.0056  1.00119 ... 0.9978  0.99516 0.99835]]]","[[[0.         0.         0.         ... 0.         0.         0.        ]
  [0.         0.         0.         ... 0.         0.         0.        ]
  [0.         0.         0.         ... 0.         0.         0.        ]
  ...
  [0.         0.         0.         ... 0.         0.         0.        ]
  [0.         0.         0.         ... 0.         0.         0.        ]
  [0.         0.         0.         ... 0.         0.         0.        ]]

 [[1.6755856  1.67212182 1.67115864 ... 1.67266162 1.67397099 1.67451356]
  [1.67268584 1.67727589 1.67513304 ... 1.67409513 1.67620591 1.67342159]
  [1.67276052 1.67506242 1.67426232 ... 1.6739916  1.67238281 1.67353457]
  ...
  [1.67775263 1.67324589 1.67310034 ... 1.67231429 1.67319825 1.67373146]
  [1.67512808 1.67449447 1.67593972 ... 1.675598   1.67648235 1.6722738 ]
  [1.67266701 1.67117437 1.67332747 ... 1.6747212  1.67598445 1.67452619]]]","[[0. 0. 0. ... 0. 0. 0.]
 [0. 0. 0. ... 0. 0. 0.]
 [0. 0. 0. ... 0. 0. 0.]
 ...
 [0. 0. 0. ... 0. 0. 0.]
 [0. 0. 0. ... 0. 0. 0.]
 [0. 0. 0. ... 0. 0. 0.]]","[[0. 0. 0. ... 0. 0. 0.]
 [0. 0. 0. ... 0. 0. 0.]
 [0. 0. 0. ... 0. 0. 0.]
 ...
 [0. 0. 0. ... 0. 0. 0.]
 [0. 0. 0. ... 0. 0. 0.]
 [0. 0. 0. ... 0. 0. 0.]]"
"(15, 20)",0.2,2e-06,10.252777867410726,0.46064126934059374,0.507869795451706,"[[[0.99634 1.00036 1.00084 ... 0.99764 0.99716 0.99708]
  [1.00714 1.00165 1.00371 ... 1.00385 1.00282 0.99895]
  [1.00128 1.00137 0.99854 ... 1.00292 1.00197 1.00158]
  ...
  [1.00564 1.00328 1.00021 ... 0.99429 1.00379 0.99897]
  [0.99994 1.00521 0.99761 ... 1.00104 0.99716 0.99237]
  [0.99947 0.9931  0.99916 ... 0.99946 0.99954 0.99725]]

 [[0.99634 1.00036 1.00084 ... 0.99764 0.99716 0.99708]
  [1.00714 1.00165 1.00371 ... 1.00385 1.00282 0.99895]
  [1.00128 1.00137 0.99854 ... 1.00292 1.00197 1.00158]
  ...
  [1.00564 1.00328 1.00021 ... 0.99428 1.00379 0.99897]
  [0.99994 1.00521 0.99761 ... 1.00104 0.99716 0.99237]
  [0.99947 0.9931  0.99916 ... 0.99946 0.99954 0.99725]]]","[[[0.9179802  0.11096132 0.         ... 0.         0.         0.81169006]
  [0.38185377 0.         0.         ... 0.         0.         0.09068632]
  [0.28970168 0.12172137 0.         ... 0.         0.         0.        ]
  ...
  [0.07628807 0.         0.         ... 0.         0.17750683 0.36754184]
  [1.02552123 0.42182575 0.08173509 ... 0.         0.60626159 1.15274638]
  [1.33119869 0.55666066 0.         ... 0.         0.54111415 1.33475822]]

 [[0.         0.         1.06200623 ... 0.8208556  0.00710016 0.        ]
  [0.         0.2061429  1.28821286 ... 1.07074754 0.71888571 0.        ]
  [0.         0.         0.56621015 ... 1.04002155 1.06959114 0.2891454 ]
  ...
  [0.         0.45229885 0.46235859 ... 0.15774955 0.         0.        ]
  [0.         0.         0.         ... 0.12496818 0.         0.        ]
  [0.         0.         0.26884244 ... 0.40664423 0.         0.        ]]]","[[0. 0. 0. ... 0. 0. 0.]
 [0. 0. 0. ... 0. 0. 0.]
 [0. 0. 0. ... 0. 0. 0.]
 ...
 [0. 0. 0. ... 0. 0. 0.]
 [0. 0. 0. ... 0. 0. 0.]
 [0. 0. 0. ... 0. 0. 0.]]","[[0. 0. 0. ... 0. 0. 0.]
 [0. 0. 0. ... 0. 0. 0.]
 [0. 0. 0. ... 0. 0. 0.]
 ...
 [0. 0. 0. ... 0. 0. 0.]
 [0. 0. 0. ... 0. 0. 0.]
 [0. 0. 0. ... 0. 0. 0.]]"
"(20, 25)",0.2,2e-06,2.9333063571869005,0.46064126934059374,0.4741532889779878,"[[[0.99634 1.00036 1.00084 ... 0.99764 0.99716 0.99708]
  [1.00714 1.00165 1.00371 ... 1.00385 1.00282 0.99895]
  [1.00128 1.00137 0.99854 ... 1.00292 1.00197 1.00158]
  ...
  [1.00564 1.00328 1.00021 ... 0.99428 1.00379 0.99897]
  [0.99994 1.00521 0.99761 ... 1.00104 0.99716 0.99237]
  [0.99947 0.9931  0.99916 ... 0.99946 0.99954 0.99725]]

 [[0.99663 1.005   1.00213 ... 0.99737 0.99716 0.99991]
  [0.99782 1.00557 0.99449 ... 1.00152 1.00146 1.00319]
  [1.0008  0.99935 0.9939  ... 1.00292 0.99919 1.00111]
  ...
  [0.99843 0.99921 1.00518 ... 1.00252 1.00166 1.00167]
  [0.99856 1.00428 1.00105 ... 1.00459 0.99319 0.99237]
  [1.00124 0.99788 0.9959  ... 1.00525 1.00045 1.00426]]]","[[[0.         0.19450052 1.25992399 ... 0.         0.         0.        ]
  [2.11294262 2.83037234 4.24409554 ... 0.         0.         1.23613699]
  [2.62681833 1.27830382 1.49929416 ... 0.         1.74214426 3.38326904]
  ...
  [0.         2.95900127 3.60710785 ... 2.32492463 0.         0.        ]
  [0.         0.         0.         ... 4.949059   0.32021854 0.        ]
  [0.         0.         0.         ... 3.02736733 0.         0.        ]]

 [[0.9868205  0.         0.         ... 1.60214035 1.55819449 1.5664654 ]
  [0.         0.         0.         ... 4.04940266 0.80880598 0.        ]
  [0.         0.         0.         ... 1.80177868 0.         0.        ]
  ...
  [0.11872422 0.         0.         ... 0.         1.06084848 2.46390173]
  [3.16254652 1.77256656 2.06343124 ... 0.         0.         3.07721197]
  [3.74113968 2.99958821 3.02793857 ... 0.         0.36813593 3.17812312]]]","[[0. 0. 0. ... 0. 0. 0.]
 [0. 0. 0. ... 0. 0. 0.]
 [0. 0. 0. ... 0. 0. 0.]
 ...
 [0. 0. 0. ... 0. 0. 0.]
 [0. 0. 0. ... 0. 0. 0.]
 [0. 0. 0. ... 0. 0. 0.]]","[[0. 0. 0. ... 0. 0. 0.]
 [0. 0. 0. ... 0. 0. 0.]
 [0. 0. 0. ... 0. 0. 0.]
 ...
 [0. 0. 0. ... 0. 0. 0.]
 [0. 0. 0. ... 0. 0. 0.]
 [0. 0. 0. ... 0. 0. 0.]]"
"(25, 30)",0.2,2e-06,4.026424444289411,0.46064126934059374,0.47918864200980843,"[[[0.99663 1.005   1.00213 ... 0.99737 0.99716 0.99991]
  [0.99782 1.00557 0.99449 ... 1.00152 1.00146 1.00319]
  [1.0008  0.99935 0.9939  ... 1.00292 0.99919 1.00111]
  ...
  [0.99843 0.99921 1.00518 ... 1.00252 1.00166 1.00167]
  [0.99856 1.00428 1.00105 ... 1.00459 0.99319 0.99237]
  [1.00124 0.99788 0.9959  ... 1.00525 1.00045 1.00426]]

 [[0.99634 1.00036 1.00084 ... 0.99764 0.99716 0.99708]
  [1.00714 1.00165 1.00371 ... 1.00385 1.00282 0.99895]
  [1.00128 1.00137 0.99854 ... 1.00292 1.00197 1.00158]
  ...
  [1.00564 1.00328 1.00021 ... 0.99428 1.00379 0.99897]
  [0.99994 1.00521 0.99761 ... 1.00104 0.99716 0.99237]
  [0.99947 0.9931  0.99916 ... 0.99946 0.99954 0.99725]]]","[[[0.         0.         0.         ... 0.         0.         0.        ]
  [0.         0.         0.         ... 0.         0.         0.        ]
  [2.5315974  1.20498653 0.         ... 0.74757476 2.35743877 3.02126388]
  ...
  [3.44780808 0.         0.         ... 0.38761019 2.09712384 4.18705728]
  [2.76883947 0.83188775 0.         ... 0.88213385 1.48030884 2.91049069]
  [0.15994644 0.09368386 0.37369039 ... 0.         0.         0.        ]]

 [[1.71656995 1.23646254 1.01743322 ... 4.44687081 4.83810283 3.25080836]
  [0.14999016 0.67625506 1.83933119 ... 3.27298076 2.47865858 0.94100324]
  [0.         0.         0.5908483  ... 0.         0.         0.        ]
  ...
  [0.         0.32980199 3.65419841 ... 0.         0.         0.        ]
  [0.         0.         0.33084952 ... 0.         0.         0.        ]
  [0.         0.         0.         ... 1.87612682 2.31361575 0.8803607 ]]]","[[0. 0. 0. ... 0. 0. 0.]
 [0. 0. 0. ... 0. 0. 0.]
 [0. 0. 0. ... 0. 0. 0.]
 ...
 [0. 0. 0. ... 0. 0. 0.]
 [0. 0. 0. ... 0. 0. 0.]
 [0. 0. 0. ... 0. 0. 0.]]","[[0. 0. 0. ... 0. 0. 0.]
 [0. 0. 0. ... 0. 0. 0.]
 [0. 0. 0. ... 0. 0. 0.]
 ...
 [0. 0. 0. ... 0. 0. 0.]
 [0. 0. 0. ... 0. 0. 0.]
 [0. 0. 0. ... 0. 0. 0.]]"
"(30, 35)",0.2,2e-06,77.22231005098251,0.46064126934059374,0.10492344010761898,"[[[0.99634 1.00036 1.00084 ... 0.99764 0.99716 0.99708]
  [1.00714 1.00165 1.00371 ... 1.00385 1.00282 0.99895]
  [1.00128 1.00137 0.99854 ... 1.00292 1.00197 1.00158]
  ...
  [1.00564 1.00328 1.00021 ... 0.99428 1.00379 0.99897]
  [0.99994 1.00521 0.99761 ... 1.00104 0.99716 0.99237]
  [0.99947 0.9931  0.99916 ... 0.99946 0.99954 0.99725]]

 [[0.99663 1.005   1.00213 ... 0.99737 0.99716 0.99991]
  [0.99782 1.00557 0.99449 ... 1.00152 1.00146 1.00319]
  [1.0008  0.99935 0.99389 ... 1.00292 0.99919 1.00111]
  ...
  [0.99843 0.99921 1.00518 ... 1.00252 1.00379 1.00167]
  [0.99856 1.00428 1.00105 ... 1.00459 0.99319 0.99237]
  [1.00124 0.99788 0.9959  ... 0.99946 1.00045 1.00426]]]","[[[ 0.91295896  0.          0.         ...  0.          0.09099631
    2.13734304]
  [ 0.          0.          0.         ...  0.          0.
    0.        ]
  [ 0.          0.          0.         ...  0.          0.
    0.        ]
  ...
  [ 0.          0.          0.4616325  ...  0.          0.
    0.        ]
  [ 0.          0.04798249  0.89395883 ...  2.23910978  0.
    0.        ]
  [ 1.69110418  0.34176985  0.         ...  0.46502318  1.77500544
    2.0298994 ]]

 [[ 0.43865341  4.72719135  8.71686983 ...  6.29042128  1.35633939
    0.        ]
  [ 4.56056036  7.57985091 10.89885426 ...  8.07900611  5.48697111
    3.96345897]
  [ 5.98855355  4.71029194  5.60182309 ...  3.94971283  6.85887509
    7.61462237]
  ...
  [10.33163443  3.5764283   0.94253752 ...  2.33181285 11.11271175
   14.60752675]
  [ 4.82063849  1.40436111  0.45986437 ...  0.          4.03355174
    6.72562877]
  [ 0.          1.07636117  3.23642154 ...  0.93875256  0.
    0.        ]]]","[[0. 0. 0. ... 0. 0. 0.]
 [0. 0. 0. ... 0. 0. 0.]
 [0. 0. 0. ... 0. 0. 0.]
 ...
 [0. 0. 0. ... 0. 0. 0.]
 [0. 0. 0. ... 0. 0. 0.]
 [0. 0. 0. ... 0. 0. 0.]]","[[0. 0. 0. ... 0. 0. 0.]
 [0. 0. 0. ... 0. 0. 0.]
 [0. 0. 0. ... 0. 0. 0.]
 ...
 [0. 0. 0. ... 0. 0. 0.]
 [0. 0. 0. ... 0. 0. 0.]
 [0. 0. 0. ... 0. 0. 0.]]"
"(15, 20)",0.2,5e-06,15.090682742385198,0.46064126934059374,0.5301551818772788,"[[[0.99634 1.00036 1.00084 ... 0.99954 0.99909 1.00071]
  [1.00251 1.00098 1.00401 ... 1.00324 1.0023  0.99612]
  [0.9975  0.99989 1.00321 ... 1.00388 0.99905 0.99687]
  ...
  [1.0047  1.00233 1.00125 ... 0.99917 0.99864 1.00161]
  [0.999   1.00618 1.00168 ... 0.99697 0.99763 1.00116]
  [1.00046 0.99718 1.00279 ... 1.0024  1.00065 0.99712]]

 [[0.99634 1.00036 1.00084 ... 0.99954 0.99909 1.00071]
  [1.00251 1.00098 1.00401 ... 1.00324 1.0023  0.99612]
  [0.9975  0.99989 1.00321 ... 1.00388 0.99905 0.99687]
  ...
  [1.0047  1.00233 1.00125 ... 0.99917 0.99864 1.00161]
  [0.999   1.00618 1.00168 ... 0.99697 0.99763 1.00116]
  [1.00046 0.99718 1.00279 ... 1.0024  1.00065 0.99712]]]","[[[1.13492475 0.45140164 0.92686951 ... 0.         0.11093281 0.36862651]
  [0.         0.         0.         ... 0.2408543  0.35486919 0.        ]
  [0.63857533 0.70651011 0.2853151  ... 0.         0.43966854 0.15936388]
  ...
  [0.         0.28273201 0.         ... 0.         0.13586238 0.        ]
  [0.61152334 0.48581684 0.22300479 ... 0.         0.02317078 0.23177543]
  [0.         0.         0.07584346 ... 0.61226699 0.         0.        ]]

 [[0.         0.         0.         ... 0.44342502 0.         0.        ]
  [0.5425243  0.84826757 0.73456836 ... 0.         0.         0.96738499]
  [0.         0.         0.         ... 0.88377822 0.         0.        ]
  ...
  [0.47278042 0.         0.42685571 ... 0.16862198 0.         0.01422464]
  [0.         0.         0.         ... 0.11383645 0.         0.        ]
  [0.49294899 1.2983817  0.         ... 0.         0.16514169 0.49005617]]]","[[0. 0. 0. ... 0. 0. 0.]
 [0. 0. 0. ... 0. 0. 0.]
 [0. 0. 0. ... 0. 0. 0.]
 ...
 [0. 0. 0. ... 0. 0. 0.]
 [0. 0. 0. ... 0. 0. 0.]
 [0. 0. 0. ... 0. 0. 0.]]","[[0. 0. 0. ... 0. 0. 0.]
 [0. 0. 0. ... 0. 0. 0.]
 [0. 0. 0. ... 0. 0. 0.]
 ...
 [0. 0. 0. ... 0. 0. 0.]
 [0. 0. 0. ... 0. 0. 0.]
 [0. 0. 0. ... 0. 0. 0.]]"
"(20, 25)",0.2,5e-06,5.105921158358327,0.46064126934059374,0.4841612493759855,"[[[0.99634 1.00036 1.00084 ... 0.99954 0.99909 1.00071]
  [1.00251 1.00098 1.00401 ... 1.00324 1.0023  0.99612]
  [0.9975  0.99989 1.00321 ... 1.00388 0.99905 0.99687]
  ...
  [1.0047  1.00233 1.00125 ... 0.99917 0.99864 1.00161]
  [0.999   1.00618 1.00168 ... 0.99697 0.99763 1.00116]
  [1.00046 0.99718 1.00279 ... 1.0024  1.00065 0.99712]]

 [[0.99634 1.00036 1.00084 ... 0.99954 0.9991  1.00071]
  [1.00251 1.00098 1.00401 ... 1.00324 1.0023  0.99612]
  [0.9975  0.99989 1.00321 ... 1.00388 0.99905 0.99687]
  ...
  [1.0047  1.00233 1.00125 ... 0.99918 0.99864 1.00161]
  [0.999   1.00618 1.00168 ... 0.99697 0.99763 1.00116]
  [1.00046 0.99718 1.00279 ... 1.0024  1.00065 0.99712]]]","[[[0.09914904 0.         0.31063277 ... 0.20677655 0.         0.52404087]
  [1.06690093 0.         0.54300896 ... 1.20326832 0.         0.        ]
  [0.         0.21200376 0.         ... 0.         1.00611685 0.37534458]
  ...
  [0.         0.27979518 0.08024232 ... 0.         0.26228486 0.51415649]
  [0.         0.70716349 0.         ... 0.17925298 0.         0.43690362]
  [0.         1.26784989 0.         ... 0.         0.         0.51451015]]

 [[0.         0.61622713 0.         ... 0.         0.03139323 0.        ]
  [0.         1.01611764 0.         ... 0.         0.91974371 1.15040211]
  [0.1462472  0.         0.13053803 ... 1.15819809 0.         0.        ]
  ...
  [0.27774476 0.         0.         ... 0.06572258 0.         0.        ]
  [0.5640356  0.         1.72572135 ... 0.         0.82135262 0.        ]
  [1.36838836 0.         0.36777313 ... 0.18690384 0.16408846 0.        ]]]","[[0. 0. 0. ... 0. 0. 0.]
 [0. 0. 0. ... 0. 0. 0.]
 [0. 0. 0. ... 0. 0. 0.]
 ...
 [0. 0. 0. ... 0. 0. 0.]
 [0. 0. 0. ... 0. 0. 0.]
 [0. 0. 0. ... 0. 0. 0.]]","[[0. 0. 0. ... 0. 0. 0.]
 [0. 0. 0. ... 0. 0. 0.]
 [0. 0. 0. ... 0. 0. 0.]
 ...
 [0. 0. 0. ... 0. 0. 0.]
 [0. 0. 0. ... 0. 0. 0.]
 [0. 0. 0. ... 0. 0. 0.]]"
"(25, 30)",0.2,5e-06,2.9077701882283886,0.46064126934059374,0.47403565884515636,"[[[0.99634 1.00036 1.00084 ... 0.99954 0.9991  1.00071]
  [1.00251 1.00098 1.00401 ... 1.00324 1.0023  0.99612]
  [0.9975  0.99989 1.00321 ... 1.00388 0.99905 0.99687]
  ...
  [1.0047  1.00233 1.00125 ... 0.99918 0.99864 1.00161]
  [0.999   1.00618 1.00168 ... 0.99697 0.99763 1.00116]
  [1.00046 0.99718 1.00279 ... 1.0024  1.00065 0.99712]]

 [[0.99634 1.00331 1.00546 ... 0.9995  0.99515 1.00071]
  [1.00212 0.9967  0.99803 ... 1.00114 0.99695 0.99612]
  [0.99934 1.00681 1.00434 ... 1.00388 0.99905 1.00418]
  ...
  [1.00668 1.0016  0.99543 ... 0.99917 0.99618 0.99838]
  [1.00439 1.00153 1.00327 ... 1.00167 1.00144 0.99923]
  [0.99808 0.99923 1.00062 ... 0.99865 0.99447 1.00383]]]","[[[ 1.62831764  0.          0.         ...  0.          0.
    5.97544167]
  [ 0.         12.71183786  0.         ...  3.60894346  5.51456048
    0.        ]
  [ 5.53566877  0.          2.0047022  ...  0.          0.
    6.80537582]
  ...
  [ 0.          0.          0.         ...  0.          0.
    7.09657965]
  [ 2.68724435  0.13731291  0.36798328 ...  3.55221898  0.
    0.        ]
  [ 0.92741791  0.          7.55743814 ...  4.18932038  2.28366481
    0.        ]]

 [[ 0.          3.09059291  6.48323018 ...  6.47701856  4.7356942
    0.        ]
  [ 8.44268337  0.          2.55470617 ...  0.          0.
    6.14924168]
  [ 0.         13.27236134  0.         ...  5.23593941  5.49283133
    0.        ]
  ...
  [ 3.65334514  0.56877478  5.46248023 ... 10.00542324  0.3884357
    0.        ]
  [ 0.          0.          0.         ...  0.          1.43413177
    3.18301046]
  [ 0.          3.37260115  0.         ...  0.          0.
    3.64432863]]]","[[0. 0. 0. ... 0. 0. 0.]
 [0. 0. 0. ... 0. 0. 0.]
 [0. 0. 0. ... 0. 0. 0.]
 ...
 [0. 0. 0. ... 0. 0. 0.]
 [0. 0. 0. ... 0. 0. 0.]
 [0. 0. 0. ... 0. 0. 0.]]","[[0. 0. 0. ... 0. 0. 0.]
 [0. 0. 0. ... 0. 0. 0.]
 [0. 0. 0. ... 0. 0. 0.]
 ...
 [0. 0. 0. ... 0. 0. 0.]
 [0. 0. 0. ... 0. 0. 0.]
 [0. 0. 0. ... 0. 0. 0.]]"
"(30, 35)",0.2,5e-06,39.756613196850246,0.46064126934059374,0.27750590166379274,"[[[0.99634 1.00331 1.00546 ... 0.9995  0.99515 1.00071]
  [1.00212 0.9967  0.99803 ... 1.00114 0.99695 0.99612]
  [0.99934 1.00681 1.00434 ... 1.00388 0.99905 1.00418]
  ...
  [1.00668 1.0016  0.99543 ... 0.99917 0.99618 0.99838]
  [1.00439 1.00153 1.00327 ... 1.00167 1.00144 0.99923]
  [0.99808 0.99923 1.00062 ... 0.99865 0.99447 1.00383]]

 [[0.99634 1.00036 1.00084 ... 0.99954 0.9991  1.00071]
  [1.00251 1.00098 1.00401 ... 1.00324 1.0023  0.99612]
  [0.9975  0.99989 1.00321 ... 1.00388 0.99905 0.99687]
  ...
  [1.0047  1.00233 1.00125 ... 0.99917 0.99864 1.00161]
  [0.999   1.00618 1.00327 ... 0.99697 0.99763 1.00116]
  [1.00046 0.99718 1.00279 ... 1.0024  1.00065 0.99712]]]","[[[2.01246385 0.         0.         ... 0.         2.10401349 0.        ]
  [0.         0.         0.38058339 ... 0.         0.         0.        ]
  [0.         0.         0.         ... 0.         0.         3.07681203]
  ...
  [0.         4.19166717 0.         ... 0.         0.         0.        ]
  [0.         0.         0.         ... 0.34848465 0.         3.86153979]
  [0.         0.         1.2806669  ... 0.64580491 0.         0.        ]]

 [[0.         9.39813145 1.65603511 ... 9.41570539 0.         3.99028759]
  [3.56992368 1.61302643 0.70127919 ... 2.78569794 1.26781851 7.76377291]
  [3.84862149 2.38596937 8.74616963 ... 4.37310075 6.30994293 0.        ]
  ...
  [4.74848924 0.         6.35758246 ... 1.29012534 7.73034287 3.64820269]
  [7.30930982 3.23071389 7.24418214 ... 0.73704189 4.94166882 0.        ]
  [2.3022509  1.89397699 0.         ... 0.40511559 4.89991291 6.51329711]]]","[[0. 0. 0. ... 0. 0. 0.]
 [0. 0. 0. ... 0. 0. 0.]
 [0. 0. 0. ... 0. 0. 0.]
 ...
 [0. 0. 0. ... 0. 0. 0.]
 [0. 0. 0. ... 0. 0. 0.]
 [0. 0. 0. ... 0. 0. 0.]]","[[0. 0. 0. ... 0. 0. 0.]
 [0. 0. 0. ... 0. 0. 0.]
 [0. 0. 0. ... 0. 0. 0.]
 ...
 [0. 0. 0. ... 0. 0. 0.]
 [0. 0. 0. ... 0. 0. 0.]
 [0. 0. 0. ... 0. 0. 0.]]"
"(15, 20)",0.2,1e-05,117.08866889662238,0.46064126934059374,1.0,"[[[0.99634 1.00331 1.00546 ... 1.00241 0.99942 0.99813]
  [1.00188 0.99234 0.99694 ... 0.9995  0.99515 1.00071]
  [1.00212 0.9967  0.99803 ... 1.00014 1.00265 1.00057]
  ...
  [0.99166 1.0008  1.0015  ... 1.00301 1.00128 1.00001]
  [0.99704 0.9982  0.99533 ... 0.99651 0.99427 1.00279]
  [1.00227 1.0056  1.00119 ... 0.9978  0.99516 0.99835]]

 [[0.99634 1.00331 1.00546 ... 1.00241 0.99942 0.99813]
  [1.00188 0.99234 0.99694 ... 0.9995  0.99515 1.00071]
  [1.00212 0.9967  0.99803 ... 1.00014 1.00265 1.00057]
  ...
  [0.99166 1.0008  1.0015  ... 1.00301 1.00129 1.00001]
  [0.99704 0.9982  0.99533 ... 0.99651 0.99427 1.00279]
  [1.00227 0.99509 1.00119 ... 0.9978  0.99516 0.99835]]]","[[[0.02883956 0.02959411 0.02960396 ... 0.02937306 0.029144   0.02906816]
  [0.0294469  0.0287419  0.02916434 ... 0.02928888 0.02889361 0.02929047]
  [0.02949747 0.02927712 0.02946573 ... 0.02933957 0.02961293 0.02938072]
  ...
  [0.02831839 0.02895551 0.02905303 ... 0.02921674 0.02899864 0.02889442]
  [0.0287434  0.02906819 0.02870958 ... 0.02875236 0.02859811 0.02921775]
  [0.02937895 0.02771734 0.02934122 ... 0.02900467 0.02878844 0.02888042]]

 [[0.         0.         0.         ... 0.         0.         0.        ]
  [0.         0.         0.         ... 0.         0.         0.        ]
  [0.         0.         0.         ... 0.         0.         0.        ]
  ...
  [0.         0.         0.         ... 0.         0.         0.        ]
  [0.         0.         0.         ... 0.         0.         0.        ]
  [0.         0.         0.         ... 0.         0.         0.        ]]]","[[0. 0. 0. ... 0. 0. 0.]
 [0. 0. 0. ... 0. 0. 0.]
 [0. 0. 0. ... 0. 0. 0.]
 ...
 [0. 0. 0. ... 0. 0. 0.]
 [0. 0. 0. ... 0. 0. 0.]
 [0. 0. 0. ... 0. 0. 0.]]","[[0. 0. 0. ... 0. 0. 0.]
 [0. 0. 0. ... 0. 0. 0.]
 [0. 0. 0. ... 0. 0. 0.]
 ...
 [0. 0. 0. ... 0. 0. 0.]
 [0. 0. 0. ... 0. 0. 0.]
 [0. 0. 0. ... 0. 0. 0.]]"
"(20, 25)",0.2,1e-05,59.22194579357864,0.46064126934059374,0.7334419921723327,"[[[0.99634 1.00331 1.00546 ... 1.00241 0.99942 0.99813]
  [1.00188 0.99234 0.99694 ... 0.9995  0.99515 1.00071]
  [1.00212 0.9967  0.99803 ... 1.00014 1.00265 1.00057]
  ...
  [0.99166 1.0008  1.0015  ... 1.00301 1.00129 1.00001]
  [0.99704 0.9982  0.99533 ... 0.99651 0.99427 1.00279]
  [1.00227 0.99509 1.00119 ... 0.9978  0.99516 0.99835]]

 [[0.99634 1.00331 1.00546 ... 1.00241 0.99942 0.99813]
  [1.00188 0.99234 0.99694 ... 0.9995  0.99515 1.00071]
  [1.00212 0.9967  0.99803 ... 1.00014 1.00265 1.00057]
  ...
  [0.99166 1.0008  1.0015  ... 1.00301 1.00128 1.00001]
  [0.99704 0.9982  0.99533 ... 0.99651 0.99427 1.00279]
  [1.00227 1.0056  1.00119 ... 0.9978  0.99516 0.99835]]]","[[[0.         0.         0.         ... 0.         0.         0.        ]
  [0.         0.         0.         ... 0.         0.         0.        ]
  [0.         0.         0.         ... 0.         0.         0.        ]
  ...
  [0.         0.         0.         ... 0.         0.         0.        ]
  [0.         0.         0.         ... 0.         0.         0.        ]
  [0.         0.         0.         ... 0.         0.         0.        ]]

 [[0.01365159 0.01267647 0.01206451 ... 0.01255352 0.01299598 0.01320865]
  [0.01253706 0.01418557 0.01359158 ... 0.01307914 0.01386576 0.01281253]
  [0.01261588 0.0134728  0.0131301  ... 0.01299472 0.01237557 0.01287666]
  ...
  [0.01461416 0.01282919 0.01300186 ... 0.01254072 0.01291781 0.01307816]
  [0.01351786 0.01360399 0.0138882  ... 0.01378407 0.01401867 0.01246321]
  [0.01288277 0.00873511 0.0132643  ... 0.01327603 0.01382416 0.01318761]]]","[[0. 0. 0. ... 0. 0. 0.]
 [0. 0. 0. ... 0. 0. 0.]
 [0. 0. 0. ... 0. 0. 0.]
 ...
 [0. 0. 0. ... 0. 0. 0.]
 [0. 0. 0. ... 0. 0. 0.]
 [0. 0. 0. ... 0. 0. 0.]]","[[0. 0. 0. ... 0. 0. 0.]
 [0. 0. 0. ... 0. 0. 0.]
 [0. 0. 0. ... 0. 0. 0.]
 ...
 [0. 0. 0. ... 0. 0. 0.]
 [0. 0. 0. ... 0. 0. 0.]
 [0. 0. 0. ... 0. 0. 0.]]"
"(25, 30)",0.2,1e-05,56.88809127074378,0.46064126934059374,0.7226912950737834,"[[[0.99634 1.00331 1.00546 ... 1.00241 0.99942 0.99813]
  [1.00188 0.99234 0.99694 ... 0.9995  0.99515 1.00071]
  [1.00212 0.9967  0.99803 ... 1.00014 1.00265 1.00057]
  ...
  [0.99166 1.0008  1.0015  ... 1.00301 1.00128 1.00001]
  [0.99704 0.9982  0.99533 ... 0.99651 0.99427 1.00279]
  [1.00227 1.0056  1.00119 ... 0.9978  0.99516 0.99835]]

 [[0.99634 1.00331 1.00546 ... 1.00241 0.99942 0.99813]
  [1.00188 0.99234 0.99694 ... 0.9995  0.99515 1.00071]
  [1.00212 0.9967  0.99803 ... 1.00014 1.00265 1.00057]
  ...
  [0.99166 1.0008  1.0015  ... 1.00301 1.00128 1.00001]
  [0.99704 0.9982  0.99533 ... 0.99651 0.99427 1.00279]
  [1.00227 0.99509 1.00119 ... 0.99779 0.99516 0.99835]]]","[[[0.         0.         0.         ... 0.         0.         0.        ]
  [0.         0.         0.         ... 0.         0.         0.        ]
  [0.         0.         0.         ... 0.         0.         0.        ]
  ...
  [0.         0.         0.         ... 0.         0.         0.        ]
  [0.         0.         0.         ... 0.         0.         0.        ]
  [0.         0.         0.         ... 0.         0.         0.        ]]

 [[0.0161686  0.01307558 0.01332961 ... 0.01421709 0.01500389 0.01527867]
  [0.01411426 0.01737741 0.01583799 ... 0.01507829 0.01652226 0.01467246]
  [0.01432294 0.01562706 0.01522133 ... 0.01529192 0.01395201 0.01480347]
  ...
  [0.01748027 0.01476927 0.01457606 ... 0.01397058 0.01459698 0.01489056]
  [0.0158203  0.01462033 0.01637045 ... 0.01618678 0.01665163 0.01386634]
  [0.01341983 0.02405624 0.01397237 ... 0.01552822 0.01619135 0.01558393]]]","[[0. 0. 0. ... 0. 0. 0.]
 [0. 0. 0. ... 0. 0. 0.]
 [0. 0. 0. ... 0. 0. 0.]
 ...
 [0. 0. 0. ... 0. 0. 0.]
 [0. 0. 0. ... 0. 0. 0.]
 [0. 0. 0. ... 0. 0. 0.]]","[[0. 0. 0. ... 0. 0. 0.]
 [0. 0. 0. ... 0. 0. 0.]
 [0. 0. 0. ... 0. 0. 0.]
 ...
 [0. 0. 0. ... 0. 0. 0.]
 [0. 0. 0. ... 0. 0. 0.]
 [0. 0. 0. ... 0. 0. 0.]]"
"(30, 35)",0.2,1e-05,100.0,0.46064126934059374,0.0,"[[[0.99634 1.00331 1.00546 ... 1.00241 0.99942 0.99813]
  [1.00188 0.99234 0.99694 ... 0.9995  0.99515 1.00071]
  [1.00212 0.9967  0.99803 ... 1.00014 1.00265 1.00057]
  ...
  [0.99166 1.0008  1.0015  ... 1.00301 1.00128 1.00001]
  [0.99704 0.9982  0.99533 ... 0.99651 0.99427 1.00279]
  [1.00227 0.99509 1.00119 ... 0.99779 0.99516 0.99835]]

 [[0.99634 1.00331 1.00546 ... 1.00241 0.99942 0.99813]
  [1.00188 0.99234 0.99694 ... 0.9995  0.99515 1.00071]
  [1.00212 0.9967  0.99803 ... 1.00014 1.00265 1.00057]
  ...
  [0.99166 1.0008  1.0015  ... 1.00301 1.00129 1.00001]
  [0.99704 0.9982  0.99533 ... 0.99651 0.99427 1.00279]
  [1.00227 1.0056  1.00119 ... 0.9978  0.99516 0.99835]]]","[[[0.         0.         0.         ... 0.         0.         0.        ]
  [0.         0.         0.         ... 0.         0.         0.        ]
  [0.         0.         0.         ... 0.         0.         0.        ]
  ...
  [0.         0.         0.         ... 0.         0.         0.        ]
  [0.         0.         0.         ... 0.         0.         0.        ]
  [0.         0.         0.         ... 0.         0.         0.        ]]

 [[1.90458542 1.90185861 1.89998428 ... 1.90139926 1.90280747 1.90341757]
  [1.90155509 1.90615123 1.9042634  ... 1.90298604 1.90519411 1.90233361]
  [1.9016745  1.9041586  1.90318972 ... 1.90261302 1.90112978 1.90238086]
  ...
  [1.90687407 1.90187032 1.9020706  ... 1.9009822  1.90199498 1.90259709]
  [1.90405771 1.90426445 1.90497089 ... 1.90451942 1.90544047 1.90105777]
  [1.90240152 1.88530947 1.90320619 ... 1.90344583 1.90503133 1.90323224]]]","[[0. 0. 0. ... 0. 0. 0.]
 [0. 0. 0. ... 0. 0. 0.]
 [0. 0. 0. ... 0. 0. 0.]
 ...
 [0. 0. 0. ... 0. 0. 0.]
 [0. 0. 0. ... 0. 0. 0.]
 [0. 0. 0. ... 0. 0. 0.]]","[[0. 0. 0. ... 0. 0. 0.]
 [0. 0. 0. ... 0. 0. 0.]
 [0. 0. 0. ... 0. 0. 0.]
 ...
 [0. 0. 0. ... 0. 0. 0.]
 [0. 0. 0. ... 0. 0. 0.]
 [0. 0. 0. ... 0. 0. 0.]]"
