mat_frac,thickness,alpha,I0,seed,fom,Fgt,Fmd,imgs,bmis,gt_bmi1,gt_bmi2
0.2,0.01,2,1000.0,10,33.900855648753165,0.7449990039179228,0.4924379670150589,"[[[0.963 1.004 1.008 ... 0.995 0.991 1.007]
  [1.025 1.01  1.04  ... 1.033 1.023 0.961]
  [0.975 0.999 1.032 ... 1.039 0.99  0.968]
  ...
  [1.047 1.023 1.012 ... 0.992 0.986 1.016]
  [0.99  1.062 1.017 ... 0.97  1.014 1.012]
  [1.005 0.972 1.028 ... 1.024 1.007 0.971]]

 [[0.963 1.004 1.008 ... 0.995 0.991 1.007]
  [1.025 1.01  1.04  ... 1.033 1.023 0.961]
  [0.975 0.999 1.032 ... 1.039 0.99  0.968]
  ...
  [1.047 1.023 1.012 ... 0.992 0.986 1.016]
  [0.99  1.062 1.017 ... 0.97  1.014 1.012]
  [1.005 0.972 1.028 ... 1.024 1.007 0.971]]]","[[[0.18023287 0.         0.31610629 ... 0.05066702 0.02163135 0.        ]
  [0.         0.2603512  0.         ... 0.         0.         0.11270865]
  [0.18842395 0.         0.29625156 ... 0.00472251 0.05948622 0.        ]
  ...
  [0.         0.22529069 0.         ... 0.         0.01906265 0.06465315]
  [0.1595213  0.         0.30278956 ... 0.09169846 0.         0.        ]
  [0.         0.24606873 0.         ... 0.         0.         0.08687851]]

 [[0.         0.29812387 0.         ... 0.         0.         0.12623523]
  [0.21939228 0.         0.34917731 ... 0.03236967 0.05357198 0.        ]
  [0.         0.28956339 0.         ... 0.         0.         0.15886233]
  ...
  [0.16752589 0.         0.3264297  ... 0.13472022 0.         0.        ]
  [0.         0.26503005 0.         ... 0.         0.01388841 0.09292958]
  [0.20464384 0.         0.35426044 ... 0.08924415 0.01333487 0.        ]]]","[[0. 0. 0. ... 0. 0. 0.]
 [0. 0. 0. ... 0. 0. 0.]
 [0. 0. 0. ... 0. 0. 0.]
 ...
 [0. 0. 0. ... 0. 0. 0.]
 [0. 0. 0. ... 0. 0. 0.]
 [0. 0. 0. ... 0. 0. 0.]]","[[0. 0. 0. ... 0. 0. 0.]
 [0. 0. 0. ... 0. 0. 0.]
 [0. 0. 0. ... 0. 0. 0.]
 ...
 [0. 0. 0. ... 0. 0. 0.]
 [0. 0. 0. ... 0. 0. 0.]
 [0. 0. 0. ... 0. 0. 0.]]"
0.2,0.01,2,1000.0,20,44.72169797034819,0.8848768178497908,0.4891448799613793,"[[[0.963 1.004 1.008 ... 0.995 0.991 1.007]
  [1.025 1.01  1.04  ... 1.033 1.023 0.961]
  [0.975 0.999 1.032 ... 1.039 0.99  0.968]
  ...
  [1.047 1.023 1.012 ... 0.992 0.986 1.016]
  [0.99  1.062 1.017 ... 0.97  1.014 1.012]
  [1.005 0.972 1.028 ... 1.024 1.007 0.971]]

 [[0.963 1.004 1.008 ... 0.995 0.991 1.007]
  [1.025 1.01  1.04  ... 1.033 1.023 0.961]
  [0.975 0.999 1.032 ... 1.039 0.99  0.968]
  ...
  [1.047 1.023 1.012 ... 0.992 0.986 1.016]
  [0.99  1.062 1.017 ... 0.97  1.014 1.012]
  [1.005 0.972 1.028 ... 1.024 1.007 0.971]]]","[[[0.23638563 0.         0.32806474 ... 0.         0.11380295 0.        ]
  [0.         0.27037347 0.         ... 0.07250795 0.         0.17349162]
  [0.20436233 0.         0.24950261 ... 0.         0.12719952 0.        ]
  ...
  [0.         0.30937586 0.         ... 0.         0.         0.14598884]
  [0.24073139 0.         0.36901146 ... 0.         0.08156056 0.        ]
  [0.         0.30330739 0.         ... 0.02727821 0.         0.17164802]]

 [[0.         0.33733938 0.         ... 0.0640656  0.         0.21053917]
  [0.26048473 0.         0.3288206  ... 0.         0.14528332 0.        ]
  [0.         0.27372553 0.         ... 0.09500208 0.         0.2076221 ]
  ...
  [0.26019111 0.         0.42108549 ... 0.04634229 0.07013827 0.        ]
  [0.         0.34824079 0.         ... 0.0075074  0.         0.19043851]
  [0.28498903 0.         0.40050793 ... 0.         0.12080611 0.        ]]]","[[0. 0. 0. ... 0. 0. 0.]
 [0. 0. 0. ... 0. 0. 0.]
 [0. 0. 0. ... 0. 0. 0.]
 ...
 [0. 0. 0. ... 0. 0. 0.]
 [0. 0. 0. ... 0. 0. 0.]
 [0. 0. 0. ... 0. 0. 0.]]","[[0. 0. 0. ... 0. 0. 0.]
 [0. 0. 0. ... 0. 0. 0.]
 [0. 0. 0. ... 0. 0. 0.]
 ...
 [0. 0. 0. ... 0. 0. 0.]
 [0. 0. 0. ... 0. 0. 0.]
 [0. 0. 0. ... 0. 0. 0.]]"
0.2,0.01,2,1000.0,30,44.66717779497832,0.8980968191779003,0.4969423161846626,"[[[0.963 1.004 1.008 ... 0.995 0.991 1.007]
  [1.025 1.01  1.04  ... 1.033 1.023 0.961]
  [0.975 0.999 1.032 ... 1.039 0.99  0.968]
  ...
  [1.047 1.023 1.012 ... 0.992 0.986 1.016]
  [0.99  1.062 1.017 ... 0.97  1.014 1.012]
  [1.005 0.972 1.028 ... 1.024 1.007 0.971]]

 [[0.963 1.004 1.008 ... 0.995 0.991 1.007]
  [1.025 1.01  1.04  ... 1.033 1.023 0.961]
  [0.975 0.999 1.032 ... 1.039 0.99  0.968]
  ...
  [1.047 1.023 1.012 ... 0.992 0.986 1.016]
  [0.99  1.062 1.017 ... 0.97  1.014 1.012]
  [1.005 0.972 1.028 ... 1.024 1.007 0.971]]]","[[[0.28990719 0.         0.42654016 ... 0.         0.11118681 0.        ]
  [0.         0.3703968  0.         ... 0.03428306 0.         0.20713005]
  [0.28058262 0.         0.39845897 ... 0.         0.12301106 0.        ]
  ...
  [0.         0.29849234 0.         ... 0.         0.         0.14438347]
  [0.25525382 0.         0.3889548  ... 0.01444501 0.07681464 0.        ]
  [0.         0.35279068 0.         ... 0.00052394 0.         0.1884476 ]]

 [[0.         0.42344137 0.         ... 0.02692228 0.         0.23957659]
  [0.33590375 0.         0.47205365 ... 0.         0.14220417 0.        ]
  [0.         0.40049804 0.         ... 0.04523561 0.         0.24769244]
  ...
  [0.25480866 0.         0.39761536 ... 0.05590834 0.06604087 0.        ]
  [0.         0.36867251 0.         ... 0.         0.         0.19728768]
  [0.32322708 0.         0.4679818  ... 0.00117875 0.11575791 0.        ]]]","[[0. 0. 0. ... 0. 0. 0.]
 [0. 0. 0. ... 0. 0. 0.]
 [0. 0. 0. ... 0. 0. 0.]
 ...
 [0. 0. 0. ... 0. 0. 0.]
 [0. 0. 0. ... 0. 0. 0.]
 [0. 0. 0. ... 0. 0. 0.]]","[[0. 0. 0. ... 0. 0. 0.]
 [0. 0. 0. ... 0. 0. 0.]
 [0. 0. 0. ... 0. 0. 0.]
 ...
 [0. 0. 0. ... 0. 0. 0.]
 [0. 0. 0. ... 0. 0. 0.]
 [0. 0. 0. ... 0. 0. 0.]]"
0.2,0.01,2,10000.0,10,33.39969189851775,0.7449990039179228,0.4961716319623104,"[[[0.9884 1.0011 1.0026 ... 0.9985 0.9971 1.0023]
  [1.0079 1.0031 1.0127 ... 1.0103 1.0073 1.0034]
  [0.9921 0.9997 1.0102 ... 1.0123 0.997  0.9901]
  ...
  [1.0149 1.0074 1.0039 ... 0.9974 0.9957 1.0051]
  [0.9968 1.0195 1.0053 ... 0.9904 1.0046 1.0037]
  [1.0015 0.9911 1.0088 ... 1.0076 1.0021 0.9909]]

 [[0.9884 1.0011 1.0026 ... 0.9985 0.9971 1.0023]
  [1.0079 1.0031 1.0127 ... 1.0103 1.0073 1.0034]
  [0.9921 0.9997 1.0102 ... 1.0123 0.997  0.9901]
  ...
  [1.0149 1.0074 1.0039 ... 0.9974 0.9957 1.0051]
  [0.9968 1.0195 1.0053 ... 0.9904 1.0046 1.0037]
  [1.0015 0.9911 1.0088 ... 1.0076 1.0021 0.9909]]]","[[[0.08106651 0.         0.11975308 ... 0.         0.03426478 0.        ]
  [0.         0.09122672 0.         ... 0.00882644 0.         0.05294799]
  [0.0553052  0.         0.08696705 ... 0.         0.02128954 0.        ]
  ...
  [0.         0.10863213 0.         ... 0.00572976 0.         0.06499629]
  [0.0897787  0.         0.12753929 ... 0.         0.03885894 0.        ]
  [0.         0.10827343 0.         ... 0.01058269 0.         0.06327494]]

 [[0.         0.12869088 0.         ... 0.0237892  0.         0.08026059]
  [0.09299281 0.         0.13005252 ... 0.         0.04582394 0.        ]
  [0.         0.09387649 0.         ... 0.01572404 0.         0.0601968 ]
  ...
  [0.11001145 0.         0.14965184 ... 0.         0.05468638 0.        ]
  [0.         0.13415258 0.         ... 0.02425787 0.         0.08659148]
  [0.11254881 0.         0.15345974 ... 0.         0.05526207 0.        ]]]","[[0. 0. 0. ... 0. 0. 0.]
 [0. 0. 0. ... 0. 0. 0.]
 [0. 0. 0. ... 0. 0. 0.]
 ...
 [0. 0. 0. ... 0. 0. 0.]
 [0. 0. 0. ... 0. 0. 0.]
 [0. 0. 0. ... 0. 0. 0.]]","[[0. 0. 0. ... 0. 0. 0.]
 [0. 0. 0. ... 0. 0. 0.]
 [0. 0. 0. ... 0. 0. 0.]
 ...
 [0. 0. 0. ... 0. 0. 0.]
 [0. 0. 0. ... 0. 0. 0.]
 [0. 0. 0. ... 0. 0. 0.]]"
0.2,0.01,2,10000.0,20,43.41611251371697,0.8848768178497908,0.5006977030043273,"[[[0.9884 1.0011 1.0026 ... 0.9985 0.9971 1.0023]
  [1.0079 1.0031 1.0127 ... 1.0103 1.0073 1.0034]
  [0.9921 0.9997 1.0102 ... 1.0123 0.997  0.9901]
  ...
  [1.0149 1.0074 1.0039 ... 0.9974 0.9957 1.0051]
  [0.9968 1.0195 1.0053 ... 0.9904 1.0046 1.0037]
  [1.0015 0.9911 1.0088 ... 1.0076 1.0021 0.9909]]

 [[0.9884 1.0011 1.0026 ... 0.9985 0.9971 1.0023]
  [1.0079 1.0031 1.0127 ... 1.0103 1.0073 1.0034]
  [0.9921 0.9997 1.0102 ... 1.0123 0.997  0.9901]
  ...
  [1.0149 1.0074 1.0039 ... 0.9974 0.9957 1.0051]
  [0.9968 1.0195 1.0053 ... 0.9904 1.0046 1.0037]
  [1.0015 0.9911 1.0088 ... 1.0076 1.0021 0.9909]]]","[[[0.13305896 0.         0.13869974 ... 0.         0.09857462 0.        ]
  [0.         0.13193122 0.         ... 0.08364685 0.         0.12233466]
  [0.12014504 0.         0.10729346 ... 0.         0.10545887 0.        ]
  ...
  [0.         0.14505755 0.         ... 0.0256748  0.         0.09808891]
  [0.1313528  0.         0.15566066 ... 0.         0.07937845 0.        ]
  [0.         0.14511803 0.         ... 0.0602511  0.         0.11520911]]

 [[0.         0.17134619 0.         ... 0.09435311 0.         0.14834434]
  [0.15801701 0.         0.1503826  ... 0.         0.12962837 0.        ]
  [0.         0.14502902 0.         ... 0.11033778 0.         0.14721863]
  ...
  [0.15062674 0.         0.18772291 ... 0.         0.08564442 0.        ]
  [0.         0.17536684 0.         ... 0.06373846 0.         0.13460624]
  [0.16490065 0.         0.17912675 ... 0.         0.11443033 0.        ]]]","[[0. 0. 0. ... 0. 0. 0.]
 [0. 0. 0. ... 0. 0. 0.]
 [0. 0. 0. ... 0. 0. 0.]
 ...
 [0. 0. 0. ... 0. 0. 0.]
 [0. 0. 0. ... 0. 0. 0.]
 [0. 0. 0. ... 0. 0. 0.]]","[[0. 0. 0. ... 0. 0. 0.]
 [0. 0. 0. ... 0. 0. 0.]
 [0. 0. 0. ... 0. 0. 0.]
 ...
 [0. 0. 0. ... 0. 0. 0.]
 [0. 0. 0. ... 0. 0. 0.]
 [0. 0. 0. ... 0. 0. 0.]]"
0.2,0.01,2,10000.0,30,41.86938450186067,0.8980968191779003,0.5220692087573249,"[[[0.9884 1.0011 1.0026 ... 0.9985 0.9971 1.0023]
  [1.0079 1.0031 1.0127 ... 1.0103 1.0073 1.0034]
  [0.9921 0.9997 1.0102 ... 1.0123 0.997  0.9901]
  ...
  [1.0149 1.0074 1.0039 ... 0.9974 0.9957 1.0051]
  [0.9968 1.0195 1.0053 ... 0.9904 1.0046 1.0037]
  [1.0015 0.9911 1.0088 ... 1.0076 1.0021 0.9909]]

 [[0.9884 1.0011 1.0026 ... 0.9985 0.9971 1.0023]
  [1.0079 1.0031 1.0127 ... 1.0103 1.0073 1.0034]
  [0.9921 0.9997 1.0102 ... 1.0123 0.997  0.9901]
  ...
  [1.0149 1.0074 1.0039 ... 0.9974 0.9957 1.0051]
  [0.9968 1.0195 1.0053 ... 0.9904 1.0046 1.0037]
  [1.0015 0.9911 1.0088 ... 1.0076 1.0021 0.9909]]]","[[[0.1362831  0.         0.15961277 ... 0.         0.08771153 0.        ]
  [0.         0.15445786 0.         ... 0.05705768 0.         0.11598638]
  [0.12877651 0.         0.15636759 ... 0.         0.07791132 0.        ]
  ...
  [0.         0.11431832 0.         ... 0.03472184 0.         0.08589891]
  [0.11868741 0.         0.13603578 ... 0.         0.07597405 0.        ]
  [0.         0.14386845 0.         ... 0.0559574  0.         0.10946227]]

 [[0.         0.18491399 0.         ... 0.07843226 0.         0.14304703]
  [0.16650957 0.         0.19198813 ... 0.         0.10947816 0.        ]
  [0.         0.17748662 0.         ... 0.06485453 0.         0.13530369]
  ...
  [0.12649496 0.         0.14327241 ... 0.         0.08336523 0.        ]
  [0.         0.15735826 0.         ... 0.06747171 0.         0.12502713]
  [0.16059256 0.         0.18068149 ... 0.         0.10765394 0.        ]]]","[[0. 0. 0. ... 0. 0. 0.]
 [0. 0. 0. ... 0. 0. 0.]
 [0. 0. 0. ... 0. 0. 0.]
 ...
 [0. 0. 0. ... 0. 0. 0.]
 [0. 0. 0. ... 0. 0. 0.]
 [0. 0. 0. ... 0. 0. 0.]]","[[0. 0. 0. ... 0. 0. 0.]
 [0. 0. 0. ... 0. 0. 0.]
 [0. 0. 0. ... 0. 0. 0.]
 ...
 [0. 0. 0. ... 0. 0. 0.]
 [0. 0. 0. ... 0. 0. 0.]
 [0. 0. 0. ... 0. 0. 0.]]"
0.2,0.01,2,100000.0,10,32.22995205016194,0.7449990039179228,0.5048861821809922,"[[[0.99634 1.00036 1.00084 ... 0.99954 0.99909 1.00071]
  [1.00251 1.00098 1.00401 ... 1.00324 1.0023  0.99612]
  [0.9975  0.99989 1.00321 ... 1.00388 0.99905 0.99687]
  ...
  [1.0047  1.00233 1.00125 ... 0.99917 0.99864 1.00161]
  [0.999   1.00618 1.00327 ... 0.99697 0.99763 1.00116]
  [1.00046 0.99718 1.00279 ... 1.0024  1.00065 0.99712]]

 [[0.99634 1.00036 1.00084 ... 0.99954 0.99909 1.00071]
  [1.00251 1.00098 1.00401 ... 1.00324 1.0023  0.99612]
  [0.9975  0.99989 1.00321 ... 1.00388 0.99905 0.99687]
  ...
  [1.0047  1.00233 1.00125 ... 0.99917 0.99864 1.00161]
  [0.999   1.00618 1.00168 ... 0.99697 0.99763 1.00116]
  [1.00046 0.99718 1.00279 ... 1.0024  1.00065 0.99712]]]","[[[0.01454155 0.         0.0165638  ... 0.         0.0141443  0.        ]
  [0.         0.01636991 0.         ... 0.02076332 0.         0.01817057]
  [0.01684499 0.         0.01186127 ... 0.         0.0238942  0.        ]
  ...
  [0.         0.00089483 0.         ... 0.         0.         0.        ]
  [0.00453129 0.         0.00855169 ... 0.         0.         0.        ]
  [0.         0.01158072 0.         ... 0.00562449 0.         0.00883952]]

 [[0.         0.03149812 0.         ... 0.02885385 0.         0.03052427]
  [0.03297326 0.         0.03086799 ... 0.         0.03597416 0.        ]
  [0.         0.02994568 0.         ... 0.04293215 0.         0.037949  ]
  ...
  [0.01171592 0.00176921 0.01715134 ... 0.01465181 0.00635633 0.00699332]
  [0.         0.02049282 0.         ... 0.01125612 0.00310688 0.01684015]
  [0.02593997 0.         0.0290765  ... 0.         0.02236746 0.        ]]]","[[0. 0. 0. ... 0. 0. 0.]
 [0. 0. 0. ... 0. 0. 0.]
 [0. 0. 0. ... 0. 0. 0.]
 ...
 [0. 0. 0. ... 0. 0. 0.]
 [0. 0. 0. ... 0. 0. 0.]
 [0. 0. 0. ... 0. 0. 0.]]","[[0. 0. 0. ... 0. 0. 0.]
 [0. 0. 0. ... 0. 0. 0.]
 [0. 0. 0. ... 0. 0. 0.]
 ...
 [0. 0. 0. ... 0. 0. 0.]
 [0. 0. 0. ... 0. 0. 0.]
 [0. 0. 0. ... 0. 0. 0.]]"
0.2,0.01,2,100000.0,20,42.87216915825594,0.8848768178497908,0.5055109316590362,"[[[0.99634 1.00036 1.00084 ... 0.99954 0.99909 1.00071]
  [1.00251 1.00098 1.00401 ... 1.00324 1.0023  0.99612]
  [0.9975  0.99989 1.00321 ... 1.00388 0.99905 0.99687]
  ...
  [1.0047  1.00233 1.00125 ... 0.99917 0.99864 1.00161]
  [0.999   1.00618 1.00327 ... 0.99697 0.99763 1.00116]
  [1.00046 0.99718 1.00279 ... 1.0024  1.00065 0.99712]]

 [[0.99634 1.00036 1.00084 ... 0.99954 0.9991  1.00071]
  [1.00251 1.00098 1.00401 ... 1.00324 1.0023  0.99612]
  [0.9975  0.99989 1.00321 ... 1.00388 0.99905 0.99687]
  ...
  [1.0047  1.00233 1.00125 ... 0.99917 0.99864 1.00161]
  [0.999   1.00618 1.00168 ... 0.99697 0.99763 1.00116]
  [1.00046 0.99718 1.00279 ... 1.0024  1.00065 0.99712]]]","[[[0.02538092 0.         0.         ... 0.         0.05611991 0.        ]
  [0.         0.         0.02151063 ... 0.07480691 0.         0.04190196]
  [0.01586759 0.00206124 0.         ... 0.         0.06404407 0.        ]
  ...
  [0.         0.04404041 0.         ... 0.02955961 0.         0.04229913]
  [0.03845559 0.         0.02121935 ... 0.         0.04420884 0.        ]
  [0.         0.01794737 0.         ... 0.05546026 0.         0.04299951]]

 [[0.         0.0210359  0.02093241 ... 0.08744211 0.         0.0620576 ]
  [0.03667273 0.00752684 0.         ... 0.         0.08163864 0.        ]
  [0.         0.00051163 0.05047328 ... 0.1044013  0.         0.06202736]
  ...
  [0.06305269 0.         0.05970651 ... 0.         0.05576004 0.        ]
  [0.         0.04812166 0.         ... 0.06267104 0.         0.06228731]
  [0.05037696 0.         0.01635301 ... 0.         0.07111214 0.        ]]]","[[0. 0. 0. ... 0. 0. 0.]
 [0. 0. 0. ... 0. 0. 0.]
 [0. 0. 0. ... 0. 0. 0.]
 ...
 [0. 0. 0. ... 0. 0. 0.]
 [0. 0. 0. ... 0. 0. 0.]
 [0. 0. 0. ... 0. 0. 0.]]","[[0. 0. 0. ... 0. 0. 0.]
 [0. 0. 0. ... 0. 0. 0.]
 [0. 0. 0. ... 0. 0. 0.]
 ...
 [0. 0. 0. ... 0. 0. 0.]
 [0. 0. 0. ... 0. 0. 0.]
 [0. 0. 0. ... 0. 0. 0.]]"
0.2,0.01,2,100000.0,30,39.86135404050971,0.8980968191779003,0.5401032664588411,"[[[0.99634 1.00036 1.00084 ... 0.99954 0.99909 1.00071]
  [1.00251 1.00098 1.00401 ... 1.00324 1.0023  0.99612]
  [0.9975  0.99989 1.00321 ... 1.00388 0.99905 0.99687]
  ...
  [1.0047  1.00233 1.00125 ... 0.99917 0.99864 1.00161]
  [0.999   1.00618 1.00168 ... 0.99697 0.99763 1.00116]
  [1.00046 0.99718 1.00279 ... 1.0024  1.00065 0.99712]]

 [[0.99634 1.00036 1.00084 ... 0.99954 0.99909 1.00071]
  [1.00251 1.00098 1.00401 ... 1.00324 1.0023  0.99612]
  [0.9975  0.99989 1.00321 ... 1.00388 0.99905 0.99687]
  ...
  [1.0047  1.00233 1.00125 ... 0.99917 0.99864 1.00161]
  [0.999   1.00618 1.00168 ... 0.99697 0.99763 1.00116]
  [1.00046 0.99718 1.00279 ... 1.0024  1.00065 0.99712]]]","[[[0.05774033 0.         0.04805255 ... 0.         0.05117891 0.        ]
  [0.         0.05877907 0.         ... 0.04699295 0.         0.05944534]
  [0.06167869 0.         0.05158832 ... 0.         0.0552305  0.        ]
  ...
  [0.         0.03621502 0.         ... 0.01846758 0.         0.03358082]
  [0.0448773  0.         0.03732506 ... 0.         0.03636678 0.        ]
  [0.         0.04979006 0.         ... 0.03763973 0.         0.05027765]]

 [[0.         0.07661092 0.         ... 0.06281908 0.         0.07758544]
  [0.08271306 0.         0.07065095 ... 0.         0.07522844 0.        ]
  [0.         0.08065496 0.         ... 0.06624122 0.         0.08282398]
  ...
  [0.05475403 0.         0.04889387 ... 0.         0.04462565 0.        ]
  [0.         0.06193215 0.         ... 0.04694307 0.         0.06184325]
  [0.07321243 0.         0.0624144  ... 0.         0.06481235 0.        ]]]","[[0. 0. 0. ... 0. 0. 0.]
 [0. 0. 0. ... 0. 0. 0.]
 [0. 0. 0. ... 0. 0. 0.]
 ...
 [0. 0. 0. ... 0. 0. 0.]
 [0. 0. 0. ... 0. 0. 0.]
 [0. 0. 0. ... 0. 0. 0.]]","[[0. 0. 0. ... 0. 0. 0.]
 [0. 0. 0. ... 0. 0. 0.]
 [0. 0. 0. ... 0. 0. 0.]
 ...
 [0. 0. 0. ... 0. 0. 0.]
 [0. 0. 0. ... 0. 0. 0.]
 [0. 0. 0. ... 0. 0. 0.]]"
0.2,0.01,4,1000.0,10,33.900855648753165,0.7449990039179228,0.4924379670150589,"[[[0.963 1.004 1.008 ... 0.995 0.991 1.007]
  [1.025 1.01  1.04  ... 1.033 1.023 0.961]
  [0.975 0.999 1.032 ... 1.039 0.99  0.968]
  ...
  [1.047 1.023 1.012 ... 0.992 0.986 1.016]
  [0.99  1.062 1.017 ... 0.97  1.014 1.012]
  [1.005 0.972 1.028 ... 1.024 1.007 0.971]]

 [[0.963 1.004 1.008 ... 0.995 0.991 1.007]
  [1.025 1.01  1.04  ... 1.033 1.023 0.961]
  [0.975 0.999 1.032 ... 1.039 0.99  0.968]
  ...
  [1.047 1.023 1.012 ... 0.992 0.986 1.016]
  [0.99  1.062 1.017 ... 0.97  1.014 1.012]
  [1.005 0.972 1.028 ... 1.024 1.007 0.971]]]","[[[0.18023287 0.         0.31610629 ... 0.05066702 0.02163135 0.        ]
  [0.         0.2603512  0.         ... 0.         0.         0.11270865]
  [0.18842395 0.         0.29625156 ... 0.00472251 0.05948622 0.        ]
  ...
  [0.         0.22529069 0.         ... 0.         0.01906265 0.06465315]
  [0.1595213  0.         0.30278956 ... 0.09169846 0.         0.        ]
  [0.         0.24606873 0.         ... 0.         0.         0.08687851]]

 [[0.         0.29812387 0.         ... 0.         0.         0.12623523]
  [0.21939228 0.         0.34917731 ... 0.03236967 0.05357198 0.        ]
  [0.         0.28956339 0.         ... 0.         0.         0.15886233]
  ...
  [0.16752589 0.         0.3264297  ... 0.13472022 0.         0.        ]
  [0.         0.26503005 0.         ... 0.         0.01388841 0.09292958]
  [0.20464384 0.         0.35426044 ... 0.08924415 0.01333487 0.        ]]]","[[0. 0. 0. ... 0. 0. 0.]
 [0. 0. 0. ... 0. 0. 0.]
 [0. 0. 0. ... 0. 0. 0.]
 ...
 [0. 0. 0. ... 0. 0. 0.]
 [0. 0. 0. ... 0. 0. 0.]
 [0. 0. 0. ... 0. 0. 0.]]","[[0. 0. 0. ... 0. 0. 0.]
 [0. 0. 0. ... 0. 0. 0.]
 [0. 0. 0. ... 0. 0. 0.]
 ...
 [0. 0. 0. ... 0. 0. 0.]
 [0. 0. 0. ... 0. 0. 0.]
 [0. 0. 0. ... 0. 0. 0.]]"
0.2,0.01,4,1000.0,20,44.72169797034819,0.8848768178497908,0.4891448799613793,"[[[0.963 1.004 1.008 ... 0.995 0.991 1.007]
  [1.025 1.01  1.04  ... 1.033 1.023 0.961]
  [0.975 0.999 1.032 ... 1.039 0.99  0.968]
  ...
  [1.047 1.023 1.012 ... 0.992 0.986 1.016]
  [0.99  1.062 1.017 ... 0.97  1.014 1.012]
  [1.005 0.972 1.028 ... 1.024 1.007 0.971]]

 [[0.963 1.004 1.008 ... 0.995 0.991 1.007]
  [1.025 1.01  1.04  ... 1.033 1.023 0.961]
  [0.975 0.999 1.032 ... 1.039 0.99  0.968]
  ...
  [1.047 1.023 1.012 ... 0.992 0.986 1.016]
  [0.99  1.062 1.017 ... 0.97  1.014 1.012]
  [1.005 0.972 1.028 ... 1.024 1.007 0.971]]]","[[[0.23638563 0.         0.32806474 ... 0.         0.11380295 0.        ]
  [0.         0.27037347 0.         ... 0.07250795 0.         0.17349162]
  [0.20436233 0.         0.24950261 ... 0.         0.12719952 0.        ]
  ...
  [0.         0.30937586 0.         ... 0.         0.         0.14598884]
  [0.24073139 0.         0.36901146 ... 0.         0.08156056 0.        ]
  [0.         0.30330739 0.         ... 0.02727821 0.         0.17164802]]

 [[0.         0.33733938 0.         ... 0.0640656  0.         0.21053917]
  [0.26048473 0.         0.3288206  ... 0.         0.14528332 0.        ]
  [0.         0.27372553 0.         ... 0.09500208 0.         0.2076221 ]
  ...
  [0.26019111 0.         0.42108549 ... 0.04634229 0.07013827 0.        ]
  [0.         0.34824079 0.         ... 0.0075074  0.         0.19043851]
  [0.28498903 0.         0.40050793 ... 0.         0.12080611 0.        ]]]","[[0. 0. 0. ... 0. 0. 0.]
 [0. 0. 0. ... 0. 0. 0.]
 [0. 0. 0. ... 0. 0. 0.]
 ...
 [0. 0. 0. ... 0. 0. 0.]
 [0. 0. 0. ... 0. 0. 0.]
 [0. 0. 0. ... 0. 0. 0.]]","[[0. 0. 0. ... 0. 0. 0.]
 [0. 0. 0. ... 0. 0. 0.]
 [0. 0. 0. ... 0. 0. 0.]
 ...
 [0. 0. 0. ... 0. 0. 0.]
 [0. 0. 0. ... 0. 0. 0.]
 [0. 0. 0. ... 0. 0. 0.]]"
0.2,0.01,4,1000.0,30,44.66717779497832,0.8980968191779003,0.4969423161846626,"[[[0.963 1.004 1.008 ... 0.995 0.991 1.007]
  [1.025 1.01  1.04  ... 1.033 1.023 0.961]
  [0.975 0.999 1.032 ... 1.039 0.99  0.968]
  ...
  [1.047 1.023 1.012 ... 0.992 0.986 1.016]
  [0.99  1.062 1.017 ... 0.97  1.014 1.012]
  [1.005 0.972 1.028 ... 1.024 1.007 0.971]]

 [[0.963 1.004 1.008 ... 0.995 0.991 1.007]
  [1.025 1.01  1.04  ... 1.033 1.023 0.961]
  [0.975 0.999 1.032 ... 1.039 0.99  0.968]
  ...
  [1.047 1.023 1.012 ... 0.992 0.986 1.016]
  [0.99  1.062 1.017 ... 0.97  1.014 1.012]
  [1.005 0.972 1.028 ... 1.024 1.007 0.971]]]","[[[0.28990719 0.         0.42654016 ... 0.         0.11118681 0.        ]
  [0.         0.3703968  0.         ... 0.03428306 0.         0.20713005]
  [0.28058262 0.         0.39845897 ... 0.         0.12301106 0.        ]
  ...
  [0.         0.29849234 0.         ... 0.         0.         0.14438347]
  [0.25525382 0.         0.3889548  ... 0.01444501 0.07681464 0.        ]
  [0.         0.35279068 0.         ... 0.00052394 0.         0.1884476 ]]

 [[0.         0.42344137 0.         ... 0.02692228 0.         0.23957659]
  [0.33590375 0.         0.47205365 ... 0.         0.14220417 0.        ]
  [0.         0.40049804 0.         ... 0.04523561 0.         0.24769244]
  ...
  [0.25480866 0.         0.39761536 ... 0.05590834 0.06604087 0.        ]
  [0.         0.36867251 0.         ... 0.         0.         0.19728768]
  [0.32322708 0.         0.4679818  ... 0.00117875 0.11575791 0.        ]]]","[[0. 0. 0. ... 0. 0. 0.]
 [0. 0. 0. ... 0. 0. 0.]
 [0. 0. 0. ... 0. 0. 0.]
 ...
 [0. 0. 0. ... 0. 0. 0.]
 [0. 0. 0. ... 0. 0. 0.]
 [0. 0. 0. ... 0. 0. 0.]]","[[0. 0. 0. ... 0. 0. 0.]
 [0. 0. 0. ... 0. 0. 0.]
 [0. 0. 0. ... 0. 0. 0.]
 ...
 [0. 0. 0. ... 0. 0. 0.]
 [0. 0. 0. ... 0. 0. 0.]
 [0. 0. 0. ... 0. 0. 0.]]"
0.2,0.01,4,10000.0,10,33.39969189851775,0.7449990039179228,0.4961716319623104,"[[[0.9884 1.0011 1.0026 ... 0.9985 0.9971 1.0023]
  [1.0079 1.0031 1.0127 ... 1.0103 1.0073 1.0034]
  [0.9921 0.9997 1.0102 ... 1.0123 0.997  0.9901]
  ...
  [1.0149 1.0074 1.0039 ... 0.9974 0.9957 1.0051]
  [0.9968 1.0195 1.0053 ... 0.9904 1.0046 1.0037]
  [1.0015 0.9911 1.0088 ... 1.0076 1.0021 0.9909]]

 [[0.9884 1.0011 1.0026 ... 0.9985 0.9971 1.0023]
  [1.0079 1.0031 1.0127 ... 1.0103 1.0073 1.0034]
  [0.9921 0.9997 1.0102 ... 1.0123 0.997  0.9901]
  ...
  [1.0149 1.0074 1.0039 ... 0.9974 0.9957 1.0051]
  [0.9968 1.0195 1.0053 ... 0.9904 1.0046 1.0037]
  [1.0015 0.9911 1.0088 ... 1.0076 1.0021 0.9909]]]","[[[0.08106651 0.         0.11975308 ... 0.         0.03426478 0.        ]
  [0.         0.09122672 0.         ... 0.00882644 0.         0.05294799]
  [0.0553052  0.         0.08696705 ... 0.         0.02128954 0.        ]
  ...
  [0.         0.10863213 0.         ... 0.00572976 0.         0.06499629]
  [0.0897787  0.         0.12753929 ... 0.         0.03885894 0.        ]
  [0.         0.10827343 0.         ... 0.01058269 0.         0.06327494]]

 [[0.         0.12869088 0.         ... 0.0237892  0.         0.08026059]
  [0.09299281 0.         0.13005252 ... 0.         0.04582394 0.        ]
  [0.         0.09387649 0.         ... 0.01572404 0.         0.0601968 ]
  ...
  [0.11001145 0.         0.14965184 ... 0.         0.05468638 0.        ]
  [0.         0.13415258 0.         ... 0.02425787 0.         0.08659148]
  [0.11254881 0.         0.15345974 ... 0.         0.05526207 0.        ]]]","[[0. 0. 0. ... 0. 0. 0.]
 [0. 0. 0. ... 0. 0. 0.]
 [0. 0. 0. ... 0. 0. 0.]
 ...
 [0. 0. 0. ... 0. 0. 0.]
 [0. 0. 0. ... 0. 0. 0.]
 [0. 0. 0. ... 0. 0. 0.]]","[[0. 0. 0. ... 0. 0. 0.]
 [0. 0. 0. ... 0. 0. 0.]
 [0. 0. 0. ... 0. 0. 0.]
 ...
 [0. 0. 0. ... 0. 0. 0.]
 [0. 0. 0. ... 0. 0. 0.]
 [0. 0. 0. ... 0. 0. 0.]]"
0.2,0.01,4,10000.0,20,43.41611251371697,0.8848768178497908,0.5006977030043273,"[[[0.9884 1.0011 1.0026 ... 0.9985 0.9971 1.0023]
  [1.0079 1.0031 1.0127 ... 1.0103 1.0073 1.0034]
  [0.9921 0.9997 1.0102 ... 1.0123 0.997  0.9901]
  ...
  [1.0149 1.0074 1.0039 ... 0.9974 0.9957 1.0051]
  [0.9968 1.0195 1.0053 ... 0.9904 1.0046 1.0037]
  [1.0015 0.9911 1.0088 ... 1.0076 1.0021 0.9909]]

 [[0.9884 1.0011 1.0026 ... 0.9985 0.9971 1.0023]
  [1.0079 1.0031 1.0127 ... 1.0103 1.0073 1.0034]
  [0.9921 0.9997 1.0102 ... 1.0123 0.997  0.9901]
  ...
  [1.0149 1.0074 1.0039 ... 0.9974 0.9957 1.0051]
  [0.9968 1.0195 1.0053 ... 0.9904 1.0046 1.0037]
  [1.0015 0.9911 1.0088 ... 1.0076 1.0021 0.9909]]]","[[[0.13305896 0.         0.13869974 ... 0.         0.09857462 0.        ]
  [0.         0.13193122 0.         ... 0.08364685 0.         0.12233466]
  [0.12014504 0.         0.10729346 ... 0.         0.10545887 0.        ]
  ...
  [0.         0.14505755 0.         ... 0.0256748  0.         0.09808891]
  [0.1313528  0.         0.15566066 ... 0.         0.07937845 0.        ]
  [0.         0.14511803 0.         ... 0.0602511  0.         0.11520911]]

 [[0.         0.17134619 0.         ... 0.09435311 0.         0.14834434]
  [0.15801701 0.         0.1503826  ... 0.         0.12962837 0.        ]
  [0.         0.14502902 0.         ... 0.11033778 0.         0.14721863]
  ...
  [0.15062674 0.         0.18772291 ... 0.         0.08564442 0.        ]
  [0.         0.17536684 0.         ... 0.06373846 0.         0.13460624]
  [0.16490065 0.         0.17912675 ... 0.         0.11443033 0.        ]]]","[[0. 0. 0. ... 0. 0. 0.]
 [0. 0. 0. ... 0. 0. 0.]
 [0. 0. 0. ... 0. 0. 0.]
 ...
 [0. 0. 0. ... 0. 0. 0.]
 [0. 0. 0. ... 0. 0. 0.]
 [0. 0. 0. ... 0. 0. 0.]]","[[0. 0. 0. ... 0. 0. 0.]
 [0. 0. 0. ... 0. 0. 0.]
 [0. 0. 0. ... 0. 0. 0.]
 ...
 [0. 0. 0. ... 0. 0. 0.]
 [0. 0. 0. ... 0. 0. 0.]
 [0. 0. 0. ... 0. 0. 0.]]"
0.2,0.01,4,10000.0,30,41.86938450186067,0.8980968191779003,0.5220692087573249,"[[[0.9884 1.0011 1.0026 ... 0.9985 0.9971 1.0023]
  [1.0079 1.0031 1.0127 ... 1.0103 1.0073 1.0034]
  [0.9921 0.9997 1.0102 ... 1.0123 0.997  0.9901]
  ...
  [1.0149 1.0074 1.0039 ... 0.9974 0.9957 1.0051]
  [0.9968 1.0195 1.0053 ... 0.9904 1.0046 1.0037]
  [1.0015 0.9911 1.0088 ... 1.0076 1.0021 0.9909]]

 [[0.9884 1.0011 1.0026 ... 0.9985 0.9971 1.0023]
  [1.0079 1.0031 1.0127 ... 1.0103 1.0073 1.0034]
  [0.9921 0.9997 1.0102 ... 1.0123 0.997  0.9901]
  ...
  [1.0149 1.0074 1.0039 ... 0.9974 0.9957 1.0051]
  [0.9968 1.0195 1.0053 ... 0.9904 1.0046 1.0037]
  [1.0015 0.9911 1.0088 ... 1.0076 1.0021 0.9909]]]","[[[0.1362831  0.         0.15961277 ... 0.         0.08771153 0.        ]
  [0.         0.15445786 0.         ... 0.05705768 0.         0.11598638]
  [0.12877651 0.         0.15636759 ... 0.         0.07791132 0.        ]
  ...
  [0.         0.11431832 0.         ... 0.03472184 0.         0.08589891]
  [0.11868741 0.         0.13603578 ... 0.         0.07597405 0.        ]
  [0.         0.14386845 0.         ... 0.0559574  0.         0.10946227]]

 [[0.         0.18491399 0.         ... 0.07843226 0.         0.14304703]
  [0.16650957 0.         0.19198813 ... 0.         0.10947816 0.        ]
  [0.         0.17748662 0.         ... 0.06485453 0.         0.13530369]
  ...
  [0.12649496 0.         0.14327241 ... 0.         0.08336523 0.        ]
  [0.         0.15735826 0.         ... 0.06747171 0.         0.12502713]
  [0.16059256 0.         0.18068149 ... 0.         0.10765394 0.        ]]]","[[0. 0. 0. ... 0. 0. 0.]
 [0. 0. 0. ... 0. 0. 0.]
 [0. 0. 0. ... 0. 0. 0.]
 ...
 [0. 0. 0. ... 0. 0. 0.]
 [0. 0. 0. ... 0. 0. 0.]
 [0. 0. 0. ... 0. 0. 0.]]","[[0. 0. 0. ... 0. 0. 0.]
 [0. 0. 0. ... 0. 0. 0.]
 [0. 0. 0. ... 0. 0. 0.]
 ...
 [0. 0. 0. ... 0. 0. 0.]
 [0. 0. 0. ... 0. 0. 0.]
 [0. 0. 0. ... 0. 0. 0.]]"
0.2,0.01,4,100000.0,10,32.22995205016194,0.7449990039179228,0.5048861821809922,"[[[0.99634 1.00036 1.00084 ... 0.99954 0.99909 1.00071]
  [1.00251 1.00098 1.00401 ... 1.00324 1.0023  0.99612]
  [0.9975  0.99989 1.00321 ... 1.00388 0.99905 0.99687]
  ...
  [1.0047  1.00233 1.00125 ... 0.99917 0.99864 1.00161]
  [0.999   1.00618 1.00327 ... 0.99697 0.99763 1.00116]
  [1.00046 0.99718 1.00279 ... 1.0024  1.00065 0.99712]]

 [[0.99634 1.00036 1.00084 ... 0.99954 0.99909 1.00071]
  [1.00251 1.00098 1.00401 ... 1.00324 1.0023  0.99612]
  [0.9975  0.99989 1.00321 ... 1.00388 0.99905 0.99687]
  ...
  [1.0047  1.00233 1.00125 ... 0.99917 0.99864 1.00161]
  [0.999   1.00618 1.00168 ... 0.99697 0.99763 1.00116]
  [1.00046 0.99718 1.00279 ... 1.0024  1.00065 0.99712]]]","[[[0.01454155 0.         0.0165638  ... 0.         0.0141443  0.        ]
  [0.         0.01636991 0.         ... 0.02076332 0.         0.01817057]
  [0.01684499 0.         0.01186127 ... 0.         0.0238942  0.        ]
  ...
  [0.         0.00089483 0.         ... 0.         0.         0.        ]
  [0.00453129 0.         0.00855169 ... 0.         0.         0.        ]
  [0.         0.01158072 0.         ... 0.00562449 0.         0.00883952]]

 [[0.         0.03149812 0.         ... 0.02885385 0.         0.03052427]
  [0.03297326 0.         0.03086799 ... 0.         0.03597416 0.        ]
  [0.         0.02994568 0.         ... 0.04293215 0.         0.037949  ]
  ...
  [0.01171592 0.00176921 0.01715134 ... 0.01465181 0.00635633 0.00699332]
  [0.         0.02049282 0.         ... 0.01125612 0.00310688 0.01684015]
  [0.02593997 0.         0.0290765  ... 0.         0.02236746 0.        ]]]","[[0. 0. 0. ... 0. 0. 0.]
 [0. 0. 0. ... 0. 0. 0.]
 [0. 0. 0. ... 0. 0. 0.]
 ...
 [0. 0. 0. ... 0. 0. 0.]
 [0. 0. 0. ... 0. 0. 0.]
 [0. 0. 0. ... 0. 0. 0.]]","[[0. 0. 0. ... 0. 0. 0.]
 [0. 0. 0. ... 0. 0. 0.]
 [0. 0. 0. ... 0. 0. 0.]
 ...
 [0. 0. 0. ... 0. 0. 0.]
 [0. 0. 0. ... 0. 0. 0.]
 [0. 0. 0. ... 0. 0. 0.]]"
0.2,0.01,4,100000.0,20,42.87216915825594,0.8848768178497908,0.5055109316590362,"[[[0.99634 1.00036 1.00084 ... 0.99954 0.99909 1.00071]
  [1.00251 1.00098 1.00401 ... 1.00324 1.0023  0.99612]
  [0.9975  0.99989 1.00321 ... 1.00388 0.99905 0.99687]
  ...
  [1.0047  1.00233 1.00125 ... 0.99917 0.99864 1.00161]
  [0.999   1.00618 1.00327 ... 0.99697 0.99763 1.00116]
  [1.00046 0.99718 1.00279 ... 1.0024  1.00065 0.99712]]

 [[0.99634 1.00036 1.00084 ... 0.99954 0.9991  1.00071]
  [1.00251 1.00098 1.00401 ... 1.00324 1.0023  0.99612]
  [0.9975  0.99989 1.00321 ... 1.00388 0.99905 0.99687]
  ...
  [1.0047  1.00233 1.00125 ... 0.99917 0.99864 1.00161]
  [0.999   1.00618 1.00168 ... 0.99697 0.99763 1.00116]
  [1.00046 0.99718 1.00279 ... 1.0024  1.00065 0.99712]]]","[[[0.02538092 0.         0.         ... 0.         0.05611991 0.        ]
  [0.         0.         0.02151063 ... 0.07480691 0.         0.04190196]
  [0.01586759 0.00206124 0.         ... 0.         0.06404407 0.        ]
  ...
  [0.         0.04404041 0.         ... 0.02955961 0.         0.04229913]
  [0.03845559 0.         0.02121935 ... 0.         0.04420884 0.        ]
  [0.         0.01794737 0.         ... 0.05546026 0.         0.04299951]]

 [[0.         0.0210359  0.02093241 ... 0.08744211 0.         0.0620576 ]
  [0.03667273 0.00752684 0.         ... 0.         0.08163864 0.        ]
  [0.         0.00051163 0.05047328 ... 0.1044013  0.         0.06202736]
  ...
  [0.06305269 0.         0.05970651 ... 0.         0.05576004 0.        ]
  [0.         0.04812166 0.         ... 0.06267104 0.         0.06228731]
  [0.05037696 0.         0.01635301 ... 0.         0.07111214 0.        ]]]","[[0. 0. 0. ... 0. 0. 0.]
 [0. 0. 0. ... 0. 0. 0.]
 [0. 0. 0. ... 0. 0. 0.]
 ...
 [0. 0. 0. ... 0. 0. 0.]
 [0. 0. 0. ... 0. 0. 0.]
 [0. 0. 0. ... 0. 0. 0.]]","[[0. 0. 0. ... 0. 0. 0.]
 [0. 0. 0. ... 0. 0. 0.]
 [0. 0. 0. ... 0. 0. 0.]
 ...
 [0. 0. 0. ... 0. 0. 0.]
 [0. 0. 0. ... 0. 0. 0.]
 [0. 0. 0. ... 0. 0. 0.]]"
0.2,0.01,4,100000.0,30,39.86135404050971,0.8980968191779003,0.5401032664588411,"[[[0.99634 1.00036 1.00084 ... 0.99954 0.99909 1.00071]
  [1.00251 1.00098 1.00401 ... 1.00324 1.0023  0.99612]
  [0.9975  0.99989 1.00321 ... 1.00388 0.99905 0.99687]
  ...
  [1.0047  1.00233 1.00125 ... 0.99917 0.99864 1.00161]
  [0.999   1.00618 1.00168 ... 0.99697 0.99763 1.00116]
  [1.00046 0.99718 1.00279 ... 1.0024  1.00065 0.99712]]

 [[0.99634 1.00036 1.00084 ... 0.99954 0.99909 1.00071]
  [1.00251 1.00098 1.00401 ... 1.00324 1.0023  0.99612]
  [0.9975  0.99989 1.00321 ... 1.00388 0.99905 0.99687]
  ...
  [1.0047  1.00233 1.00125 ... 0.99917 0.99864 1.00161]
  [0.999   1.00618 1.00168 ... 0.99697 0.99763 1.00116]
  [1.00046 0.99718 1.00279 ... 1.0024  1.00065 0.99712]]]","[[[0.05774033 0.         0.04805255 ... 0.         0.05117891 0.        ]
  [0.         0.05877907 0.         ... 0.04699295 0.         0.05944534]
  [0.06167869 0.         0.05158832 ... 0.         0.0552305  0.        ]
  ...
  [0.         0.03621502 0.         ... 0.01846758 0.         0.03358082]
  [0.0448773  0.         0.03732506 ... 0.         0.03636678 0.        ]
  [0.         0.04979006 0.         ... 0.03763973 0.         0.05027765]]

 [[0.         0.07661092 0.         ... 0.06281908 0.         0.07758544]
  [0.08271306 0.         0.07065095 ... 0.         0.07522844 0.        ]
  [0.         0.08065496 0.         ... 0.06624122 0.         0.08282398]
  ...
  [0.05475403 0.         0.04889387 ... 0.         0.04462565 0.        ]
  [0.         0.06193215 0.         ... 0.04694307 0.         0.06184325]
  [0.07321243 0.         0.0624144  ... 0.         0.06481235 0.        ]]]","[[0. 0. 0. ... 0. 0. 0.]
 [0. 0. 0. ... 0. 0. 0.]
 [0. 0. 0. ... 0. 0. 0.]
 ...
 [0. 0. 0. ... 0. 0. 0.]
 [0. 0. 0. ... 0. 0. 0.]
 [0. 0. 0. ... 0. 0. 0.]]","[[0. 0. 0. ... 0. 0. 0.]
 [0. 0. 0. ... 0. 0. 0.]
 [0. 0. 0. ... 0. 0. 0.]
 ...
 [0. 0. 0. ... 0. 0. 0.]
 [0. 0. 0. ... 0. 0. 0.]
 [0. 0. 0. ... 0. 0. 0.]]"
0.2,0.01,6,1000.0,10,33.900855648753165,0.7449990039179228,0.4924379670150589,"[[[0.963 1.004 1.008 ... 0.995 0.991 1.007]
  [1.025 1.01  1.04  ... 1.033 1.023 0.961]
  [0.975 0.999 1.032 ... 1.039 0.99  0.968]
  ...
  [1.047 1.023 1.012 ... 0.992 0.986 1.016]
  [0.99  1.062 1.017 ... 0.97  1.014 1.012]
  [1.005 0.972 1.028 ... 1.024 1.007 0.971]]

 [[0.963 1.004 1.008 ... 0.995 0.991 1.007]
  [1.025 1.01  1.04  ... 1.033 1.023 0.961]
  [0.975 0.999 1.032 ... 1.039 0.99  0.968]
  ...
  [1.047 1.023 1.012 ... 0.992 0.986 1.016]
  [0.99  1.062 1.017 ... 0.97  1.014 1.012]
  [1.005 0.972 1.028 ... 1.024 1.007 0.971]]]","[[[0.18023287 0.         0.31610629 ... 0.05066702 0.02163135 0.        ]
  [0.         0.2603512  0.         ... 0.         0.         0.11270865]
  [0.18842395 0.         0.29625156 ... 0.00472251 0.05948622 0.        ]
  ...
  [0.         0.22529069 0.         ... 0.         0.01906265 0.06465315]
  [0.1595213  0.         0.30278956 ... 0.09169846 0.         0.        ]
  [0.         0.24606873 0.         ... 0.         0.         0.08687851]]

 [[0.         0.29812387 0.         ... 0.         0.         0.12623523]
  [0.21939228 0.         0.34917731 ... 0.03236967 0.05357198 0.        ]
  [0.         0.28956339 0.         ... 0.         0.         0.15886233]
  ...
  [0.16752589 0.         0.3264297  ... 0.13472022 0.         0.        ]
  [0.         0.26503005 0.         ... 0.         0.01388841 0.09292958]
  [0.20464384 0.         0.35426044 ... 0.08924415 0.01333487 0.        ]]]","[[0. 0. 0. ... 0. 0. 0.]
 [0. 0. 0. ... 0. 0. 0.]
 [0. 0. 0. ... 0. 0. 0.]
 ...
 [0. 0. 0. ... 0. 0. 0.]
 [0. 0. 0. ... 0. 0. 0.]
 [0. 0. 0. ... 0. 0. 0.]]","[[0. 0. 0. ... 0. 0. 0.]
 [0. 0. 0. ... 0. 0. 0.]
 [0. 0. 0. ... 0. 0. 0.]
 ...
 [0. 0. 0. ... 0. 0. 0.]
 [0. 0. 0. ... 0. 0. 0.]
 [0. 0. 0. ... 0. 0. 0.]]"
0.2,0.01,6,1000.0,20,44.72169797034819,0.8848768178497908,0.4891448799613793,"[[[0.963 1.004 1.008 ... 0.995 0.991 1.007]
  [1.025 1.01  1.04  ... 1.033 1.023 0.961]
  [0.975 0.999 1.032 ... 1.039 0.99  0.968]
  ...
  [1.047 1.023 1.012 ... 0.992 0.986 1.016]
  [0.99  1.062 1.017 ... 0.97  1.014 1.012]
  [1.005 0.972 1.028 ... 1.024 1.007 0.971]]

 [[0.963 1.004 1.008 ... 0.995 0.991 1.007]
  [1.025 1.01  1.04  ... 1.033 1.023 0.961]
  [0.975 0.999 1.032 ... 1.039 0.99  0.968]
  ...
  [1.047 1.023 1.012 ... 0.992 0.986 1.016]
  [0.99  1.062 1.017 ... 0.97  1.014 1.012]
  [1.005 0.972 1.028 ... 1.024 1.007 0.971]]]","[[[0.23638563 0.         0.32806474 ... 0.         0.11380295 0.        ]
  [0.         0.27037347 0.         ... 0.07250795 0.         0.17349162]
  [0.20436233 0.         0.24950261 ... 0.         0.12719952 0.        ]
  ...
  [0.         0.30937586 0.         ... 0.         0.         0.14598884]
  [0.24073139 0.         0.36901146 ... 0.         0.08156056 0.        ]
  [0.         0.30330739 0.         ... 0.02727821 0.         0.17164802]]

 [[0.         0.33733938 0.         ... 0.0640656  0.         0.21053917]
  [0.26048473 0.         0.3288206  ... 0.         0.14528332 0.        ]
  [0.         0.27372553 0.         ... 0.09500208 0.         0.2076221 ]
  ...
  [0.26019111 0.         0.42108549 ... 0.04634229 0.07013827 0.        ]
  [0.         0.34824079 0.         ... 0.0075074  0.         0.19043851]
  [0.28498903 0.         0.40050793 ... 0.         0.12080611 0.        ]]]","[[0. 0. 0. ... 0. 0. 0.]
 [0. 0. 0. ... 0. 0. 0.]
 [0. 0. 0. ... 0. 0. 0.]
 ...
 [0. 0. 0. ... 0. 0. 0.]
 [0. 0. 0. ... 0. 0. 0.]
 [0. 0. 0. ... 0. 0. 0.]]","[[0. 0. 0. ... 0. 0. 0.]
 [0. 0. 0. ... 0. 0. 0.]
 [0. 0. 0. ... 0. 0. 0.]
 ...
 [0. 0. 0. ... 0. 0. 0.]
 [0. 0. 0. ... 0. 0. 0.]
 [0. 0. 0. ... 0. 0. 0.]]"
0.2,0.01,6,1000.0,30,44.66717779497832,0.8980968191779003,0.4969423161846626,"[[[0.963 1.004 1.008 ... 0.995 0.991 1.007]
  [1.025 1.01  1.04  ... 1.033 1.023 0.961]
  [0.975 0.999 1.032 ... 1.039 0.99  0.968]
  ...
  [1.047 1.023 1.012 ... 0.992 0.986 1.016]
  [0.99  1.062 1.017 ... 0.97  1.014 1.012]
  [1.005 0.972 1.028 ... 1.024 1.007 0.971]]

 [[0.963 1.004 1.008 ... 0.995 0.991 1.007]
  [1.025 1.01  1.04  ... 1.033 1.023 0.961]
  [0.975 0.999 1.032 ... 1.039 0.99  0.968]
  ...
  [1.047 1.023 1.012 ... 0.992 0.986 1.016]
  [0.99  1.062 1.017 ... 0.97  1.014 1.012]
  [1.005 0.972 1.028 ... 1.024 1.007 0.971]]]","[[[0.28990719 0.         0.42654016 ... 0.         0.11118681 0.        ]
  [0.         0.3703968  0.         ... 0.03428306 0.         0.20713005]
  [0.28058262 0.         0.39845897 ... 0.         0.12301106 0.        ]
  ...
  [0.         0.29849234 0.         ... 0.         0.         0.14438347]
  [0.25525382 0.         0.3889548  ... 0.01444501 0.07681464 0.        ]
  [0.         0.35279068 0.         ... 0.00052394 0.         0.1884476 ]]

 [[0.         0.42344137 0.         ... 0.02692228 0.         0.23957659]
  [0.33590375 0.         0.47205365 ... 0.         0.14220417 0.        ]
  [0.         0.40049804 0.         ... 0.04523561 0.         0.24769244]
  ...
  [0.25480866 0.         0.39761536 ... 0.05590834 0.06604087 0.        ]
  [0.         0.36867251 0.         ... 0.         0.         0.19728768]
  [0.32322708 0.         0.4679818  ... 0.00117875 0.11575791 0.        ]]]","[[0. 0. 0. ... 0. 0. 0.]
 [0. 0. 0. ... 0. 0. 0.]
 [0. 0. 0. ... 0. 0. 0.]
 ...
 [0. 0. 0. ... 0. 0. 0.]
 [0. 0. 0. ... 0. 0. 0.]
 [0. 0. 0. ... 0. 0. 0.]]","[[0. 0. 0. ... 0. 0. 0.]
 [0. 0. 0. ... 0. 0. 0.]
 [0. 0. 0. ... 0. 0. 0.]
 ...
 [0. 0. 0. ... 0. 0. 0.]
 [0. 0. 0. ... 0. 0. 0.]
 [0. 0. 0. ... 0. 0. 0.]]"
0.2,0.01,6,10000.0,10,33.39969189851775,0.7449990039179228,0.4961716319623104,"[[[0.9884 1.0011 1.0026 ... 0.9985 0.9971 1.0023]
  [1.0079 1.0031 1.0127 ... 1.0103 1.0073 1.0034]
  [0.9921 0.9997 1.0102 ... 1.0123 0.997  0.9901]
  ...
  [1.0149 1.0074 1.0039 ... 0.9974 0.9957 1.0051]
  [0.9968 1.0195 1.0053 ... 0.9904 1.0046 1.0037]
  [1.0015 0.9911 1.0088 ... 1.0076 1.0021 0.9909]]

 [[0.9884 1.0011 1.0026 ... 0.9985 0.9971 1.0023]
  [1.0079 1.0031 1.0127 ... 1.0103 1.0073 1.0034]
  [0.9921 0.9997 1.0102 ... 1.0123 0.997  0.9901]
  ...
  [1.0149 1.0074 1.0039 ... 0.9974 0.9957 1.0051]
  [0.9968 1.0195 1.0053 ... 0.9904 1.0046 1.0037]
  [1.0015 0.9911 1.0088 ... 1.0076 1.0021 0.9909]]]","[[[0.08106651 0.         0.11975308 ... 0.         0.03426478 0.        ]
  [0.         0.09122672 0.         ... 0.00882644 0.         0.05294799]
  [0.0553052  0.         0.08696705 ... 0.         0.02128954 0.        ]
  ...
  [0.         0.10863213 0.         ... 0.00572976 0.         0.06499629]
  [0.0897787  0.         0.12753929 ... 0.         0.03885894 0.        ]
  [0.         0.10827343 0.         ... 0.01058269 0.         0.06327494]]

 [[0.         0.12869088 0.         ... 0.0237892  0.         0.08026059]
  [0.09299281 0.         0.13005252 ... 0.         0.04582394 0.        ]
  [0.         0.09387649 0.         ... 0.01572404 0.         0.0601968 ]
  ...
  [0.11001145 0.         0.14965184 ... 0.         0.05468638 0.        ]
  [0.         0.13415258 0.         ... 0.02425787 0.         0.08659148]
  [0.11254881 0.         0.15345974 ... 0.         0.05526207 0.        ]]]","[[0. 0. 0. ... 0. 0. 0.]
 [0. 0. 0. ... 0. 0. 0.]
 [0. 0. 0. ... 0. 0. 0.]
 ...
 [0. 0. 0. ... 0. 0. 0.]
 [0. 0. 0. ... 0. 0. 0.]
 [0. 0. 0. ... 0. 0. 0.]]","[[0. 0. 0. ... 0. 0. 0.]
 [0. 0. 0. ... 0. 0. 0.]
 [0. 0. 0. ... 0. 0. 0.]
 ...
 [0. 0. 0. ... 0. 0. 0.]
 [0. 0. 0. ... 0. 0. 0.]
 [0. 0. 0. ... 0. 0. 0.]]"
0.2,0.01,6,10000.0,20,43.41611251371697,0.8848768178497908,0.5006977030043273,"[[[0.9884 1.0011 1.0026 ... 0.9985 0.9971 1.0023]
  [1.0079 1.0031 1.0127 ... 1.0103 1.0073 1.0034]
  [0.9921 0.9997 1.0102 ... 1.0123 0.997  0.9901]
  ...
  [1.0149 1.0074 1.0039 ... 0.9974 0.9957 1.0051]
  [0.9968 1.0195 1.0053 ... 0.9904 1.0046 1.0037]
  [1.0015 0.9911 1.0088 ... 1.0076 1.0021 0.9909]]

 [[0.9884 1.0011 1.0026 ... 0.9985 0.9971 1.0023]
  [1.0079 1.0031 1.0127 ... 1.0103 1.0073 1.0034]
  [0.9921 0.9997 1.0102 ... 1.0123 0.997  0.9901]
  ...
  [1.0149 1.0074 1.0039 ... 0.9974 0.9957 1.0051]
  [0.9968 1.0195 1.0053 ... 0.9904 1.0046 1.0037]
  [1.0015 0.9911 1.0088 ... 1.0076 1.0021 0.9909]]]","[[[0.13305896 0.         0.13869974 ... 0.         0.09857462 0.        ]
  [0.         0.13193122 0.         ... 0.08364685 0.         0.12233466]
  [0.12014504 0.         0.10729346 ... 0.         0.10545887 0.        ]
  ...
  [0.         0.14505755 0.         ... 0.0256748  0.         0.09808891]
  [0.1313528  0.         0.15566066 ... 0.         0.07937845 0.        ]
  [0.         0.14511803 0.         ... 0.0602511  0.         0.11520911]]

 [[0.         0.17134619 0.         ... 0.09435311 0.         0.14834434]
  [0.15801701 0.         0.1503826  ... 0.         0.12962837 0.        ]
  [0.         0.14502902 0.         ... 0.11033778 0.         0.14721863]
  ...
  [0.15062674 0.         0.18772291 ... 0.         0.08564442 0.        ]
  [0.         0.17536684 0.         ... 0.06373846 0.         0.13460624]
  [0.16490065 0.         0.17912675 ... 0.         0.11443033 0.        ]]]","[[0. 0. 0. ... 0. 0. 0.]
 [0. 0. 0. ... 0. 0. 0.]
 [0. 0. 0. ... 0. 0. 0.]
 ...
 [0. 0. 0. ... 0. 0. 0.]
 [0. 0. 0. ... 0. 0. 0.]
 [0. 0. 0. ... 0. 0. 0.]]","[[0. 0. 0. ... 0. 0. 0.]
 [0. 0. 0. ... 0. 0. 0.]
 [0. 0. 0. ... 0. 0. 0.]
 ...
 [0. 0. 0. ... 0. 0. 0.]
 [0. 0. 0. ... 0. 0. 0.]
 [0. 0. 0. ... 0. 0. 0.]]"
0.2,0.01,6,10000.0,30,41.86938450186067,0.8980968191779003,0.5220692087573249,"[[[0.9884 1.0011 1.0026 ... 0.9985 0.9971 1.0023]
  [1.0079 1.0031 1.0127 ... 1.0103 1.0073 1.0034]
  [0.9921 0.9997 1.0102 ... 1.0123 0.997  0.9901]
  ...
  [1.0149 1.0074 1.0039 ... 0.9974 0.9957 1.0051]
  [0.9968 1.0195 1.0053 ... 0.9904 1.0046 1.0037]
  [1.0015 0.9911 1.0088 ... 1.0076 1.0021 0.9909]]

 [[0.9884 1.0011 1.0026 ... 0.9985 0.9971 1.0023]
  [1.0079 1.0031 1.0127 ... 1.0103 1.0073 1.0034]
  [0.9921 0.9997 1.0102 ... 1.0123 0.997  0.9901]
  ...
  [1.0149 1.0074 1.0039 ... 0.9974 0.9957 1.0051]
  [0.9968 1.0195 1.0053 ... 0.9904 1.0046 1.0037]
  [1.0015 0.9911 1.0088 ... 1.0076 1.0021 0.9909]]]","[[[0.1362831  0.         0.15961277 ... 0.         0.08771153 0.        ]
  [0.         0.15445786 0.         ... 0.05705768 0.         0.11598638]
  [0.12877651 0.         0.15636759 ... 0.         0.07791132 0.        ]
  ...
  [0.         0.11431832 0.         ... 0.03472184 0.         0.08589891]
  [0.11868741 0.         0.13603578 ... 0.         0.07597405 0.        ]
  [0.         0.14386845 0.         ... 0.0559574  0.         0.10946227]]

 [[0.         0.18491399 0.         ... 0.07843226 0.         0.14304703]
  [0.16650957 0.         0.19198813 ... 0.         0.10947816 0.        ]
  [0.         0.17748662 0.         ... 0.06485453 0.         0.13530369]
  ...
  [0.12649496 0.         0.14327241 ... 0.         0.08336523 0.        ]
  [0.         0.15735826 0.         ... 0.06747171 0.         0.12502713]
  [0.16059256 0.         0.18068149 ... 0.         0.10765394 0.        ]]]","[[0. 0. 0. ... 0. 0. 0.]
 [0. 0. 0. ... 0. 0. 0.]
 [0. 0. 0. ... 0. 0. 0.]
 ...
 [0. 0. 0. ... 0. 0. 0.]
 [0. 0. 0. ... 0. 0. 0.]
 [0. 0. 0. ... 0. 0. 0.]]","[[0. 0. 0. ... 0. 0. 0.]
 [0. 0. 0. ... 0. 0. 0.]
 [0. 0. 0. ... 0. 0. 0.]
 ...
 [0. 0. 0. ... 0. 0. 0.]
 [0. 0. 0. ... 0. 0. 0.]
 [0. 0. 0. ... 0. 0. 0.]]"
0.2,0.01,6,100000.0,10,32.22995205016194,0.7449990039179228,0.5048861821809922,"[[[0.99634 1.00036 1.00084 ... 0.99954 0.99909 1.00071]
  [1.00251 1.00098 1.00401 ... 1.00324 1.0023  0.99612]
  [0.9975  0.99989 1.00321 ... 1.00388 0.99905 0.99687]
  ...
  [1.0047  1.00233 1.00125 ... 0.99917 0.99864 1.00161]
  [0.999   1.00618 1.00327 ... 0.99697 0.99763 1.00116]
  [1.00046 0.99718 1.00279 ... 1.0024  1.00065 0.99712]]

 [[0.99634 1.00036 1.00084 ... 0.99954 0.99909 1.00071]
  [1.00251 1.00098 1.00401 ... 1.00324 1.0023  0.99612]
  [0.9975  0.99989 1.00321 ... 1.00388 0.99905 0.99687]
  ...
  [1.0047  1.00233 1.00125 ... 0.99917 0.99864 1.00161]
  [0.999   1.00618 1.00168 ... 0.99697 0.99763 1.00116]
  [1.00046 0.99718 1.00279 ... 1.0024  1.00065 0.99712]]]","[[[0.01454155 0.         0.0165638  ... 0.         0.0141443  0.        ]
  [0.         0.01636991 0.         ... 0.02076332 0.         0.01817057]
  [0.01684499 0.         0.01186127 ... 0.         0.0238942  0.        ]
  ...
  [0.         0.00089483 0.         ... 0.         0.         0.        ]
  [0.00453129 0.         0.00855169 ... 0.         0.         0.        ]
  [0.         0.01158072 0.         ... 0.00562449 0.         0.00883952]]

 [[0.         0.03149812 0.         ... 0.02885385 0.         0.03052427]
  [0.03297326 0.         0.03086799 ... 0.         0.03597416 0.        ]
  [0.         0.02994568 0.         ... 0.04293215 0.         0.037949  ]
  ...
  [0.01171592 0.00176921 0.01715134 ... 0.01465181 0.00635633 0.00699332]
  [0.         0.02049282 0.         ... 0.01125612 0.00310688 0.01684015]
  [0.02593997 0.         0.0290765  ... 0.         0.02236746 0.        ]]]","[[0. 0. 0. ... 0. 0. 0.]
 [0. 0. 0. ... 0. 0. 0.]
 [0. 0. 0. ... 0. 0. 0.]
 ...
 [0. 0. 0. ... 0. 0. 0.]
 [0. 0. 0. ... 0. 0. 0.]
 [0. 0. 0. ... 0. 0. 0.]]","[[0. 0. 0. ... 0. 0. 0.]
 [0. 0. 0. ... 0. 0. 0.]
 [0. 0. 0. ... 0. 0. 0.]
 ...
 [0. 0. 0. ... 0. 0. 0.]
 [0. 0. 0. ... 0. 0. 0.]
 [0. 0. 0. ... 0. 0. 0.]]"
0.2,0.01,6,100000.0,20,42.87216915825594,0.8848768178497908,0.5055109316590362,"[[[0.99634 1.00036 1.00084 ... 0.99954 0.99909 1.00071]
  [1.00251 1.00098 1.00401 ... 1.00324 1.0023  0.99612]
  [0.9975  0.99989 1.00321 ... 1.00388 0.99905 0.99687]
  ...
  [1.0047  1.00233 1.00125 ... 0.99917 0.99864 1.00161]
  [0.999   1.00618 1.00327 ... 0.99697 0.99763 1.00116]
  [1.00046 0.99718 1.00279 ... 1.0024  1.00065 0.99712]]

 [[0.99634 1.00036 1.00084 ... 0.99954 0.9991  1.00071]
  [1.00251 1.00098 1.00401 ... 1.00324 1.0023  0.99612]
  [0.9975  0.99989 1.00321 ... 1.00388 0.99905 0.99687]
  ...
  [1.0047  1.00233 1.00125 ... 0.99917 0.99864 1.00161]
  [0.999   1.00618 1.00168 ... 0.99697 0.99763 1.00116]
  [1.00046 0.99718 1.00279 ... 1.0024  1.00065 0.99712]]]","[[[0.02538092 0.         0.         ... 0.         0.05611991 0.        ]
  [0.         0.         0.02151063 ... 0.07480691 0.         0.04190196]
  [0.01586759 0.00206124 0.         ... 0.         0.06404407 0.        ]
  ...
  [0.         0.04404041 0.         ... 0.02955961 0.         0.04229913]
  [0.03845559 0.         0.02121935 ... 0.         0.04420884 0.        ]
  [0.         0.01794737 0.         ... 0.05546026 0.         0.04299951]]

 [[0.         0.0210359  0.02093241 ... 0.08744211 0.         0.0620576 ]
  [0.03667273 0.00752684 0.         ... 0.         0.08163864 0.        ]
  [0.         0.00051163 0.05047328 ... 0.1044013  0.         0.06202736]
  ...
  [0.06305269 0.         0.05970651 ... 0.         0.05576004 0.        ]
  [0.         0.04812166 0.         ... 0.06267104 0.         0.06228731]
  [0.05037696 0.         0.01635301 ... 0.         0.07111214 0.        ]]]","[[0. 0. 0. ... 0. 0. 0.]
 [0. 0. 0. ... 0. 0. 0.]
 [0. 0. 0. ... 0. 0. 0.]
 ...
 [0. 0. 0. ... 0. 0. 0.]
 [0. 0. 0. ... 0. 0. 0.]
 [0. 0. 0. ... 0. 0. 0.]]","[[0. 0. 0. ... 0. 0. 0.]
 [0. 0. 0. ... 0. 0. 0.]
 [0. 0. 0. ... 0. 0. 0.]
 ...
 [0. 0. 0. ... 0. 0. 0.]
 [0. 0. 0. ... 0. 0. 0.]
 [0. 0. 0. ... 0. 0. 0.]]"
0.2,0.01,6,100000.0,30,39.86135404050971,0.8980968191779003,0.5401032664588411,"[[[0.99634 1.00036 1.00084 ... 0.99954 0.99909 1.00071]
  [1.00251 1.00098 1.00401 ... 1.00324 1.0023  0.99612]
  [0.9975  0.99989 1.00321 ... 1.00388 0.99905 0.99687]
  ...
  [1.0047  1.00233 1.00125 ... 0.99917 0.99864 1.00161]
  [0.999   1.00618 1.00168 ... 0.99697 0.99763 1.00116]
  [1.00046 0.99718 1.00279 ... 1.0024  1.00065 0.99712]]

 [[0.99634 1.00036 1.00084 ... 0.99954 0.99909 1.00071]
  [1.00251 1.00098 1.00401 ... 1.00324 1.0023  0.99612]
  [0.9975  0.99989 1.00321 ... 1.00388 0.99905 0.99687]
  ...
  [1.0047  1.00233 1.00125 ... 0.99917 0.99864 1.00161]
  [0.999   1.00618 1.00168 ... 0.99697 0.99763 1.00116]
  [1.00046 0.99718 1.00279 ... 1.0024  1.00065 0.99712]]]","[[[0.05774033 0.         0.04805255 ... 0.         0.05117891 0.        ]
  [0.         0.05877907 0.         ... 0.04699295 0.         0.05944534]
  [0.06167869 0.         0.05158832 ... 0.         0.0552305  0.        ]
  ...
  [0.         0.03621502 0.         ... 0.01846758 0.         0.03358082]
  [0.0448773  0.         0.03732506 ... 0.         0.03636678 0.        ]
  [0.         0.04979006 0.         ... 0.03763973 0.         0.05027765]]

 [[0.         0.07661092 0.         ... 0.06281908 0.         0.07758544]
  [0.08271306 0.         0.07065095 ... 0.         0.07522844 0.        ]
  [0.         0.08065496 0.         ... 0.06624122 0.         0.08282398]
  ...
  [0.05475403 0.         0.04889387 ... 0.         0.04462565 0.        ]
  [0.         0.06193215 0.         ... 0.04694307 0.         0.06184325]
  [0.07321243 0.         0.0624144  ... 0.         0.06481235 0.        ]]]","[[0. 0. 0. ... 0. 0. 0.]
 [0. 0. 0. ... 0. 0. 0.]
 [0. 0. 0. ... 0. 0. 0.]
 ...
 [0. 0. 0. ... 0. 0. 0.]
 [0. 0. 0. ... 0. 0. 0.]
 [0. 0. 0. ... 0. 0. 0.]]","[[0. 0. 0. ... 0. 0. 0.]
 [0. 0. 0. ... 0. 0. 0.]
 [0. 0. 0. ... 0. 0. 0.]
 ...
 [0. 0. 0. ... 0. 0. 0.]
 [0. 0. 0. ... 0. 0. 0.]
 [0. 0. 0. ... 0. 0. 0.]]"
0.2,0.03,2,1000.0,10,28.197162117950654,0.7411159335779268,0.5321422723049953,"[[[0.963 1.004 1.008 ... 0.995 0.991 1.007]
  [1.025 1.01  1.04  ... 1.033 1.023 0.961]
  [0.975 0.999 1.032 ... 1.039 0.99  0.968]
  ...
  [1.047 1.023 1.012 ... 0.992 0.986 1.016]
  [0.99  1.062 1.017 ... 0.97  1.014 1.012]
  [1.005 0.972 1.028 ... 1.024 1.007 0.971]]

 [[0.963 1.004 1.008 ... 0.995 0.991 1.007]
  [1.025 1.01  1.04  ... 1.033 1.023 0.961]
  [0.975 0.999 1.032 ... 1.039 0.99  0.968]
  ...
  [1.047 1.023 1.012 ... 0.992 0.986 1.016]
  [0.99  1.062 1.017 ... 0.97  1.014 1.012]
  [1.005 0.972 1.028 ... 1.024 1.007 0.971]]]","[[[2.06231364e-01 0.00000000e+00 3.19839702e-01 ... 2.69977091e-03
   6.00827555e-02 0.00000000e+00]
  [0.00000000e+00 2.52521206e-01 0.00000000e+00 ... 1.08924975e-02
   0.00000000e+00 1.32175558e-01]
  [1.77568473e-01 0.00000000e+00 2.42841510e-01 ... 0.00000000e+00
   7.83933483e-02 0.00000000e+00]
  ...
  [0.00000000e+00 2.98635686e-01 0.00000000e+00 ... 0.00000000e+00
   0.00000000e+00 1.16649542e-01]
  [2.15423547e-01 0.00000000e+00 3.62458251e-01 ... 4.56096750e-02
   3.47934505e-02 0.00000000e+00]
  [0.00000000e+00 2.85649443e-01 0.00000000e+00 ... 0.00000000e+00
   0.00000000e+00 1.30964304e-01]]

 [[0.00000000e+00 3.22970756e-01 0.00000000e+00 ... 1.14772364e-04
   0.00000000e+00 1.69560264e-01]
  [2.34056201e-01 0.00000000e+00 3.26629789e-01 ... 0.00000000e+00
   9.28793954e-02 0.00000000e+00]
  [0.00000000e+00 2.62161361e-01 0.00000000e+00 ... 3.71761476e-02
   0.00000000e+00 1.71431765e-01]
  ...
  [2.44559348e-01 0.00000000e+00 4.22992620e-01 ... 9.92470396e-02
   3.29969585e-02 0.00000000e+00]
  [0.00000000e+00 3.37629608e-01 0.00000000e+00 ... 0.00000000e+00
   0.00000000e+00 1.56093241e-01]
  [2.59009849e-01 0.00000000e+00 3.97922189e-01 ... 4.04430416e-02
   6.91716938e-02 0.00000000e+00]]]","[[0. 0. 0. ... 0. 0. 0.]
 [0. 0. 0. ... 0. 0. 0.]
 [0. 0. 0. ... 0. 0. 0.]
 ...
 [0. 0. 0. ... 0. 0. 0.]
 [0. 0. 0. ... 0. 0. 0.]
 [0. 0. 0. ... 0. 0. 0.]]","[[0. 0. 0. ... 0. 0. 0.]
 [0. 0. 0. ... 0. 0. 0.]
 [0. 0. 0. ... 0. 0. 0.]
 ...
 [0. 0. 0. ... 0. 0. 0.]
 [0. 0. 0. ... 0. 0. 0.]
 [0. 0. 0. ... 0. 0. 0.]]"
0.2,0.03,2,1000.0,20,39.05682915063518,0.8951451115196893,0.5455298146631815,"[[[0.963 1.004 1.008 ... 0.995 0.991 1.007]
  [1.025 1.01  1.04  ... 1.033 1.023 0.961]
  [0.975 0.999 1.032 ... 1.039 0.99  0.968]
  ...
  [1.047 1.023 1.012 ... 0.992 0.986 1.016]
  [0.99  1.062 1.017 ... 0.97  1.014 1.012]
  [1.005 0.972 1.028 ... 1.024 1.007 0.971]]

 [[0.963 1.004 1.008 ... 0.995 0.991 1.007]
  [1.025 1.01  1.04  ... 1.033 1.023 0.961]
  [0.975 0.999 1.032 ... 1.039 0.99  0.968]
  ...
  [1.047 1.023 1.012 ... 0.992 0.986 1.016]
  [0.99  1.062 1.017 ... 0.97  1.014 1.012]
  [1.005 0.972 1.028 ... 1.024 1.007 0.971]]]","[[[0.0402634  0.         0.1702709  ... 0.14457115 0.         0.0125333 ]
  [0.         0.11627049 0.         ... 0.         0.05648998 0.        ]
  [0.06748074 0.         0.15821171 ... 0.07420603 0.         0.        ]
  ...
  [0.         0.13211804 0.         ... 0.         0.10610112 0.        ]
  [0.04046494 0.         0.19151321 ... 0.1803034  0.         0.02766745]
  [0.         0.11020634 0.         ... 0.         0.0992257  0.        ]]

 [[0.         0.1447683  0.         ... 0.         0.10994762 0.        ]
  [0.07654216 0.         0.19297475 ... 0.13688701 0.         0.0162651 ]
  [0.         0.1517956  0.         ... 0.         0.04038241 0.04758769]
  ...
  [0.06687185 0.         0.24194315 ... 0.23032583 0.         0.04102715]
  [0.         0.14255681 0.         ... 0.         0.13557313 0.        ]
  [0.06412275 0.         0.21469449 ... 0.20366389 0.         0.04841099]]]","[[0. 0. 0. ... 0. 0. 0.]
 [0. 0. 0. ... 0. 0. 0.]
 [0. 0. 0. ... 0. 0. 0.]
 ...
 [0. 0. 0. ... 0. 0. 0.]
 [0. 0. 0. ... 0. 0. 0.]
 [0. 0. 0. ... 0. 0. 0.]]","[[0. 0. 0. ... 0. 0. 0.]
 [0. 0. 0. ... 0. 0. 0.]
 [0. 0. 0. ... 0. 0. 0.]
 ...
 [0. 0. 0. ... 0. 0. 0.]
 [0. 0. 0. ... 0. 0. 0.]
 [0. 0. 0. ... 0. 0. 0.]]"
0.2,0.03,2,1000.0,30,37.7089927311908,0.8423548366010359,0.5247113124963172,"[[[0.963 1.004 1.008 ... 0.995 0.991 1.007]
  [1.025 1.01  1.04  ... 1.033 1.023 0.961]
  [0.975 0.999 1.032 ... 1.039 0.99  0.968]
  ...
  [1.047 1.023 1.012 ... 0.992 0.986 1.016]
  [0.99  1.062 1.017 ... 0.97  1.014 1.012]
  [1.005 0.972 1.028 ... 1.024 1.007 0.971]]

 [[0.963 1.004 1.008 ... 0.995 0.991 1.007]
  [1.025 1.01  1.04  ... 1.033 1.023 0.961]
  [0.975 0.999 1.032 ... 1.039 0.99  0.968]
  ...
  [1.047 1.023 1.012 ... 0.992 0.986 1.016]
  [0.99  1.062 1.017 ... 0.97  1.014 1.012]
  [1.005 0.972 1.028 ... 1.024 1.007 0.971]]]","[[[0.17474204 0.         0.27852498 ... 0.         0.0516394  0.        ]
  [0.         0.22699155 0.         ... 0.         0.         0.10354972]
  [0.15337803 0.         0.24850848 ... 0.00957259 0.03863395 0.        ]
  ...
  [0.         0.24449261 0.         ... 0.         0.         0.12131725]
  [0.18548232 0.         0.29122929 ... 0.         0.05874618 0.        ]
  [0.         0.2386139  0.         ... 0.         0.         0.11776606]]

 [[0.         0.28259126 0.         ... 0.01009583 0.         0.14752898]
  [0.20382713 0.         0.30701767 ... 0.0111096  0.06731476 0.        ]
  [0.         0.25226853 0.         ... 0.         0.         0.1354007 ]
  ...
  [0.21725451 0.         0.33793866 ... 0.02010751 0.07729411 0.        ]
  [0.         0.28119204 0.         ... 0.01352385 0.         0.15352259]
  [0.22556557 0.         0.33419904 ... 0.00604413 0.08037711 0.        ]]]","[[0. 0. 0. ... 0. 0. 0.]
 [0. 0. 0. ... 0. 0. 0.]
 [0. 0. 0. ... 0. 0. 0.]
 ...
 [0. 0. 0. ... 0. 0. 0.]
 [0. 0. 0. ... 0. 0. 0.]
 [0. 0. 0. ... 0. 0. 0.]]","[[0. 0. 0. ... 0. 0. 0.]
 [0. 0. 0. ... 0. 0. 0.]
 [0. 0. 0. ... 0. 0. 0.]
 ...
 [0. 0. 0. ... 0. 0. 0.]
 [0. 0. 0. ... 0. 0. 0.]
 [0. 0. 0. ... 0. 0. 0.]]"
0.2,0.03,2,10000.0,10,19.197403829955313,0.7411159335779268,0.5988409149608288,"[[[0.9884 1.0011 1.0026 ... 0.9985 0.9971 1.0023]
  [1.0079 1.0031 1.0127 ... 1.0103 1.0073 1.0034]
  [0.9921 0.9997 1.0102 ... 1.0123 0.997  0.9901]
  ...
  [1.0149 1.0074 1.0039 ... 0.9974 0.9957 1.0051]
  [0.9968 1.0195 1.0053 ... 0.9904 1.0046 1.0037]
  [1.0015 0.9911 1.0088 ... 1.0076 1.0021 0.9909]]

 [[0.9884 1.0011 1.0026 ... 0.9985 0.9971 1.0023]
  [1.0079 1.0031 1.0127 ... 1.0103 1.0073 1.0034]
  [0.9921 0.9997 1.0102 ... 1.0123 0.997  0.9901]
  ...
  [1.0149 1.0074 1.0039 ... 0.9974 0.9957 1.0051]
  [0.9968 1.0195 1.0053 ... 0.9904 1.0046 1.0037]
  [1.0015 0.9911 1.0088 ... 1.0076 1.0021 0.9909]]]","[[[0.12105214 0.         0.13043731 ... 0.         0.08280834 0.        ]
  [0.         0.14015287 0.         ... 0.07513905 0.         0.12005655]
  [0.13647435 0.         0.13706361 ... 0.         0.10519741 0.        ]
  ...
  [0.         0.09082081 0.         ... 0.         0.         0.04930654]
  [0.08998117 0.         0.11113098 ... 0.         0.0434214  0.        ]
  [0.         0.11795971 0.         ... 0.0384487  0.         0.08764249]]

 [[0.         0.16671831 0.         ... 0.08436508 0.         0.13807004]
  [0.16758204 0.         0.16931819 ... 0.         0.12816995 0.        ]
  [0.         0.17803562 0.         ... 0.10991256 0.         0.16178017]
  ...
  [0.09866296 0.         0.13015293 ... 0.01527107 0.04264914 0.        ]
  [0.         0.13367545 0.         ... 0.03672268 0.         0.09641104]
  [0.14017145 0.         0.15423293 ... 0.         0.09126801 0.        ]]]","[[0. 0. 0. ... 0. 0. 0.]
 [0. 0. 0. ... 0. 0. 0.]
 [0. 0. 0. ... 0. 0. 0.]
 ...
 [0. 0. 0. ... 0. 0. 0.]
 [0. 0. 0. ... 0. 0. 0.]
 [0. 0. 0. ... 0. 0. 0.]]","[[0. 0. 0. ... 0. 0. 0.]
 [0. 0. 0. ... 0. 0. 0.]
 [0. 0. 0. ... 0. 0. 0.]
 ...
 [0. 0. 0. ... 0. 0. 0.]
 [0. 0. 0. ... 0. 0. 0.]
 [0. 0. 0. ... 0. 0. 0.]]"
0.2,0.03,2,10000.0,20,34.58421396866359,0.8951451115196893,0.5855662108216877,"[[[0.9884 1.0011 1.0026 ... 0.9985 0.9971 1.0023]
  [1.0079 1.0031 1.0127 ... 1.0103 1.0073 1.0034]
  [0.9921 0.9997 1.0102 ... 1.0123 0.997  0.9901]
  ...
  [1.0149 1.0074 1.0039 ... 0.9974 0.9957 1.0051]
  [0.9968 1.0195 1.0053 ... 0.9904 1.0046 1.0037]
  [1.0015 0.9911 1.0088 ... 1.0076 1.0021 0.9909]]

 [[0.9884 1.0011 1.0026 ... 0.9985 0.9971 1.0023]
  [1.0079 1.0031 1.0127 ... 1.0103 1.0073 1.0034]
  [0.9921 0.9997 1.0102 ... 1.0123 0.997  0.9901]
  ...
  [1.0149 1.0074 1.0039 ... 0.9974 0.9957 1.0051]
  [0.9968 1.0195 1.0053 ... 0.9904 1.0046 1.0037]
  [1.0015 0.9911 1.0088 ... 1.0076 1.0021 0.9909]]]","[[[0.         0.00550068 0.         ... 0.03827869 0.         0.02499871]
  [0.02629689 0.         0.00299694 ... 0.         0.04390336 0.        ]
  [0.         0.01815703 0.         ... 0.0568737  0.         0.03900865]
  ...
  [0.         0.02508735 0.         ... 0.         0.         0.0136059 ]
  [0.         0.         0.01385226 ... 0.00522291 0.         0.        ]
  [0.00233902 0.         0.         ... 0.         0.01783286 0.        ]]

 [[0.04125601 0.         0.01556854 ... 0.         0.05855465 0.        ]
  [0.         0.03618249 0.00089657 ... 0.07431041 0.         0.05942312]
  [0.05713705 0.         0.02486051 ... 0.         0.07734987 0.        ]
  ...
  [0.04062052 0.         0.05343387 ... 0.0076166  0.02835885 0.        ]
  [0.00556854 0.02542097 0.         ... 0.         0.01978145 0.01264467]
  [0.00161059 0.01591698 0.02027442 ... 0.04705637 0.         0.03438566]]]","[[0. 0. 0. ... 0. 0. 0.]
 [0. 0. 0. ... 0. 0. 0.]
 [0. 0. 0. ... 0. 0. 0.]
 ...
 [0. 0. 0. ... 0. 0. 0.]
 [0. 0. 0. ... 0. 0. 0.]
 [0. 0. 0. ... 0. 0. 0.]]","[[0. 0. 0. ... 0. 0. 0.]
 [0. 0. 0. ... 0. 0. 0.]
 [0. 0. 0. ... 0. 0. 0.]
 ...
 [0. 0. 0. ... 0. 0. 0.]
 [0. 0. 0. ... 0. 0. 0.]
 [0. 0. 0. ... 0. 0. 0.]]"
0.2,0.03,2,10000.0,30,31.36775698765525,0.8423548366010359,0.5781270184822626,"[[[0.9884 1.0011 1.0026 ... 0.9985 0.9971 1.0023]
  [1.0079 1.0031 1.0127 ... 1.0103 1.0073 1.0034]
  [0.9921 0.9997 1.0102 ... 1.0123 0.997  0.9901]
  ...
  [1.0149 1.0074 1.0039 ... 0.9974 0.9957 1.0051]
  [0.9968 1.0195 1.0053 ... 0.9904 1.0046 1.0037]
  [1.0015 0.9911 1.0088 ... 1.0076 1.0021 0.9909]]

 [[0.9884 1.0011 1.0026 ... 0.9985 0.9971 1.0023]
  [1.0079 1.0031 1.0127 ... 1.0103 1.0073 1.0034]
  [0.9921 0.9997 1.0102 ... 1.0123 0.997  0.9901]
  ...
  [1.0149 1.0074 1.0039 ... 0.9974 0.9957 1.0051]
  [0.9968 1.0195 1.0053 ... 0.9904 1.0046 1.0037]
  [1.0015 0.9911 1.0088 ... 1.0076 1.0021 0.9909]]]","[[[0.13710563 0.         0.13638468 ... 0.         0.10723142 0.        ]
  [0.         0.1596104  0.         ... 0.07715407 0.         0.13526795]
  [0.15754646 0.         0.17437608 ... 0.         0.10547189 0.        ]
  ...
  [0.         0.07369018 0.         ... 0.08502913 0.         0.09130704]
  [0.10424304 0.         0.08540499 ... 0.         0.10020788 0.        ]
  [0.         0.11967447 0.         ... 0.0866068  0.         0.11658633]]

 [[0.         0.17886903 0.         ... 0.11138216 0.         0.16248273]
  [0.18793032 0.         0.19402012 ... 0.         0.14040482 0.        ]
  [0.         0.21118678 0.         ... 0.09426484 0.         0.17550314]
  ...
  [0.11246617 0.         0.08367818 ... 0.         0.12230367 0.        ]
  [0.         0.12624399 0.         ... 0.11887633 0.         0.1377183 ]
  [0.15781984 0.         0.14386615 ... 0.         0.13722031 0.        ]]]","[[0. 0. 0. ... 0. 0. 0.]
 [0. 0. 0. ... 0. 0. 0.]
 [0. 0. 0. ... 0. 0. 0.]
 ...
 [0. 0. 0. ... 0. 0. 0.]
 [0. 0. 0. ... 0. 0. 0.]
 [0. 0. 0. ... 0. 0. 0.]]","[[0. 0. 0. ... 0. 0. 0.]
 [0. 0. 0. ... 0. 0. 0.]
 [0. 0. 0. ... 0. 0. 0.]
 ...
 [0. 0. 0. ... 0. 0. 0.]
 [0. 0. 0. ... 0. 0. 0.]
 [0. 0. 0. ... 0. 0. 0.]]"
0.2,0.03,2,100000.0,10,16.86779935481142,0.7411159335779268,0.6161059849154646,"[[[0.99634 1.00036 1.00084 ... 0.99954 0.99909 1.00071]
  [1.00251 1.00098 1.00401 ... 1.00324 1.0023  0.99612]
  [0.9975  0.99989 1.00321 ... 1.00388 0.99905 0.99687]
  ...
  [1.0047  1.00233 1.00125 ... 0.99917 0.99864 1.00161]
  [0.999   1.00618 1.00168 ... 0.99697 0.99763 1.00116]
  [1.00046 0.99718 1.00279 ... 1.0024  1.00065 0.99712]]

 [[0.99634 1.00036 1.00084 ... 0.99954 0.99909 1.00071]
  [1.00251 1.00098 1.00401 ... 1.00324 1.0023  0.99612]
  [0.9975  0.99989 1.00321 ... 1.00388 0.99905 0.99687]
  ...
  [1.0047  1.00233 1.00125 ... 0.99917 0.99864 1.00161]
  [0.999   1.00618 1.00168 ... 0.99697 0.99763 1.00116]
  [1.00046 0.99718 1.00279 ... 1.0024  1.00065 0.99712]]]","[[[0.01576184 0.         0.         ... 0.         0.0305411  0.        ]
  [0.         0.01012506 0.         ... 0.03901432 0.         0.02847327]
  [0.02482363 0.         0.00198813 ... 0.         0.03546309 0.        ]
  ...
  [0.         0.         0.         ... 0.0142588  0.         0.01192263]
  [0.00758123 0.         0.         ... 0.         0.018516   0.        ]
  [0.         0.         0.00081127 ... 0.02949132 0.         0.01904943]]

 [[0.         0.02571805 0.0154485  ... 0.0597457  0.         0.04787587]
  [0.04354722 0.         0.01424028 ... 0.         0.05856747 0.        ]
  [0.         0.03786602 0.0018076  ... 0.06243277 0.         0.05641666]
  ...
  [0.02740597 0.0052022  0.00545832 ... 0.         0.03584728 0.        ]
  [0.         0.01655675 0.02212692 ... 0.04492832 0.         0.03654256]
  [0.03297048 0.00468642 0.00309672 ... 0.         0.04818415 0.        ]]]","[[0. 0. 0. ... 0. 0. 0.]
 [0. 0. 0. ... 0. 0. 0.]
 [0. 0. 0. ... 0. 0. 0.]
 ...
 [0. 0. 0. ... 0. 0. 0.]
 [0. 0. 0. ... 0. 0. 0.]
 [0. 0. 0. ... 0. 0. 0.]]","[[0. 0. 0. ... 0. 0. 0.]
 [0. 0. 0. ... 0. 0. 0.]
 [0. 0. 0. ... 0. 0. 0.]
 ...
 [0. 0. 0. ... 0. 0. 0.]
 [0. 0. 0. ... 0. 0. 0.]
 [0. 0. 0. ... 0. 0. 0.]]"
0.2,0.03,2,100000.0,20,35.78261916337632,0.8951451115196893,0.5748387453050187,"[[[0.99634 1.00036 1.00084 ... 0.99954 0.99909 1.00071]
  [1.00251 1.00098 1.00401 ... 1.00324 1.0023  0.99612]
  [0.9975  0.99989 1.00321 ... 1.00388 0.99905 0.99687]
  ...
  [1.0047  1.00233 1.00125 ... 0.99917 0.99864 1.00161]
  [0.999   1.00618 1.00327 ... 0.99697 0.99763 1.00116]
  [1.00046 0.99718 1.00279 ... 1.0024  1.00065 0.99712]]

 [[0.99634 1.00331 1.00546 ... 0.9995  0.99515 1.00071]
  [1.00212 0.9967  0.99803 ... 1.00114 0.99695 0.99612]
  [0.99934 1.00681 1.00434 ... 1.00388 0.99905 1.00037]
  ...
  [1.00668 1.0016  0.99543 ... 0.99917 0.99618 0.99838]
  [1.00439 1.00153 1.00327 ... 1.00167 1.00144 0.99923]
  [0.99808 0.99923 1.00062 ... 0.99865 0.99447 1.00383]]]","[[[0.         0.14921465 0.         ... 0.         0.         0.06434761]
  [0.11049044 0.         0.16563441 ... 0.00894257 0.01884804 0.        ]
  [0.         0.13822724 0.         ... 0.         0.         0.06824416]
  ...
  [0.08081626 0.         0.14553954 ... 0.03950861 0.         0.        ]
  [0.         0.13078105 0.         ... 0.         0.         0.0443358 ]
  [0.10132762 0.         0.1707932  ... 0.0230793  0.00322697 0.        ]]

 [[0.14668738 0.         0.21522072 ... 0.04183705 0.0422266  0.        ]
  [0.         0.18763973 0.         ... 0.         0.         0.0995919 ]
  [0.14025157 0.         0.19327739 ... 0.02513065 0.05149777 0.        ]
  ...
  [0.         0.15446439 0.         ... 0.         0.02165141 0.06209908]
  [0.12380063 0.         0.20367302 ... 0.05769058 0.01796888 0.        ]
  [0.         0.18199561 0.         ... 0.         0.00099806 0.08233301]]]","[[0. 0. 0. ... 0. 0. 0.]
 [0. 0. 0. ... 0. 0. 0.]
 [0. 0. 0. ... 0. 0. 0.]
 ...
 [0. 0. 0. ... 0. 0. 0.]
 [0. 0. 0. ... 0. 0. 0.]
 [0. 0. 0. ... 0. 0. 0.]]","[[0. 0. 0. ... 0. 0. 0.]
 [0. 0. 0. ... 0. 0. 0.]
 [0. 0. 0. ... 0. 0. 0.]
 ...
 [0. 0. 0. ... 0. 0. 0.]
 [0. 0. 0. ... 0. 0. 0.]
 [0. 0. 0. ... 0. 0. 0.]]"
0.2,0.03,2,100000.0,30,30.767206240874412,0.8423548366010359,0.5831857867440146,"[[[0.99634 1.00036 1.00084 ... 0.99954 0.9991  1.00071]
  [1.00251 1.00098 1.00401 ... 1.00324 1.0023  0.99612]
  [0.9975  0.99989 1.00321 ... 1.00388 0.99905 0.99687]
  ...
  [1.0047  1.00233 1.00125 ... 0.99917 0.99864 1.00161]
  [0.999   1.00618 1.00168 ... 0.99697 0.99763 1.00116]
  [1.00046 0.99718 1.00279 ... 1.0024  1.00065 0.99712]]

 [[0.99634 1.00036 1.00084 ... 0.99954 0.99909 1.00071]
  [1.00251 1.00098 1.00401 ... 1.00324 1.0023  0.99612]
  [0.9975  0.99989 1.00321 ... 1.00388 0.99905 0.99687]
  ...
  [1.0047  1.00233 1.00125 ... 0.99917 0.99864 1.00161]
  [0.999   1.00618 1.00168 ... 0.99697 0.99763 1.00116]
  [1.00046 0.99718 1.00279 ... 1.0024  1.00065 0.99712]]]","[[[0.06087291 0.         0.04135651 ... 0.         0.06112655 0.        ]
  [0.         0.07598663 0.         ... 0.04270949 0.         0.06903152]
  [0.08813404 0.         0.09794709 ... 0.         0.05493107 0.        ]
  ...
  [0.         0.         0.02390039 ... 0.0862527  0.         0.04741226]
  [0.03302988 0.         0.         ... 0.         0.0664799  0.        ]
  [0.         0.03088367 0.         ... 0.06555781 0.         0.0576713 ]]

 [[0.         0.08084758 0.         ... 0.08076448 0.         0.09207792]
  [0.10468749 0.         0.0985499  ... 0.         0.08551811 0.        ]
  [0.         0.12861862 0.         ... 0.05511079 0.         0.10462349]
  ...
  [0.04347707 0.01306737 0.         ... 0.         0.09826419 0.        ]
  [0.         0.03129228 0.02074472 ... 0.10637894 0.         0.07909052]
  [0.07320072 0.         0.03388635 ... 0.         0.09231954 0.        ]]]","[[0. 0. 0. ... 0. 0. 0.]
 [0. 0. 0. ... 0. 0. 0.]
 [0. 0. 0. ... 0. 0. 0.]
 ...
 [0. 0. 0. ... 0. 0. 0.]
 [0. 0. 0. ... 0. 0. 0.]
 [0. 0. 0. ... 0. 0. 0.]]","[[0. 0. 0. ... 0. 0. 0.]
 [0. 0. 0. ... 0. 0. 0.]
 [0. 0. 0. ... 0. 0. 0.]
 ...
 [0. 0. 0. ... 0. 0. 0.]
 [0. 0. 0. ... 0. 0. 0.]
 [0. 0. 0. ... 0. 0. 0.]]"
0.2,0.03,4,1000.0,10,28.197162117950654,0.7411159335779268,0.5321422723049953,"[[[0.963 1.004 1.008 ... 0.995 0.991 1.007]
  [1.025 1.01  1.04  ... 1.033 1.023 0.961]
  [0.975 0.999 1.032 ... 1.039 0.99  0.968]
  ...
  [1.047 1.023 1.012 ... 0.992 0.986 1.016]
  [0.99  1.062 1.017 ... 0.97  1.014 1.012]
  [1.005 0.972 1.028 ... 1.024 1.007 0.971]]

 [[0.963 1.004 1.008 ... 0.995 0.991 1.007]
  [1.025 1.01  1.04  ... 1.033 1.023 0.961]
  [0.975 0.999 1.032 ... 1.039 0.99  0.968]
  ...
  [1.047 1.023 1.012 ... 0.992 0.986 1.016]
  [0.99  1.062 1.017 ... 0.97  1.014 1.012]
  [1.005 0.972 1.028 ... 1.024 1.007 0.971]]]","[[[2.06231364e-01 0.00000000e+00 3.19839702e-01 ... 2.69977091e-03
   6.00827555e-02 0.00000000e+00]
  [0.00000000e+00 2.52521206e-01 0.00000000e+00 ... 1.08924975e-02
   0.00000000e+00 1.32175558e-01]
  [1.77568473e-01 0.00000000e+00 2.42841510e-01 ... 0.00000000e+00
   7.83933483e-02 0.00000000e+00]
  ...
  [0.00000000e+00 2.98635686e-01 0.00000000e+00 ... 0.00000000e+00
   0.00000000e+00 1.16649542e-01]
  [2.15423547e-01 0.00000000e+00 3.62458251e-01 ... 4.56096750e-02
   3.47934505e-02 0.00000000e+00]
  [0.00000000e+00 2.85649443e-01 0.00000000e+00 ... 0.00000000e+00
   0.00000000e+00 1.30964304e-01]]

 [[0.00000000e+00 3.22970756e-01 0.00000000e+00 ... 1.14772364e-04
   0.00000000e+00 1.69560264e-01]
  [2.34056201e-01 0.00000000e+00 3.26629789e-01 ... 0.00000000e+00
   9.28793954e-02 0.00000000e+00]
  [0.00000000e+00 2.62161361e-01 0.00000000e+00 ... 3.71761476e-02
   0.00000000e+00 1.71431765e-01]
  ...
  [2.44559348e-01 0.00000000e+00 4.22992620e-01 ... 9.92470396e-02
   3.29969585e-02 0.00000000e+00]
  [0.00000000e+00 3.37629608e-01 0.00000000e+00 ... 0.00000000e+00
   0.00000000e+00 1.56093241e-01]
  [2.59009849e-01 0.00000000e+00 3.97922189e-01 ... 4.04430416e-02
   6.91716938e-02 0.00000000e+00]]]","[[0. 0. 0. ... 0. 0. 0.]
 [0. 0. 0. ... 0. 0. 0.]
 [0. 0. 0. ... 0. 0. 0.]
 ...
 [0. 0. 0. ... 0. 0. 0.]
 [0. 0. 0. ... 0. 0. 0.]
 [0. 0. 0. ... 0. 0. 0.]]","[[0. 0. 0. ... 0. 0. 0.]
 [0. 0. 0. ... 0. 0. 0.]
 [0. 0. 0. ... 0. 0. 0.]
 ...
 [0. 0. 0. ... 0. 0. 0.]
 [0. 0. 0. ... 0. 0. 0.]
 [0. 0. 0. ... 0. 0. 0.]]"
0.2,0.03,4,1000.0,20,39.05682915063518,0.8951451115196893,0.5455298146631815,"[[[0.963 1.004 1.008 ... 0.995 0.991 1.007]
  [1.025 1.01  1.04  ... 1.033 1.023 0.961]
  [0.975 0.999 1.032 ... 1.039 0.99  0.968]
  ...
  [1.047 1.023 1.012 ... 0.992 0.986 1.016]
  [0.99  1.062 1.017 ... 0.97  1.014 1.012]
  [1.005 0.972 1.028 ... 1.024 1.007 0.971]]

 [[0.963 1.004 1.008 ... 0.995 0.991 1.007]
  [1.025 1.01  1.04  ... 1.033 1.023 0.961]
  [0.975 0.999 1.032 ... 1.039 0.99  0.968]
  ...
  [1.047 1.023 1.012 ... 0.992 0.986 1.016]
  [0.99  1.062 1.017 ... 0.97  1.014 1.012]
  [1.005 0.972 1.028 ... 1.024 1.007 0.971]]]","[[[0.0402634  0.         0.1702709  ... 0.14457115 0.         0.0125333 ]
  [0.         0.11627049 0.         ... 0.         0.05648998 0.        ]
  [0.06748074 0.         0.15821171 ... 0.07420603 0.         0.        ]
  ...
  [0.         0.13211804 0.         ... 0.         0.10610112 0.        ]
  [0.04046494 0.         0.19151321 ... 0.1803034  0.         0.02766745]
  [0.         0.11020634 0.         ... 0.         0.0992257  0.        ]]

 [[0.         0.1447683  0.         ... 0.         0.10994762 0.        ]
  [0.07654216 0.         0.19297475 ... 0.13688701 0.         0.0162651 ]
  [0.         0.1517956  0.         ... 0.         0.04038241 0.04758769]
  ...
  [0.06687185 0.         0.24194315 ... 0.23032583 0.         0.04102715]
  [0.         0.14255681 0.         ... 0.         0.13557313 0.        ]
  [0.06412275 0.         0.21469449 ... 0.20366389 0.         0.04841099]]]","[[0. 0. 0. ... 0. 0. 0.]
 [0. 0. 0. ... 0. 0. 0.]
 [0. 0. 0. ... 0. 0. 0.]
 ...
 [0. 0. 0. ... 0. 0. 0.]
 [0. 0. 0. ... 0. 0. 0.]
 [0. 0. 0. ... 0. 0. 0.]]","[[0. 0. 0. ... 0. 0. 0.]
 [0. 0. 0. ... 0. 0. 0.]
 [0. 0. 0. ... 0. 0. 0.]
 ...
 [0. 0. 0. ... 0. 0. 0.]
 [0. 0. 0. ... 0. 0. 0.]
 [0. 0. 0. ... 0. 0. 0.]]"
0.2,0.03,4,1000.0,30,37.7089927311908,0.8423548366010359,0.5247113124963172,"[[[0.963 1.004 1.008 ... 0.995 0.991 1.007]
  [1.025 1.01  1.04  ... 1.033 1.023 0.961]
  [0.975 0.999 1.032 ... 1.039 0.99  0.968]
  ...
  [1.047 1.023 1.012 ... 0.992 0.986 1.016]
  [0.99  1.062 1.017 ... 0.97  1.014 1.012]
  [1.005 0.972 1.028 ... 1.024 1.007 0.971]]

 [[0.963 1.004 1.008 ... 0.995 0.991 1.007]
  [1.025 1.01  1.04  ... 1.033 1.023 0.961]
  [0.975 0.999 1.032 ... 1.039 0.99  0.968]
  ...
  [1.047 1.023 1.012 ... 0.992 0.986 1.016]
  [0.99  1.062 1.017 ... 0.97  1.014 1.012]
  [1.005 0.972 1.028 ... 1.024 1.007 0.971]]]","[[[0.17474204 0.         0.27852498 ... 0.         0.0516394  0.        ]
  [0.         0.22699155 0.         ... 0.         0.         0.10354972]
  [0.15337803 0.         0.24850848 ... 0.00957259 0.03863395 0.        ]
  ...
  [0.         0.24449261 0.         ... 0.         0.         0.12131725]
  [0.18548232 0.         0.29122929 ... 0.         0.05874618 0.        ]
  [0.         0.2386139  0.         ... 0.         0.         0.11776606]]

 [[0.         0.28259126 0.         ... 0.01009583 0.         0.14752898]
  [0.20382713 0.         0.30701767 ... 0.0111096  0.06731476 0.        ]
  [0.         0.25226853 0.         ... 0.         0.         0.1354007 ]
  ...
  [0.21725451 0.         0.33793866 ... 0.02010751 0.07729411 0.        ]
  [0.         0.28119204 0.         ... 0.01352385 0.         0.15352259]
  [0.22556557 0.         0.33419904 ... 0.00604413 0.08037711 0.        ]]]","[[0. 0. 0. ... 0. 0. 0.]
 [0. 0. 0. ... 0. 0. 0.]
 [0. 0. 0. ... 0. 0. 0.]
 ...
 [0. 0. 0. ... 0. 0. 0.]
 [0. 0. 0. ... 0. 0. 0.]
 [0. 0. 0. ... 0. 0. 0.]]","[[0. 0. 0. ... 0. 0. 0.]
 [0. 0. 0. ... 0. 0. 0.]
 [0. 0. 0. ... 0. 0. 0.]
 ...
 [0. 0. 0. ... 0. 0. 0.]
 [0. 0. 0. ... 0. 0. 0.]
 [0. 0. 0. ... 0. 0. 0.]]"
0.2,0.03,4,10000.0,10,19.197403829955313,0.7411159335779268,0.5988409149608288,"[[[0.9884 1.0011 1.0026 ... 0.9985 0.9971 1.0023]
  [1.0079 1.0031 1.0127 ... 1.0103 1.0073 1.0034]
  [0.9921 0.9997 1.0102 ... 1.0123 0.997  0.9901]
  ...
  [1.0149 1.0074 1.0039 ... 0.9974 0.9957 1.0051]
  [0.9968 1.0195 1.0053 ... 0.9904 1.0046 1.0037]
  [1.0015 0.9911 1.0088 ... 1.0076 1.0021 0.9909]]

 [[0.9884 1.0011 1.0026 ... 0.9985 0.9971 1.0023]
  [1.0079 1.0031 1.0127 ... 1.0103 1.0073 1.0034]
  [0.9921 0.9997 1.0102 ... 1.0123 0.997  0.9901]
  ...
  [1.0149 1.0074 1.0039 ... 0.9974 0.9957 1.0051]
  [0.9968 1.0195 1.0053 ... 0.9904 1.0046 1.0037]
  [1.0015 0.9911 1.0088 ... 1.0076 1.0021 0.9909]]]","[[[0.12105214 0.         0.13043731 ... 0.         0.08280834 0.        ]
  [0.         0.14015287 0.         ... 0.07513905 0.         0.12005655]
  [0.13647435 0.         0.13706361 ... 0.         0.10519741 0.        ]
  ...
  [0.         0.09082081 0.         ... 0.         0.         0.04930654]
  [0.08998117 0.         0.11113098 ... 0.         0.0434214  0.        ]
  [0.         0.11795971 0.         ... 0.0384487  0.         0.08764249]]

 [[0.         0.16671831 0.         ... 0.08436508 0.         0.13807004]
  [0.16758204 0.         0.16931819 ... 0.         0.12816995 0.        ]
  [0.         0.17803562 0.         ... 0.10991256 0.         0.16178017]
  ...
  [0.09866296 0.         0.13015293 ... 0.01527107 0.04264914 0.        ]
  [0.         0.13367545 0.         ... 0.03672268 0.         0.09641104]
  [0.14017145 0.         0.15423293 ... 0.         0.09126801 0.        ]]]","[[0. 0. 0. ... 0. 0. 0.]
 [0. 0. 0. ... 0. 0. 0.]
 [0. 0. 0. ... 0. 0. 0.]
 ...
 [0. 0. 0. ... 0. 0. 0.]
 [0. 0. 0. ... 0. 0. 0.]
 [0. 0. 0. ... 0. 0. 0.]]","[[0. 0. 0. ... 0. 0. 0.]
 [0. 0. 0. ... 0. 0. 0.]
 [0. 0. 0. ... 0. 0. 0.]
 ...
 [0. 0. 0. ... 0. 0. 0.]
 [0. 0. 0. ... 0. 0. 0.]
 [0. 0. 0. ... 0. 0. 0.]]"
0.2,0.03,4,10000.0,20,34.58421396866359,0.8951451115196893,0.5855662108216877,"[[[0.9884 1.0011 1.0026 ... 0.9985 0.9971 1.0023]
  [1.0079 1.0031 1.0127 ... 1.0103 1.0073 1.0034]
  [0.9921 0.9997 1.0102 ... 1.0123 0.997  0.9901]
  ...
  [1.0149 1.0074 1.0039 ... 0.9974 0.9957 1.0051]
  [0.9968 1.0195 1.0053 ... 0.9904 1.0046 1.0037]
  [1.0015 0.9911 1.0088 ... 1.0076 1.0021 0.9909]]

 [[0.9884 1.0011 1.0026 ... 0.9985 0.9971 1.0023]
  [1.0079 1.0031 1.0127 ... 1.0103 1.0073 1.0034]
  [0.9921 0.9997 1.0102 ... 1.0123 0.997  0.9901]
  ...
  [1.0149 1.0074 1.0039 ... 0.9974 0.9957 1.0051]
  [0.9968 1.0195 1.0053 ... 0.9904 1.0046 1.0037]
  [1.0015 0.9911 1.0088 ... 1.0076 1.0021 0.9909]]]","[[[0.         0.00550068 0.         ... 0.03827869 0.         0.02499871]
  [0.02629689 0.         0.00299694 ... 0.         0.04390336 0.        ]
  [0.         0.01815703 0.         ... 0.0568737  0.         0.03900865]
  ...
  [0.         0.02508735 0.         ... 0.         0.         0.0136059 ]
  [0.         0.         0.01385226 ... 0.00522291 0.         0.        ]
  [0.00233902 0.         0.         ... 0.         0.01783286 0.        ]]

 [[0.04125601 0.         0.01556854 ... 0.         0.05855465 0.        ]
  [0.         0.03618249 0.00089657 ... 0.07431041 0.         0.05942312]
  [0.05713705 0.         0.02486051 ... 0.         0.07734987 0.        ]
  ...
  [0.04062052 0.         0.05343387 ... 0.0076166  0.02835885 0.        ]
  [0.00556854 0.02542097 0.         ... 0.         0.01978145 0.01264467]
  [0.00161059 0.01591698 0.02027442 ... 0.04705637 0.         0.03438566]]]","[[0. 0. 0. ... 0. 0. 0.]
 [0. 0. 0. ... 0. 0. 0.]
 [0. 0. 0. ... 0. 0. 0.]
 ...
 [0. 0. 0. ... 0. 0. 0.]
 [0. 0. 0. ... 0. 0. 0.]
 [0. 0. 0. ... 0. 0. 0.]]","[[0. 0. 0. ... 0. 0. 0.]
 [0. 0. 0. ... 0. 0. 0.]
 [0. 0. 0. ... 0. 0. 0.]
 ...
 [0. 0. 0. ... 0. 0. 0.]
 [0. 0. 0. ... 0. 0. 0.]
 [0. 0. 0. ... 0. 0. 0.]]"
0.2,0.03,4,10000.0,30,31.36775698765525,0.8423548366010359,0.5781270184822626,"[[[0.9884 1.0011 1.0026 ... 0.9985 0.9971 1.0023]
  [1.0079 1.0031 1.0127 ... 1.0103 1.0073 1.0034]
  [0.9921 0.9997 1.0102 ... 1.0123 0.997  0.9901]
  ...
  [1.0149 1.0074 1.0039 ... 0.9974 0.9957 1.0051]
  [0.9968 1.0195 1.0053 ... 0.9904 1.0046 1.0037]
  [1.0015 0.9911 1.0088 ... 1.0076 1.0021 0.9909]]

 [[0.9884 1.0011 1.0026 ... 0.9985 0.9971 1.0023]
  [1.0079 1.0031 1.0127 ... 1.0103 1.0073 1.0034]
  [0.9921 0.9997 1.0102 ... 1.0123 0.997  0.9901]
  ...
  [1.0149 1.0074 1.0039 ... 0.9974 0.9957 1.0051]
  [0.9968 1.0195 1.0053 ... 0.9904 1.0046 1.0037]
  [1.0015 0.9911 1.0088 ... 1.0076 1.0021 0.9909]]]","[[[0.13710563 0.         0.13638468 ... 0.         0.10723142 0.        ]
  [0.         0.1596104  0.         ... 0.07715407 0.         0.13526795]
  [0.15754646 0.         0.17437608 ... 0.         0.10547189 0.        ]
  ...
  [0.         0.07369018 0.         ... 0.08502913 0.         0.09130704]
  [0.10424304 0.         0.08540499 ... 0.         0.10020788 0.        ]
  [0.         0.11967447 0.         ... 0.0866068  0.         0.11658633]]

 [[0.         0.17886903 0.         ... 0.11138216 0.         0.16248273]
  [0.18793032 0.         0.19402012 ... 0.         0.14040482 0.        ]
  [0.         0.21118678 0.         ... 0.09426484 0.         0.17550314]
  ...
  [0.11246617 0.         0.08367818 ... 0.         0.12230367 0.        ]
  [0.         0.12624399 0.         ... 0.11887633 0.         0.1377183 ]
  [0.15781984 0.         0.14386615 ... 0.         0.13722031 0.        ]]]","[[0. 0. 0. ... 0. 0. 0.]
 [0. 0. 0. ... 0. 0. 0.]
 [0. 0. 0. ... 0. 0. 0.]
 ...
 [0. 0. 0. ... 0. 0. 0.]
 [0. 0. 0. ... 0. 0. 0.]
 [0. 0. 0. ... 0. 0. 0.]]","[[0. 0. 0. ... 0. 0. 0.]
 [0. 0. 0. ... 0. 0. 0.]
 [0. 0. 0. ... 0. 0. 0.]
 ...
 [0. 0. 0. ... 0. 0. 0.]
 [0. 0. 0. ... 0. 0. 0.]
 [0. 0. 0. ... 0. 0. 0.]]"
0.2,0.03,4,100000.0,10,16.86779935481142,0.7411159335779268,0.6161059849154646,"[[[0.99634 1.00036 1.00084 ... 0.99954 0.99909 1.00071]
  [1.00251 1.00098 1.00401 ... 1.00324 1.0023  0.99612]
  [0.9975  0.99989 1.00321 ... 1.00388 0.99905 0.99687]
  ...
  [1.0047  1.00233 1.00125 ... 0.99917 0.99864 1.00161]
  [0.999   1.00618 1.00168 ... 0.99697 0.99763 1.00116]
  [1.00046 0.99718 1.00279 ... 1.0024  1.00065 0.99712]]

 [[0.99634 1.00036 1.00084 ... 0.99954 0.99909 1.00071]
  [1.00251 1.00098 1.00401 ... 1.00324 1.0023  0.99612]
  [0.9975  0.99989 1.00321 ... 1.00388 0.99905 0.99687]
  ...
  [1.0047  1.00233 1.00125 ... 0.99917 0.99864 1.00161]
  [0.999   1.00618 1.00168 ... 0.99697 0.99763 1.00116]
  [1.00046 0.99718 1.00279 ... 1.0024  1.00065 0.99712]]]","[[[0.01576184 0.         0.         ... 0.         0.0305411  0.        ]
  [0.         0.01012506 0.         ... 0.03901432 0.         0.02847327]
  [0.02482363 0.         0.00198813 ... 0.         0.03546309 0.        ]
  ...
  [0.         0.         0.         ... 0.0142588  0.         0.01192263]
  [0.00758123 0.         0.         ... 0.         0.018516   0.        ]
  [0.         0.         0.00081127 ... 0.02949132 0.         0.01904943]]

 [[0.         0.02571805 0.0154485  ... 0.0597457  0.         0.04787587]
  [0.04354722 0.         0.01424028 ... 0.         0.05856747 0.        ]
  [0.         0.03786602 0.0018076  ... 0.06243277 0.         0.05641666]
  ...
  [0.02740597 0.0052022  0.00545832 ... 0.         0.03584728 0.        ]
  [0.         0.01655675 0.02212692 ... 0.04492832 0.         0.03654256]
  [0.03297048 0.00468642 0.00309672 ... 0.         0.04818415 0.        ]]]","[[0. 0. 0. ... 0. 0. 0.]
 [0. 0. 0. ... 0. 0. 0.]
 [0. 0. 0. ... 0. 0. 0.]
 ...
 [0. 0. 0. ... 0. 0. 0.]
 [0. 0. 0. ... 0. 0. 0.]
 [0. 0. 0. ... 0. 0. 0.]]","[[0. 0. 0. ... 0. 0. 0.]
 [0. 0. 0. ... 0. 0. 0.]
 [0. 0. 0. ... 0. 0. 0.]
 ...
 [0. 0. 0. ... 0. 0. 0.]
 [0. 0. 0. ... 0. 0. 0.]
 [0. 0. 0. ... 0. 0. 0.]]"
0.2,0.03,4,100000.0,20,35.78261916337632,0.8951451115196893,0.5748387453050187,"[[[0.99634 1.00036 1.00084 ... 0.99954 0.99909 1.00071]
  [1.00251 1.00098 1.00401 ... 1.00324 1.0023  0.99612]
  [0.9975  0.99989 1.00321 ... 1.00388 0.99905 0.99687]
  ...
  [1.0047  1.00233 1.00125 ... 0.99917 0.99864 1.00161]
  [0.999   1.00618 1.00327 ... 0.99697 0.99763 1.00116]
  [1.00046 0.99718 1.00279 ... 1.0024  1.00065 0.99712]]

 [[0.99634 1.00331 1.00546 ... 0.9995  0.99515 1.00071]
  [1.00212 0.9967  0.99803 ... 1.00114 0.99695 0.99612]
  [0.99934 1.00681 1.00434 ... 1.00388 0.99905 1.00037]
  ...
  [1.00668 1.0016  0.99543 ... 0.99917 0.99618 0.99838]
  [1.00439 1.00153 1.00327 ... 1.00167 1.00144 0.99923]
  [0.99808 0.99923 1.00062 ... 0.99865 0.99447 1.00383]]]","[[[0.         0.14921465 0.         ... 0.         0.         0.06434761]
  [0.11049044 0.         0.16563441 ... 0.00894257 0.01884804 0.        ]
  [0.         0.13822724 0.         ... 0.         0.         0.06824416]
  ...
  [0.08081626 0.         0.14553954 ... 0.03950861 0.         0.        ]
  [0.         0.13078105 0.         ... 0.         0.         0.0443358 ]
  [0.10132762 0.         0.1707932  ... 0.0230793  0.00322697 0.        ]]

 [[0.14668738 0.         0.21522072 ... 0.04183705 0.0422266  0.        ]
  [0.         0.18763973 0.         ... 0.         0.         0.0995919 ]
  [0.14025157 0.         0.19327739 ... 0.02513065 0.05149777 0.        ]
  ...
  [0.         0.15446439 0.         ... 0.         0.02165141 0.06209908]
  [0.12380063 0.         0.20367302 ... 0.05769058 0.01796888 0.        ]
  [0.         0.18199561 0.         ... 0.         0.00099806 0.08233301]]]","[[0. 0. 0. ... 0. 0. 0.]
 [0. 0. 0. ... 0. 0. 0.]
 [0. 0. 0. ... 0. 0. 0.]
 ...
 [0. 0. 0. ... 0. 0. 0.]
 [0. 0. 0. ... 0. 0. 0.]
 [0. 0. 0. ... 0. 0. 0.]]","[[0. 0. 0. ... 0. 0. 0.]
 [0. 0. 0. ... 0. 0. 0.]
 [0. 0. 0. ... 0. 0. 0.]
 ...
 [0. 0. 0. ... 0. 0. 0.]
 [0. 0. 0. ... 0. 0. 0.]
 [0. 0. 0. ... 0. 0. 0.]]"
0.2,0.03,4,100000.0,30,30.767206240874412,0.8423548366010359,0.5831857867440146,"[[[0.99634 1.00036 1.00084 ... 0.99954 0.9991  1.00071]
  [1.00251 1.00098 1.00401 ... 1.00324 1.0023  0.99612]
  [0.9975  0.99989 1.00321 ... 1.00388 0.99905 0.99687]
  ...
  [1.0047  1.00233 1.00125 ... 0.99917 0.99864 1.00161]
  [0.999   1.00618 1.00168 ... 0.99697 0.99763 1.00116]
  [1.00046 0.99718 1.00279 ... 1.0024  1.00065 0.99712]]

 [[0.99634 1.00036 1.00084 ... 0.99954 0.99909 1.00071]
  [1.00251 1.00098 1.00401 ... 1.00324 1.0023  0.99612]
  [0.9975  0.99989 1.00321 ... 1.00388 0.99905 0.99687]
  ...
  [1.0047  1.00233 1.00125 ... 0.99917 0.99864 1.00161]
  [0.999   1.00618 1.00168 ... 0.99697 0.99763 1.00116]
  [1.00046 0.99718 1.00279 ... 1.0024  1.00065 0.99712]]]","[[[0.06087291 0.         0.04135651 ... 0.         0.06112655 0.        ]
  [0.         0.07598663 0.         ... 0.04270949 0.         0.06903152]
  [0.08813404 0.         0.09794709 ... 0.         0.05493107 0.        ]
  ...
  [0.         0.         0.02390039 ... 0.0862527  0.         0.04741226]
  [0.03302988 0.         0.         ... 0.         0.0664799  0.        ]
  [0.         0.03088367 0.         ... 0.06555781 0.         0.0576713 ]]

 [[0.         0.08084758 0.         ... 0.08076448 0.         0.09207792]
  [0.10468749 0.         0.0985499  ... 0.         0.08551811 0.        ]
  [0.         0.12861862 0.         ... 0.05511079 0.         0.10462349]
  ...
  [0.04347707 0.01306737 0.         ... 0.         0.09826419 0.        ]
  [0.         0.03129228 0.02074472 ... 0.10637894 0.         0.07909052]
  [0.07320072 0.         0.03388635 ... 0.         0.09231954 0.        ]]]","[[0. 0. 0. ... 0. 0. 0.]
 [0. 0. 0. ... 0. 0. 0.]
 [0. 0. 0. ... 0. 0. 0.]
 ...
 [0. 0. 0. ... 0. 0. 0.]
 [0. 0. 0. ... 0. 0. 0.]
 [0. 0. 0. ... 0. 0. 0.]]","[[0. 0. 0. ... 0. 0. 0.]
 [0. 0. 0. ... 0. 0. 0.]
 [0. 0. 0. ... 0. 0. 0.]
 ...
 [0. 0. 0. ... 0. 0. 0.]
 [0. 0. 0. ... 0. 0. 0.]
 [0. 0. 0. ... 0. 0. 0.]]"
0.2,0.03,6,1000.0,10,28.197162117950654,0.7411159335779268,0.5321422723049953,"[[[0.963 1.004 1.008 ... 0.995 0.991 1.007]
  [1.025 1.01  1.04  ... 1.033 1.023 0.961]
  [0.975 0.999 1.032 ... 1.039 0.99  0.968]
  ...
  [1.047 1.023 1.012 ... 0.992 0.986 1.016]
  [0.99  1.062 1.017 ... 0.97  1.014 1.012]
  [1.005 0.972 1.028 ... 1.024 1.007 0.971]]

 [[0.963 1.004 1.008 ... 0.995 0.991 1.007]
  [1.025 1.01  1.04  ... 1.033 1.023 0.961]
  [0.975 0.999 1.032 ... 1.039 0.99  0.968]
  ...
  [1.047 1.023 1.012 ... 0.992 0.986 1.016]
  [0.99  1.062 1.017 ... 0.97  1.014 1.012]
  [1.005 0.972 1.028 ... 1.024 1.007 0.971]]]","[[[2.06231364e-01 0.00000000e+00 3.19839702e-01 ... 2.69977091e-03
   6.00827555e-02 0.00000000e+00]
  [0.00000000e+00 2.52521206e-01 0.00000000e+00 ... 1.08924975e-02
   0.00000000e+00 1.32175558e-01]
  [1.77568473e-01 0.00000000e+00 2.42841510e-01 ... 0.00000000e+00
   7.83933483e-02 0.00000000e+00]
  ...
  [0.00000000e+00 2.98635686e-01 0.00000000e+00 ... 0.00000000e+00
   0.00000000e+00 1.16649542e-01]
  [2.15423547e-01 0.00000000e+00 3.62458251e-01 ... 4.56096750e-02
   3.47934505e-02 0.00000000e+00]
  [0.00000000e+00 2.85649443e-01 0.00000000e+00 ... 0.00000000e+00
   0.00000000e+00 1.30964304e-01]]

 [[0.00000000e+00 3.22970756e-01 0.00000000e+00 ... 1.14772364e-04
   0.00000000e+00 1.69560264e-01]
  [2.34056201e-01 0.00000000e+00 3.26629789e-01 ... 0.00000000e+00
   9.28793954e-02 0.00000000e+00]
  [0.00000000e+00 2.62161361e-01 0.00000000e+00 ... 3.71761476e-02
   0.00000000e+00 1.71431765e-01]
  ...
  [2.44559348e-01 0.00000000e+00 4.22992620e-01 ... 9.92470396e-02
   3.29969585e-02 0.00000000e+00]
  [0.00000000e+00 3.37629608e-01 0.00000000e+00 ... 0.00000000e+00
   0.00000000e+00 1.56093241e-01]
  [2.59009849e-01 0.00000000e+00 3.97922189e-01 ... 4.04430416e-02
   6.91716938e-02 0.00000000e+00]]]","[[0. 0. 0. ... 0. 0. 0.]
 [0. 0. 0. ... 0. 0. 0.]
 [0. 0. 0. ... 0. 0. 0.]
 ...
 [0. 0. 0. ... 0. 0. 0.]
 [0. 0. 0. ... 0. 0. 0.]
 [0. 0. 0. ... 0. 0. 0.]]","[[0. 0. 0. ... 0. 0. 0.]
 [0. 0. 0. ... 0. 0. 0.]
 [0. 0. 0. ... 0. 0. 0.]
 ...
 [0. 0. 0. ... 0. 0. 0.]
 [0. 0. 0. ... 0. 0. 0.]
 [0. 0. 0. ... 0. 0. 0.]]"
0.2,0.03,6,1000.0,20,39.05682915063518,0.8951451115196893,0.5455298146631815,"[[[0.963 1.004 1.008 ... 0.995 0.991 1.007]
  [1.025 1.01  1.04  ... 1.033 1.023 0.961]
  [0.975 0.999 1.032 ... 1.039 0.99  0.968]
  ...
  [1.047 1.023 1.012 ... 0.992 0.986 1.016]
  [0.99  1.062 1.017 ... 0.97  1.014 1.012]
  [1.005 0.972 1.028 ... 1.024 1.007 0.971]]

 [[0.963 1.004 1.008 ... 0.995 0.991 1.007]
  [1.025 1.01  1.04  ... 1.033 1.023 0.961]
  [0.975 0.999 1.032 ... 1.039 0.99  0.968]
  ...
  [1.047 1.023 1.012 ... 0.992 0.986 1.016]
  [0.99  1.062 1.017 ... 0.97  1.014 1.012]
  [1.005 0.972 1.028 ... 1.024 1.007 0.971]]]","[[[0.0402634  0.         0.1702709  ... 0.14457115 0.         0.0125333 ]
  [0.         0.11627049 0.         ... 0.         0.05648998 0.        ]
  [0.06748074 0.         0.15821171 ... 0.07420603 0.         0.        ]
  ...
  [0.         0.13211804 0.         ... 0.         0.10610112 0.        ]
  [0.04046494 0.         0.19151321 ... 0.1803034  0.         0.02766745]
  [0.         0.11020634 0.         ... 0.         0.0992257  0.        ]]

 [[0.         0.1447683  0.         ... 0.         0.10994762 0.        ]
  [0.07654216 0.         0.19297475 ... 0.13688701 0.         0.0162651 ]
  [0.         0.1517956  0.         ... 0.         0.04038241 0.04758769]
  ...
  [0.06687185 0.         0.24194315 ... 0.23032583 0.         0.04102715]
  [0.         0.14255681 0.         ... 0.         0.13557313 0.        ]
  [0.06412275 0.         0.21469449 ... 0.20366389 0.         0.04841099]]]","[[0. 0. 0. ... 0. 0. 0.]
 [0. 0. 0. ... 0. 0. 0.]
 [0. 0. 0. ... 0. 0. 0.]
 ...
 [0. 0. 0. ... 0. 0. 0.]
 [0. 0. 0. ... 0. 0. 0.]
 [0. 0. 0. ... 0. 0. 0.]]","[[0. 0. 0. ... 0. 0. 0.]
 [0. 0. 0. ... 0. 0. 0.]
 [0. 0. 0. ... 0. 0. 0.]
 ...
 [0. 0. 0. ... 0. 0. 0.]
 [0. 0. 0. ... 0. 0. 0.]
 [0. 0. 0. ... 0. 0. 0.]]"
0.2,0.03,6,1000.0,30,37.7089927311908,0.8423548366010359,0.5247113124963172,"[[[0.963 1.004 1.008 ... 0.995 0.991 1.007]
  [1.025 1.01  1.04  ... 1.033 1.023 0.961]
  [0.975 0.999 1.032 ... 1.039 0.99  0.968]
  ...
  [1.047 1.023 1.012 ... 0.992 0.986 1.016]
  [0.99  1.062 1.017 ... 0.97  1.014 1.012]
  [1.005 0.972 1.028 ... 1.024 1.007 0.971]]

 [[0.963 1.004 1.008 ... 0.995 0.991 1.007]
  [1.025 1.01  1.04  ... 1.033 1.023 0.961]
  [0.975 0.999 1.032 ... 1.039 0.99  0.968]
  ...
  [1.047 1.023 1.012 ... 0.992 0.986 1.016]
  [0.99  1.062 1.017 ... 0.97  1.014 1.012]
  [1.005 0.972 1.028 ... 1.024 1.007 0.971]]]","[[[0.17474204 0.         0.27852498 ... 0.         0.0516394  0.        ]
  [0.         0.22699155 0.         ... 0.         0.         0.10354972]
  [0.15337803 0.         0.24850848 ... 0.00957259 0.03863395 0.        ]
  ...
  [0.         0.24449261 0.         ... 0.         0.         0.12131725]
  [0.18548232 0.         0.29122929 ... 0.         0.05874618 0.        ]
  [0.         0.2386139  0.         ... 0.         0.         0.11776606]]

 [[0.         0.28259126 0.         ... 0.01009583 0.         0.14752898]
  [0.20382713 0.         0.30701767 ... 0.0111096  0.06731476 0.        ]
  [0.         0.25226853 0.         ... 0.         0.         0.1354007 ]
  ...
  [0.21725451 0.         0.33793866 ... 0.02010751 0.07729411 0.        ]
  [0.         0.28119204 0.         ... 0.01352385 0.         0.15352259]
  [0.22556557 0.         0.33419904 ... 0.00604413 0.08037711 0.        ]]]","[[0. 0. 0. ... 0. 0. 0.]
 [0. 0. 0. ... 0. 0. 0.]
 [0. 0. 0. ... 0. 0. 0.]
 ...
 [0. 0. 0. ... 0. 0. 0.]
 [0. 0. 0. ... 0. 0. 0.]
 [0. 0. 0. ... 0. 0. 0.]]","[[0. 0. 0. ... 0. 0. 0.]
 [0. 0. 0. ... 0. 0. 0.]
 [0. 0. 0. ... 0. 0. 0.]
 ...
 [0. 0. 0. ... 0. 0. 0.]
 [0. 0. 0. ... 0. 0. 0.]
 [0. 0. 0. ... 0. 0. 0.]]"
0.2,0.03,6,10000.0,10,19.197403829955313,0.7411159335779268,0.5988409149608288,"[[[0.9884 1.0011 1.0026 ... 0.9985 0.9971 1.0023]
  [1.0079 1.0031 1.0127 ... 1.0103 1.0073 1.0034]
  [0.9921 0.9997 1.0102 ... 1.0123 0.997  0.9901]
  ...
  [1.0149 1.0074 1.0039 ... 0.9974 0.9957 1.0051]
  [0.9968 1.0195 1.0053 ... 0.9904 1.0046 1.0037]
  [1.0015 0.9911 1.0088 ... 1.0076 1.0021 0.9909]]

 [[0.9884 1.0011 1.0026 ... 0.9985 0.9971 1.0023]
  [1.0079 1.0031 1.0127 ... 1.0103 1.0073 1.0034]
  [0.9921 0.9997 1.0102 ... 1.0123 0.997  0.9901]
  ...
  [1.0149 1.0074 1.0039 ... 0.9974 0.9957 1.0051]
  [0.9968 1.0195 1.0053 ... 0.9904 1.0046 1.0037]
  [1.0015 0.9911 1.0088 ... 1.0076 1.0021 0.9909]]]","[[[0.12105214 0.         0.13043731 ... 0.         0.08280834 0.        ]
  [0.         0.14015287 0.         ... 0.07513905 0.         0.12005655]
  [0.13647435 0.         0.13706361 ... 0.         0.10519741 0.        ]
  ...
  [0.         0.09082081 0.         ... 0.         0.         0.04930654]
  [0.08998117 0.         0.11113098 ... 0.         0.0434214  0.        ]
  [0.         0.11795971 0.         ... 0.0384487  0.         0.08764249]]

 [[0.         0.16671831 0.         ... 0.08436508 0.         0.13807004]
  [0.16758204 0.         0.16931819 ... 0.         0.12816995 0.        ]
  [0.         0.17803562 0.         ... 0.10991256 0.         0.16178017]
  ...
  [0.09866296 0.         0.13015293 ... 0.01527107 0.04264914 0.        ]
  [0.         0.13367545 0.         ... 0.03672268 0.         0.09641104]
  [0.14017145 0.         0.15423293 ... 0.         0.09126801 0.        ]]]","[[0. 0. 0. ... 0. 0. 0.]
 [0. 0. 0. ... 0. 0. 0.]
 [0. 0. 0. ... 0. 0. 0.]
 ...
 [0. 0. 0. ... 0. 0. 0.]
 [0. 0. 0. ... 0. 0. 0.]
 [0. 0. 0. ... 0. 0. 0.]]","[[0. 0. 0. ... 0. 0. 0.]
 [0. 0. 0. ... 0. 0. 0.]
 [0. 0. 0. ... 0. 0. 0.]
 ...
 [0. 0. 0. ... 0. 0. 0.]
 [0. 0. 0. ... 0. 0. 0.]
 [0. 0. 0. ... 0. 0. 0.]]"
0.2,0.03,6,10000.0,20,34.58421396866359,0.8951451115196893,0.5855662108216877,"[[[0.9884 1.0011 1.0026 ... 0.9985 0.9971 1.0023]
  [1.0079 1.0031 1.0127 ... 1.0103 1.0073 1.0034]
  [0.9921 0.9997 1.0102 ... 1.0123 0.997  0.9901]
  ...
  [1.0149 1.0074 1.0039 ... 0.9974 0.9957 1.0051]
  [0.9968 1.0195 1.0053 ... 0.9904 1.0046 1.0037]
  [1.0015 0.9911 1.0088 ... 1.0076 1.0021 0.9909]]

 [[0.9884 1.0011 1.0026 ... 0.9985 0.9971 1.0023]
  [1.0079 1.0031 1.0127 ... 1.0103 1.0073 1.0034]
  [0.9921 0.9997 1.0102 ... 1.0123 0.997  0.9901]
  ...
  [1.0149 1.0074 1.0039 ... 0.9974 0.9957 1.0051]
  [0.9968 1.0195 1.0053 ... 0.9904 1.0046 1.0037]
  [1.0015 0.9911 1.0088 ... 1.0076 1.0021 0.9909]]]","[[[0.         0.00550068 0.         ... 0.03827869 0.         0.02499871]
  [0.02629689 0.         0.00299694 ... 0.         0.04390336 0.        ]
  [0.         0.01815703 0.         ... 0.0568737  0.         0.03900865]
  ...
  [0.         0.02508735 0.         ... 0.         0.         0.0136059 ]
  [0.         0.         0.01385226 ... 0.00522291 0.         0.        ]
  [0.00233902 0.         0.         ... 0.         0.01783286 0.        ]]

 [[0.04125601 0.         0.01556854 ... 0.         0.05855465 0.        ]
  [0.         0.03618249 0.00089657 ... 0.07431041 0.         0.05942312]
  [0.05713705 0.         0.02486051 ... 0.         0.07734987 0.        ]
  ...
  [0.04062052 0.         0.05343387 ... 0.0076166  0.02835885 0.        ]
  [0.00556854 0.02542097 0.         ... 0.         0.01978145 0.01264467]
  [0.00161059 0.01591698 0.02027442 ... 0.04705637 0.         0.03438566]]]","[[0. 0. 0. ... 0. 0. 0.]
 [0. 0. 0. ... 0. 0. 0.]
 [0. 0. 0. ... 0. 0. 0.]
 ...
 [0. 0. 0. ... 0. 0. 0.]
 [0. 0. 0. ... 0. 0. 0.]
 [0. 0. 0. ... 0. 0. 0.]]","[[0. 0. 0. ... 0. 0. 0.]
 [0. 0. 0. ... 0. 0. 0.]
 [0. 0. 0. ... 0. 0. 0.]
 ...
 [0. 0. 0. ... 0. 0. 0.]
 [0. 0. 0. ... 0. 0. 0.]
 [0. 0. 0. ... 0. 0. 0.]]"
0.2,0.03,6,10000.0,30,31.36775698765525,0.8423548366010359,0.5781270184822626,"[[[0.9884 1.0011 1.0026 ... 0.9985 0.9971 1.0023]
  [1.0079 1.0031 1.0127 ... 1.0103 1.0073 1.0034]
  [0.9921 0.9997 1.0102 ... 1.0123 0.997  0.9901]
  ...
  [1.0149 1.0074 1.0039 ... 0.9974 0.9957 1.0051]
  [0.9968 1.0195 1.0053 ... 0.9904 1.0046 1.0037]
  [1.0015 0.9911 1.0088 ... 1.0076 1.0021 0.9909]]

 [[0.9884 1.0011 1.0026 ... 0.9985 0.9971 1.0023]
  [1.0079 1.0031 1.0127 ... 1.0103 1.0073 1.0034]
  [0.9921 0.9997 1.0102 ... 1.0123 0.997  0.9901]
  ...
  [1.0149 1.0074 1.0039 ... 0.9974 0.9957 1.0051]
  [0.9968 1.0195 1.0053 ... 0.9904 1.0046 1.0037]
  [1.0015 0.9911 1.0088 ... 1.0076 1.0021 0.9909]]]","[[[0.13710563 0.         0.13638468 ... 0.         0.10723142 0.        ]
  [0.         0.1596104  0.         ... 0.07715407 0.         0.13526795]
  [0.15754646 0.         0.17437608 ... 0.         0.10547189 0.        ]
  ...
  [0.         0.07369018 0.         ... 0.08502913 0.         0.09130704]
  [0.10424304 0.         0.08540499 ... 0.         0.10020788 0.        ]
  [0.         0.11967447 0.         ... 0.0866068  0.         0.11658633]]

 [[0.         0.17886903 0.         ... 0.11138216 0.         0.16248273]
  [0.18793032 0.         0.19402012 ... 0.         0.14040482 0.        ]
  [0.         0.21118678 0.         ... 0.09426484 0.         0.17550314]
  ...
  [0.11246617 0.         0.08367818 ... 0.         0.12230367 0.        ]
  [0.         0.12624399 0.         ... 0.11887633 0.         0.1377183 ]
  [0.15781984 0.         0.14386615 ... 0.         0.13722031 0.        ]]]","[[0. 0. 0. ... 0. 0. 0.]
 [0. 0. 0. ... 0. 0. 0.]
 [0. 0. 0. ... 0. 0. 0.]
 ...
 [0. 0. 0. ... 0. 0. 0.]
 [0. 0. 0. ... 0. 0. 0.]
 [0. 0. 0. ... 0. 0. 0.]]","[[0. 0. 0. ... 0. 0. 0.]
 [0. 0. 0. ... 0. 0. 0.]
 [0. 0. 0. ... 0. 0. 0.]
 ...
 [0. 0. 0. ... 0. 0. 0.]
 [0. 0. 0. ... 0. 0. 0.]
 [0. 0. 0. ... 0. 0. 0.]]"
0.2,0.03,6,100000.0,10,16.86779935481142,0.7411159335779268,0.6161059849154646,"[[[0.99634 1.00036 1.00084 ... 0.99954 0.99909 1.00071]
  [1.00251 1.00098 1.00401 ... 1.00324 1.0023  0.99612]
  [0.9975  0.99989 1.00321 ... 1.00388 0.99905 0.99687]
  ...
  [1.0047  1.00233 1.00125 ... 0.99917 0.99864 1.00161]
  [0.999   1.00618 1.00168 ... 0.99697 0.99763 1.00116]
  [1.00046 0.99718 1.00279 ... 1.0024  1.00065 0.99712]]

 [[0.99634 1.00036 1.00084 ... 0.99954 0.99909 1.00071]
  [1.00251 1.00098 1.00401 ... 1.00324 1.0023  0.99612]
  [0.9975  0.99989 1.00321 ... 1.00388 0.99905 0.99687]
  ...
  [1.0047  1.00233 1.00125 ... 0.99917 0.99864 1.00161]
  [0.999   1.00618 1.00168 ... 0.99697 0.99763 1.00116]
  [1.00046 0.99718 1.00279 ... 1.0024  1.00065 0.99712]]]","[[[0.01576184 0.         0.         ... 0.         0.0305411  0.        ]
  [0.         0.01012506 0.         ... 0.03901432 0.         0.02847327]
  [0.02482363 0.         0.00198813 ... 0.         0.03546309 0.        ]
  ...
  [0.         0.         0.         ... 0.0142588  0.         0.01192263]
  [0.00758123 0.         0.         ... 0.         0.018516   0.        ]
  [0.         0.         0.00081127 ... 0.02949132 0.         0.01904943]]

 [[0.         0.02571805 0.0154485  ... 0.0597457  0.         0.04787587]
  [0.04354722 0.         0.01424028 ... 0.         0.05856747 0.        ]
  [0.         0.03786602 0.0018076  ... 0.06243277 0.         0.05641666]
  ...
  [0.02740597 0.0052022  0.00545832 ... 0.         0.03584728 0.        ]
  [0.         0.01655675 0.02212692 ... 0.04492832 0.         0.03654256]
  [0.03297048 0.00468642 0.00309672 ... 0.         0.04818415 0.        ]]]","[[0. 0. 0. ... 0. 0. 0.]
 [0. 0. 0. ... 0. 0. 0.]
 [0. 0. 0. ... 0. 0. 0.]
 ...
 [0. 0. 0. ... 0. 0. 0.]
 [0. 0. 0. ... 0. 0. 0.]
 [0. 0. 0. ... 0. 0. 0.]]","[[0. 0. 0. ... 0. 0. 0.]
 [0. 0. 0. ... 0. 0. 0.]
 [0. 0. 0. ... 0. 0. 0.]
 ...
 [0. 0. 0. ... 0. 0. 0.]
 [0. 0. 0. ... 0. 0. 0.]
 [0. 0. 0. ... 0. 0. 0.]]"
0.2,0.03,6,100000.0,20,35.78261916337632,0.8951451115196893,0.5748387453050187,"[[[0.99634 1.00036 1.00084 ... 0.99954 0.99909 1.00071]
  [1.00251 1.00098 1.00401 ... 1.00324 1.0023  0.99612]
  [0.9975  0.99989 1.00321 ... 1.00388 0.99905 0.99687]
  ...
  [1.0047  1.00233 1.00125 ... 0.99917 0.99864 1.00161]
  [0.999   1.00618 1.00327 ... 0.99697 0.99763 1.00116]
  [1.00046 0.99718 1.00279 ... 1.0024  1.00065 0.99712]]

 [[0.99634 1.00331 1.00546 ... 0.9995  0.99515 1.00071]
  [1.00212 0.9967  0.99803 ... 1.00114 0.99695 0.99612]
  [0.99934 1.00681 1.00434 ... 1.00388 0.99905 1.00037]
  ...
  [1.00668 1.0016  0.99543 ... 0.99917 0.99618 0.99838]
  [1.00439 1.00153 1.00327 ... 1.00167 1.00144 0.99923]
  [0.99808 0.99923 1.00062 ... 0.99865 0.99447 1.00383]]]","[[[0.         0.14921465 0.         ... 0.         0.         0.06434761]
  [0.11049044 0.         0.16563441 ... 0.00894257 0.01884804 0.        ]
  [0.         0.13822724 0.         ... 0.         0.         0.06824416]
  ...
  [0.08081626 0.         0.14553954 ... 0.03950861 0.         0.        ]
  [0.         0.13078105 0.         ... 0.         0.         0.0443358 ]
  [0.10132762 0.         0.1707932  ... 0.0230793  0.00322697 0.        ]]

 [[0.14668738 0.         0.21522072 ... 0.04183705 0.0422266  0.        ]
  [0.         0.18763973 0.         ... 0.         0.         0.0995919 ]
  [0.14025157 0.         0.19327739 ... 0.02513065 0.05149777 0.        ]
  ...
  [0.         0.15446439 0.         ... 0.         0.02165141 0.06209908]
  [0.12380063 0.         0.20367302 ... 0.05769058 0.01796888 0.        ]
  [0.         0.18199561 0.         ... 0.         0.00099806 0.08233301]]]","[[0. 0. 0. ... 0. 0. 0.]
 [0. 0. 0. ... 0. 0. 0.]
 [0. 0. 0. ... 0. 0. 0.]
 ...
 [0. 0. 0. ... 0. 0. 0.]
 [0. 0. 0. ... 0. 0. 0.]
 [0. 0. 0. ... 0. 0. 0.]]","[[0. 0. 0. ... 0. 0. 0.]
 [0. 0. 0. ... 0. 0. 0.]
 [0. 0. 0. ... 0. 0. 0.]
 ...
 [0. 0. 0. ... 0. 0. 0.]
 [0. 0. 0. ... 0. 0. 0.]
 [0. 0. 0. ... 0. 0. 0.]]"
0.2,0.03,6,100000.0,30,30.767206240874412,0.8423548366010359,0.5831857867440146,"[[[0.99634 1.00036 1.00084 ... 0.99954 0.9991  1.00071]
  [1.00251 1.00098 1.00401 ... 1.00324 1.0023  0.99612]
  [0.9975  0.99989 1.00321 ... 1.00388 0.99905 0.99687]
  ...
  [1.0047  1.00233 1.00125 ... 0.99917 0.99864 1.00161]
  [0.999   1.00618 1.00168 ... 0.99697 0.99763 1.00116]
  [1.00046 0.99718 1.00279 ... 1.0024  1.00065 0.99712]]

 [[0.99634 1.00036 1.00084 ... 0.99954 0.99909 1.00071]
  [1.00251 1.00098 1.00401 ... 1.00324 1.0023  0.99612]
  [0.9975  0.99989 1.00321 ... 1.00388 0.99905 0.99687]
  ...
  [1.0047  1.00233 1.00125 ... 0.99917 0.99864 1.00161]
  [0.999   1.00618 1.00168 ... 0.99697 0.99763 1.00116]
  [1.00046 0.99718 1.00279 ... 1.0024  1.00065 0.99712]]]","[[[0.06087291 0.         0.04135651 ... 0.         0.06112655 0.        ]
  [0.         0.07598663 0.         ... 0.04270949 0.         0.06903152]
  [0.08813404 0.         0.09794709 ... 0.         0.05493107 0.        ]
  ...
  [0.         0.         0.02390039 ... 0.0862527  0.         0.04741226]
  [0.03302988 0.         0.         ... 0.         0.0664799  0.        ]
  [0.         0.03088367 0.         ... 0.06555781 0.         0.0576713 ]]

 [[0.         0.08084758 0.         ... 0.08076448 0.         0.09207792]
  [0.10468749 0.         0.0985499  ... 0.         0.08551811 0.        ]
  [0.         0.12861862 0.         ... 0.05511079 0.         0.10462349]
  ...
  [0.04347707 0.01306737 0.         ... 0.         0.09826419 0.        ]
  [0.         0.03129228 0.02074472 ... 0.10637894 0.         0.07909052]
  [0.07320072 0.         0.03388635 ... 0.         0.09231954 0.        ]]]","[[0. 0. 0. ... 0. 0. 0.]
 [0. 0. 0. ... 0. 0. 0.]
 [0. 0. 0. ... 0. 0. 0.]
 ...
 [0. 0. 0. ... 0. 0. 0.]
 [0. 0. 0. ... 0. 0. 0.]
 [0. 0. 0. ... 0. 0. 0.]]","[[0. 0. 0. ... 0. 0. 0.]
 [0. 0. 0. ... 0. 0. 0.]
 [0. 0. 0. ... 0. 0. 0.]
 ...
 [0. 0. 0. ... 0. 0. 0.]
 [0. 0. 0. ... 0. 0. 0.]
 [0. 0. 0. ... 0. 0. 0.]]"
0.2,0.05,2,1000.0,10,28.197162117950654,0.7411159335779268,0.5321422723049953,"[[[0.963 1.004 1.008 ... 0.995 0.991 1.007]
  [1.025 1.01  1.04  ... 1.033 1.023 0.961]
  [0.975 0.999 1.032 ... 1.039 0.99  0.968]
  ...
  [1.047 1.023 1.012 ... 0.992 0.986 1.016]
  [0.99  1.062 1.017 ... 0.97  1.014 1.012]
  [1.005 0.972 1.028 ... 1.024 1.007 0.971]]

 [[0.963 1.004 1.008 ... 0.995 0.991 1.007]
  [1.025 1.01  1.04  ... 1.033 1.023 0.961]
  [0.975 0.999 1.032 ... 1.039 0.99  0.968]
  ...
  [1.047 1.023 1.012 ... 0.992 0.986 1.016]
  [0.99  1.062 1.017 ... 0.97  1.014 1.012]
  [1.005 0.972 1.028 ... 1.024 1.007 0.971]]]","[[[2.06231364e-01 0.00000000e+00 3.19839702e-01 ... 2.69977091e-03
   6.00827555e-02 0.00000000e+00]
  [0.00000000e+00 2.52521206e-01 0.00000000e+00 ... 1.08924975e-02
   0.00000000e+00 1.32175558e-01]
  [1.77568473e-01 0.00000000e+00 2.42841510e-01 ... 0.00000000e+00
   7.83933483e-02 0.00000000e+00]
  ...
  [0.00000000e+00 2.98635686e-01 0.00000000e+00 ... 0.00000000e+00
   0.00000000e+00 1.16649542e-01]
  [2.15423547e-01 0.00000000e+00 3.62458251e-01 ... 4.56096750e-02
   3.47934505e-02 0.00000000e+00]
  [0.00000000e+00 2.85649443e-01 0.00000000e+00 ... 0.00000000e+00
   0.00000000e+00 1.30964304e-01]]

 [[0.00000000e+00 3.22970756e-01 0.00000000e+00 ... 1.14772364e-04
   0.00000000e+00 1.69560264e-01]
  [2.34056201e-01 0.00000000e+00 3.26629789e-01 ... 0.00000000e+00
   9.28793954e-02 0.00000000e+00]
  [0.00000000e+00 2.62161361e-01 0.00000000e+00 ... 3.71761476e-02
   0.00000000e+00 1.71431765e-01]
  ...
  [2.44559348e-01 0.00000000e+00 4.22992620e-01 ... 9.92470396e-02
   3.29969585e-02 0.00000000e+00]
  [0.00000000e+00 3.37629608e-01 0.00000000e+00 ... 0.00000000e+00
   0.00000000e+00 1.56093241e-01]
  [2.59009849e-01 0.00000000e+00 3.97922189e-01 ... 4.04430416e-02
   6.91716938e-02 0.00000000e+00]]]","[[0. 0. 0. ... 0. 0. 0.]
 [0. 0. 0. ... 0. 0. 0.]
 [0. 0. 0. ... 0. 0. 0.]
 ...
 [0. 0. 0. ... 0. 0. 0.]
 [0. 0. 0. ... 0. 0. 0.]
 [0. 0. 0. ... 0. 0. 0.]]","[[0. 0. 0. ... 0. 0. 0.]
 [0. 0. 0. ... 0. 0. 0.]
 [0. 0. 0. ... 0. 0. 0.]
 ...
 [0. 0. 0. ... 0. 0. 0.]
 [0. 0. 0. ... 0. 0. 0.]
 [0. 0. 0. ... 0. 0. 0.]]"
0.2,0.05,2,1000.0,20,39.05682915063518,0.8951451115196893,0.5455298146631815,"[[[0.963 1.004 1.008 ... 0.995 0.991 1.007]
  [1.025 1.01  1.04  ... 1.033 1.023 0.961]
  [0.975 0.999 1.032 ... 1.039 0.99  0.968]
  ...
  [1.047 1.023 1.012 ... 0.992 0.986 1.016]
  [0.99  1.062 1.017 ... 0.97  1.014 1.012]
  [1.005 0.972 1.028 ... 1.024 1.007 0.971]]

 [[0.963 1.004 1.008 ... 0.995 0.991 1.007]
  [1.025 1.01  1.04  ... 1.033 1.023 0.961]
  [0.975 0.999 1.032 ... 1.039 0.99  0.968]
  ...
  [1.047 1.023 1.012 ... 0.992 0.986 1.016]
  [0.99  1.062 1.017 ... 0.97  1.014 1.012]
  [1.005 0.972 1.028 ... 1.024 1.007 0.971]]]","[[[0.0402634  0.         0.1702709  ... 0.14457115 0.         0.0125333 ]
  [0.         0.11627049 0.         ... 0.         0.05648998 0.        ]
  [0.06748074 0.         0.15821171 ... 0.07420603 0.         0.        ]
  ...
  [0.         0.13211804 0.         ... 0.         0.10610112 0.        ]
  [0.04046494 0.         0.19151321 ... 0.1803034  0.         0.02766745]
  [0.         0.11020634 0.         ... 0.         0.0992257  0.        ]]

 [[0.         0.1447683  0.         ... 0.         0.10994762 0.        ]
  [0.07654216 0.         0.19297475 ... 0.13688701 0.         0.0162651 ]
  [0.         0.1517956  0.         ... 0.         0.04038241 0.04758769]
  ...
  [0.06687185 0.         0.24194315 ... 0.23032583 0.         0.04102715]
  [0.         0.14255681 0.         ... 0.         0.13557313 0.        ]
  [0.06412275 0.         0.21469449 ... 0.20366389 0.         0.04841099]]]","[[0. 0. 0. ... 0. 0. 0.]
 [0. 0. 0. ... 0. 0. 0.]
 [0. 0. 0. ... 0. 0. 0.]
 ...
 [0. 0. 0. ... 0. 0. 0.]
 [0. 0. 0. ... 0. 0. 0.]
 [0. 0. 0. ... 0. 0. 0.]]","[[0. 0. 0. ... 0. 0. 0.]
 [0. 0. 0. ... 0. 0. 0.]
 [0. 0. 0. ... 0. 0. 0.]
 ...
 [0. 0. 0. ... 0. 0. 0.]
 [0. 0. 0. ... 0. 0. 0.]
 [0. 0. 0. ... 0. 0. 0.]]"
0.2,0.05,2,1000.0,30,37.70899273119079,0.8423548366010358,0.5247113124963172,"[[[0.963 1.004 1.008 ... 0.995 0.991 1.007]
  [1.025 1.01  1.04  ... 1.033 1.023 0.961]
  [0.975 0.999 1.032 ... 1.039 0.99  0.968]
  ...
  [1.047 1.023 1.012 ... 0.992 0.986 1.016]
  [0.99  1.062 1.017 ... 0.97  1.014 1.012]
  [1.005 0.972 1.028 ... 1.024 1.007 0.971]]

 [[0.963 1.004 1.008 ... 0.995 0.991 1.007]
  [1.025 1.01  1.04  ... 1.033 1.023 0.961]
  [0.975 0.999 1.032 ... 1.039 0.99  0.968]
  ...
  [1.047 1.023 1.012 ... 0.992 0.986 1.016]
  [0.99  1.062 1.017 ... 0.97  1.014 1.012]
  [1.005 0.972 1.028 ... 1.024 1.007 0.971]]]","[[[0.17474204 0.         0.27852498 ... 0.         0.0516394  0.        ]
  [0.         0.22699155 0.         ... 0.         0.         0.10354972]
  [0.15337803 0.         0.24850848 ... 0.00957259 0.03863395 0.        ]
  ...
  [0.         0.24449261 0.         ... 0.         0.         0.12131725]
  [0.18548232 0.         0.29122929 ... 0.         0.05874618 0.        ]
  [0.         0.2386139  0.         ... 0.         0.         0.11776606]]

 [[0.         0.28259126 0.         ... 0.01009583 0.         0.14752898]
  [0.20382713 0.         0.30701767 ... 0.0111096  0.06731476 0.        ]
  [0.         0.25226853 0.         ... 0.         0.         0.1354007 ]
  ...
  [0.21725451 0.         0.33793866 ... 0.02010751 0.07729411 0.        ]
  [0.         0.28119204 0.         ... 0.01352385 0.         0.15352259]
  [0.22556557 0.         0.33419904 ... 0.00604413 0.08037711 0.        ]]]","[[0. 0. 0. ... 0. 0. 0.]
 [0. 0. 0. ... 0. 0. 0.]
 [0. 0. 0. ... 0. 0. 0.]
 ...
 [0. 0. 0. ... 0. 0. 0.]
 [0. 0. 0. ... 0. 0. 0.]
 [0. 0. 0. ... 0. 0. 0.]]","[[0. 0. 0. ... 0. 0. 0.]
 [0. 0. 0. ... 0. 0. 0.]
 [0. 0. 0. ... 0. 0. 0.]
 ...
 [0. 0. 0. ... 0. 0. 0.]
 [0. 0. 0. ... 0. 0. 0.]
 [0. 0. 0. ... 0. 0. 0.]]"
0.2,0.05,2,10000.0,10,19.197403829955313,0.7411159335779268,0.5988409149608288,"[[[0.9884 1.0011 1.0026 ... 0.9985 0.9971 1.0023]
  [1.0079 1.0031 1.0127 ... 1.0103 1.0073 1.0034]
  [0.9921 0.9997 1.0102 ... 1.0123 0.997  0.9901]
  ...
  [1.0149 1.0074 1.0039 ... 0.9974 0.9957 1.0051]
  [0.9968 1.0195 1.0053 ... 0.9904 1.0046 1.0037]
  [1.0015 0.9911 1.0088 ... 1.0076 1.0021 0.9909]]

 [[0.9884 1.0011 1.0026 ... 0.9985 0.9971 1.0023]
  [1.0079 1.0031 1.0127 ... 1.0103 1.0073 1.0034]
  [0.9921 0.9997 1.0102 ... 1.0123 0.997  0.9901]
  ...
  [1.0149 1.0074 1.0039 ... 0.9974 0.9957 1.0051]
  [0.9968 1.0195 1.0053 ... 0.9904 1.0046 1.0037]
  [1.0015 0.9911 1.0088 ... 1.0076 1.0021 0.9909]]]","[[[0.12105214 0.         0.13043731 ... 0.         0.08280834 0.        ]
  [0.         0.14015287 0.         ... 0.07513905 0.         0.12005655]
  [0.13647435 0.         0.13706361 ... 0.         0.10519741 0.        ]
  ...
  [0.         0.09082081 0.         ... 0.         0.         0.04930654]
  [0.08998117 0.         0.11113098 ... 0.         0.0434214  0.        ]
  [0.         0.11795971 0.         ... 0.0384487  0.         0.08764249]]

 [[0.         0.16671831 0.         ... 0.08436508 0.         0.13807004]
  [0.16758204 0.         0.16931819 ... 0.         0.12816995 0.        ]
  [0.         0.17803562 0.         ... 0.10991256 0.         0.16178017]
  ...
  [0.09866296 0.         0.13015293 ... 0.01527107 0.04264914 0.        ]
  [0.         0.13367545 0.         ... 0.03672268 0.         0.09641104]
  [0.14017145 0.         0.15423293 ... 0.         0.09126801 0.        ]]]","[[0. 0. 0. ... 0. 0. 0.]
 [0. 0. 0. ... 0. 0. 0.]
 [0. 0. 0. ... 0. 0. 0.]
 ...
 [0. 0. 0. ... 0. 0. 0.]
 [0. 0. 0. ... 0. 0. 0.]
 [0. 0. 0. ... 0. 0. 0.]]","[[0. 0. 0. ... 0. 0. 0.]
 [0. 0. 0. ... 0. 0. 0.]
 [0. 0. 0. ... 0. 0. 0.]
 ...
 [0. 0. 0. ... 0. 0. 0.]
 [0. 0. 0. ... 0. 0. 0.]
 [0. 0. 0. ... 0. 0. 0.]]"
0.2,0.05,2,10000.0,20,34.58421396866359,0.8951451115196893,0.5855662108216877,"[[[0.9884 1.0011 1.0026 ... 0.9985 0.9971 1.0023]
  [1.0079 1.0031 1.0127 ... 1.0103 1.0073 1.0034]
  [0.9921 0.9997 1.0102 ... 1.0123 0.997  0.9901]
  ...
  [1.0149 1.0074 1.0039 ... 0.9974 0.9957 1.0051]
  [0.9968 1.0195 1.0053 ... 0.9904 1.0046 1.0037]
  [1.0015 0.9911 1.0088 ... 1.0076 1.0021 0.9909]]

 [[0.9884 1.0011 1.0026 ... 0.9985 0.9971 1.0023]
  [1.0079 1.0031 1.0127 ... 1.0103 1.0073 1.0034]
  [0.9921 0.9997 1.0102 ... 1.0123 0.997  0.9901]
  ...
  [1.0149 1.0074 1.0039 ... 0.9974 0.9957 1.0051]
  [0.9968 1.0195 1.0053 ... 0.9904 1.0046 1.0037]
  [1.0015 0.9911 1.0088 ... 1.0076 1.0021 0.9909]]]","[[[0.         0.00550068 0.         ... 0.03827869 0.         0.02499871]
  [0.02629689 0.         0.00299694 ... 0.         0.04390336 0.        ]
  [0.         0.01815703 0.         ... 0.0568737  0.         0.03900865]
  ...
  [0.         0.02508735 0.         ... 0.         0.         0.0136059 ]
  [0.         0.         0.01385226 ... 0.00522291 0.         0.        ]
  [0.00233902 0.         0.         ... 0.         0.01783286 0.        ]]

 [[0.04125601 0.         0.01556854 ... 0.         0.05855465 0.        ]
  [0.         0.03618249 0.00089657 ... 0.07431041 0.         0.05942312]
  [0.05713705 0.         0.02486051 ... 0.         0.07734987 0.        ]
  ...
  [0.04062052 0.         0.05343387 ... 0.0076166  0.02835885 0.        ]
  [0.00556854 0.02542097 0.         ... 0.         0.01978145 0.01264467]
  [0.00161059 0.01591698 0.02027442 ... 0.04705637 0.         0.03438566]]]","[[0. 0. 0. ... 0. 0. 0.]
 [0. 0. 0. ... 0. 0. 0.]
 [0. 0. 0. ... 0. 0. 0.]
 ...
 [0. 0. 0. ... 0. 0. 0.]
 [0. 0. 0. ... 0. 0. 0.]
 [0. 0. 0. ... 0. 0. 0.]]","[[0. 0. 0. ... 0. 0. 0.]
 [0. 0. 0. ... 0. 0. 0.]
 [0. 0. 0. ... 0. 0. 0.]
 ...
 [0. 0. 0. ... 0. 0. 0.]
 [0. 0. 0. ... 0. 0. 0.]
 [0. 0. 0. ... 0. 0. 0.]]"
0.2,0.05,2,10000.0,30,31.367756987655238,0.8423548366010358,0.5781270184822626,"[[[0.9884 1.0011 1.0026 ... 0.9985 0.9971 1.0023]
  [1.0079 1.0031 1.0127 ... 1.0103 1.0073 1.0034]
  [0.9921 0.9997 1.0102 ... 1.0123 0.997  0.9901]
  ...
  [1.0149 1.0074 1.0039 ... 0.9974 0.9957 1.0051]
  [0.9968 1.0195 1.0053 ... 0.9904 1.0046 1.0037]
  [1.0015 0.9911 1.0088 ... 1.0076 1.0021 0.9909]]

 [[0.9884 1.0011 1.0026 ... 0.9985 0.9971 1.0023]
  [1.0079 1.0031 1.0127 ... 1.0103 1.0073 1.0034]
  [0.9921 0.9997 1.0102 ... 1.0123 0.997  0.9901]
  ...
  [1.0149 1.0074 1.0039 ... 0.9974 0.9957 1.0051]
  [0.9968 1.0195 1.0053 ... 0.9904 1.0046 1.0037]
  [1.0015 0.9911 1.0088 ... 1.0076 1.0021 0.9909]]]","[[[0.13710563 0.         0.13638468 ... 0.         0.10723142 0.        ]
  [0.         0.1596104  0.         ... 0.07715407 0.         0.13526795]
  [0.15754646 0.         0.17437608 ... 0.         0.10547189 0.        ]
  ...
  [0.         0.07369018 0.         ... 0.08502913 0.         0.09130704]
  [0.10424304 0.         0.08540499 ... 0.         0.10020788 0.        ]
  [0.         0.11967447 0.         ... 0.0866068  0.         0.11658633]]

 [[0.         0.17886903 0.         ... 0.11138216 0.         0.16248273]
  [0.18793032 0.         0.19402012 ... 0.         0.14040482 0.        ]
  [0.         0.21118678 0.         ... 0.09426484 0.         0.17550314]
  ...
  [0.11246617 0.         0.08367818 ... 0.         0.12230367 0.        ]
  [0.         0.12624399 0.         ... 0.11887633 0.         0.1377183 ]
  [0.15781984 0.         0.14386615 ... 0.         0.13722031 0.        ]]]","[[0. 0. 0. ... 0. 0. 0.]
 [0. 0. 0. ... 0. 0. 0.]
 [0. 0. 0. ... 0. 0. 0.]
 ...
 [0. 0. 0. ... 0. 0. 0.]
 [0. 0. 0. ... 0. 0. 0.]
 [0. 0. 0. ... 0. 0. 0.]]","[[0. 0. 0. ... 0. 0. 0.]
 [0. 0. 0. ... 0. 0. 0.]
 [0. 0. 0. ... 0. 0. 0.]
 ...
 [0. 0. 0. ... 0. 0. 0.]
 [0. 0. 0. ... 0. 0. 0.]
 [0. 0. 0. ... 0. 0. 0.]]"
0.2,0.05,2,100000.0,10,16.86779935481142,0.7411159335779268,0.6161059849154646,"[[[0.99634 1.00036 1.00084 ... 0.99954 0.99909 1.00071]
  [1.00251 1.00098 1.00401 ... 1.00324 1.0023  0.99612]
  [0.9975  0.99989 1.00321 ... 1.00388 0.99905 0.99687]
  ...
  [1.0047  1.00233 1.00125 ... 0.99917 0.99864 1.00161]
  [0.999   1.00618 1.00168 ... 0.99697 0.99763 1.00116]
  [1.00046 0.99718 1.00279 ... 1.0024  1.00065 0.99712]]

 [[0.99634 1.00036 1.00084 ... 0.99954 0.99909 1.00071]
  [1.00251 1.00098 1.00401 ... 1.00324 1.0023  0.99612]
  [0.9975  0.99989 1.00321 ... 1.00388 0.99905 0.99687]
  ...
  [1.0047  1.00233 1.00125 ... 0.99917 0.99864 1.00161]
  [0.999   1.00618 1.00168 ... 0.99697 0.99763 1.00116]
  [1.00046 0.99718 1.00279 ... 1.0024  1.00065 0.99712]]]","[[[0.01576184 0.         0.         ... 0.         0.0305411  0.        ]
  [0.         0.01012506 0.         ... 0.03901432 0.         0.02847327]
  [0.02482363 0.         0.00198813 ... 0.         0.03546309 0.        ]
  ...
  [0.         0.         0.         ... 0.0142588  0.         0.01192263]
  [0.00758123 0.         0.         ... 0.         0.018516   0.        ]
  [0.         0.         0.00081127 ... 0.02949132 0.         0.01904943]]

 [[0.         0.02571805 0.0154485  ... 0.0597457  0.         0.04787587]
  [0.04354722 0.         0.01424028 ... 0.         0.05856747 0.        ]
  [0.         0.03786602 0.0018076  ... 0.06243277 0.         0.05641666]
  ...
  [0.02740597 0.0052022  0.00545832 ... 0.         0.03584728 0.        ]
  [0.         0.01655675 0.02212692 ... 0.04492832 0.         0.03654256]
  [0.03297048 0.00468642 0.00309672 ... 0.         0.04818415 0.        ]]]","[[0. 0. 0. ... 0. 0. 0.]
 [0. 0. 0. ... 0. 0. 0.]
 [0. 0. 0. ... 0. 0. 0.]
 ...
 [0. 0. 0. ... 0. 0. 0.]
 [0. 0. 0. ... 0. 0. 0.]
 [0. 0. 0. ... 0. 0. 0.]]","[[0. 0. 0. ... 0. 0. 0.]
 [0. 0. 0. ... 0. 0. 0.]
 [0. 0. 0. ... 0. 0. 0.]
 ...
 [0. 0. 0. ... 0. 0. 0.]
 [0. 0. 0. ... 0. 0. 0.]
 [0. 0. 0. ... 0. 0. 0.]]"
0.2,0.05,2,100000.0,20,35.78261916337632,0.8951451115196893,0.5748387453050187,"[[[0.99634 1.00036 1.00084 ... 0.99954 0.99909 1.00071]
  [1.00251 1.00098 1.00401 ... 1.00324 1.0023  0.99612]
  [0.9975  0.99989 1.00321 ... 1.00388 0.99905 0.99687]
  ...
  [1.0047  1.00233 1.00125 ... 0.99917 0.99864 1.00161]
  [0.999   1.00618 1.00327 ... 0.99697 0.99763 1.00116]
  [1.00046 0.99718 1.00279 ... 1.0024  1.00065 0.99712]]

 [[0.99634 1.00331 1.00546 ... 0.9995  0.99515 1.00071]
  [1.00212 0.9967  0.99803 ... 1.00114 0.99695 0.99612]
  [0.99934 1.00681 1.00434 ... 1.00388 0.99905 1.00037]
  ...
  [1.00668 1.0016  0.99543 ... 0.99917 0.99618 0.99838]
  [1.00439 1.00153 1.00327 ... 1.00167 1.00144 0.99923]
  [0.99808 0.99923 1.00062 ... 0.99865 0.99447 1.00383]]]","[[[0.         0.14921465 0.         ... 0.         0.         0.06434761]
  [0.11049044 0.         0.16563441 ... 0.00894257 0.01884804 0.        ]
  [0.         0.13822724 0.         ... 0.         0.         0.06824416]
  ...
  [0.08081626 0.         0.14553954 ... 0.03950861 0.         0.        ]
  [0.         0.13078105 0.         ... 0.         0.         0.0443358 ]
  [0.10132762 0.         0.1707932  ... 0.0230793  0.00322697 0.        ]]

 [[0.14668738 0.         0.21522072 ... 0.04183705 0.0422266  0.        ]
  [0.         0.18763973 0.         ... 0.         0.         0.0995919 ]
  [0.14025157 0.         0.19327739 ... 0.02513065 0.05149777 0.        ]
  ...
  [0.         0.15446439 0.         ... 0.         0.02165141 0.06209908]
  [0.12380063 0.         0.20367302 ... 0.05769058 0.01796888 0.        ]
  [0.         0.18199561 0.         ... 0.         0.00099806 0.08233301]]]","[[0. 0. 0. ... 0. 0. 0.]
 [0. 0. 0. ... 0. 0. 0.]
 [0. 0. 0. ... 0. 0. 0.]
 ...
 [0. 0. 0. ... 0. 0. 0.]
 [0. 0. 0. ... 0. 0. 0.]
 [0. 0. 0. ... 0. 0. 0.]]","[[0. 0. 0. ... 0. 0. 0.]
 [0. 0. 0. ... 0. 0. 0.]
 [0. 0. 0. ... 0. 0. 0.]
 ...
 [0. 0. 0. ... 0. 0. 0.]
 [0. 0. 0. ... 0. 0. 0.]
 [0. 0. 0. ... 0. 0. 0.]]"
0.2,0.05,2,100000.0,30,30.767206240874405,0.8423548366010358,0.5831857867440146,"[[[0.99634 1.00036 1.00084 ... 0.99954 0.9991  1.00071]
  [1.00251 1.00098 1.00401 ... 1.00324 1.0023  0.99612]
  [0.9975  0.99989 1.00321 ... 1.00388 0.99905 0.99687]
  ...
  [1.0047  1.00233 1.00125 ... 0.99917 0.99864 1.00161]
  [0.999   1.00618 1.00168 ... 0.99697 0.99763 1.00116]
  [1.00046 0.99718 1.00279 ... 1.0024  1.00065 0.99712]]

 [[0.99634 1.00036 1.00084 ... 0.99954 0.99909 1.00071]
  [1.00251 1.00098 1.00401 ... 1.00324 1.0023  0.99612]
  [0.9975  0.99989 1.00321 ... 1.00388 0.99905 0.99687]
  ...
  [1.0047  1.00233 1.00125 ... 0.99917 0.99864 1.00161]
  [0.999   1.00618 1.00168 ... 0.99697 0.99763 1.00116]
  [1.00046 0.99718 1.00279 ... 1.0024  1.00065 0.99712]]]","[[[0.06087291 0.         0.04135651 ... 0.         0.06112655 0.        ]
  [0.         0.07598663 0.         ... 0.04270949 0.         0.06903152]
  [0.08813404 0.         0.09794709 ... 0.         0.05493107 0.        ]
  ...
  [0.         0.         0.02390039 ... 0.0862527  0.         0.04741226]
  [0.03302988 0.         0.         ... 0.         0.0664799  0.        ]
  [0.         0.03088367 0.         ... 0.06555781 0.         0.0576713 ]]

 [[0.         0.08084758 0.         ... 0.08076448 0.         0.09207792]
  [0.10468749 0.         0.0985499  ... 0.         0.08551811 0.        ]
  [0.         0.12861862 0.         ... 0.05511079 0.         0.10462349]
  ...
  [0.04347707 0.01306737 0.         ... 0.         0.09826419 0.        ]
  [0.         0.03129228 0.02074472 ... 0.10637894 0.         0.07909052]
  [0.07320072 0.         0.03388635 ... 0.         0.09231954 0.        ]]]","[[0. 0. 0. ... 0. 0. 0.]
 [0. 0. 0. ... 0. 0. 0.]
 [0. 0. 0. ... 0. 0. 0.]
 ...
 [0. 0. 0. ... 0. 0. 0.]
 [0. 0. 0. ... 0. 0. 0.]
 [0. 0. 0. ... 0. 0. 0.]]","[[0. 0. 0. ... 0. 0. 0.]
 [0. 0. 0. ... 0. 0. 0.]
 [0. 0. 0. ... 0. 0. 0.]
 ...
 [0. 0. 0. ... 0. 0. 0.]
 [0. 0. 0. ... 0. 0. 0.]
 [0. 0. 0. ... 0. 0. 0.]]"
0.2,0.05,4,1000.0,10,28.197162117950654,0.7411159335779268,0.5321422723049953,"[[[0.963 1.004 1.008 ... 0.995 0.991 1.007]
  [1.025 1.01  1.04  ... 1.033 1.023 0.961]
  [0.975 0.999 1.032 ... 1.039 0.99  0.968]
  ...
  [1.047 1.023 1.012 ... 0.992 0.986 1.016]
  [0.99  1.062 1.017 ... 0.97  1.014 1.012]
  [1.005 0.972 1.028 ... 1.024 1.007 0.971]]

 [[0.963 1.004 1.008 ... 0.995 0.991 1.007]
  [1.025 1.01  1.04  ... 1.033 1.023 0.961]
  [0.975 0.999 1.032 ... 1.039 0.99  0.968]
  ...
  [1.047 1.023 1.012 ... 0.992 0.986 1.016]
  [0.99  1.062 1.017 ... 0.97  1.014 1.012]
  [1.005 0.972 1.028 ... 1.024 1.007 0.971]]]","[[[2.06231364e-01 0.00000000e+00 3.19839702e-01 ... 2.69977091e-03
   6.00827555e-02 0.00000000e+00]
  [0.00000000e+00 2.52521206e-01 0.00000000e+00 ... 1.08924975e-02
   0.00000000e+00 1.32175558e-01]
  [1.77568473e-01 0.00000000e+00 2.42841510e-01 ... 0.00000000e+00
   7.83933483e-02 0.00000000e+00]
  ...
  [0.00000000e+00 2.98635686e-01 0.00000000e+00 ... 0.00000000e+00
   0.00000000e+00 1.16649542e-01]
  [2.15423547e-01 0.00000000e+00 3.62458251e-01 ... 4.56096750e-02
   3.47934505e-02 0.00000000e+00]
  [0.00000000e+00 2.85649443e-01 0.00000000e+00 ... 0.00000000e+00
   0.00000000e+00 1.30964304e-01]]

 [[0.00000000e+00 3.22970756e-01 0.00000000e+00 ... 1.14772364e-04
   0.00000000e+00 1.69560264e-01]
  [2.34056201e-01 0.00000000e+00 3.26629789e-01 ... 0.00000000e+00
   9.28793954e-02 0.00000000e+00]
  [0.00000000e+00 2.62161361e-01 0.00000000e+00 ... 3.71761476e-02
   0.00000000e+00 1.71431765e-01]
  ...
  [2.44559348e-01 0.00000000e+00 4.22992620e-01 ... 9.92470396e-02
   3.29969585e-02 0.00000000e+00]
  [0.00000000e+00 3.37629608e-01 0.00000000e+00 ... 0.00000000e+00
   0.00000000e+00 1.56093241e-01]
  [2.59009849e-01 0.00000000e+00 3.97922189e-01 ... 4.04430416e-02
   6.91716938e-02 0.00000000e+00]]]","[[0. 0. 0. ... 0. 0. 0.]
 [0. 0. 0. ... 0. 0. 0.]
 [0. 0. 0. ... 0. 0. 0.]
 ...
 [0. 0. 0. ... 0. 0. 0.]
 [0. 0. 0. ... 0. 0. 0.]
 [0. 0. 0. ... 0. 0. 0.]]","[[0. 0. 0. ... 0. 0. 0.]
 [0. 0. 0. ... 0. 0. 0.]
 [0. 0. 0. ... 0. 0. 0.]
 ...
 [0. 0. 0. ... 0. 0. 0.]
 [0. 0. 0. ... 0. 0. 0.]
 [0. 0. 0. ... 0. 0. 0.]]"
0.2,0.05,4,1000.0,20,39.05682915063518,0.8951451115196893,0.5455298146631815,"[[[0.963 1.004 1.008 ... 0.995 0.991 1.007]
  [1.025 1.01  1.04  ... 1.033 1.023 0.961]
  [0.975 0.999 1.032 ... 1.039 0.99  0.968]
  ...
  [1.047 1.023 1.012 ... 0.992 0.986 1.016]
  [0.99  1.062 1.017 ... 0.97  1.014 1.012]
  [1.005 0.972 1.028 ... 1.024 1.007 0.971]]

 [[0.963 1.004 1.008 ... 0.995 0.991 1.007]
  [1.025 1.01  1.04  ... 1.033 1.023 0.961]
  [0.975 0.999 1.032 ... 1.039 0.99  0.968]
  ...
  [1.047 1.023 1.012 ... 0.992 0.986 1.016]
  [0.99  1.062 1.017 ... 0.97  1.014 1.012]
  [1.005 0.972 1.028 ... 1.024 1.007 0.971]]]","[[[0.0402634  0.         0.1702709  ... 0.14457115 0.         0.0125333 ]
  [0.         0.11627049 0.         ... 0.         0.05648998 0.        ]
  [0.06748074 0.         0.15821171 ... 0.07420603 0.         0.        ]
  ...
  [0.         0.13211804 0.         ... 0.         0.10610112 0.        ]
  [0.04046494 0.         0.19151321 ... 0.1803034  0.         0.02766745]
  [0.         0.11020634 0.         ... 0.         0.0992257  0.        ]]

 [[0.         0.1447683  0.         ... 0.         0.10994762 0.        ]
  [0.07654216 0.         0.19297475 ... 0.13688701 0.         0.0162651 ]
  [0.         0.1517956  0.         ... 0.         0.04038241 0.04758769]
  ...
  [0.06687185 0.         0.24194315 ... 0.23032583 0.         0.04102715]
  [0.         0.14255681 0.         ... 0.         0.13557313 0.        ]
  [0.06412275 0.         0.21469449 ... 0.20366389 0.         0.04841099]]]","[[0. 0. 0. ... 0. 0. 0.]
 [0. 0. 0. ... 0. 0. 0.]
 [0. 0. 0. ... 0. 0. 0.]
 ...
 [0. 0. 0. ... 0. 0. 0.]
 [0. 0. 0. ... 0. 0. 0.]
 [0. 0. 0. ... 0. 0. 0.]]","[[0. 0. 0. ... 0. 0. 0.]
 [0. 0. 0. ... 0. 0. 0.]
 [0. 0. 0. ... 0. 0. 0.]
 ...
 [0. 0. 0. ... 0. 0. 0.]
 [0. 0. 0. ... 0. 0. 0.]
 [0. 0. 0. ... 0. 0. 0.]]"
0.2,0.05,4,1000.0,30,37.70899273119079,0.8423548366010358,0.5247113124963172,"[[[0.963 1.004 1.008 ... 0.995 0.991 1.007]
  [1.025 1.01  1.04  ... 1.033 1.023 0.961]
  [0.975 0.999 1.032 ... 1.039 0.99  0.968]
  ...
  [1.047 1.023 1.012 ... 0.992 0.986 1.016]
  [0.99  1.062 1.017 ... 0.97  1.014 1.012]
  [1.005 0.972 1.028 ... 1.024 1.007 0.971]]

 [[0.963 1.004 1.008 ... 0.995 0.991 1.007]
  [1.025 1.01  1.04  ... 1.033 1.023 0.961]
  [0.975 0.999 1.032 ... 1.039 0.99  0.968]
  ...
  [1.047 1.023 1.012 ... 0.992 0.986 1.016]
  [0.99  1.062 1.017 ... 0.97  1.014 1.012]
  [1.005 0.972 1.028 ... 1.024 1.007 0.971]]]","[[[0.17474204 0.         0.27852498 ... 0.         0.0516394  0.        ]
  [0.         0.22699155 0.         ... 0.         0.         0.10354972]
  [0.15337803 0.         0.24850848 ... 0.00957259 0.03863395 0.        ]
  ...
  [0.         0.24449261 0.         ... 0.         0.         0.12131725]
  [0.18548232 0.         0.29122929 ... 0.         0.05874618 0.        ]
  [0.         0.2386139  0.         ... 0.         0.         0.11776606]]

 [[0.         0.28259126 0.         ... 0.01009583 0.         0.14752898]
  [0.20382713 0.         0.30701767 ... 0.0111096  0.06731476 0.        ]
  [0.         0.25226853 0.         ... 0.         0.         0.1354007 ]
  ...
  [0.21725451 0.         0.33793866 ... 0.02010751 0.07729411 0.        ]
  [0.         0.28119204 0.         ... 0.01352385 0.         0.15352259]
  [0.22556557 0.         0.33419904 ... 0.00604413 0.08037711 0.        ]]]","[[0. 0. 0. ... 0. 0. 0.]
 [0. 0. 0. ... 0. 0. 0.]
 [0. 0. 0. ... 0. 0. 0.]
 ...
 [0. 0. 0. ... 0. 0. 0.]
 [0. 0. 0. ... 0. 0. 0.]
 [0. 0. 0. ... 0. 0. 0.]]","[[0. 0. 0. ... 0. 0. 0.]
 [0. 0. 0. ... 0. 0. 0.]
 [0. 0. 0. ... 0. 0. 0.]
 ...
 [0. 0. 0. ... 0. 0. 0.]
 [0. 0. 0. ... 0. 0. 0.]
 [0. 0. 0. ... 0. 0. 0.]]"
0.2,0.05,4,10000.0,10,19.197403829955313,0.7411159335779268,0.5988409149608288,"[[[0.9884 1.0011 1.0026 ... 0.9985 0.9971 1.0023]
  [1.0079 1.0031 1.0127 ... 1.0103 1.0073 1.0034]
  [0.9921 0.9997 1.0102 ... 1.0123 0.997  0.9901]
  ...
  [1.0149 1.0074 1.0039 ... 0.9974 0.9957 1.0051]
  [0.9968 1.0195 1.0053 ... 0.9904 1.0046 1.0037]
  [1.0015 0.9911 1.0088 ... 1.0076 1.0021 0.9909]]

 [[0.9884 1.0011 1.0026 ... 0.9985 0.9971 1.0023]
  [1.0079 1.0031 1.0127 ... 1.0103 1.0073 1.0034]
  [0.9921 0.9997 1.0102 ... 1.0123 0.997  0.9901]
  ...
  [1.0149 1.0074 1.0039 ... 0.9974 0.9957 1.0051]
  [0.9968 1.0195 1.0053 ... 0.9904 1.0046 1.0037]
  [1.0015 0.9911 1.0088 ... 1.0076 1.0021 0.9909]]]","[[[0.12105214 0.         0.13043731 ... 0.         0.08280834 0.        ]
  [0.         0.14015287 0.         ... 0.07513905 0.         0.12005655]
  [0.13647435 0.         0.13706361 ... 0.         0.10519741 0.        ]
  ...
  [0.         0.09082081 0.         ... 0.         0.         0.04930654]
  [0.08998117 0.         0.11113098 ... 0.         0.0434214  0.        ]
  [0.         0.11795971 0.         ... 0.0384487  0.         0.08764249]]

 [[0.         0.16671831 0.         ... 0.08436508 0.         0.13807004]
  [0.16758204 0.         0.16931819 ... 0.         0.12816995 0.        ]
  [0.         0.17803562 0.         ... 0.10991256 0.         0.16178017]
  ...
  [0.09866296 0.         0.13015293 ... 0.01527107 0.04264914 0.        ]
  [0.         0.13367545 0.         ... 0.03672268 0.         0.09641104]
  [0.14017145 0.         0.15423293 ... 0.         0.09126801 0.        ]]]","[[0. 0. 0. ... 0. 0. 0.]
 [0. 0. 0. ... 0. 0. 0.]
 [0. 0. 0. ... 0. 0. 0.]
 ...
 [0. 0. 0. ... 0. 0. 0.]
 [0. 0. 0. ... 0. 0. 0.]
 [0. 0. 0. ... 0. 0. 0.]]","[[0. 0. 0. ... 0. 0. 0.]
 [0. 0. 0. ... 0. 0. 0.]
 [0. 0. 0. ... 0. 0. 0.]
 ...
 [0. 0. 0. ... 0. 0. 0.]
 [0. 0. 0. ... 0. 0. 0.]
 [0. 0. 0. ... 0. 0. 0.]]"
0.2,0.05,4,10000.0,20,34.58421396866359,0.8951451115196893,0.5855662108216877,"[[[0.9884 1.0011 1.0026 ... 0.9985 0.9971 1.0023]
  [1.0079 1.0031 1.0127 ... 1.0103 1.0073 1.0034]
  [0.9921 0.9997 1.0102 ... 1.0123 0.997  0.9901]
  ...
  [1.0149 1.0074 1.0039 ... 0.9974 0.9957 1.0051]
  [0.9968 1.0195 1.0053 ... 0.9904 1.0046 1.0037]
  [1.0015 0.9911 1.0088 ... 1.0076 1.0021 0.9909]]

 [[0.9884 1.0011 1.0026 ... 0.9985 0.9971 1.0023]
  [1.0079 1.0031 1.0127 ... 1.0103 1.0073 1.0034]
  [0.9921 0.9997 1.0102 ... 1.0123 0.997  0.9901]
  ...
  [1.0149 1.0074 1.0039 ... 0.9974 0.9957 1.0051]
  [0.9968 1.0195 1.0053 ... 0.9904 1.0046 1.0037]
  [1.0015 0.9911 1.0088 ... 1.0076 1.0021 0.9909]]]","[[[0.         0.00550068 0.         ... 0.03827869 0.         0.02499871]
  [0.02629689 0.         0.00299694 ... 0.         0.04390336 0.        ]
  [0.         0.01815703 0.         ... 0.0568737  0.         0.03900865]
  ...
  [0.         0.02508735 0.         ... 0.         0.         0.0136059 ]
  [0.         0.         0.01385226 ... 0.00522291 0.         0.        ]
  [0.00233902 0.         0.         ... 0.         0.01783286 0.        ]]

 [[0.04125601 0.         0.01556854 ... 0.         0.05855465 0.        ]
  [0.         0.03618249 0.00089657 ... 0.07431041 0.         0.05942312]
  [0.05713705 0.         0.02486051 ... 0.         0.07734987 0.        ]
  ...
  [0.04062052 0.         0.05343387 ... 0.0076166  0.02835885 0.        ]
  [0.00556854 0.02542097 0.         ... 0.         0.01978145 0.01264467]
  [0.00161059 0.01591698 0.02027442 ... 0.04705637 0.         0.03438566]]]","[[0. 0. 0. ... 0. 0. 0.]
 [0. 0. 0. ... 0. 0. 0.]
 [0. 0. 0. ... 0. 0. 0.]
 ...
 [0. 0. 0. ... 0. 0. 0.]
 [0. 0. 0. ... 0. 0. 0.]
 [0. 0. 0. ... 0. 0. 0.]]","[[0. 0. 0. ... 0. 0. 0.]
 [0. 0. 0. ... 0. 0. 0.]
 [0. 0. 0. ... 0. 0. 0.]
 ...
 [0. 0. 0. ... 0. 0. 0.]
 [0. 0. 0. ... 0. 0. 0.]
 [0. 0. 0. ... 0. 0. 0.]]"
0.2,0.05,4,10000.0,30,31.367756987655238,0.8423548366010358,0.5781270184822626,"[[[0.9884 1.0011 1.0026 ... 0.9985 0.9971 1.0023]
  [1.0079 1.0031 1.0127 ... 1.0103 1.0073 1.0034]
  [0.9921 0.9997 1.0102 ... 1.0123 0.997  0.9901]
  ...
  [1.0149 1.0074 1.0039 ... 0.9974 0.9957 1.0051]
  [0.9968 1.0195 1.0053 ... 0.9904 1.0046 1.0037]
  [1.0015 0.9911 1.0088 ... 1.0076 1.0021 0.9909]]

 [[0.9884 1.0011 1.0026 ... 0.9985 0.9971 1.0023]
  [1.0079 1.0031 1.0127 ... 1.0103 1.0073 1.0034]
  [0.9921 0.9997 1.0102 ... 1.0123 0.997  0.9901]
  ...
  [1.0149 1.0074 1.0039 ... 0.9974 0.9957 1.0051]
  [0.9968 1.0195 1.0053 ... 0.9904 1.0046 1.0037]
  [1.0015 0.9911 1.0088 ... 1.0076 1.0021 0.9909]]]","[[[0.13710563 0.         0.13638468 ... 0.         0.10723142 0.        ]
  [0.         0.1596104  0.         ... 0.07715407 0.         0.13526795]
  [0.15754646 0.         0.17437608 ... 0.         0.10547189 0.        ]
  ...
  [0.         0.07369018 0.         ... 0.08502913 0.         0.09130704]
  [0.10424304 0.         0.08540499 ... 0.         0.10020788 0.        ]
  [0.         0.11967447 0.         ... 0.0866068  0.         0.11658633]]

 [[0.         0.17886903 0.         ... 0.11138216 0.         0.16248273]
  [0.18793032 0.         0.19402012 ... 0.         0.14040482 0.        ]
  [0.         0.21118678 0.         ... 0.09426484 0.         0.17550314]
  ...
  [0.11246617 0.         0.08367818 ... 0.         0.12230367 0.        ]
  [0.         0.12624399 0.         ... 0.11887633 0.         0.1377183 ]
  [0.15781984 0.         0.14386615 ... 0.         0.13722031 0.        ]]]","[[0. 0. 0. ... 0. 0. 0.]
 [0. 0. 0. ... 0. 0. 0.]
 [0. 0. 0. ... 0. 0. 0.]
 ...
 [0. 0. 0. ... 0. 0. 0.]
 [0. 0. 0. ... 0. 0. 0.]
 [0. 0. 0. ... 0. 0. 0.]]","[[0. 0. 0. ... 0. 0. 0.]
 [0. 0. 0. ... 0. 0. 0.]
 [0. 0. 0. ... 0. 0. 0.]
 ...
 [0. 0. 0. ... 0. 0. 0.]
 [0. 0. 0. ... 0. 0. 0.]
 [0. 0. 0. ... 0. 0. 0.]]"
0.2,0.05,4,100000.0,10,16.86779935481142,0.7411159335779268,0.6161059849154646,"[[[0.99634 1.00036 1.00084 ... 0.99954 0.99909 1.00071]
  [1.00251 1.00098 1.00401 ... 1.00324 1.0023  0.99612]
  [0.9975  0.99989 1.00321 ... 1.00388 0.99905 0.99687]
  ...
  [1.0047  1.00233 1.00125 ... 0.99917 0.99864 1.00161]
  [0.999   1.00618 1.00168 ... 0.99697 0.99763 1.00116]
  [1.00046 0.99718 1.00279 ... 1.0024  1.00065 0.99712]]

 [[0.99634 1.00036 1.00084 ... 0.99954 0.99909 1.00071]
  [1.00251 1.00098 1.00401 ... 1.00324 1.0023  0.99612]
  [0.9975  0.99989 1.00321 ... 1.00388 0.99905 0.99687]
  ...
  [1.0047  1.00233 1.00125 ... 0.99917 0.99864 1.00161]
  [0.999   1.00618 1.00168 ... 0.99697 0.99763 1.00116]
  [1.00046 0.99718 1.00279 ... 1.0024  1.00065 0.99712]]]","[[[0.01576184 0.         0.         ... 0.         0.0305411  0.        ]
  [0.         0.01012506 0.         ... 0.03901432 0.         0.02847327]
  [0.02482363 0.         0.00198813 ... 0.         0.03546309 0.        ]
  ...
  [0.         0.         0.         ... 0.0142588  0.         0.01192263]
  [0.00758123 0.         0.         ... 0.         0.018516   0.        ]
  [0.         0.         0.00081127 ... 0.02949132 0.         0.01904943]]

 [[0.         0.02571805 0.0154485  ... 0.0597457  0.         0.04787587]
  [0.04354722 0.         0.01424028 ... 0.         0.05856747 0.        ]
  [0.         0.03786602 0.0018076  ... 0.06243277 0.         0.05641666]
  ...
  [0.02740597 0.0052022  0.00545832 ... 0.         0.03584728 0.        ]
  [0.         0.01655675 0.02212692 ... 0.04492832 0.         0.03654256]
  [0.03297048 0.00468642 0.00309672 ... 0.         0.04818415 0.        ]]]","[[0. 0. 0. ... 0. 0. 0.]
 [0. 0. 0. ... 0. 0. 0.]
 [0. 0. 0. ... 0. 0. 0.]
 ...
 [0. 0. 0. ... 0. 0. 0.]
 [0. 0. 0. ... 0. 0. 0.]
 [0. 0. 0. ... 0. 0. 0.]]","[[0. 0. 0. ... 0. 0. 0.]
 [0. 0. 0. ... 0. 0. 0.]
 [0. 0. 0. ... 0. 0. 0.]
 ...
 [0. 0. 0. ... 0. 0. 0.]
 [0. 0. 0. ... 0. 0. 0.]
 [0. 0. 0. ... 0. 0. 0.]]"
0.2,0.05,4,100000.0,20,35.78261916337632,0.8951451115196893,0.5748387453050187,"[[[0.99634 1.00036 1.00084 ... 0.99954 0.99909 1.00071]
  [1.00251 1.00098 1.00401 ... 1.00324 1.0023  0.99612]
  [0.9975  0.99989 1.00321 ... 1.00388 0.99905 0.99687]
  ...
  [1.0047  1.00233 1.00125 ... 0.99917 0.99864 1.00161]
  [0.999   1.00618 1.00327 ... 0.99697 0.99763 1.00116]
  [1.00046 0.99718 1.00279 ... 1.0024  1.00065 0.99712]]

 [[0.99634 1.00331 1.00546 ... 0.9995  0.99515 1.00071]
  [1.00212 0.9967  0.99803 ... 1.00114 0.99695 0.99612]
  [0.99934 1.00681 1.00434 ... 1.00388 0.99905 1.00037]
  ...
  [1.00668 1.0016  0.99543 ... 0.99917 0.99618 0.99838]
  [1.00439 1.00153 1.00327 ... 1.00167 1.00144 0.99923]
  [0.99808 0.99923 1.00062 ... 0.99865 0.99447 1.00383]]]","[[[0.         0.14921465 0.         ... 0.         0.         0.06434761]
  [0.11049044 0.         0.16563441 ... 0.00894257 0.01884804 0.        ]
  [0.         0.13822724 0.         ... 0.         0.         0.06824416]
  ...
  [0.08081626 0.         0.14553954 ... 0.03950861 0.         0.        ]
  [0.         0.13078105 0.         ... 0.         0.         0.0443358 ]
  [0.10132762 0.         0.1707932  ... 0.0230793  0.00322697 0.        ]]

 [[0.14668738 0.         0.21522072 ... 0.04183705 0.0422266  0.        ]
  [0.         0.18763973 0.         ... 0.         0.         0.0995919 ]
  [0.14025157 0.         0.19327739 ... 0.02513065 0.05149777 0.        ]
  ...
  [0.         0.15446439 0.         ... 0.         0.02165141 0.06209908]
  [0.12380063 0.         0.20367302 ... 0.05769058 0.01796888 0.        ]
  [0.         0.18199561 0.         ... 0.         0.00099806 0.08233301]]]","[[0. 0. 0. ... 0. 0. 0.]
 [0. 0. 0. ... 0. 0. 0.]
 [0. 0. 0. ... 0. 0. 0.]
 ...
 [0. 0. 0. ... 0. 0. 0.]
 [0. 0. 0. ... 0. 0. 0.]
 [0. 0. 0. ... 0. 0. 0.]]","[[0. 0. 0. ... 0. 0. 0.]
 [0. 0. 0. ... 0. 0. 0.]
 [0. 0. 0. ... 0. 0. 0.]
 ...
 [0. 0. 0. ... 0. 0. 0.]
 [0. 0. 0. ... 0. 0. 0.]
 [0. 0. 0. ... 0. 0. 0.]]"
0.2,0.05,4,100000.0,30,30.767206240874405,0.8423548366010358,0.5831857867440146,"[[[0.99634 1.00036 1.00084 ... 0.99954 0.9991  1.00071]
  [1.00251 1.00098 1.00401 ... 1.00324 1.0023  0.99612]
  [0.9975  0.99989 1.00321 ... 1.00388 0.99905 0.99687]
  ...
  [1.0047  1.00233 1.00125 ... 0.99917 0.99864 1.00161]
  [0.999   1.00618 1.00168 ... 0.99697 0.99763 1.00116]
  [1.00046 0.99718 1.00279 ... 1.0024  1.00065 0.99712]]

 [[0.99634 1.00036 1.00084 ... 0.99954 0.99909 1.00071]
  [1.00251 1.00098 1.00401 ... 1.00324 1.0023  0.99612]
  [0.9975  0.99989 1.00321 ... 1.00388 0.99905 0.99687]
  ...
  [1.0047  1.00233 1.00125 ... 0.99917 0.99864 1.00161]
  [0.999   1.00618 1.00168 ... 0.99697 0.99763 1.00116]
  [1.00046 0.99718 1.00279 ... 1.0024  1.00065 0.99712]]]","[[[0.06087291 0.         0.04135651 ... 0.         0.06112655 0.        ]
  [0.         0.07598663 0.         ... 0.04270949 0.         0.06903152]
  [0.08813404 0.         0.09794709 ... 0.         0.05493107 0.        ]
  ...
  [0.         0.         0.02390039 ... 0.0862527  0.         0.04741226]
  [0.03302988 0.         0.         ... 0.         0.0664799  0.        ]
  [0.         0.03088367 0.         ... 0.06555781 0.         0.0576713 ]]

 [[0.         0.08084758 0.         ... 0.08076448 0.         0.09207792]
  [0.10468749 0.         0.0985499  ... 0.         0.08551811 0.        ]
  [0.         0.12861862 0.         ... 0.05511079 0.         0.10462349]
  ...
  [0.04347707 0.01306737 0.         ... 0.         0.09826419 0.        ]
  [0.         0.03129228 0.02074472 ... 0.10637894 0.         0.07909052]
  [0.07320072 0.         0.03388635 ... 0.         0.09231954 0.        ]]]","[[0. 0. 0. ... 0. 0. 0.]
 [0. 0. 0. ... 0. 0. 0.]
 [0. 0. 0. ... 0. 0. 0.]
 ...
 [0. 0. 0. ... 0. 0. 0.]
 [0. 0. 0. ... 0. 0. 0.]
 [0. 0. 0. ... 0. 0. 0.]]","[[0. 0. 0. ... 0. 0. 0.]
 [0. 0. 0. ... 0. 0. 0.]
 [0. 0. 0. ... 0. 0. 0.]
 ...
 [0. 0. 0. ... 0. 0. 0.]
 [0. 0. 0. ... 0. 0. 0.]
 [0. 0. 0. ... 0. 0. 0.]]"
0.2,0.05,6,1000.0,10,28.197162117950654,0.7411159335779268,0.5321422723049953,"[[[0.963 1.004 1.008 ... 0.995 0.991 1.007]
  [1.025 1.01  1.04  ... 1.033 1.023 0.961]
  [0.975 0.999 1.032 ... 1.039 0.99  0.968]
  ...
  [1.047 1.023 1.012 ... 0.992 0.986 1.016]
  [0.99  1.062 1.017 ... 0.97  1.014 1.012]
  [1.005 0.972 1.028 ... 1.024 1.007 0.971]]

 [[0.963 1.004 1.008 ... 0.995 0.991 1.007]
  [1.025 1.01  1.04  ... 1.033 1.023 0.961]
  [0.975 0.999 1.032 ... 1.039 0.99  0.968]
  ...
  [1.047 1.023 1.012 ... 0.992 0.986 1.016]
  [0.99  1.062 1.017 ... 0.97  1.014 1.012]
  [1.005 0.972 1.028 ... 1.024 1.007 0.971]]]","[[[2.06231364e-01 0.00000000e+00 3.19839702e-01 ... 2.69977091e-03
   6.00827555e-02 0.00000000e+00]
  [0.00000000e+00 2.52521206e-01 0.00000000e+00 ... 1.08924975e-02
   0.00000000e+00 1.32175558e-01]
  [1.77568473e-01 0.00000000e+00 2.42841510e-01 ... 0.00000000e+00
   7.83933483e-02 0.00000000e+00]
  ...
  [0.00000000e+00 2.98635686e-01 0.00000000e+00 ... 0.00000000e+00
   0.00000000e+00 1.16649542e-01]
  [2.15423547e-01 0.00000000e+00 3.62458251e-01 ... 4.56096750e-02
   3.47934505e-02 0.00000000e+00]
  [0.00000000e+00 2.85649443e-01 0.00000000e+00 ... 0.00000000e+00
   0.00000000e+00 1.30964304e-01]]

 [[0.00000000e+00 3.22970756e-01 0.00000000e+00 ... 1.14772364e-04
   0.00000000e+00 1.69560264e-01]
  [2.34056201e-01 0.00000000e+00 3.26629789e-01 ... 0.00000000e+00
   9.28793954e-02 0.00000000e+00]
  [0.00000000e+00 2.62161361e-01 0.00000000e+00 ... 3.71761476e-02
   0.00000000e+00 1.71431765e-01]
  ...
  [2.44559348e-01 0.00000000e+00 4.22992620e-01 ... 9.92470396e-02
   3.29969585e-02 0.00000000e+00]
  [0.00000000e+00 3.37629608e-01 0.00000000e+00 ... 0.00000000e+00
   0.00000000e+00 1.56093241e-01]
  [2.59009849e-01 0.00000000e+00 3.97922189e-01 ... 4.04430416e-02
   6.91716938e-02 0.00000000e+00]]]","[[0. 0. 0. ... 0. 0. 0.]
 [0. 0. 0. ... 0. 0. 0.]
 [0. 0. 0. ... 0. 0. 0.]
 ...
 [0. 0. 0. ... 0. 0. 0.]
 [0. 0. 0. ... 0. 0. 0.]
 [0. 0. 0. ... 0. 0. 0.]]","[[0. 0. 0. ... 0. 0. 0.]
 [0. 0. 0. ... 0. 0. 0.]
 [0. 0. 0. ... 0. 0. 0.]
 ...
 [0. 0. 0. ... 0. 0. 0.]
 [0. 0. 0. ... 0. 0. 0.]
 [0. 0. 0. ... 0. 0. 0.]]"
0.2,0.05,6,1000.0,20,39.05682915063518,0.8951451115196893,0.5455298146631815,"[[[0.963 1.004 1.008 ... 0.995 0.991 1.007]
  [1.025 1.01  1.04  ... 1.033 1.023 0.961]
  [0.975 0.999 1.032 ... 1.039 0.99  0.968]
  ...
  [1.047 1.023 1.012 ... 0.992 0.986 1.016]
  [0.99  1.062 1.017 ... 0.97  1.014 1.012]
  [1.005 0.972 1.028 ... 1.024 1.007 0.971]]

 [[0.963 1.004 1.008 ... 0.995 0.991 1.007]
  [1.025 1.01  1.04  ... 1.033 1.023 0.961]
  [0.975 0.999 1.032 ... 1.039 0.99  0.968]
  ...
  [1.047 1.023 1.012 ... 0.992 0.986 1.016]
  [0.99  1.062 1.017 ... 0.97  1.014 1.012]
  [1.005 0.972 1.028 ... 1.024 1.007 0.971]]]","[[[0.0402634  0.         0.1702709  ... 0.14457115 0.         0.0125333 ]
  [0.         0.11627049 0.         ... 0.         0.05648998 0.        ]
  [0.06748074 0.         0.15821171 ... 0.07420603 0.         0.        ]
  ...
  [0.         0.13211804 0.         ... 0.         0.10610112 0.        ]
  [0.04046494 0.         0.19151321 ... 0.1803034  0.         0.02766745]
  [0.         0.11020634 0.         ... 0.         0.0992257  0.        ]]

 [[0.         0.1447683  0.         ... 0.         0.10994762 0.        ]
  [0.07654216 0.         0.19297475 ... 0.13688701 0.         0.0162651 ]
  [0.         0.1517956  0.         ... 0.         0.04038241 0.04758769]
  ...
  [0.06687185 0.         0.24194315 ... 0.23032583 0.         0.04102715]
  [0.         0.14255681 0.         ... 0.         0.13557313 0.        ]
  [0.06412275 0.         0.21469449 ... 0.20366389 0.         0.04841099]]]","[[0. 0. 0. ... 0. 0. 0.]
 [0. 0. 0. ... 0. 0. 0.]
 [0. 0. 0. ... 0. 0. 0.]
 ...
 [0. 0. 0. ... 0. 0. 0.]
 [0. 0. 0. ... 0. 0. 0.]
 [0. 0. 0. ... 0. 0. 0.]]","[[0. 0. 0. ... 0. 0. 0.]
 [0. 0. 0. ... 0. 0. 0.]
 [0. 0. 0. ... 0. 0. 0.]
 ...
 [0. 0. 0. ... 0. 0. 0.]
 [0. 0. 0. ... 0. 0. 0.]
 [0. 0. 0. ... 0. 0. 0.]]"
0.2,0.05,6,1000.0,30,37.70899273119079,0.8423548366010358,0.5247113124963172,"[[[0.963 1.004 1.008 ... 0.995 0.991 1.007]
  [1.025 1.01  1.04  ... 1.033 1.023 0.961]
  [0.975 0.999 1.032 ... 1.039 0.99  0.968]
  ...
  [1.047 1.023 1.012 ... 0.992 0.986 1.016]
  [0.99  1.062 1.017 ... 0.97  1.014 1.012]
  [1.005 0.972 1.028 ... 1.024 1.007 0.971]]

 [[0.963 1.004 1.008 ... 0.995 0.991 1.007]
  [1.025 1.01  1.04  ... 1.033 1.023 0.961]
  [0.975 0.999 1.032 ... 1.039 0.99  0.968]
  ...
  [1.047 1.023 1.012 ... 0.992 0.986 1.016]
  [0.99  1.062 1.017 ... 0.97  1.014 1.012]
  [1.005 0.972 1.028 ... 1.024 1.007 0.971]]]","[[[0.17474204 0.         0.27852498 ... 0.         0.0516394  0.        ]
  [0.         0.22699155 0.         ... 0.         0.         0.10354972]
  [0.15337803 0.         0.24850848 ... 0.00957259 0.03863395 0.        ]
  ...
  [0.         0.24449261 0.         ... 0.         0.         0.12131725]
  [0.18548232 0.         0.29122929 ... 0.         0.05874618 0.        ]
  [0.         0.2386139  0.         ... 0.         0.         0.11776606]]

 [[0.         0.28259126 0.         ... 0.01009583 0.         0.14752898]
  [0.20382713 0.         0.30701767 ... 0.0111096  0.06731476 0.        ]
  [0.         0.25226853 0.         ... 0.         0.         0.1354007 ]
  ...
  [0.21725451 0.         0.33793866 ... 0.02010751 0.07729411 0.        ]
  [0.         0.28119204 0.         ... 0.01352385 0.         0.15352259]
  [0.22556557 0.         0.33419904 ... 0.00604413 0.08037711 0.        ]]]","[[0. 0. 0. ... 0. 0. 0.]
 [0. 0. 0. ... 0. 0. 0.]
 [0. 0. 0. ... 0. 0. 0.]
 ...
 [0. 0. 0. ... 0. 0. 0.]
 [0. 0. 0. ... 0. 0. 0.]
 [0. 0. 0. ... 0. 0. 0.]]","[[0. 0. 0. ... 0. 0. 0.]
 [0. 0. 0. ... 0. 0. 0.]
 [0. 0. 0. ... 0. 0. 0.]
 ...
 [0. 0. 0. ... 0. 0. 0.]
 [0. 0. 0. ... 0. 0. 0.]
 [0. 0. 0. ... 0. 0. 0.]]"
0.2,0.05,6,10000.0,10,19.197403829955313,0.7411159335779268,0.5988409149608288,"[[[0.9884 1.0011 1.0026 ... 0.9985 0.9971 1.0023]
  [1.0079 1.0031 1.0127 ... 1.0103 1.0073 1.0034]
  [0.9921 0.9997 1.0102 ... 1.0123 0.997  0.9901]
  ...
  [1.0149 1.0074 1.0039 ... 0.9974 0.9957 1.0051]
  [0.9968 1.0195 1.0053 ... 0.9904 1.0046 1.0037]
  [1.0015 0.9911 1.0088 ... 1.0076 1.0021 0.9909]]

 [[0.9884 1.0011 1.0026 ... 0.9985 0.9971 1.0023]
  [1.0079 1.0031 1.0127 ... 1.0103 1.0073 1.0034]
  [0.9921 0.9997 1.0102 ... 1.0123 0.997  0.9901]
  ...
  [1.0149 1.0074 1.0039 ... 0.9974 0.9957 1.0051]
  [0.9968 1.0195 1.0053 ... 0.9904 1.0046 1.0037]
  [1.0015 0.9911 1.0088 ... 1.0076 1.0021 0.9909]]]","[[[0.12105214 0.         0.13043731 ... 0.         0.08280834 0.        ]
  [0.         0.14015287 0.         ... 0.07513905 0.         0.12005655]
  [0.13647435 0.         0.13706361 ... 0.         0.10519741 0.        ]
  ...
  [0.         0.09082081 0.         ... 0.         0.         0.04930654]
  [0.08998117 0.         0.11113098 ... 0.         0.0434214  0.        ]
  [0.         0.11795971 0.         ... 0.0384487  0.         0.08764249]]

 [[0.         0.16671831 0.         ... 0.08436508 0.         0.13807004]
  [0.16758204 0.         0.16931819 ... 0.         0.12816995 0.        ]
  [0.         0.17803562 0.         ... 0.10991256 0.         0.16178017]
  ...
  [0.09866296 0.         0.13015293 ... 0.01527107 0.04264914 0.        ]
  [0.         0.13367545 0.         ... 0.03672268 0.         0.09641104]
  [0.14017145 0.         0.15423293 ... 0.         0.09126801 0.        ]]]","[[0. 0. 0. ... 0. 0. 0.]
 [0. 0. 0. ... 0. 0. 0.]
 [0. 0. 0. ... 0. 0. 0.]
 ...
 [0. 0. 0. ... 0. 0. 0.]
 [0. 0. 0. ... 0. 0. 0.]
 [0. 0. 0. ... 0. 0. 0.]]","[[0. 0. 0. ... 0. 0. 0.]
 [0. 0. 0. ... 0. 0. 0.]
 [0. 0. 0. ... 0. 0. 0.]
 ...
 [0. 0. 0. ... 0. 0. 0.]
 [0. 0. 0. ... 0. 0. 0.]
 [0. 0. 0. ... 0. 0. 0.]]"
0.2,0.05,6,10000.0,20,34.58421396866359,0.8951451115196893,0.5855662108216877,"[[[0.9884 1.0011 1.0026 ... 0.9985 0.9971 1.0023]
  [1.0079 1.0031 1.0127 ... 1.0103 1.0073 1.0034]
  [0.9921 0.9997 1.0102 ... 1.0123 0.997  0.9901]
  ...
  [1.0149 1.0074 1.0039 ... 0.9974 0.9957 1.0051]
  [0.9968 1.0195 1.0053 ... 0.9904 1.0046 1.0037]
  [1.0015 0.9911 1.0088 ... 1.0076 1.0021 0.9909]]

 [[0.9884 1.0011 1.0026 ... 0.9985 0.9971 1.0023]
  [1.0079 1.0031 1.0127 ... 1.0103 1.0073 1.0034]
  [0.9921 0.9997 1.0102 ... 1.0123 0.997  0.9901]
  ...
  [1.0149 1.0074 1.0039 ... 0.9974 0.9957 1.0051]
  [0.9968 1.0195 1.0053 ... 0.9904 1.0046 1.0037]
  [1.0015 0.9911 1.0088 ... 1.0076 1.0021 0.9909]]]","[[[0.         0.00550068 0.         ... 0.03827869 0.         0.02499871]
  [0.02629689 0.         0.00299694 ... 0.         0.04390336 0.        ]
  [0.         0.01815703 0.         ... 0.0568737  0.         0.03900865]
  ...
  [0.         0.02508735 0.         ... 0.         0.         0.0136059 ]
  [0.         0.         0.01385226 ... 0.00522291 0.         0.        ]
  [0.00233902 0.         0.         ... 0.         0.01783286 0.        ]]

 [[0.04125601 0.         0.01556854 ... 0.         0.05855465 0.        ]
  [0.         0.03618249 0.00089657 ... 0.07431041 0.         0.05942312]
  [0.05713705 0.         0.02486051 ... 0.         0.07734987 0.        ]
  ...
  [0.04062052 0.         0.05343387 ... 0.0076166  0.02835885 0.        ]
  [0.00556854 0.02542097 0.         ... 0.         0.01978145 0.01264467]
  [0.00161059 0.01591698 0.02027442 ... 0.04705637 0.         0.03438566]]]","[[0. 0. 0. ... 0. 0. 0.]
 [0. 0. 0. ... 0. 0. 0.]
 [0. 0. 0. ... 0. 0. 0.]
 ...
 [0. 0. 0. ... 0. 0. 0.]
 [0. 0. 0. ... 0. 0. 0.]
 [0. 0. 0. ... 0. 0. 0.]]","[[0. 0. 0. ... 0. 0. 0.]
 [0. 0. 0. ... 0. 0. 0.]
 [0. 0. 0. ... 0. 0. 0.]
 ...
 [0. 0. 0. ... 0. 0. 0.]
 [0. 0. 0. ... 0. 0. 0.]
 [0. 0. 0. ... 0. 0. 0.]]"
0.2,0.05,6,10000.0,30,31.367756987655238,0.8423548366010358,0.5781270184822626,"[[[0.9884 1.0011 1.0026 ... 0.9985 0.9971 1.0023]
  [1.0079 1.0031 1.0127 ... 1.0103 1.0073 1.0034]
  [0.9921 0.9997 1.0102 ... 1.0123 0.997  0.9901]
  ...
  [1.0149 1.0074 1.0039 ... 0.9974 0.9957 1.0051]
  [0.9968 1.0195 1.0053 ... 0.9904 1.0046 1.0037]
  [1.0015 0.9911 1.0088 ... 1.0076 1.0021 0.9909]]

 [[0.9884 1.0011 1.0026 ... 0.9985 0.9971 1.0023]
  [1.0079 1.0031 1.0127 ... 1.0103 1.0073 1.0034]
  [0.9921 0.9997 1.0102 ... 1.0123 0.997  0.9901]
  ...
  [1.0149 1.0074 1.0039 ... 0.9974 0.9957 1.0051]
  [0.9968 1.0195 1.0053 ... 0.9904 1.0046 1.0037]
  [1.0015 0.9911 1.0088 ... 1.0076 1.0021 0.9909]]]","[[[0.13710563 0.         0.13638468 ... 0.         0.10723142 0.        ]
  [0.         0.1596104  0.         ... 0.07715407 0.         0.13526795]
  [0.15754646 0.         0.17437608 ... 0.         0.10547189 0.        ]
  ...
  [0.         0.07369018 0.         ... 0.08502913 0.         0.09130704]
  [0.10424304 0.         0.08540499 ... 0.         0.10020788 0.        ]
  [0.         0.11967447 0.         ... 0.0866068  0.         0.11658633]]

 [[0.         0.17886903 0.         ... 0.11138216 0.         0.16248273]
  [0.18793032 0.         0.19402012 ... 0.         0.14040482 0.        ]
  [0.         0.21118678 0.         ... 0.09426484 0.         0.17550314]
  ...
  [0.11246617 0.         0.08367818 ... 0.         0.12230367 0.        ]
  [0.         0.12624399 0.         ... 0.11887633 0.         0.1377183 ]
  [0.15781984 0.         0.14386615 ... 0.         0.13722031 0.        ]]]","[[0. 0. 0. ... 0. 0. 0.]
 [0. 0. 0. ... 0. 0. 0.]
 [0. 0. 0. ... 0. 0. 0.]
 ...
 [0. 0. 0. ... 0. 0. 0.]
 [0. 0. 0. ... 0. 0. 0.]
 [0. 0. 0. ... 0. 0. 0.]]","[[0. 0. 0. ... 0. 0. 0.]
 [0. 0. 0. ... 0. 0. 0.]
 [0. 0. 0. ... 0. 0. 0.]
 ...
 [0. 0. 0. ... 0. 0. 0.]
 [0. 0. 0. ... 0. 0. 0.]
 [0. 0. 0. ... 0. 0. 0.]]"
0.2,0.05,6,100000.0,10,16.86779935481142,0.7411159335779268,0.6161059849154646,"[[[0.99634 1.00036 1.00084 ... 0.99954 0.99909 1.00071]
  [1.00251 1.00098 1.00401 ... 1.00324 1.0023  0.99612]
  [0.9975  0.99989 1.00321 ... 1.00388 0.99905 0.99687]
  ...
  [1.0047  1.00233 1.00125 ... 0.99917 0.99864 1.00161]
  [0.999   1.00618 1.00168 ... 0.99697 0.99763 1.00116]
  [1.00046 0.99718 1.00279 ... 1.0024  1.00065 0.99712]]

 [[0.99634 1.00036 1.00084 ... 0.99954 0.99909 1.00071]
  [1.00251 1.00098 1.00401 ... 1.00324 1.0023  0.99612]
  [0.9975  0.99989 1.00321 ... 1.00388 0.99905 0.99687]
  ...
  [1.0047  1.00233 1.00125 ... 0.99917 0.99864 1.00161]
  [0.999   1.00618 1.00168 ... 0.99697 0.99763 1.00116]
  [1.00046 0.99718 1.00279 ... 1.0024  1.00065 0.99712]]]","[[[0.01576184 0.         0.         ... 0.         0.0305411  0.        ]
  [0.         0.01012506 0.         ... 0.03901432 0.         0.02847327]
  [0.02482363 0.         0.00198813 ... 0.         0.03546309 0.        ]
  ...
  [0.         0.         0.         ... 0.0142588  0.         0.01192263]
  [0.00758123 0.         0.         ... 0.         0.018516   0.        ]
  [0.         0.         0.00081127 ... 0.02949132 0.         0.01904943]]

 [[0.         0.02571805 0.0154485  ... 0.0597457  0.         0.04787587]
  [0.04354722 0.         0.01424028 ... 0.         0.05856747 0.        ]
  [0.         0.03786602 0.0018076  ... 0.06243277 0.         0.05641666]
  ...
  [0.02740597 0.0052022  0.00545832 ... 0.         0.03584728 0.        ]
  [0.         0.01655675 0.02212692 ... 0.04492832 0.         0.03654256]
  [0.03297048 0.00468642 0.00309672 ... 0.         0.04818415 0.        ]]]","[[0. 0. 0. ... 0. 0. 0.]
 [0. 0. 0. ... 0. 0. 0.]
 [0. 0. 0. ... 0. 0. 0.]
 ...
 [0. 0. 0. ... 0. 0. 0.]
 [0. 0. 0. ... 0. 0. 0.]
 [0. 0. 0. ... 0. 0. 0.]]","[[0. 0. 0. ... 0. 0. 0.]
 [0. 0. 0. ... 0. 0. 0.]
 [0. 0. 0. ... 0. 0. 0.]
 ...
 [0. 0. 0. ... 0. 0. 0.]
 [0. 0. 0. ... 0. 0. 0.]
 [0. 0. 0. ... 0. 0. 0.]]"
0.2,0.05,6,100000.0,20,35.78261916337632,0.8951451115196893,0.5748387453050187,"[[[0.99634 1.00036 1.00084 ... 0.99954 0.99909 1.00071]
  [1.00251 1.00098 1.00401 ... 1.00324 1.0023  0.99612]
  [0.9975  0.99989 1.00321 ... 1.00388 0.99905 0.99687]
  ...
  [1.0047  1.00233 1.00125 ... 0.99917 0.99864 1.00161]
  [0.999   1.00618 1.00327 ... 0.99697 0.99763 1.00116]
  [1.00046 0.99718 1.00279 ... 1.0024  1.00065 0.99712]]

 [[0.99634 1.00331 1.00546 ... 0.9995  0.99515 1.00071]
  [1.00212 0.9967  0.99803 ... 1.00114 0.99695 0.99612]
  [0.99934 1.00681 1.00434 ... 1.00388 0.99905 1.00037]
  ...
  [1.00668 1.0016  0.99543 ... 0.99917 0.99618 0.99838]
  [1.00439 1.00153 1.00327 ... 1.00167 1.00144 0.99923]
  [0.99808 0.99923 1.00062 ... 0.99865 0.99447 1.00383]]]","[[[0.         0.14921465 0.         ... 0.         0.         0.06434761]
  [0.11049044 0.         0.16563441 ... 0.00894257 0.01884804 0.        ]
  [0.         0.13822724 0.         ... 0.         0.         0.06824416]
  ...
  [0.08081626 0.         0.14553954 ... 0.03950861 0.         0.        ]
  [0.         0.13078105 0.         ... 0.         0.         0.0443358 ]
  [0.10132762 0.         0.1707932  ... 0.0230793  0.00322697 0.        ]]

 [[0.14668738 0.         0.21522072 ... 0.04183705 0.0422266  0.        ]
  [0.         0.18763973 0.         ... 0.         0.         0.0995919 ]
  [0.14025157 0.         0.19327739 ... 0.02513065 0.05149777 0.        ]
  ...
  [0.         0.15446439 0.         ... 0.         0.02165141 0.06209908]
  [0.12380063 0.         0.20367302 ... 0.05769058 0.01796888 0.        ]
  [0.         0.18199561 0.         ... 0.         0.00099806 0.08233301]]]","[[0. 0. 0. ... 0. 0. 0.]
 [0. 0. 0. ... 0. 0. 0.]
 [0. 0. 0. ... 0. 0. 0.]
 ...
 [0. 0. 0. ... 0. 0. 0.]
 [0. 0. 0. ... 0. 0. 0.]
 [0. 0. 0. ... 0. 0. 0.]]","[[0. 0. 0. ... 0. 0. 0.]
 [0. 0. 0. ... 0. 0. 0.]
 [0. 0. 0. ... 0. 0. 0.]
 ...
 [0. 0. 0. ... 0. 0. 0.]
 [0. 0. 0. ... 0. 0. 0.]
 [0. 0. 0. ... 0. 0. 0.]]"
0.2,0.05,6,100000.0,30,30.767206240874405,0.8423548366010358,0.5831857867440146,"[[[0.99634 1.00036 1.00084 ... 0.99954 0.9991  1.00071]
  [1.00251 1.00098 1.00401 ... 1.00324 1.0023  0.99612]
  [0.9975  0.99989 1.00321 ... 1.00388 0.99905 0.99687]
  ...
  [1.0047  1.00233 1.00125 ... 0.99917 0.99864 1.00161]
  [0.999   1.00618 1.00168 ... 0.99697 0.99763 1.00116]
  [1.00046 0.99718 1.00279 ... 1.0024  1.00065 0.99712]]

 [[0.99634 1.00036 1.00084 ... 0.99954 0.99909 1.00071]
  [1.00251 1.00098 1.00401 ... 1.00324 1.0023  0.99612]
  [0.9975  0.99989 1.00321 ... 1.00388 0.99905 0.99687]
  ...
  [1.0047  1.00233 1.00125 ... 0.99917 0.99864 1.00161]
  [0.999   1.00618 1.00168 ... 0.99697 0.99763 1.00116]
  [1.00046 0.99718 1.00279 ... 1.0024  1.00065 0.99712]]]","[[[0.06087291 0.         0.04135651 ... 0.         0.06112655 0.        ]
  [0.         0.07598663 0.         ... 0.04270949 0.         0.06903152]
  [0.08813404 0.         0.09794709 ... 0.         0.05493107 0.        ]
  ...
  [0.         0.         0.02390039 ... 0.0862527  0.         0.04741226]
  [0.03302988 0.         0.         ... 0.         0.0664799  0.        ]
  [0.         0.03088367 0.         ... 0.06555781 0.         0.0576713 ]]

 [[0.         0.08084758 0.         ... 0.08076448 0.         0.09207792]
  [0.10468749 0.         0.0985499  ... 0.         0.08551811 0.        ]
  [0.         0.12861862 0.         ... 0.05511079 0.         0.10462349]
  ...
  [0.04347707 0.01306737 0.         ... 0.         0.09826419 0.        ]
  [0.         0.03129228 0.02074472 ... 0.10637894 0.         0.07909052]
  [0.07320072 0.         0.03388635 ... 0.         0.09231954 0.        ]]]","[[0. 0. 0. ... 0. 0. 0.]
 [0. 0. 0. ... 0. 0. 0.]
 [0. 0. 0. ... 0. 0. 0.]
 ...
 [0. 0. 0. ... 0. 0. 0.]
 [0. 0. 0. ... 0. 0. 0.]
 [0. 0. 0. ... 0. 0. 0.]]","[[0. 0. 0. ... 0. 0. 0.]
 [0. 0. 0. ... 0. 0. 0.]
 [0. 0. 0. ... 0. 0. 0.]
 ...
 [0. 0. 0. ... 0. 0. 0.]
 [0. 0. 0. ... 0. 0. 0.]
 [0. 0. 0. ... 0. 0. 0.]]"
0.4,0.01,2,1000.0,10,3.4577297721614078,0.5049412311574474,0.48748172787579797,"[[[0.963 1.004 1.008 ... 0.995 0.991 1.007]
  [1.025 1.01  1.04  ... 1.033 1.023 0.961]
  [0.975 0.999 1.032 ... 1.039 0.99  0.968]
  ...
  [1.047 1.023 1.012 ... 0.992 0.986 1.016]
  [0.99  1.062 1.017 ... 0.97  1.014 1.012]
  [1.005 0.972 1.028 ... 1.024 1.007 0.971]]

 [[0.963 1.004 1.008 ... 0.995 0.991 1.007]
  [1.025 1.01  1.04  ... 1.033 1.023 0.961]
  [0.975 0.999 1.032 ... 1.039 0.99  0.968]
  ...
  [1.047 1.023 1.012 ... 0.992 0.986 1.016]
  [0.99  1.062 1.017 ... 0.97  1.014 1.012]
  [1.005 0.972 1.028 ... 1.024 1.007 0.971]]]","[[[0.32604276 0.         0.44646205 ... 0.         0.1551398  0.        ]
  [0.         0.40322555 0.         ... 0.07613912 0.         0.25029799]
  [0.32382778 0.         0.42846367 ... 0.         0.16832125 0.        ]
  ...
  [0.         0.31537326 0.         ... 0.         0.         0.17483001]
  [0.28467157 0.         0.40231681 ... 0.         0.11848323 0.        ]
  [0.         0.37830544 0.         ... 0.04637447 0.         0.22774971]]

 [[0.         0.45473955 0.         ... 0.07510304 0.         0.28472585]
  [0.37880049 0.         0.49820951 ... 0.         0.19061488 0.        ]
  [0.         0.44169286 0.         ... 0.09017338 0.         0.29805943]
  ...
  [0.28041939 0.         0.40744541 ... 0.00798392 0.10625226 0.        ]
  [0.         0.39203425 0.         ... 0.03604943 0.         0.2366532 ]
  [0.35934426 0.         0.48540356 ... 0.         0.16354631 0.        ]]]","[[0. 0. 0. ... 0. 0. 0.]
 [0. 0. 0. ... 0. 0. 0.]
 [0. 0. 0. ... 0. 0. 0.]
 ...
 [0. 0. 0. ... 0. 0. 0.]
 [0. 0. 0. ... 0. 0. 0.]
 [0. 0. 0. ... 0. 0. 0.]]","[[0. 0. 0. ... 0. 0. 0.]
 [0. 0. 0. ... 0. 0. 0.]
 [0. 0. 0. ... 0. 0. 0.]
 ...
 [0. 0. 0. ... 0. 0. 0.]
 [0. 0. 0. ... 0. 0. 0.]
 [0. 0. 0. ... 0. 0. 0.]]"
0.4,0.01,2,1000.0,20,32.146083099241295,0.7204535493724683,0.48885595269976123,"[[[0.963 1.004 1.008 ... 0.995 0.991 1.007]
  [1.025 1.01  1.04  ... 1.033 1.023 0.961]
  [0.975 0.999 1.032 ... 1.039 0.99  0.968]
  ...
  [1.047 1.023 1.012 ... 0.992 0.986 1.016]
  [0.99  1.062 1.017 ... 0.97  1.014 1.012]
  [1.005 0.972 1.028 ... 1.024 1.007 0.971]]

 [[0.963 1.004 1.008 ... 0.995 0.991 1.007]
  [1.025 1.01  1.04  ... 1.033 1.023 0.961]
  [0.975 0.999 1.032 ... 1.039 0.99  0.968]
  ...
  [1.047 1.023 1.012 ... 0.992 0.986 1.016]
  [0.99  1.062 1.017 ... 0.97  1.014 1.012]
  [1.005 0.972 1.028 ... 1.024 1.007 0.971]]]","[[[0.27737702 0.         0.42192345 ... 0.0081003  0.08728428 0.        ]
  [0.         0.38879148 0.         ... 0.03495978 0.         0.22138742]
  [0.32892108 0.         0.43799861 ... 0.         0.16461281 0.        ]
  ...
  [0.         0.21961879 0.         ... 0.         0.04917854 0.04376853]
  [0.18763911 0.         0.34398612 ... 0.10055263 0.         0.        ]
  [0.         0.31923469 0.         ... 0.         0.         0.14032719]]

 [[0.         0.41393547 0.         ... 0.         0.         0.21939127]
  [0.35516518 0.         0.49079989 ... 0.         0.15129664 0.        ]
  [0.         0.45113112 0.         ... 0.08127412 0.         0.29983999]
  ...
  [0.15252563 0.         0.32658284 ... 0.1770996  0.         0.        ]
  [0.         0.30442014 0.         ... 0.         0.00778057 0.11211677]
  [0.27698134 0.         0.43936358 ... 0.06753432 0.0546732  0.        ]]]","[[0. 0. 0. ... 0. 0. 0.]
 [0. 0. 0. ... 0. 0. 0.]
 [0. 0. 0. ... 0. 0. 0.]
 ...
 [0. 0. 0. ... 0. 0. 0.]
 [0. 0. 0. ... 0. 0. 0.]
 [0. 0. 0. ... 0. 0. 0.]]","[[0. 0. 0. ... 0. 0. 0.]
 [0. 0. 0. ... 0. 0. 0.]
 [0. 0. 0. ... 0. 0. 0.]
 ...
 [0. 0. 0. ... 0. 0. 0.]
 [0. 0. 0. ... 0. 0. 0.]
 [0. 0. 0. ... 0. 0. 0.]]"
0.4,0.01,2,1000.0,30,31.110324847659328,0.710988777475264,0.48979785917230767,"[[[0.963 1.004 1.008 ... 0.995 0.991 1.007]
  [1.025 1.01  1.04  ... 1.033 1.023 0.961]
  [0.975 0.999 1.032 ... 1.039 0.99  0.968]
  ...
  [1.047 1.023 1.012 ... 0.992 0.986 1.016]
  [0.99  1.062 1.017 ... 0.97  1.014 1.012]
  [1.005 0.972 1.028 ... 1.024 1.007 0.971]]

 [[0.963 1.004 1.008 ... 0.995 0.991 1.007]
  [1.025 1.01  1.04  ... 1.033 1.023 0.961]
  [0.975 0.999 1.032 ... 1.039 0.99  0.968]
  ...
  [1.047 1.023 1.012 ... 0.992 0.986 1.016]
  [0.99  1.062 1.017 ... 0.97  1.014 1.012]
  [1.005 0.972 1.028 ... 1.024 1.007 0.971]]]","[[[0.37353211 0.         0.50472099 ... 0.         0.19143697 0.        ]
  [0.         0.43350529 0.         ... 0.10378193 0.         0.2747618 ]
  [0.32539317 0.         0.43052647 ... 0.         0.17285322 0.        ]
  ...
  [0.         0.40345183 0.         ... 0.0107896  0.         0.22663302]
  [0.35380267 0.         0.49683767 ... 0.         0.15840763 0.        ]
  [0.         0.44995823 0.         ... 0.08087832 0.         0.27862072]]

 [[0.         0.51525688 0.         ... 0.11437747 0.         0.33092381]
  [0.40955255 0.         0.53428481 ... 0.         0.21779446 0.        ]
  [0.         0.44476005 0.         ... 0.10410739 0.         0.30021948]
  ...
  [0.35960077 0.         0.52274161 ... 0.         0.14384954 0.        ]
  [0.         0.48526275 0.         ... 0.06741589 0.         0.29753907]
  [0.42846936 0.         0.57461074 ... 0.         0.21005238 0.        ]]]","[[0. 0. 0. ... 0. 0. 0.]
 [0. 0. 0. ... 0. 0. 0.]
 [0. 0. 0. ... 0. 0. 0.]
 ...
 [0. 0. 0. ... 0. 0. 0.]
 [0. 0. 0. ... 0. 0. 0.]
 [0. 0. 0. ... 0. 0. 0.]]","[[0. 0. 0. ... 0. 0. 0.]
 [0. 0. 0. ... 0. 0. 0.]
 [0. 0. 0. ... 0. 0. 0.]
 ...
 [0. 0. 0. ... 0. 0. 0.]
 [0. 0. 0. ... 0. 0. 0.]
 [0. 0. 0. ... 0. 0. 0.]]"
0.4,0.01,2,10000.0,10,3.570132196826843,0.5049412311574474,0.4869141616888415,"[[[0.9884 1.0011 1.0026 ... 0.9985 0.9971 1.0023]
  [1.0079 1.0031 1.0127 ... 1.0103 1.0073 1.0034]
  [0.9921 0.9997 1.0102 ... 1.0123 0.997  0.9901]
  ...
  [1.0149 1.0074 1.0039 ... 0.9974 0.9957 1.0051]
  [0.9968 1.0195 1.0053 ... 0.9904 1.0046 1.0037]
  [1.0015 0.9911 1.0088 ... 1.0076 1.0021 0.9909]]

 [[0.9884 1.0011 1.0026 ... 0.9985 0.9971 1.0023]
  [1.0079 1.0031 1.0127 ... 1.0103 1.0073 1.0034]
  [0.9921 0.9997 1.0102 ... 1.0123 0.997  0.9901]
  ...
  [1.0149 1.0074 1.0039 ... 0.9974 0.9957 1.0051]
  [0.9968 1.0195 1.0053 ... 0.9904 1.0046 1.0037]
  [1.0015 0.9911 1.0088 ... 1.0076 1.0021 0.9909]]]","[[[0.19776334 0.         0.22696115 ... 0.         0.13105314 0.        ]
  [0.         0.22769154 0.         ... 0.10414307 0.         0.18431173]
  [0.21103927 0.         0.22910232 ... 0.         0.15422011 0.        ]
  ...
  [0.         0.14900949 0.         ... 0.01569529 0.         0.09460925]
  [0.15494851 0.         0.19135829 ... 0.         0.08685923 0.        ]
  [0.         0.20075367 0.         ... 0.06802751 0.         0.14887358]]

 [[0.         0.2578138  0.         ... 0.11044402 0.         0.20297892]
  [0.24702536 0.         0.27062888 ... 0.         0.17592377 0.        ]
  [0.         0.26513839 0.         ... 0.13776818 0.         0.22594731]
  ...
  [0.1506332  0.         0.19465194 ... 0.         0.07727368 0.        ]
  [0.         0.20889347 0.         ... 0.06272894 0.         0.15173487]
  [0.2152028  0.         0.2495616  ... 0.         0.13730733 0.        ]]]","[[0. 0. 0. ... 0. 0. 0.]
 [0. 0. 0. ... 0. 0. 0.]
 [0. 0. 0. ... 0. 0. 0.]
 ...
 [0. 0. 0. ... 0. 0. 0.]
 [0. 0. 0. ... 0. 0. 0.]
 [0. 0. 0. ... 0. 0. 0.]]","[[0. 0. 0. ... 0. 0. 0.]
 [0. 0. 0. ... 0. 0. 0.]
 [0. 0. 0. ... 0. 0. 0.]
 ...
 [0. 0. 0. ... 0. 0. 0.]
 [0. 0. 0. ... 0. 0. 0.]
 [0. 0. 0. ... 0. 0. 0.]]"
0.4,0.01,2,10000.0,20,30.76754796697095,0.7204535493724683,0.4987876579895494,"[[[0.9884 1.0011 1.0026 ... 0.9985 0.9971 1.0023]
  [1.0079 1.0031 1.0127 ... 1.0103 1.0073 1.0034]
  [0.9921 0.9997 1.0102 ... 1.0123 0.997  0.9901]
  ...
  [1.0149 1.0074 1.0039 ... 0.9974 0.9957 1.0051]
  [0.9968 1.0195 1.0053 ... 0.9904 1.0046 1.0037]
  [1.0015 0.9911 1.0088 ... 1.0076 1.0021 0.9909]]

 [[0.9884 1.0011 1.0026 ... 0.9985 0.9971 1.0023]
  [1.0079 1.0031 1.0127 ... 1.0103 1.0073 1.0034]
  [0.9921 0.9997 1.0102 ... 1.0123 0.997  0.9901]
  ...
  [1.0149 1.0074 1.0039 ... 0.9974 0.9957 1.0051]
  [0.9968 1.0195 1.0053 ... 0.9904 1.0046 1.0037]
  [1.0015 0.9911 1.0088 ... 1.0076 1.0021 0.9909]]]","[[[0.12664683 0.         0.16849633 ... 0.         0.06415464 0.        ]
  [0.         0.15087347 0.         ... 0.04878852 0.         0.1105779 ]
  [0.12861128 0.         0.14530518 ... 0.         0.08988803 0.        ]
  ...
  [0.         0.11311203 0.         ... 0.         0.         0.0407161 ]
  [0.09933292 0.         0.15789192 ... 0.00948074 0.02322363 0.        ]
  [0.         0.14393217 0.         ... 0.00566701 0.         0.08204937]]

 [[0.         0.18263854 0.         ... 0.04364448 0.         0.12347946]
  [0.16026211 0.         0.19052496 ... 0.         0.10169222 0.        ]
  [0.         0.1694418  0.         ... 0.08118124 0.         0.14166774]
  ...
  [0.09851555 0.         0.16949903 ... 0.05303116 0.01146505 0.        ]
  [0.         0.15676924 0.         ... 0.         0.         0.0830168 ]
  [0.14364206 0.         0.19834591 ... 0.         0.06306713 0.        ]]]","[[0. 0. 0. ... 0. 0. 0.]
 [0. 0. 0. ... 0. 0. 0.]
 [0. 0. 0. ... 0. 0. 0.]
 ...
 [0. 0. 0. ... 0. 0. 0.]
 [0. 0. 0. ... 0. 0. 0.]
 [0. 0. 0. ... 0. 0. 0.]]","[[0. 0. 0. ... 0. 0. 0.]
 [0. 0. 0. ... 0. 0. 0.]
 [0. 0. 0. ... 0. 0. 0.]
 ...
 [0. 0. 0. ... 0. 0. 0.]
 [0. 0. 0. ... 0. 0. 0.]
 [0. 0. 0. ... 0. 0. 0.]]"
0.4,0.01,2,10000.0,30,30.36730121276312,0.710988777475264,0.4950806738304085,"[[[0.9884 1.0011 1.0026 ... 0.9985 0.9971 1.0023]
  [1.0079 1.0031 1.0127 ... 1.0103 1.0073 1.0034]
  [0.9921 0.9997 1.0102 ... 1.0123 0.997  0.9901]
  ...
  [1.0149 1.0074 1.0039 ... 0.9974 0.9957 1.0051]
  [0.9968 1.0195 1.0053 ... 0.9904 1.0046 1.0037]
  [1.0015 0.9911 1.0088 ... 1.0076 1.0021 0.9909]]

 [[0.9884 1.0011 1.0026 ... 0.9985 0.9971 1.0023]
  [1.0079 1.0031 1.0127 ... 1.0103 1.0073 1.0034]
  [0.9921 0.9997 1.0102 ... 1.0123 0.997  0.9901]
  ...
  [1.0149 1.0074 1.0039 ... 0.9974 0.9957 1.0051]
  [0.9968 1.0195 1.0053 ... 0.9904 1.0046 1.0037]
  [1.0015 0.9911 1.0088 ... 1.0076 1.0021 0.9909]]]","[[[0.16791468 0.         0.24123238 ... 0.         0.07061281 0.        ]
  [0.         0.18214741 0.         ... 0.01141721 0.         0.1025099 ]
  [0.10939186 0.         0.17046329 ... 0.         0.03426906 0.        ]
  ...
  [0.         0.23376931 0.         ... 0.02519955 0.         0.14156937]
  [0.19283446 0.         0.26825347 ... 0.         0.08682447 0.        ]
  [0.         0.22724501 0.         ... 0.02687264 0.         0.13500882]]

 [[0.         0.24802894 0.         ... 0.03508176 0.         0.14957455]
  [0.17297815 0.         0.24603031 ... 0.         0.07411663 0.        ]
  [0.         0.17309362 0.         ... 0.00743835 0.         0.09769155]
  ...
  [0.2245716  0.         0.30656341 ... 0.         0.10782114 0.        ]
  [0.         0.27347328 0.         ... 0.04534667 0.         0.17163883]
  [0.22097237 0.         0.30271264 ... 0.         0.10386193 0.        ]]]","[[0. 0. 0. ... 0. 0. 0.]
 [0. 0. 0. ... 0. 0. 0.]
 [0. 0. 0. ... 0. 0. 0.]
 ...
 [0. 0. 0. ... 0. 0. 0.]
 [0. 0. 0. ... 0. 0. 0.]
 [0. 0. 0. ... 0. 0. 0.]]","[[0. 0. 0. ... 0. 0. 0.]
 [0. 0. 0. ... 0. 0. 0.]
 [0. 0. 0. ... 0. 0. 0.]
 ...
 [0. 0. 0. ... 0. 0. 0.]
 [0. 0. 0. ... 0. 0. 0.]
 [0. 0. 0. ... 0. 0. 0.]]"
0.4,0.01,2,100000.0,10,2.2024766798428597,0.5049412311574474,0.4938200182942932,"[[[0.99634 1.00036 1.00084 ... 0.99954 0.99909 1.00071]
  [1.00251 1.00098 1.00401 ... 1.00324 1.0023  0.99612]
  [0.9975  0.99989 1.00321 ... 1.00388 0.99905 0.99687]
  ...
  [1.0047  1.00233 1.00125 ... 0.99917 0.99864 1.00161]
  [0.999   1.00618 1.00327 ... 0.99697 0.99763 1.00116]
  [1.00046 0.99718 1.00279 ... 1.0024  1.00065 0.99712]]

 [[0.99634 1.00036 1.00084 ... 0.99954 0.9991  1.00071]
  [1.00251 1.00098 1.00401 ... 1.00324 1.0023  0.99612]
  [0.9975  0.99989 1.00321 ... 1.00388 0.99905 0.99687]
  ...
  [1.0047  1.00233 1.00125 ... 0.99917 0.99864 1.00161]
  [0.999   1.00618 1.00327 ... 0.99697 0.99763 1.00116]
  [1.00046 0.99718 1.00279 ... 1.0024  1.00065 0.99712]]]","[[[0.12761939 0.         0.11942421 ... 0.         0.10999086 0.        ]
  [0.         0.13444113 0.         ... 0.09481868 0.         0.12786874]
  [0.13596437 0.         0.12898032 ... 0.         0.11560025 0.        ]
  ...
  [0.         0.07495077 0.         ... 0.06098386 0.         0.07756835]
  [0.09911563 0.         0.08857954 ... 0.         0.0878622  0.        ]
  [0.         0.11359254 0.         ... 0.08519005 0.         0.11149142]]

 [[0.         0.1555969  0.         ... 0.11572259 0.         0.15049331]
  [0.16388699 0.         0.15469187 ... 0.         0.14165785 0.        ]
  [0.         0.16568275 0.         ... 0.11885624 0.         0.15921214]
  ...
  [0.10066562 0.         0.08800663 ... 0.         0.09363077 0.        ]
  [0.         0.12033074 0.         ... 0.09764166 0.         0.12146573]
  [0.14340138 0.         0.13174697 ... 0.         0.12677165 0.        ]]]","[[0. 0. 0. ... 0. 0. 0.]
 [0. 0. 0. ... 0. 0. 0.]
 [0. 0. 0. ... 0. 0. 0.]
 ...
 [0. 0. 0. ... 0. 0. 0.]
 [0. 0. 0. ... 0. 0. 0.]
 [0. 0. 0. ... 0. 0. 0.]]","[[0. 0. 0. ... 0. 0. 0.]
 [0. 0. 0. ... 0. 0. 0.]
 [0. 0. 0. ... 0. 0. 0.]
 ...
 [0. 0. 0. ... 0. 0. 0.]
 [0. 0. 0. ... 0. 0. 0.]
 [0. 0. 0. ... 0. 0. 0.]]"
0.4,0.01,2,100000.0,20,30.716859002660918,0.7204535493724683,0.49915284843206115,"[[[0.99634 1.00331 1.00546 ... 0.9995  0.99515 1.00071]
  [1.00212 0.9967  0.99803 ... 0.99863 0.99695 0.99612]
  [0.99934 1.00681 1.00434 ... 1.00388 0.99905 1.00037]
  ...
  [1.00668 1.0016  0.99544 ... 0.99917 0.99618 0.99838]
  [1.00439 1.00153 1.00327 ... 1.00167 1.00144 0.99923]
  [0.99808 0.99923 1.00062 ... 0.99865 0.99447 1.00383]]

 [[0.99634 1.00036 1.00084 ... 0.99954 0.9991  1.00071]
  [1.00251 1.00098 1.00401 ... 1.00324 1.0023  0.99612]
  [0.9975  0.99989 1.00321 ... 1.00388 0.99905 0.99687]
  ...
  [1.0047  1.00233 1.00125 ... 0.99917 0.99864 1.00161]
  [0.999   1.00618 1.00168 ... 0.99697 0.99763 1.00116]
  [1.00046 0.99718 1.00279 ... 1.0024  1.00065 0.99712]]]","[[[0.05261444 0.         0.09307187 ... 0.02407437 0.         0.        ]
  [0.         0.08247213 0.         ... 0.         0.         0.03822225]
  [0.06738698 0.         0.08710114 ... 0.         0.02918316 0.        ]
  ...
  [0.         0.04820669 0.         ... 0.         0.04063962 0.        ]
  [0.02725994 0.         0.08233213 ... 0.05707976 0.         0.        ]
  [0.         0.06724197 0.         ... 0.         0.01407258 0.00795546]]

 [[0.         0.09972449 0.         ... 0.         0.0060444  0.04126972]
  [0.08150865 0.         0.11414391 ... 0.01643541 0.02521908 0.        ]
  [0.         0.10610867 0.         ... 0.01846666 0.         0.07108203]
  ...
  [0.03320686 0.         0.09385641 ... 0.09261941 0.         0.01841356]
  [0.         0.07524812 0.         ... 0.         0.04530739 0.00794732]
  [0.05783439 0.         0.11231083 ... 0.05879727 0.         0.        ]]]","[[0. 0. 0. ... 0. 0. 0.]
 [0. 0. 0. ... 0. 0. 0.]
 [0. 0. 0. ... 0. 0. 0.]
 ...
 [0. 0. 0. ... 0. 0. 0.]
 [0. 0. 0. ... 0. 0. 0.]
 [0. 0. 0. ... 0. 0. 0.]]","[[0. 0. 0. ... 0. 0. 0.]
 [0. 0. 0. ... 0. 0. 0.]
 [0. 0. 0. ... 0. 0. 0.]
 ...
 [0. 0. 0. ... 0. 0. 0.]
 [0. 0. 0. ... 0. 0. 0.]
 [0. 0. 0. ... 0. 0. 0.]]"
0.4,0.01,2,100000.0,30,29.704096235319817,0.710988777475264,0.49979598679168774,"[[[0.99634 1.00036 1.00084 ... 0.99954 0.9991  1.00071]
  [1.00251 1.00098 1.00401 ... 1.00324 1.0023  0.99612]
  [0.9975  0.99989 1.00321 ... 1.00388 0.99905 0.99687]
  ...
  [1.0047  1.00233 1.00125 ... 0.99917 0.99864 1.00161]
  [0.999   1.00618 1.00168 ... 0.99697 0.99763 1.00116]
  [1.00046 0.99718 1.00279 ... 1.0024  1.00065 0.99712]]

 [[0.99634 1.00036 1.00084 ... 0.99954 0.99909 1.00071]
  [1.00251 1.00098 1.00401 ... 1.00324 1.0023  0.99612]
  [0.9975  0.99989 1.00321 ... 1.00388 0.99905 0.99687]
  ...
  [1.0047  1.00233 1.00125 ... 0.99917 0.99864 1.00161]
  [0.999   1.00618 1.00168 ... 0.99697 0.99763 1.00116]
  [1.00046 0.99718 1.00279 ... 1.0024  1.00065 0.99712]]]","[[[0.11472254 0.         0.14318042 ... 0.         0.06856641 0.        ]
  [0.         0.10403379 0.         ... 0.02858644 0.         0.06855806]
  [0.05549723 0.         0.07910198 ... 0.         0.02397104 0.        ]
  ...
  [0.         0.17308555 0.         ... 0.06053085 0.         0.12589405]
  [0.14808655 0.         0.17978325 ... 0.         0.0917438  0.        ]
  [0.         0.15408271 0.         ... 0.05505032 0.         0.11098213]]

 [[0.         0.16176385 0.         ... 0.0623233  0.         0.11759493]
  [0.11164032 0.         0.14031606 ... 0.         0.06736185 0.        ]
  [0.         0.09128807 0.         ... 0.02303007 0.         0.05915311]
  ...
  [0.18330449 0.         0.21947301 ... 0.         0.11880831 0.        ]
  [0.         0.2001992  0.         ... 0.08132743 0.         0.14986985]
  [0.16512846 0.         0.19838771 ... 0.         0.10678021 0.        ]]]","[[0. 0. 0. ... 0. 0. 0.]
 [0. 0. 0. ... 0. 0. 0.]
 [0. 0. 0. ... 0. 0. 0.]
 ...
 [0. 0. 0. ... 0. 0. 0.]
 [0. 0. 0. ... 0. 0. 0.]
 [0. 0. 0. ... 0. 0. 0.]]","[[0. 0. 0. ... 0. 0. 0.]
 [0. 0. 0. ... 0. 0. 0.]
 [0. 0. 0. ... 0. 0. 0.]
 ...
 [0. 0. 0. ... 0. 0. 0.]
 [0. 0. 0. ... 0. 0. 0.]
 [0. 0. 0. ... 0. 0. 0.]]"
0.4,0.01,4,1000.0,10,3.4577297721614078,0.5049412311574474,0.48748172787579797,"[[[0.963 1.004 1.008 ... 0.995 0.991 1.007]
  [1.025 1.01  1.04  ... 1.033 1.023 0.961]
  [0.975 0.999 1.032 ... 1.039 0.99  0.968]
  ...
  [1.047 1.023 1.012 ... 0.992 0.986 1.016]
  [0.99  1.062 1.017 ... 0.97  1.014 1.012]
  [1.005 0.972 1.028 ... 1.024 1.007 0.971]]

 [[0.963 1.004 1.008 ... 0.995 0.991 1.007]
  [1.025 1.01  1.04  ... 1.033 1.023 0.961]
  [0.975 0.999 1.032 ... 1.039 0.99  0.968]
  ...
  [1.047 1.023 1.012 ... 0.992 0.986 1.016]
  [0.99  1.062 1.017 ... 0.97  1.014 1.012]
  [1.005 0.972 1.028 ... 1.024 1.007 0.971]]]","[[[0.32604276 0.         0.44646205 ... 0.         0.1551398  0.        ]
  [0.         0.40322555 0.         ... 0.07613912 0.         0.25029799]
  [0.32382778 0.         0.42846367 ... 0.         0.16832125 0.        ]
  ...
  [0.         0.31537326 0.         ... 0.         0.         0.17483001]
  [0.28467157 0.         0.40231681 ... 0.         0.11848323 0.        ]
  [0.         0.37830544 0.         ... 0.04637447 0.         0.22774971]]

 [[0.         0.45473955 0.         ... 0.07510304 0.         0.28472585]
  [0.37880049 0.         0.49820951 ... 0.         0.19061488 0.        ]
  [0.         0.44169286 0.         ... 0.09017338 0.         0.29805943]
  ...
  [0.28041939 0.         0.40744541 ... 0.00798392 0.10625226 0.        ]
  [0.         0.39203425 0.         ... 0.03604943 0.         0.2366532 ]
  [0.35934426 0.         0.48540356 ... 0.         0.16354631 0.        ]]]","[[0. 0. 0. ... 0. 0. 0.]
 [0. 0. 0. ... 0. 0. 0.]
 [0. 0. 0. ... 0. 0. 0.]
 ...
 [0. 0. 0. ... 0. 0. 0.]
 [0. 0. 0. ... 0. 0. 0.]
 [0. 0. 0. ... 0. 0. 0.]]","[[0. 0. 0. ... 0. 0. 0.]
 [0. 0. 0. ... 0. 0. 0.]
 [0. 0. 0. ... 0. 0. 0.]
 ...
 [0. 0. 0. ... 0. 0. 0.]
 [0. 0. 0. ... 0. 0. 0.]
 [0. 0. 0. ... 0. 0. 0.]]"
0.4,0.01,4,1000.0,20,32.146083099241295,0.7204535493724683,0.48885595269976123,"[[[0.963 1.004 1.008 ... 0.995 0.991 1.007]
  [1.025 1.01  1.04  ... 1.033 1.023 0.961]
  [0.975 0.999 1.032 ... 1.039 0.99  0.968]
  ...
  [1.047 1.023 1.012 ... 0.992 0.986 1.016]
  [0.99  1.062 1.017 ... 0.97  1.014 1.012]
  [1.005 0.972 1.028 ... 1.024 1.007 0.971]]

 [[0.963 1.004 1.008 ... 0.995 0.991 1.007]
  [1.025 1.01  1.04  ... 1.033 1.023 0.961]
  [0.975 0.999 1.032 ... 1.039 0.99  0.968]
  ...
  [1.047 1.023 1.012 ... 0.992 0.986 1.016]
  [0.99  1.062 1.017 ... 0.97  1.014 1.012]
  [1.005 0.972 1.028 ... 1.024 1.007 0.971]]]","[[[0.27737702 0.         0.42192345 ... 0.0081003  0.08728428 0.        ]
  [0.         0.38879148 0.         ... 0.03495978 0.         0.22138742]
  [0.32892108 0.         0.43799861 ... 0.         0.16461281 0.        ]
  ...
  [0.         0.21961879 0.         ... 0.         0.04917854 0.04376853]
  [0.18763911 0.         0.34398612 ... 0.10055263 0.         0.        ]
  [0.         0.31923469 0.         ... 0.         0.         0.14032719]]

 [[0.         0.41393547 0.         ... 0.         0.         0.21939127]
  [0.35516518 0.         0.49079989 ... 0.         0.15129664 0.        ]
  [0.         0.45113112 0.         ... 0.08127412 0.         0.29983999]
  ...
  [0.15252563 0.         0.32658284 ... 0.1770996  0.         0.        ]
  [0.         0.30442014 0.         ... 0.         0.00778057 0.11211677]
  [0.27698134 0.         0.43936358 ... 0.06753432 0.0546732  0.        ]]]","[[0. 0. 0. ... 0. 0. 0.]
 [0. 0. 0. ... 0. 0. 0.]
 [0. 0. 0. ... 0. 0. 0.]
 ...
 [0. 0. 0. ... 0. 0. 0.]
 [0. 0. 0. ... 0. 0. 0.]
 [0. 0. 0. ... 0. 0. 0.]]","[[0. 0. 0. ... 0. 0. 0.]
 [0. 0. 0. ... 0. 0. 0.]
 [0. 0. 0. ... 0. 0. 0.]
 ...
 [0. 0. 0. ... 0. 0. 0.]
 [0. 0. 0. ... 0. 0. 0.]
 [0. 0. 0. ... 0. 0. 0.]]"
0.4,0.01,4,1000.0,30,31.110324847659328,0.710988777475264,0.48979785917230767,"[[[0.963 1.004 1.008 ... 0.995 0.991 1.007]
  [1.025 1.01  1.04  ... 1.033 1.023 0.961]
  [0.975 0.999 1.032 ... 1.039 0.99  0.968]
  ...
  [1.047 1.023 1.012 ... 0.992 0.986 1.016]
  [0.99  1.062 1.017 ... 0.97  1.014 1.012]
  [1.005 0.972 1.028 ... 1.024 1.007 0.971]]

 [[0.963 1.004 1.008 ... 0.995 0.991 1.007]
  [1.025 1.01  1.04  ... 1.033 1.023 0.961]
  [0.975 0.999 1.032 ... 1.039 0.99  0.968]
  ...
  [1.047 1.023 1.012 ... 0.992 0.986 1.016]
  [0.99  1.062 1.017 ... 0.97  1.014 1.012]
  [1.005 0.972 1.028 ... 1.024 1.007 0.971]]]","[[[0.37353211 0.         0.50472099 ... 0.         0.19143697 0.        ]
  [0.         0.43350529 0.         ... 0.10378193 0.         0.2747618 ]
  [0.32539317 0.         0.43052647 ... 0.         0.17285322 0.        ]
  ...
  [0.         0.40345183 0.         ... 0.0107896  0.         0.22663302]
  [0.35380267 0.         0.49683767 ... 0.         0.15840763 0.        ]
  [0.         0.44995823 0.         ... 0.08087832 0.         0.27862072]]

 [[0.         0.51525688 0.         ... 0.11437747 0.         0.33092381]
  [0.40955255 0.         0.53428481 ... 0.         0.21779446 0.        ]
  [0.         0.44476005 0.         ... 0.10410739 0.         0.30021948]
  ...
  [0.35960077 0.         0.52274161 ... 0.         0.14384954 0.        ]
  [0.         0.48526275 0.         ... 0.06741589 0.         0.29753907]
  [0.42846936 0.         0.57461074 ... 0.         0.21005238 0.        ]]]","[[0. 0. 0. ... 0. 0. 0.]
 [0. 0. 0. ... 0. 0. 0.]
 [0. 0. 0. ... 0. 0. 0.]
 ...
 [0. 0. 0. ... 0. 0. 0.]
 [0. 0. 0. ... 0. 0. 0.]
 [0. 0. 0. ... 0. 0. 0.]]","[[0. 0. 0. ... 0. 0. 0.]
 [0. 0. 0. ... 0. 0. 0.]
 [0. 0. 0. ... 0. 0. 0.]
 ...
 [0. 0. 0. ... 0. 0. 0.]
 [0. 0. 0. ... 0. 0. 0.]
 [0. 0. 0. ... 0. 0. 0.]]"
0.4,0.01,4,10000.0,10,3.570132196826843,0.5049412311574474,0.4869141616888415,"[[[0.9884 1.0011 1.0026 ... 0.9985 0.9971 1.0023]
  [1.0079 1.0031 1.0127 ... 1.0103 1.0073 1.0034]
  [0.9921 0.9997 1.0102 ... 1.0123 0.997  0.9901]
  ...
  [1.0149 1.0074 1.0039 ... 0.9974 0.9957 1.0051]
  [0.9968 1.0195 1.0053 ... 0.9904 1.0046 1.0037]
  [1.0015 0.9911 1.0088 ... 1.0076 1.0021 0.9909]]

 [[0.9884 1.0011 1.0026 ... 0.9985 0.9971 1.0023]
  [1.0079 1.0031 1.0127 ... 1.0103 1.0073 1.0034]
  [0.9921 0.9997 1.0102 ... 1.0123 0.997  0.9901]
  ...
  [1.0149 1.0074 1.0039 ... 0.9974 0.9957 1.0051]
  [0.9968 1.0195 1.0053 ... 0.9904 1.0046 1.0037]
  [1.0015 0.9911 1.0088 ... 1.0076 1.0021 0.9909]]]","[[[0.19776334 0.         0.22696115 ... 0.         0.13105314 0.        ]
  [0.         0.22769154 0.         ... 0.10414307 0.         0.18431173]
  [0.21103927 0.         0.22910232 ... 0.         0.15422011 0.        ]
  ...
  [0.         0.14900949 0.         ... 0.01569529 0.         0.09460925]
  [0.15494851 0.         0.19135829 ... 0.         0.08685923 0.        ]
  [0.         0.20075367 0.         ... 0.06802751 0.         0.14887358]]

 [[0.         0.2578138  0.         ... 0.11044402 0.         0.20297892]
  [0.24702536 0.         0.27062888 ... 0.         0.17592377 0.        ]
  [0.         0.26513839 0.         ... 0.13776818 0.         0.22594731]
  ...
  [0.1506332  0.         0.19465194 ... 0.         0.07727368 0.        ]
  [0.         0.20889347 0.         ... 0.06272894 0.         0.15173487]
  [0.2152028  0.         0.2495616  ... 0.         0.13730733 0.        ]]]","[[0. 0. 0. ... 0. 0. 0.]
 [0. 0. 0. ... 0. 0. 0.]
 [0. 0. 0. ... 0. 0. 0.]
 ...
 [0. 0. 0. ... 0. 0. 0.]
 [0. 0. 0. ... 0. 0. 0.]
 [0. 0. 0. ... 0. 0. 0.]]","[[0. 0. 0. ... 0. 0. 0.]
 [0. 0. 0. ... 0. 0. 0.]
 [0. 0. 0. ... 0. 0. 0.]
 ...
 [0. 0. 0. ... 0. 0. 0.]
 [0. 0. 0. ... 0. 0. 0.]
 [0. 0. 0. ... 0. 0. 0.]]"
0.4,0.01,4,10000.0,20,30.76754796697095,0.7204535493724683,0.4987876579895494,"[[[0.9884 1.0011 1.0026 ... 0.9985 0.9971 1.0023]
  [1.0079 1.0031 1.0127 ... 1.0103 1.0073 1.0034]
  [0.9921 0.9997 1.0102 ... 1.0123 0.997  0.9901]
  ...
  [1.0149 1.0074 1.0039 ... 0.9974 0.9957 1.0051]
  [0.9968 1.0195 1.0053 ... 0.9904 1.0046 1.0037]
  [1.0015 0.9911 1.0088 ... 1.0076 1.0021 0.9909]]

 [[0.9884 1.0011 1.0026 ... 0.9985 0.9971 1.0023]
  [1.0079 1.0031 1.0127 ... 1.0103 1.0073 1.0034]
  [0.9921 0.9997 1.0102 ... 1.0123 0.997  0.9901]
  ...
  [1.0149 1.0074 1.0039 ... 0.9974 0.9957 1.0051]
  [0.9968 1.0195 1.0053 ... 0.9904 1.0046 1.0037]
  [1.0015 0.9911 1.0088 ... 1.0076 1.0021 0.9909]]]","[[[0.12664683 0.         0.16849633 ... 0.         0.06415464 0.        ]
  [0.         0.15087347 0.         ... 0.04878852 0.         0.1105779 ]
  [0.12861128 0.         0.14530518 ... 0.         0.08988803 0.        ]
  ...
  [0.         0.11311203 0.         ... 0.         0.         0.0407161 ]
  [0.09933292 0.         0.15789192 ... 0.00948074 0.02322363 0.        ]
  [0.         0.14393217 0.         ... 0.00566701 0.         0.08204937]]

 [[0.         0.18263854 0.         ... 0.04364448 0.         0.12347946]
  [0.16026211 0.         0.19052496 ... 0.         0.10169222 0.        ]
  [0.         0.1694418  0.         ... 0.08118124 0.         0.14166774]
  ...
  [0.09851555 0.         0.16949903 ... 0.05303116 0.01146505 0.        ]
  [0.         0.15676924 0.         ... 0.         0.         0.0830168 ]
  [0.14364206 0.         0.19834591 ... 0.         0.06306713 0.        ]]]","[[0. 0. 0. ... 0. 0. 0.]
 [0. 0. 0. ... 0. 0. 0.]
 [0. 0. 0. ... 0. 0. 0.]
 ...
 [0. 0. 0. ... 0. 0. 0.]
 [0. 0. 0. ... 0. 0. 0.]
 [0. 0. 0. ... 0. 0. 0.]]","[[0. 0. 0. ... 0. 0. 0.]
 [0. 0. 0. ... 0. 0. 0.]
 [0. 0. 0. ... 0. 0. 0.]
 ...
 [0. 0. 0. ... 0. 0. 0.]
 [0. 0. 0. ... 0. 0. 0.]
 [0. 0. 0. ... 0. 0. 0.]]"
0.4,0.01,4,10000.0,30,30.36730121276312,0.710988777475264,0.4950806738304085,"[[[0.9884 1.0011 1.0026 ... 0.9985 0.9971 1.0023]
  [1.0079 1.0031 1.0127 ... 1.0103 1.0073 1.0034]
  [0.9921 0.9997 1.0102 ... 1.0123 0.997  0.9901]
  ...
  [1.0149 1.0074 1.0039 ... 0.9974 0.9957 1.0051]
  [0.9968 1.0195 1.0053 ... 0.9904 1.0046 1.0037]
  [1.0015 0.9911 1.0088 ... 1.0076 1.0021 0.9909]]

 [[0.9884 1.0011 1.0026 ... 0.9985 0.9971 1.0023]
  [1.0079 1.0031 1.0127 ... 1.0103 1.0073 1.0034]
  [0.9921 0.9997 1.0102 ... 1.0123 0.997  0.9901]
  ...
  [1.0149 1.0074 1.0039 ... 0.9974 0.9957 1.0051]
  [0.9968 1.0195 1.0053 ... 0.9904 1.0046 1.0037]
  [1.0015 0.9911 1.0088 ... 1.0076 1.0021 0.9909]]]","[[[0.16791468 0.         0.24123238 ... 0.         0.07061281 0.        ]
  [0.         0.18214741 0.         ... 0.01141721 0.         0.1025099 ]
  [0.10939186 0.         0.17046329 ... 0.         0.03426906 0.        ]
  ...
  [0.         0.23376931 0.         ... 0.02519955 0.         0.14156937]
  [0.19283446 0.         0.26825347 ... 0.         0.08682447 0.        ]
  [0.         0.22724501 0.         ... 0.02687264 0.         0.13500882]]

 [[0.         0.24802894 0.         ... 0.03508176 0.         0.14957455]
  [0.17297815 0.         0.24603031 ... 0.         0.07411663 0.        ]
  [0.         0.17309362 0.         ... 0.00743835 0.         0.09769155]
  ...
  [0.2245716  0.         0.30656341 ... 0.         0.10782114 0.        ]
  [0.         0.27347328 0.         ... 0.04534667 0.         0.17163883]
  [0.22097237 0.         0.30271264 ... 0.         0.10386193 0.        ]]]","[[0. 0. 0. ... 0. 0. 0.]
 [0. 0. 0. ... 0. 0. 0.]
 [0. 0. 0. ... 0. 0. 0.]
 ...
 [0. 0. 0. ... 0. 0. 0.]
 [0. 0. 0. ... 0. 0. 0.]
 [0. 0. 0. ... 0. 0. 0.]]","[[0. 0. 0. ... 0. 0. 0.]
 [0. 0. 0. ... 0. 0. 0.]
 [0. 0. 0. ... 0. 0. 0.]
 ...
 [0. 0. 0. ... 0. 0. 0.]
 [0. 0. 0. ... 0. 0. 0.]
 [0. 0. 0. ... 0. 0. 0.]]"
0.4,0.01,4,100000.0,10,2.2024766798428597,0.5049412311574474,0.4938200182942932,"[[[0.99634 1.00036 1.00084 ... 0.99954 0.99909 1.00071]
  [1.00251 1.00098 1.00401 ... 1.00324 1.0023  0.99612]
  [0.9975  0.99989 1.00321 ... 1.00388 0.99905 0.99687]
  ...
  [1.0047  1.00233 1.00125 ... 0.99917 0.99864 1.00161]
  [0.999   1.00618 1.00327 ... 0.99697 0.99763 1.00116]
  [1.00046 0.99718 1.00279 ... 1.0024  1.00065 0.99712]]

 [[0.99634 1.00036 1.00084 ... 0.99954 0.9991  1.00071]
  [1.00251 1.00098 1.00401 ... 1.00324 1.0023  0.99612]
  [0.9975  0.99989 1.00321 ... 1.00388 0.99905 0.99687]
  ...
  [1.0047  1.00233 1.00125 ... 0.99917 0.99864 1.00161]
  [0.999   1.00618 1.00327 ... 0.99697 0.99763 1.00116]
  [1.00046 0.99718 1.00279 ... 1.0024  1.00065 0.99712]]]","[[[0.12761939 0.         0.11942421 ... 0.         0.10999086 0.        ]
  [0.         0.13444113 0.         ... 0.09481868 0.         0.12786874]
  [0.13596437 0.         0.12898032 ... 0.         0.11560025 0.        ]
  ...
  [0.         0.07495077 0.         ... 0.06098386 0.         0.07756835]
  [0.09911563 0.         0.08857954 ... 0.         0.0878622  0.        ]
  [0.         0.11359254 0.         ... 0.08519005 0.         0.11149142]]

 [[0.         0.1555969  0.         ... 0.11572259 0.         0.15049331]
  [0.16388699 0.         0.15469187 ... 0.         0.14165785 0.        ]
  [0.         0.16568275 0.         ... 0.11885624 0.         0.15921214]
  ...
  [0.10066562 0.         0.08800663 ... 0.         0.09363077 0.        ]
  [0.         0.12033074 0.         ... 0.09764166 0.         0.12146573]
  [0.14340138 0.         0.13174697 ... 0.         0.12677165 0.        ]]]","[[0. 0. 0. ... 0. 0. 0.]
 [0. 0. 0. ... 0. 0. 0.]
 [0. 0. 0. ... 0. 0. 0.]
 ...
 [0. 0. 0. ... 0. 0. 0.]
 [0. 0. 0. ... 0. 0. 0.]
 [0. 0. 0. ... 0. 0. 0.]]","[[0. 0. 0. ... 0. 0. 0.]
 [0. 0. 0. ... 0. 0. 0.]
 [0. 0. 0. ... 0. 0. 0.]
 ...
 [0. 0. 0. ... 0. 0. 0.]
 [0. 0. 0. ... 0. 0. 0.]
 [0. 0. 0. ... 0. 0. 0.]]"
0.4,0.01,4,100000.0,20,30.716859002660918,0.7204535493724683,0.49915284843206115,"[[[0.99634 1.00331 1.00546 ... 0.9995  0.99515 1.00071]
  [1.00212 0.9967  0.99803 ... 0.99863 0.99695 0.99612]
  [0.99934 1.00681 1.00434 ... 1.00388 0.99905 1.00037]
  ...
  [1.00668 1.0016  0.99544 ... 0.99917 0.99618 0.99838]
  [1.00439 1.00153 1.00327 ... 1.00167 1.00144 0.99923]
  [0.99808 0.99923 1.00062 ... 0.99865 0.99447 1.00383]]

 [[0.99634 1.00036 1.00084 ... 0.99954 0.9991  1.00071]
  [1.00251 1.00098 1.00401 ... 1.00324 1.0023  0.99612]
  [0.9975  0.99989 1.00321 ... 1.00388 0.99905 0.99687]
  ...
  [1.0047  1.00233 1.00125 ... 0.99917 0.99864 1.00161]
  [0.999   1.00618 1.00168 ... 0.99697 0.99763 1.00116]
  [1.00046 0.99718 1.00279 ... 1.0024  1.00065 0.99712]]]","[[[0.05261444 0.         0.09307187 ... 0.02407437 0.         0.        ]
  [0.         0.08247213 0.         ... 0.         0.         0.03822225]
  [0.06738698 0.         0.08710114 ... 0.         0.02918316 0.        ]
  ...
  [0.         0.04820669 0.         ... 0.         0.04063962 0.        ]
  [0.02725994 0.         0.08233213 ... 0.05707976 0.         0.        ]
  [0.         0.06724197 0.         ... 0.         0.01407258 0.00795546]]

 [[0.         0.09972449 0.         ... 0.         0.0060444  0.04126972]
  [0.08150865 0.         0.11414391 ... 0.01643541 0.02521908 0.        ]
  [0.         0.10610867 0.         ... 0.01846666 0.         0.07108203]
  ...
  [0.03320686 0.         0.09385641 ... 0.09261941 0.         0.01841356]
  [0.         0.07524812 0.         ... 0.         0.04530739 0.00794732]
  [0.05783439 0.         0.11231083 ... 0.05879727 0.         0.        ]]]","[[0. 0. 0. ... 0. 0. 0.]
 [0. 0. 0. ... 0. 0. 0.]
 [0. 0. 0. ... 0. 0. 0.]
 ...
 [0. 0. 0. ... 0. 0. 0.]
 [0. 0. 0. ... 0. 0. 0.]
 [0. 0. 0. ... 0. 0. 0.]]","[[0. 0. 0. ... 0. 0. 0.]
 [0. 0. 0. ... 0. 0. 0.]
 [0. 0. 0. ... 0. 0. 0.]
 ...
 [0. 0. 0. ... 0. 0. 0.]
 [0. 0. 0. ... 0. 0. 0.]
 [0. 0. 0. ... 0. 0. 0.]]"
0.4,0.01,4,100000.0,30,29.704096235319817,0.710988777475264,0.49979598679168774,"[[[0.99634 1.00036 1.00084 ... 0.99954 0.9991  1.00071]
  [1.00251 1.00098 1.00401 ... 1.00324 1.0023  0.99612]
  [0.9975  0.99989 1.00321 ... 1.00388 0.99905 0.99687]
  ...
  [1.0047  1.00233 1.00125 ... 0.99917 0.99864 1.00161]
  [0.999   1.00618 1.00168 ... 0.99697 0.99763 1.00116]
  [1.00046 0.99718 1.00279 ... 1.0024  1.00065 0.99712]]

 [[0.99634 1.00036 1.00084 ... 0.99954 0.99909 1.00071]
  [1.00251 1.00098 1.00401 ... 1.00324 1.0023  0.99612]
  [0.9975  0.99989 1.00321 ... 1.00388 0.99905 0.99687]
  ...
  [1.0047  1.00233 1.00125 ... 0.99917 0.99864 1.00161]
  [0.999   1.00618 1.00168 ... 0.99697 0.99763 1.00116]
  [1.00046 0.99718 1.00279 ... 1.0024  1.00065 0.99712]]]","[[[0.11472254 0.         0.14318042 ... 0.         0.06856641 0.        ]
  [0.         0.10403379 0.         ... 0.02858644 0.         0.06855806]
  [0.05549723 0.         0.07910198 ... 0.         0.02397104 0.        ]
  ...
  [0.         0.17308555 0.         ... 0.06053085 0.         0.12589405]
  [0.14808655 0.         0.17978325 ... 0.         0.0917438  0.        ]
  [0.         0.15408271 0.         ... 0.05505032 0.         0.11098213]]

 [[0.         0.16176385 0.         ... 0.0623233  0.         0.11759493]
  [0.11164032 0.         0.14031606 ... 0.         0.06736185 0.        ]
  [0.         0.09128807 0.         ... 0.02303007 0.         0.05915311]
  ...
  [0.18330449 0.         0.21947301 ... 0.         0.11880831 0.        ]
  [0.         0.2001992  0.         ... 0.08132743 0.         0.14986985]
  [0.16512846 0.         0.19838771 ... 0.         0.10678021 0.        ]]]","[[0. 0. 0. ... 0. 0. 0.]
 [0. 0. 0. ... 0. 0. 0.]
 [0. 0. 0. ... 0. 0. 0.]
 ...
 [0. 0. 0. ... 0. 0. 0.]
 [0. 0. 0. ... 0. 0. 0.]
 [0. 0. 0. ... 0. 0. 0.]]","[[0. 0. 0. ... 0. 0. 0.]
 [0. 0. 0. ... 0. 0. 0.]
 [0. 0. 0. ... 0. 0. 0.]
 ...
 [0. 0. 0. ... 0. 0. 0.]
 [0. 0. 0. ... 0. 0. 0.]
 [0. 0. 0. ... 0. 0. 0.]]"
0.4,0.01,6,1000.0,10,3.4577297721614078,0.5049412311574474,0.48748172787579797,"[[[0.963 1.004 1.008 ... 0.995 0.991 1.007]
  [1.025 1.01  1.04  ... 1.033 1.023 0.961]
  [0.975 0.999 1.032 ... 1.039 0.99  0.968]
  ...
  [1.047 1.023 1.012 ... 0.992 0.986 1.016]
  [0.99  1.062 1.017 ... 0.97  1.014 1.012]
  [1.005 0.972 1.028 ... 1.024 1.007 0.971]]

 [[0.963 1.004 1.008 ... 0.995 0.991 1.007]
  [1.025 1.01  1.04  ... 1.033 1.023 0.961]
  [0.975 0.999 1.032 ... 1.039 0.99  0.968]
  ...
  [1.047 1.023 1.012 ... 0.992 0.986 1.016]
  [0.99  1.062 1.017 ... 0.97  1.014 1.012]
  [1.005 0.972 1.028 ... 1.024 1.007 0.971]]]","[[[0.32604276 0.         0.44646205 ... 0.         0.1551398  0.        ]
  [0.         0.40322555 0.         ... 0.07613912 0.         0.25029799]
  [0.32382778 0.         0.42846367 ... 0.         0.16832125 0.        ]
  ...
  [0.         0.31537326 0.         ... 0.         0.         0.17483001]
  [0.28467157 0.         0.40231681 ... 0.         0.11848323 0.        ]
  [0.         0.37830544 0.         ... 0.04637447 0.         0.22774971]]

 [[0.         0.45473955 0.         ... 0.07510304 0.         0.28472585]
  [0.37880049 0.         0.49820951 ... 0.         0.19061488 0.        ]
  [0.         0.44169286 0.         ... 0.09017338 0.         0.29805943]
  ...
  [0.28041939 0.         0.40744541 ... 0.00798392 0.10625226 0.        ]
  [0.         0.39203425 0.         ... 0.03604943 0.         0.2366532 ]
  [0.35934426 0.         0.48540356 ... 0.         0.16354631 0.        ]]]","[[0. 0. 0. ... 0. 0. 0.]
 [0. 0. 0. ... 0. 0. 0.]
 [0. 0. 0. ... 0. 0. 0.]
 ...
 [0. 0. 0. ... 0. 0. 0.]
 [0. 0. 0. ... 0. 0. 0.]
 [0. 0. 0. ... 0. 0. 0.]]","[[0. 0. 0. ... 0. 0. 0.]
 [0. 0. 0. ... 0. 0. 0.]
 [0. 0. 0. ... 0. 0. 0.]
 ...
 [0. 0. 0. ... 0. 0. 0.]
 [0. 0. 0. ... 0. 0. 0.]
 [0. 0. 0. ... 0. 0. 0.]]"
0.4,0.01,6,1000.0,20,32.146083099241295,0.7204535493724683,0.48885595269976123,"[[[0.963 1.004 1.008 ... 0.995 0.991 1.007]
  [1.025 1.01  1.04  ... 1.033 1.023 0.961]
  [0.975 0.999 1.032 ... 1.039 0.99  0.968]
  ...
  [1.047 1.023 1.012 ... 0.992 0.986 1.016]
  [0.99  1.062 1.017 ... 0.97  1.014 1.012]
  [1.005 0.972 1.028 ... 1.024 1.007 0.971]]

 [[0.963 1.004 1.008 ... 0.995 0.991 1.007]
  [1.025 1.01  1.04  ... 1.033 1.023 0.961]
  [0.975 0.999 1.032 ... 1.039 0.99  0.968]
  ...
  [1.047 1.023 1.012 ... 0.992 0.986 1.016]
  [0.99  1.062 1.017 ... 0.97  1.014 1.012]
  [1.005 0.972 1.028 ... 1.024 1.007 0.971]]]","[[[0.27737702 0.         0.42192345 ... 0.0081003  0.08728428 0.        ]
  [0.         0.38879148 0.         ... 0.03495978 0.         0.22138742]
  [0.32892108 0.         0.43799861 ... 0.         0.16461281 0.        ]
  ...
  [0.         0.21961879 0.         ... 0.         0.04917854 0.04376853]
  [0.18763911 0.         0.34398612 ... 0.10055263 0.         0.        ]
  [0.         0.31923469 0.         ... 0.         0.         0.14032719]]

 [[0.         0.41393547 0.         ... 0.         0.         0.21939127]
  [0.35516518 0.         0.49079989 ... 0.         0.15129664 0.        ]
  [0.         0.45113112 0.         ... 0.08127412 0.         0.29983999]
  ...
  [0.15252563 0.         0.32658284 ... 0.1770996  0.         0.        ]
  [0.         0.30442014 0.         ... 0.         0.00778057 0.11211677]
  [0.27698134 0.         0.43936358 ... 0.06753432 0.0546732  0.        ]]]","[[0. 0. 0. ... 0. 0. 0.]
 [0. 0. 0. ... 0. 0. 0.]
 [0. 0. 0. ... 0. 0. 0.]
 ...
 [0. 0. 0. ... 0. 0. 0.]
 [0. 0. 0. ... 0. 0. 0.]
 [0. 0. 0. ... 0. 0. 0.]]","[[0. 0. 0. ... 0. 0. 0.]
 [0. 0. 0. ... 0. 0. 0.]
 [0. 0. 0. ... 0. 0. 0.]
 ...
 [0. 0. 0. ... 0. 0. 0.]
 [0. 0. 0. ... 0. 0. 0.]
 [0. 0. 0. ... 0. 0. 0.]]"
0.4,0.01,6,1000.0,30,31.110324847659328,0.710988777475264,0.48979785917230767,"[[[0.963 1.004 1.008 ... 0.995 0.991 1.007]
  [1.025 1.01  1.04  ... 1.033 1.023 0.961]
  [0.975 0.999 1.032 ... 1.039 0.99  0.968]
  ...
  [1.047 1.023 1.012 ... 0.992 0.986 1.016]
  [0.99  1.062 1.017 ... 0.97  1.014 1.012]
  [1.005 0.972 1.028 ... 1.024 1.007 0.971]]

 [[0.963 1.004 1.008 ... 0.995 0.991 1.007]
  [1.025 1.01  1.04  ... 1.033 1.023 0.961]
  [0.975 0.999 1.032 ... 1.039 0.99  0.968]
  ...
  [1.047 1.023 1.012 ... 0.992 0.986 1.016]
  [0.99  1.062 1.017 ... 0.97  1.014 1.012]
  [1.005 0.972 1.028 ... 1.024 1.007 0.971]]]","[[[0.37353211 0.         0.50472099 ... 0.         0.19143697 0.        ]
  [0.         0.43350529 0.         ... 0.10378193 0.         0.2747618 ]
  [0.32539317 0.         0.43052647 ... 0.         0.17285322 0.        ]
  ...
  [0.         0.40345183 0.         ... 0.0107896  0.         0.22663302]
  [0.35380267 0.         0.49683767 ... 0.         0.15840763 0.        ]
  [0.         0.44995823 0.         ... 0.08087832 0.         0.27862072]]

 [[0.         0.51525688 0.         ... 0.11437747 0.         0.33092381]
  [0.40955255 0.         0.53428481 ... 0.         0.21779446 0.        ]
  [0.         0.44476005 0.         ... 0.10410739 0.         0.30021948]
  ...
  [0.35960077 0.         0.52274161 ... 0.         0.14384954 0.        ]
  [0.         0.48526275 0.         ... 0.06741589 0.         0.29753907]
  [0.42846936 0.         0.57461074 ... 0.         0.21005238 0.        ]]]","[[0. 0. 0. ... 0. 0. 0.]
 [0. 0. 0. ... 0. 0. 0.]
 [0. 0. 0. ... 0. 0. 0.]
 ...
 [0. 0. 0. ... 0. 0. 0.]
 [0. 0. 0. ... 0. 0. 0.]
 [0. 0. 0. ... 0. 0. 0.]]","[[0. 0. 0. ... 0. 0. 0.]
 [0. 0. 0. ... 0. 0. 0.]
 [0. 0. 0. ... 0. 0. 0.]
 ...
 [0. 0. 0. ... 0. 0. 0.]
 [0. 0. 0. ... 0. 0. 0.]
 [0. 0. 0. ... 0. 0. 0.]]"
0.4,0.01,6,10000.0,10,3.570132196826843,0.5049412311574474,0.4869141616888415,"[[[0.9884 1.0011 1.0026 ... 0.9985 0.9971 1.0023]
  [1.0079 1.0031 1.0127 ... 1.0103 1.0073 1.0034]
  [0.9921 0.9997 1.0102 ... 1.0123 0.997  0.9901]
  ...
  [1.0149 1.0074 1.0039 ... 0.9974 0.9957 1.0051]
  [0.9968 1.0195 1.0053 ... 0.9904 1.0046 1.0037]
  [1.0015 0.9911 1.0088 ... 1.0076 1.0021 0.9909]]

 [[0.9884 1.0011 1.0026 ... 0.9985 0.9971 1.0023]
  [1.0079 1.0031 1.0127 ... 1.0103 1.0073 1.0034]
  [0.9921 0.9997 1.0102 ... 1.0123 0.997  0.9901]
  ...
  [1.0149 1.0074 1.0039 ... 0.9974 0.9957 1.0051]
  [0.9968 1.0195 1.0053 ... 0.9904 1.0046 1.0037]
  [1.0015 0.9911 1.0088 ... 1.0076 1.0021 0.9909]]]","[[[0.19776334 0.         0.22696115 ... 0.         0.13105314 0.        ]
  [0.         0.22769154 0.         ... 0.10414307 0.         0.18431173]
  [0.21103927 0.         0.22910232 ... 0.         0.15422011 0.        ]
  ...
  [0.         0.14900949 0.         ... 0.01569529 0.         0.09460925]
  [0.15494851 0.         0.19135829 ... 0.         0.08685923 0.        ]
  [0.         0.20075367 0.         ... 0.06802751 0.         0.14887358]]

 [[0.         0.2578138  0.         ... 0.11044402 0.         0.20297892]
  [0.24702536 0.         0.27062888 ... 0.         0.17592377 0.        ]
  [0.         0.26513839 0.         ... 0.13776818 0.         0.22594731]
  ...
  [0.1506332  0.         0.19465194 ... 0.         0.07727368 0.        ]
  [0.         0.20889347 0.         ... 0.06272894 0.         0.15173487]
  [0.2152028  0.         0.2495616  ... 0.         0.13730733 0.        ]]]","[[0. 0. 0. ... 0. 0. 0.]
 [0. 0. 0. ... 0. 0. 0.]
 [0. 0. 0. ... 0. 0. 0.]
 ...
 [0. 0. 0. ... 0. 0. 0.]
 [0. 0. 0. ... 0. 0. 0.]
 [0. 0. 0. ... 0. 0. 0.]]","[[0. 0. 0. ... 0. 0. 0.]
 [0. 0. 0. ... 0. 0. 0.]
 [0. 0. 0. ... 0. 0. 0.]
 ...
 [0. 0. 0. ... 0. 0. 0.]
 [0. 0. 0. ... 0. 0. 0.]
 [0. 0. 0. ... 0. 0. 0.]]"
0.4,0.01,6,10000.0,20,30.76754796697095,0.7204535493724683,0.4987876579895494,"[[[0.9884 1.0011 1.0026 ... 0.9985 0.9971 1.0023]
  [1.0079 1.0031 1.0127 ... 1.0103 1.0073 1.0034]
  [0.9921 0.9997 1.0102 ... 1.0123 0.997  0.9901]
  ...
  [1.0149 1.0074 1.0039 ... 0.9974 0.9957 1.0051]
  [0.9968 1.0195 1.0053 ... 0.9904 1.0046 1.0037]
  [1.0015 0.9911 1.0088 ... 1.0076 1.0021 0.9909]]

 [[0.9884 1.0011 1.0026 ... 0.9985 0.9971 1.0023]
  [1.0079 1.0031 1.0127 ... 1.0103 1.0073 1.0034]
  [0.9921 0.9997 1.0102 ... 1.0123 0.997  0.9901]
  ...
  [1.0149 1.0074 1.0039 ... 0.9974 0.9957 1.0051]
  [0.9968 1.0195 1.0053 ... 0.9904 1.0046 1.0037]
  [1.0015 0.9911 1.0088 ... 1.0076 1.0021 0.9909]]]","[[[0.12664683 0.         0.16849633 ... 0.         0.06415464 0.        ]
  [0.         0.15087347 0.         ... 0.04878852 0.         0.1105779 ]
  [0.12861128 0.         0.14530518 ... 0.         0.08988803 0.        ]
  ...
  [0.         0.11311203 0.         ... 0.         0.         0.0407161 ]
  [0.09933292 0.         0.15789192 ... 0.00948074 0.02322363 0.        ]
  [0.         0.14393217 0.         ... 0.00566701 0.         0.08204937]]

 [[0.         0.18263854 0.         ... 0.04364448 0.         0.12347946]
  [0.16026211 0.         0.19052496 ... 0.         0.10169222 0.        ]
  [0.         0.1694418  0.         ... 0.08118124 0.         0.14166774]
  ...
  [0.09851555 0.         0.16949903 ... 0.05303116 0.01146505 0.        ]
  [0.         0.15676924 0.         ... 0.         0.         0.0830168 ]
  [0.14364206 0.         0.19834591 ... 0.         0.06306713 0.        ]]]","[[0. 0. 0. ... 0. 0. 0.]
 [0. 0. 0. ... 0. 0. 0.]
 [0. 0. 0. ... 0. 0. 0.]
 ...
 [0. 0. 0. ... 0. 0. 0.]
 [0. 0. 0. ... 0. 0. 0.]
 [0. 0. 0. ... 0. 0. 0.]]","[[0. 0. 0. ... 0. 0. 0.]
 [0. 0. 0. ... 0. 0. 0.]
 [0. 0. 0. ... 0. 0. 0.]
 ...
 [0. 0. 0. ... 0. 0. 0.]
 [0. 0. 0. ... 0. 0. 0.]
 [0. 0. 0. ... 0. 0. 0.]]"
0.4,0.01,6,10000.0,30,30.36730121276312,0.710988777475264,0.4950806738304085,"[[[0.9884 1.0011 1.0026 ... 0.9985 0.9971 1.0023]
  [1.0079 1.0031 1.0127 ... 1.0103 1.0073 1.0034]
  [0.9921 0.9997 1.0102 ... 1.0123 0.997  0.9901]
  ...
  [1.0149 1.0074 1.0039 ... 0.9974 0.9957 1.0051]
  [0.9968 1.0195 1.0053 ... 0.9904 1.0046 1.0037]
  [1.0015 0.9911 1.0088 ... 1.0076 1.0021 0.9909]]

 [[0.9884 1.0011 1.0026 ... 0.9985 0.9971 1.0023]
  [1.0079 1.0031 1.0127 ... 1.0103 1.0073 1.0034]
  [0.9921 0.9997 1.0102 ... 1.0123 0.997  0.9901]
  ...
  [1.0149 1.0074 1.0039 ... 0.9974 0.9957 1.0051]
  [0.9968 1.0195 1.0053 ... 0.9904 1.0046 1.0037]
  [1.0015 0.9911 1.0088 ... 1.0076 1.0021 0.9909]]]","[[[0.16791468 0.         0.24123238 ... 0.         0.07061281 0.        ]
  [0.         0.18214741 0.         ... 0.01141721 0.         0.1025099 ]
  [0.10939186 0.         0.17046329 ... 0.         0.03426906 0.        ]
  ...
  [0.         0.23376931 0.         ... 0.02519955 0.         0.14156937]
  [0.19283446 0.         0.26825347 ... 0.         0.08682447 0.        ]
  [0.         0.22724501 0.         ... 0.02687264 0.         0.13500882]]

 [[0.         0.24802894 0.         ... 0.03508176 0.         0.14957455]
  [0.17297815 0.         0.24603031 ... 0.         0.07411663 0.        ]
  [0.         0.17309362 0.         ... 0.00743835 0.         0.09769155]
  ...
  [0.2245716  0.         0.30656341 ... 0.         0.10782114 0.        ]
  [0.         0.27347328 0.         ... 0.04534667 0.         0.17163883]
  [0.22097237 0.         0.30271264 ... 0.         0.10386193 0.        ]]]","[[0. 0. 0. ... 0. 0. 0.]
 [0. 0. 0. ... 0. 0. 0.]
 [0. 0. 0. ... 0. 0. 0.]
 ...
 [0. 0. 0. ... 0. 0. 0.]
 [0. 0. 0. ... 0. 0. 0.]
 [0. 0. 0. ... 0. 0. 0.]]","[[0. 0. 0. ... 0. 0. 0.]
 [0. 0. 0. ... 0. 0. 0.]
 [0. 0. 0. ... 0. 0. 0.]
 ...
 [0. 0. 0. ... 0. 0. 0.]
 [0. 0. 0. ... 0. 0. 0.]
 [0. 0. 0. ... 0. 0. 0.]]"
0.4,0.01,6,100000.0,10,2.2024766798428597,0.5049412311574474,0.4938200182942932,"[[[0.99634 1.00036 1.00084 ... 0.99954 0.99909 1.00071]
  [1.00251 1.00098 1.00401 ... 1.00324 1.0023  0.99612]
  [0.9975  0.99989 1.00321 ... 1.00388 0.99905 0.99687]
  ...
  [1.0047  1.00233 1.00125 ... 0.99917 0.99864 1.00161]
  [0.999   1.00618 1.00327 ... 0.99697 0.99763 1.00116]
  [1.00046 0.99718 1.00279 ... 1.0024  1.00065 0.99712]]

 [[0.99634 1.00036 1.00084 ... 0.99954 0.9991  1.00071]
  [1.00251 1.00098 1.00401 ... 1.00324 1.0023  0.99612]
  [0.9975  0.99989 1.00321 ... 1.00388 0.99905 0.99687]
  ...
  [1.0047  1.00233 1.00125 ... 0.99917 0.99864 1.00161]
  [0.999   1.00618 1.00327 ... 0.99697 0.99763 1.00116]
  [1.00046 0.99718 1.00279 ... 1.0024  1.00065 0.99712]]]","[[[0.12761939 0.         0.11942421 ... 0.         0.10999086 0.        ]
  [0.         0.13444113 0.         ... 0.09481868 0.         0.12786874]
  [0.13596437 0.         0.12898032 ... 0.         0.11560025 0.        ]
  ...
  [0.         0.07495077 0.         ... 0.06098386 0.         0.07756835]
  [0.09911563 0.         0.08857954 ... 0.         0.0878622  0.        ]
  [0.         0.11359254 0.         ... 0.08519005 0.         0.11149142]]

 [[0.         0.1555969  0.         ... 0.11572259 0.         0.15049331]
  [0.16388699 0.         0.15469187 ... 0.         0.14165785 0.        ]
  [0.         0.16568275 0.         ... 0.11885624 0.         0.15921214]
  ...
  [0.10066562 0.         0.08800663 ... 0.         0.09363077 0.        ]
  [0.         0.12033074 0.         ... 0.09764166 0.         0.12146573]
  [0.14340138 0.         0.13174697 ... 0.         0.12677165 0.        ]]]","[[0. 0. 0. ... 0. 0. 0.]
 [0. 0. 0. ... 0. 0. 0.]
 [0. 0. 0. ... 0. 0. 0.]
 ...
 [0. 0. 0. ... 0. 0. 0.]
 [0. 0. 0. ... 0. 0. 0.]
 [0. 0. 0. ... 0. 0. 0.]]","[[0. 0. 0. ... 0. 0. 0.]
 [0. 0. 0. ... 0. 0. 0.]
 [0. 0. 0. ... 0. 0. 0.]
 ...
 [0. 0. 0. ... 0. 0. 0.]
 [0. 0. 0. ... 0. 0. 0.]
 [0. 0. 0. ... 0. 0. 0.]]"
0.4,0.01,6,100000.0,20,30.716859002660918,0.7204535493724683,0.49915284843206115,"[[[0.99634 1.00331 1.00546 ... 0.9995  0.99515 1.00071]
  [1.00212 0.9967  0.99803 ... 0.99863 0.99695 0.99612]
  [0.99934 1.00681 1.00434 ... 1.00388 0.99905 1.00037]
  ...
  [1.00668 1.0016  0.99544 ... 0.99917 0.99618 0.99838]
  [1.00439 1.00153 1.00327 ... 1.00167 1.00144 0.99923]
  [0.99808 0.99923 1.00062 ... 0.99865 0.99447 1.00383]]

 [[0.99634 1.00036 1.00084 ... 0.99954 0.9991  1.00071]
  [1.00251 1.00098 1.00401 ... 1.00324 1.0023  0.99612]
  [0.9975  0.99989 1.00321 ... 1.00388 0.99905 0.99687]
  ...
  [1.0047  1.00233 1.00125 ... 0.99917 0.99864 1.00161]
  [0.999   1.00618 1.00168 ... 0.99697 0.99763 1.00116]
  [1.00046 0.99718 1.00279 ... 1.0024  1.00065 0.99712]]]","[[[0.05261444 0.         0.09307187 ... 0.02407437 0.         0.        ]
  [0.         0.08247213 0.         ... 0.         0.         0.03822225]
  [0.06738698 0.         0.08710114 ... 0.         0.02918316 0.        ]
  ...
  [0.         0.04820669 0.         ... 0.         0.04063962 0.        ]
  [0.02725994 0.         0.08233213 ... 0.05707976 0.         0.        ]
  [0.         0.06724197 0.         ... 0.         0.01407258 0.00795546]]

 [[0.         0.09972449 0.         ... 0.         0.0060444  0.04126972]
  [0.08150865 0.         0.11414391 ... 0.01643541 0.02521908 0.        ]
  [0.         0.10610867 0.         ... 0.01846666 0.         0.07108203]
  ...
  [0.03320686 0.         0.09385641 ... 0.09261941 0.         0.01841356]
  [0.         0.07524812 0.         ... 0.         0.04530739 0.00794732]
  [0.05783439 0.         0.11231083 ... 0.05879727 0.         0.        ]]]","[[0. 0. 0. ... 0. 0. 0.]
 [0. 0. 0. ... 0. 0. 0.]
 [0. 0. 0. ... 0. 0. 0.]
 ...
 [0. 0. 0. ... 0. 0. 0.]
 [0. 0. 0. ... 0. 0. 0.]
 [0. 0. 0. ... 0. 0. 0.]]","[[0. 0. 0. ... 0. 0. 0.]
 [0. 0. 0. ... 0. 0. 0.]
 [0. 0. 0. ... 0. 0. 0.]
 ...
 [0. 0. 0. ... 0. 0. 0.]
 [0. 0. 0. ... 0. 0. 0.]
 [0. 0. 0. ... 0. 0. 0.]]"
0.4,0.01,6,100000.0,30,29.704096235319817,0.710988777475264,0.49979598679168774,"[[[0.99634 1.00036 1.00084 ... 0.99954 0.9991  1.00071]
  [1.00251 1.00098 1.00401 ... 1.00324 1.0023  0.99612]
  [0.9975  0.99989 1.00321 ... 1.00388 0.99905 0.99687]
  ...
  [1.0047  1.00233 1.00125 ... 0.99917 0.99864 1.00161]
  [0.999   1.00618 1.00168 ... 0.99697 0.99763 1.00116]
  [1.00046 0.99718 1.00279 ... 1.0024  1.00065 0.99712]]

 [[0.99634 1.00036 1.00084 ... 0.99954 0.99909 1.00071]
  [1.00251 1.00098 1.00401 ... 1.00324 1.0023  0.99612]
  [0.9975  0.99989 1.00321 ... 1.00388 0.99905 0.99687]
  ...
  [1.0047  1.00233 1.00125 ... 0.99917 0.99864 1.00161]
  [0.999   1.00618 1.00168 ... 0.99697 0.99763 1.00116]
  [1.00046 0.99718 1.00279 ... 1.0024  1.00065 0.99712]]]","[[[0.11472254 0.         0.14318042 ... 0.         0.06856641 0.        ]
  [0.         0.10403379 0.         ... 0.02858644 0.         0.06855806]
  [0.05549723 0.         0.07910198 ... 0.         0.02397104 0.        ]
  ...
  [0.         0.17308555 0.         ... 0.06053085 0.         0.12589405]
  [0.14808655 0.         0.17978325 ... 0.         0.0917438  0.        ]
  [0.         0.15408271 0.         ... 0.05505032 0.         0.11098213]]

 [[0.         0.16176385 0.         ... 0.0623233  0.         0.11759493]
  [0.11164032 0.         0.14031606 ... 0.         0.06736185 0.        ]
  [0.         0.09128807 0.         ... 0.02303007 0.         0.05915311]
  ...
  [0.18330449 0.         0.21947301 ... 0.         0.11880831 0.        ]
  [0.         0.2001992  0.         ... 0.08132743 0.         0.14986985]
  [0.16512846 0.         0.19838771 ... 0.         0.10678021 0.        ]]]","[[0. 0. 0. ... 0. 0. 0.]
 [0. 0. 0. ... 0. 0. 0.]
 [0. 0. 0. ... 0. 0. 0.]
 ...
 [0. 0. 0. ... 0. 0. 0.]
 [0. 0. 0. ... 0. 0. 0.]
 [0. 0. 0. ... 0. 0. 0.]]","[[0. 0. 0. ... 0. 0. 0.]
 [0. 0. 0. ... 0. 0. 0.]
 [0. 0. 0. ... 0. 0. 0.]
 ...
 [0. 0. 0. ... 0. 0. 0.]
 [0. 0. 0. ... 0. 0. 0.]
 [0. 0. 0. ... 0. 0. 0.]]"
0.4,0.03,2,1000.0,10,0.31401144098858647,0.5218411747127963,0.5202025337204089,"[[[0.963 1.004 1.008 ... 0.995 0.991 1.007]
  [1.025 1.01  1.04  ... 1.033 1.023 0.961]
  [0.975 0.999 1.032 ... 1.039 0.99  0.968]
  ...
  [1.047 1.023 1.012 ... 0.992 0.986 1.016]
  [0.99  1.062 1.017 ... 0.97  1.014 1.012]
  [1.005 0.972 1.028 ... 1.024 1.007 0.971]]

 [[0.963 1.004 1.008 ... 0.995 0.991 1.007]
  [1.025 1.01  1.04  ... 1.033 1.023 0.961]
  [0.975 0.999 1.032 ... 1.039 0.99  0.968]
  ...
  [1.047 1.023 1.012 ... 0.992 0.986 1.016]
  [0.99  1.062 1.017 ... 0.97  1.014 1.012]
  [1.005 0.972 1.028 ... 1.024 1.007 0.971]]]","[[[0.21220167 0.         0.33788623 ... 0.00620214 0.05936145 0.        ]
  [0.         0.28645765 0.         ... 0.01432339 0.         0.14940911]
  [0.21684107 0.         0.31290679 ... 0.         0.0990288  0.        ]
  ...
  [0.         0.24325622 0.         ... 0.         0.         0.08417475]
  [0.18477521 0.         0.32059112 ... 0.06285332 0.01456336 0.        ]
  [0.         0.27163032 0.         ... 0.         0.         0.11898438]]

 [[0.         0.33819176 0.         ... 0.         0.         0.17588166]
  [0.26463531 0.         0.38214595 ... 0.         0.10817444 0.        ]
  [0.         0.32416633 0.         ... 0.05402661 0.         0.20721625]
  ...
  [0.19940019 0.         0.35224463 ... 0.12349939 0.00900442 0.        ]
  [0.         0.2996501  0.         ... 0.         0.         0.13213634]
  [0.24745262 0.         0.38713275 ... 0.05682207 0.059404   0.        ]]]","[[0. 0. 0. ... 0. 0. 0.]
 [0. 0. 0. ... 0. 0. 0.]
 [0. 0. 0. ... 0. 0. 0.]
 ...
 [0. 0. 0. ... 0. 0. 0.]
 [0. 0. 0. ... 0. 0. 0.]
 [0. 0. 0. ... 0. 0. 0.]]","[[0. 0. 0. ... 0. 0. 0.]
 [0. 0. 0. ... 0. 0. 0.]
 [0. 0. 0. ... 0. 0. 0.]
 ...
 [0. 0. 0. ... 0. 0. 0.]
 [0. 0. 0. ... 0. 0. 0.]
 [0. 0. 0. ... 0. 0. 0.]]"
0.4,0.03,2,1000.0,20,28.631506243937128,0.7209079184374793,0.5145011227570152,"[[[0.963 1.004 1.008 ... 0.995 0.991 1.007]
  [1.025 1.01  1.04  ... 1.033 1.023 0.961]
  [0.975 0.999 1.032 ... 1.039 0.99  0.968]
  ...
  [1.047 1.023 1.012 ... 0.992 0.986 1.016]
  [0.99  1.062 1.017 ... 0.97  1.014 1.012]
  [1.005 0.972 1.028 ... 1.024 1.007 0.971]]

 [[0.963 1.004 1.008 ... 0.995 0.991 1.007]
  [1.025 1.01  1.04  ... 1.033 1.023 0.961]
  [0.975 0.999 1.032 ... 1.039 0.99  0.968]
  ...
  [1.047 1.023 1.012 ... 0.992 0.986 1.016]
  [0.99  1.062 1.017 ... 0.97  1.014 1.012]
  [1.005 0.972 1.028 ... 1.024 1.007 0.971]]]","[[[0.14945967 0.         0.28115882 ... 0.05497266 0.00099347 0.        ]
  [0.         0.17675425 0.         ... 0.         0.01190133 0.03689319]
  [0.05999554 0.         0.17059228 ... 0.09161326 0.         0.        ]
  ...
  [0.         0.32696231 0.         ... 0.         0.         0.16892706]
  [0.22533969 0.         0.36001789 ... 0.02034659 0.05471839 0.        ]
  [0.         0.26231981 0.         ... 0.         0.         0.10913987]]

 [[0.         0.27287374 0.         ... 0.         0.00320249 0.10913546]
  [0.14097717 0.         0.26955512 ... 0.09635883 0.         0.        ]
  [0.         0.15730359 0.         ... 0.         0.06242882 0.03464715]
  ...
  [0.2971818  0.         0.44447762 ... 0.0352565  0.10400422 0.        ]
  [0.         0.34718633 0.         ... 0.         0.         0.17989178]
  [0.23877172 0.         0.38103057 ... 0.06172904 0.0531851  0.        ]]]","[[0. 0. 0. ... 0. 0. 0.]
 [0. 0. 0. ... 0. 0. 0.]
 [0. 0. 0. ... 0. 0. 0.]
 ...
 [0. 0. 0. ... 0. 0. 0.]
 [0. 0. 0. ... 0. 0. 0.]
 [0. 0. 0. ... 0. 0. 0.]]","[[0. 0. 0. ... 0. 0. 0.]
 [0. 0. 0. ... 0. 0. 0.]
 [0. 0. 0. ... 0. 0. 0.]
 ...
 [0. 0. 0. ... 0. 0. 0.]
 [0. 0. 0. ... 0. 0. 0.]
 [0. 0. 0. ... 0. 0. 0.]]"
0.4,0.03,2,1000.0,30,21.688470302763474,0.6503521046384222,0.5093006815605208,"[[[0.963 1.004 1.008 ... 0.995 0.991 1.007]
  [1.025 1.01  1.04  ... 1.033 1.023 0.961]
  [0.975 0.999 1.032 ... 1.039 0.99  0.968]
  ...
  [1.047 1.023 1.012 ... 0.992 0.986 1.016]
  [0.99  1.062 1.017 ... 0.97  1.014 1.012]
  [1.005 0.972 1.028 ... 1.024 1.007 0.971]]

 [[0.963 1.004 1.008 ... 0.995 0.991 1.007]
  [1.025 1.01  1.04  ... 1.033 1.023 0.961]
  [0.975 0.999 1.032 ... 1.039 0.99  0.968]
  ...
  [1.047 1.023 1.012 ... 0.992 0.986 1.016]
  [0.99  1.062 1.017 ... 0.97  1.014 1.012]
  [1.005 0.972 1.028 ... 1.024 1.007 0.971]]]","[[[3.43089403e-01 0.00000000e+00 5.25647699e-01 ... 1.28452404e-02
   9.99172116e-02 0.00000000e+00]
  [0.00000000e+00 4.39137619e-01 0.00000000e+00 ... 0.00000000e+00
   0.00000000e+00 2.21403326e-01]
  [3.16648715e-01 0.00000000e+00 4.74412968e-01 ... 3.26962447e-04
   1.03383762e-01 0.00000000e+00]
  ...
  [0.00000000e+00 4.14027216e-01 0.00000000e+00 ... 0.00000000e+00
   0.00000000e+00 1.95012930e-01]
  [3.30419946e-01 0.00000000e+00 5.15532167e-01 ... 3.46188957e-02
   8.26347642e-02 0.00000000e+00]
  [0.00000000e+00 4.44938126e-01 0.00000000e+00 ... 0.00000000e+00
   0.00000000e+00 2.19536122e-01]]

 [[0.00000000e+00 5.23081934e-01 0.00000000e+00 ... 0.00000000e+00
   0.00000000e+00 2.74417883e-01]
  [3.95240030e-01 0.00000000e+00 5.79381053e-01 ... 1.75286037e-02
   1.34001491e-01 0.00000000e+00]
  [0.00000000e+00 4.77088242e-01 0.00000000e+00 ... 3.55939183e-03
   0.00000000e+00 2.68144857e-01]
  ...
  [3.60405439e-01 0.00000000e+00 5.63270268e-01 ... 7.83111447e-02
   9.35090270e-02 0.00000000e+00]
  [0.00000000e+00 4.95944298e-01 0.00000000e+00 ... 0.00000000e+00
   0.00000000e+00 2.53794880e-01]
  [4.05182184e-01 0.00000000e+00 6.04352618e-01 ... 4.39227092e-02
   1.22450688e-01 0.00000000e+00]]]","[[0. 0. 0. ... 0. 0. 0.]
 [0. 0. 0. ... 0. 0. 0.]
 [0. 0. 0. ... 0. 0. 0.]
 ...
 [0. 0. 0. ... 0. 0. 0.]
 [0. 0. 0. ... 0. 0. 0.]
 [0. 0. 0. ... 0. 0. 0.]]","[[0. 0. 0. ... 0. 0. 0.]
 [0. 0. 0. ... 0. 0. 0.]
 [0. 0. 0. ... 0. 0. 0.]
 ...
 [0. 0. 0. ... 0. 0. 0.]
 [0. 0. 0. ... 0. 0. 0.]
 [0. 0. 0. ... 0. 0. 0.]]"
0.4,0.03,2,10000.0,10,2.7698408593320565,0.5218411747127963,0.5362953447908098,"[[[0.9884 1.0011 1.0026 ... 0.9985 0.9971 1.0023]
  [1.0079 1.0031 1.0127 ... 1.0103 1.0073 1.0034]
  [0.9921 0.9997 1.0102 ... 1.0123 0.997  0.9901]
  ...
  [1.0149 1.0074 1.0039 ... 0.9974 0.9957 1.0051]
  [0.9968 1.0195 1.0053 ... 0.9904 1.0046 1.0037]
  [1.0015 0.9911 1.0088 ... 1.0076 1.0021 0.9909]]

 [[0.9884 1.0011 1.0026 ... 0.9985 0.9971 1.0023]
  [1.0079 1.0031 1.0127 ... 1.0103 1.0073 1.0034]
  [0.9921 0.9997 1.0102 ... 1.0123 0.997  0.9901]
  ...
  [1.0149 1.0074 1.0039 ... 0.9974 0.9957 1.0051]
  [0.9968 1.0195 1.0053 ... 0.9904 1.0046 1.0037]
  [1.0015 0.9911 1.0088 ... 1.0076 1.0021 0.9909]]]","[[[0.06412352 0.         0.07259634 ... 0.         0.04855667 0.        ]
  [0.         0.09892858 0.         ... 0.09223042 0.         0.10394134]
  [0.13067734 0.         0.10633446 ... 0.         0.14215477 0.        ]
  ...
  [0.03223938 0.         0.         ... 0.         0.08194546 0.        ]
  [0.         0.         0.02652177 ... 0.05665441 0.         0.01601148]
  [0.         0.03754638 0.         ... 0.         0.         0.01168616]]

 [[0.         0.10160327 0.         ... 0.06363045 0.         0.08879571]
  [0.13593975 0.         0.12374226 ... 0.         0.13259502 0.        ]
  [0.         0.1567671  0.         ... 0.17638122 0.         0.18170646]
  ...
  [0.         0.02712017 0.02733468 ... 0.14316569 0.         0.08513907]
  [0.01846999 0.02814919 0.         ... 0.         0.06298604 0.        ]
  [0.05276632 0.         0.07724154 ... 0.02541444 0.01960138 0.        ]]]","[[0. 0. 0. ... 0. 0. 0.]
 [0. 0. 0. ... 0. 0. 0.]
 [0. 0. 0. ... 0. 0. 0.]
 ...
 [0. 0. 0. ... 0. 0. 0.]
 [0. 0. 0. ... 0. 0. 0.]
 [0. 0. 0. ... 0. 0. 0.]]","[[0. 0. 0. ... 0. 0. 0.]
 [0. 0. 0. ... 0. 0. 0.]
 [0. 0. 0. ... 0. 0. 0.]
 ...
 [0. 0. 0. ... 0. 0. 0.]
 [0. 0. 0. ... 0. 0. 0.]
 [0. 0. 0. ... 0. 0. 0.]]"
0.4,0.03,2,10000.0,20,25.392994876156095,0.7209079184374793,0.5378478076468466,"[[[0.9884 1.0011 1.0026 ... 0.9985 0.9971 1.0023]
  [1.0079 1.0031 1.0127 ... 1.0103 1.0073 1.0034]
  [0.9921 0.9997 1.0102 ... 1.0123 0.997  0.9901]
  ...
  [1.0149 1.0074 1.0039 ... 0.9974 0.9957 1.0051]
  [0.9968 1.0195 1.0053 ... 0.9904 1.0046 1.0037]
  [1.0015 0.9911 1.0088 ... 1.0076 1.0021 0.9909]]

 [[0.9884 1.0011 1.0026 ... 0.9985 0.9971 1.0023]
  [1.0079 1.0031 1.0127 ... 1.0103 1.0073 1.0034]
  [0.9921 0.9997 1.0102 ... 1.0123 0.997  0.9901]
  ...
  [1.0149 1.0074 1.0039 ... 0.9974 0.9957 1.0051]
  [0.9968 1.0195 1.0053 ... 0.9904 1.0046 1.0037]
  [1.0015 0.9911 1.0088 ... 1.0076 1.0021 0.9909]]]","[[[0.01494288 0.         0.05894541 ... 0.04236187 0.         0.        ]
  [0.         0.01414008 0.         ... 0.         0.03097615 0.        ]
  [0.         0.         0.00207647 ... 0.05935387 0.         0.02414283]
  ...
  [0.         0.09762692 0.         ... 0.         0.         0.04287051]
  [0.05619696 0.         0.10305353 ... 0.02159001 0.         0.        ]
  [0.         0.06107018 0.         ... 0.         0.00232945 0.00895411]]

 [[0.         0.06879282 0.         ... 0.         0.04402191 0.01572725]
  [0.01732276 0.         0.05733384 ... 0.08004908 0.         0.03315938]
  [0.03789277 0.01002626 0.00257653 ... 0.         0.07292942 0.        ]
  ...
  [0.10351545 0.         0.15364103 ... 0.03981527 0.03333469 0.        ]
  [0.         0.11312802 0.         ... 0.         0.01060548 0.05487536]
  [0.06720753 0.         0.11661247 ... 0.06034089 0.00227178 0.        ]]]","[[0. 0. 0. ... 0. 0. 0.]
 [0. 0. 0. ... 0. 0. 0.]
 [0. 0. 0. ... 0. 0. 0.]
 ...
 [0. 0. 0. ... 0. 0. 0.]
 [0. 0. 0. ... 0. 0. 0.]
 [0. 0. 0. ... 0. 0. 0.]]","[[0. 0. 0. ... 0. 0. 0.]
 [0. 0. 0. ... 0. 0. 0.]
 [0. 0. 0. ... 0. 0. 0.]
 ...
 [0. 0. 0. ... 0. 0. 0.]
 [0. 0. 0. ... 0. 0. 0.]
 [0. 0. 0. ... 0. 0. 0.]]"
0.4,0.03,2,10000.0,30,18.25941942115998,0.6503521046384222,0.5316015861381514,"[[[0.9884 1.0011 1.0026 ... 0.9985 0.9971 1.0023]
  [1.0079 1.0031 1.0127 ... 1.0103 1.0073 1.0034]
  [0.9921 0.9997 1.0102 ... 1.0123 0.997  0.9901]
  ...
  [1.0149 1.0074 1.0039 ... 0.9974 0.9957 1.0051]
  [0.9968 1.0195 1.0053 ... 0.9904 1.0046 1.0037]
  [1.0015 0.9911 1.0088 ... 1.0076 1.0021 0.9909]]

 [[0.9884 1.0011 1.0026 ... 0.9985 0.9971 1.0023]
  [1.0079 1.0031 1.0127 ... 1.0103 1.0073 1.0034]
  [0.9921 0.9997 1.0102 ... 1.0123 0.997  0.9901]
  ...
  [1.0149 1.0074 1.0039 ... 0.9974 0.9957 1.0051]
  [0.9968 1.0195 1.0053 ... 0.9904 1.0046 1.0037]
  [1.0015 0.9911 1.0088 ... 1.0076 1.0021 0.9909]]]","[[[0.25773808 0.         0.32802438 ... 0.         0.13418791 0.        ]
  [0.         0.30580223 0.         ... 0.07386411 0.         0.2128214 ]
  [0.25953809 0.         0.31581796 ... 0.         0.15057338 0.        ]
  ...
  [0.         0.22941036 0.         ... 0.01221084 0.         0.13836708]
  [0.2190879  0.         0.29068656 ... 0.         0.10063596 0.        ]
  [0.         0.28577631 0.         ... 0.04563591 0.         0.18559203]]

 [[0.         0.36007263 0.         ... 0.08914294 0.         0.24913791]
  [0.31817538 0.         0.38721532 ... 0.         0.18479858 0.        ]
  [0.         0.35279844 0.         ... 0.11264331 0.         0.26159064]
  ...
  [0.2314262  0.         0.30782941 ... 0.         0.1102387  0.        ]
  [0.         0.31227589 0.         ... 0.05622707 0.         0.20628031]
  [0.29489521 0.         0.37311115 ... 0.         0.15553061 0.        ]]]","[[0. 0. 0. ... 0. 0. 0.]
 [0. 0. 0. ... 0. 0. 0.]
 [0. 0. 0. ... 0. 0. 0.]
 ...
 [0. 0. 0. ... 0. 0. 0.]
 [0. 0. 0. ... 0. 0. 0.]
 [0. 0. 0. ... 0. 0. 0.]]","[[0. 0. 0. ... 0. 0. 0.]
 [0. 0. 0. ... 0. 0. 0.]
 [0. 0. 0. ... 0. 0. 0.]
 ...
 [0. 0. 0. ... 0. 0. 0.]
 [0. 0. 0. ... 0. 0. 0.]
 [0. 0. 0. ... 0. 0. 0.]]"
0.4,0.03,2,100000.0,10,2.6965848772768424,0.5218411747127963,0.5359130649135054,"[[[0.99634 1.00036 1.00084 ... 0.99954 0.9991  1.00071]
  [1.00251 1.00098 1.00401 ... 1.00324 1.0023  0.99612]
  [0.9975  0.99989 1.00321 ... 1.00388 0.99905 0.99687]
  ...
  [1.0047  1.00233 1.00125 ... 0.99917 0.99864 1.00161]
  [0.999   1.00618 1.00168 ... 0.99697 0.99763 1.00116]
  [1.00046 0.99718 1.00279 ... 1.0024  1.00065 0.99712]]

 [[0.99634 1.00331 1.00546 ... 0.9995  0.99515 1.00071]
  [1.00212 0.9967  0.99803 ... 1.00114 0.99695 0.99612]
  [0.99934 1.00681 1.00434 ... 1.00388 0.99905 1.00418]
  ...
  [1.00668 1.0016  0.99543 ... 0.99917 0.99618 0.99838]
  [1.00439 1.00153 1.00327 ... 1.00167 1.00144 0.99923]
  [0.99808 0.99923 1.00062 ... 0.99865 0.99447 1.00383]]]","[[[0.         0.09582474 0.         ... 0.         0.04462118 0.        ]
  [0.01721291 0.         0.10517548 ... 0.12897698 0.         0.0203979 ]
  [0.         0.04477953 0.         ... 0.         0.10290699 0.        ]
  ...
  [0.12065101 0.         0.1770384  ... 0.         0.03306112 0.        ]
  [0.         0.13688941 0.         ... 0.         0.         0.04958615]
  [0.07086288 0.         0.1522548  ... 0.05849679 0.         0.        ]]

 [[0.07638076 0.         0.17012412 ... 0.13265852 0.         0.01496214]
  [0.         0.1030623  0.         ... 0.         0.11413398 0.        ]
  [0.01439724 0.         0.11477728 ... 0.19690093 0.         0.07431422]
  ...
  [0.         0.19613269 0.         ... 0.02160194 0.         0.11264924]
  [0.13132639 0.         0.21243407 ... 0.04746315 0.02663877 0.        ]
  [0.         0.15616448 0.         ... 0.         0.04291721 0.04488097]]]","[[0. 0. 0. ... 0. 0. 0.]
 [0. 0. 0. ... 0. 0. 0.]
 [0. 0. 0. ... 0. 0. 0.]
 ...
 [0. 0. 0. ... 0. 0. 0.]
 [0. 0. 0. ... 0. 0. 0.]
 [0. 0. 0. ... 0. 0. 0.]]","[[0. 0. 0. ... 0. 0. 0.]
 [0. 0. 0. ... 0. 0. 0.]
 [0. 0. 0. ... 0. 0. 0.]
 ...
 [0. 0. 0. ... 0. 0. 0.]
 [0. 0. 0. ... 0. 0. 0.]
 [0. 0. 0. ... 0. 0. 0.]]"
0.4,0.03,2,100000.0,20,23.987285104044645,0.7209079184374793,0.5479816807042475,"[[[0.99634 1.00036 1.00084 ... 0.99954 0.99909 1.00071]
  [1.00251 1.00098 1.00401 ... 1.00324 1.0023  0.99612]
  [0.9975  0.99989 1.00321 ... 1.00388 0.99905 0.99687]
  ...
  [1.0047  1.00233 1.00125 ... 0.99917 0.99864 1.00161]
  [0.999   1.00618 1.00168 ... 0.99697 0.99763 1.00116]
  [1.00046 0.99718 1.00279 ... 1.0024  1.00065 0.99712]]

 [[0.99634 1.00036 1.00084 ... 0.99954 0.99909 1.00071]
  [1.00251 1.00098 1.00401 ... 1.00324 1.0023  0.99612]
  [0.9975  0.99989 1.00321 ... 1.00388 0.99905 0.99687]
  ...
  [1.0047  1.00233 1.00125 ... 0.99917 0.99864 1.00161]
  [0.999   1.00618 1.00168 ... 0.99697 0.99763 1.00116]
  [1.00046 0.99718 1.00279 ... 1.0024  1.00065 0.99712]]]","[[[0.         0.         0.00089111 ... 0.02788222 0.         0.00882958]
  [0.02086752 0.         0.00294112 ... 0.         0.03576034 0.        ]
  [0.         0.03355432 0.         ... 0.05368079 0.         0.04583354]
  ...
  [0.         0.04597769 0.         ... 0.         0.         0.0291566 ]
  [0.02237589 0.         0.03756475 ... 0.         0.         0.        ]
  [0.         0.01227287 0.         ... 0.         0.00074279 0.        ]]

 [[0.02506848 0.01624064 0.00397236 ... 0.         0.0461728  0.        ]
  [0.         0.03837443 0.00168881 ... 0.07134212 0.         0.05762618]
  [0.07141773 0.         0.05274276 ... 0.         0.08202541 0.        ]
  ...
  [0.06837164 0.         0.08038098 ... 0.007347   0.04218727 0.        ]
  [0.         0.05881646 0.         ... 0.00730091 0.00711287 0.03829603]
  [0.02920666 0.         0.04845236 ... 0.0396926  0.00412983 0.01330522]]]","[[0. 0. 0. ... 0. 0. 0.]
 [0. 0. 0. ... 0. 0. 0.]
 [0. 0. 0. ... 0. 0. 0.]
 ...
 [0. 0. 0. ... 0. 0. 0.]
 [0. 0. 0. ... 0. 0. 0.]
 [0. 0. 0. ... 0. 0. 0.]]","[[0. 0. 0. ... 0. 0. 0.]
 [0. 0. 0. ... 0. 0. 0.]
 [0. 0. 0. ... 0. 0. 0.]
 ...
 [0. 0. 0. ... 0. 0. 0.]
 [0. 0. 0. ... 0. 0. 0.]
 [0. 0. 0. ... 0. 0. 0.]]"
0.4,0.03,2,100000.0,30,16.438051766251842,0.6503521046384222,0.54344688901505,"[[[0.99634 1.00036 1.00084 ... 0.99954 0.99909 1.00071]
  [1.00251 1.00098 1.00401 ... 1.00324 1.0023  0.99612]
  [0.9975  0.99989 1.00321 ... 1.00388 0.99905 0.99687]
  ...
  [1.0047  1.00233 1.00125 ... 0.99917 0.99864 1.00161]
  [0.999   1.00618 1.00168 ... 0.99697 0.99763 1.00116]
  [1.00046 0.99718 1.00279 ... 1.0024  1.00065 0.99712]]

 [[0.99634 1.00036 1.00084 ... 0.99954 0.9991  1.00071]
  [1.00251 1.00098 1.00401 ... 1.00324 1.0023  0.99612]
  [0.9975  0.99989 1.00321 ... 1.00388 0.99905 0.99687]
  ...
  [1.0047  1.00233 1.00125 ... 0.99917 0.99864 1.00161]
  [0.999   1.00618 1.00168 ... 0.99697 0.99763 1.00116]
  [1.00046 0.99718 1.00279 ... 1.0024  1.00065 0.99712]]]","[[[0.15429304 0.         0.20121078 ... 0.         0.06915973 0.        ]
  [0.         0.18740523 0.         ... 0.03505971 0.         0.12632285]
  [0.16397026 0.         0.19206489 ... 0.         0.09521708 0.        ]
  ...
  [0.         0.13678604 0.         ... 0.         0.         0.06549949]
  [0.12468874 0.         0.17953429 ... 0.         0.03675085 0.        ]
  [0.         0.17285927 0.         ... 0.00235789 0.         0.10080195]]

 [[0.         0.22879766 0.         ... 0.04380067 0.         0.15272933]
  [0.20419557 0.         0.24604439 ... 0.         0.11631445 0.        ]
  [0.         0.22926283 0.         ... 0.07963773 0.         0.17382013]
  ...
  [0.1395919  0.         0.2015161  ... 0.03291336 0.04720452 0.        ]
  [0.         0.19807286 0.         ... 0.00975327 0.         0.11714817]
  [0.18196974 0.         0.23906742 ... 0.00196998 0.08319912 0.        ]]]","[[0. 0. 0. ... 0. 0. 0.]
 [0. 0. 0. ... 0. 0. 0.]
 [0. 0. 0. ... 0. 0. 0.]
 ...
 [0. 0. 0. ... 0. 0. 0.]
 [0. 0. 0. ... 0. 0. 0.]
 [0. 0. 0. ... 0. 0. 0.]]","[[0. 0. 0. ... 0. 0. 0.]
 [0. 0. 0. ... 0. 0. 0.]
 [0. 0. 0. ... 0. 0. 0.]
 ...
 [0. 0. 0. ... 0. 0. 0.]
 [0. 0. 0. ... 0. 0. 0.]
 [0. 0. 0. ... 0. 0. 0.]]"
0.4,0.03,4,1000.0,10,0.31401144098858647,0.5218411747127963,0.5202025337204089,"[[[0.963 1.004 1.008 ... 0.995 0.991 1.007]
  [1.025 1.01  1.04  ... 1.033 1.023 0.961]
  [0.975 0.999 1.032 ... 1.039 0.99  0.968]
  ...
  [1.047 1.023 1.012 ... 0.992 0.986 1.016]
  [0.99  1.062 1.017 ... 0.97  1.014 1.012]
  [1.005 0.972 1.028 ... 1.024 1.007 0.971]]

 [[0.963 1.004 1.008 ... 0.995 0.991 1.007]
  [1.025 1.01  1.04  ... 1.033 1.023 0.961]
  [0.975 0.999 1.032 ... 1.039 0.99  0.968]
  ...
  [1.047 1.023 1.012 ... 0.992 0.986 1.016]
  [0.99  1.062 1.017 ... 0.97  1.014 1.012]
  [1.005 0.972 1.028 ... 1.024 1.007 0.971]]]","[[[0.21220167 0.         0.33788623 ... 0.00620214 0.05936145 0.        ]
  [0.         0.28645765 0.         ... 0.01432339 0.         0.14940911]
  [0.21684107 0.         0.31290679 ... 0.         0.0990288  0.        ]
  ...
  [0.         0.24325622 0.         ... 0.         0.         0.08417475]
  [0.18477521 0.         0.32059112 ... 0.06285332 0.01456336 0.        ]
  [0.         0.27163032 0.         ... 0.         0.         0.11898438]]

 [[0.         0.33819176 0.         ... 0.         0.         0.17588166]
  [0.26463531 0.         0.38214595 ... 0.         0.10817444 0.        ]
  [0.         0.32416633 0.         ... 0.05402661 0.         0.20721625]
  ...
  [0.19940019 0.         0.35224463 ... 0.12349939 0.00900442 0.        ]
  [0.         0.2996501  0.         ... 0.         0.         0.13213634]
  [0.24745262 0.         0.38713275 ... 0.05682207 0.059404   0.        ]]]","[[0. 0. 0. ... 0. 0. 0.]
 [0. 0. 0. ... 0. 0. 0.]
 [0. 0. 0. ... 0. 0. 0.]
 ...
 [0. 0. 0. ... 0. 0. 0.]
 [0. 0. 0. ... 0. 0. 0.]
 [0. 0. 0. ... 0. 0. 0.]]","[[0. 0. 0. ... 0. 0. 0.]
 [0. 0. 0. ... 0. 0. 0.]
 [0. 0. 0. ... 0. 0. 0.]
 ...
 [0. 0. 0. ... 0. 0. 0.]
 [0. 0. 0. ... 0. 0. 0.]
 [0. 0. 0. ... 0. 0. 0.]]"
0.4,0.03,4,1000.0,20,28.631506243937128,0.7209079184374793,0.5145011227570152,"[[[0.963 1.004 1.008 ... 0.995 0.991 1.007]
  [1.025 1.01  1.04  ... 1.033 1.023 0.961]
  [0.975 0.999 1.032 ... 1.039 0.99  0.968]
  ...
  [1.047 1.023 1.012 ... 0.992 0.986 1.016]
  [0.99  1.062 1.017 ... 0.97  1.014 1.012]
  [1.005 0.972 1.028 ... 1.024 1.007 0.971]]

 [[0.963 1.004 1.008 ... 0.995 0.991 1.007]
  [1.025 1.01  1.04  ... 1.033 1.023 0.961]
  [0.975 0.999 1.032 ... 1.039 0.99  0.968]
  ...
  [1.047 1.023 1.012 ... 0.992 0.986 1.016]
  [0.99  1.062 1.017 ... 0.97  1.014 1.012]
  [1.005 0.972 1.028 ... 1.024 1.007 0.971]]]","[[[0.14945967 0.         0.28115882 ... 0.05497266 0.00099347 0.        ]
  [0.         0.17675425 0.         ... 0.         0.01190133 0.03689319]
  [0.05999554 0.         0.17059228 ... 0.09161326 0.         0.        ]
  ...
  [0.         0.32696231 0.         ... 0.         0.         0.16892706]
  [0.22533969 0.         0.36001789 ... 0.02034659 0.05471839 0.        ]
  [0.         0.26231981 0.         ... 0.         0.         0.10913987]]

 [[0.         0.27287374 0.         ... 0.         0.00320249 0.10913546]
  [0.14097717 0.         0.26955512 ... 0.09635883 0.         0.        ]
  [0.         0.15730359 0.         ... 0.         0.06242882 0.03464715]
  ...
  [0.2971818  0.         0.44447762 ... 0.0352565  0.10400422 0.        ]
  [0.         0.34718633 0.         ... 0.         0.         0.17989178]
  [0.23877172 0.         0.38103057 ... 0.06172904 0.0531851  0.        ]]]","[[0. 0. 0. ... 0. 0. 0.]
 [0. 0. 0. ... 0. 0. 0.]
 [0. 0. 0. ... 0. 0. 0.]
 ...
 [0. 0. 0. ... 0. 0. 0.]
 [0. 0. 0. ... 0. 0. 0.]
 [0. 0. 0. ... 0. 0. 0.]]","[[0. 0. 0. ... 0. 0. 0.]
 [0. 0. 0. ... 0. 0. 0.]
 [0. 0. 0. ... 0. 0. 0.]
 ...
 [0. 0. 0. ... 0. 0. 0.]
 [0. 0. 0. ... 0. 0. 0.]
 [0. 0. 0. ... 0. 0. 0.]]"
0.4,0.03,4,1000.0,30,21.688470302763474,0.6503521046384222,0.5093006815605208,"[[[0.963 1.004 1.008 ... 0.995 0.991 1.007]
  [1.025 1.01  1.04  ... 1.033 1.023 0.961]
  [0.975 0.999 1.032 ... 1.039 0.99  0.968]
  ...
  [1.047 1.023 1.012 ... 0.992 0.986 1.016]
  [0.99  1.062 1.017 ... 0.97  1.014 1.012]
  [1.005 0.972 1.028 ... 1.024 1.007 0.971]]

 [[0.963 1.004 1.008 ... 0.995 0.991 1.007]
  [1.025 1.01  1.04  ... 1.033 1.023 0.961]
  [0.975 0.999 1.032 ... 1.039 0.99  0.968]
  ...
  [1.047 1.023 1.012 ... 0.992 0.986 1.016]
  [0.99  1.062 1.017 ... 0.97  1.014 1.012]
  [1.005 0.972 1.028 ... 1.024 1.007 0.971]]]","[[[3.43089403e-01 0.00000000e+00 5.25647699e-01 ... 1.28452404e-02
   9.99172116e-02 0.00000000e+00]
  [0.00000000e+00 4.39137619e-01 0.00000000e+00 ... 0.00000000e+00
   0.00000000e+00 2.21403326e-01]
  [3.16648715e-01 0.00000000e+00 4.74412968e-01 ... 3.26962447e-04
   1.03383762e-01 0.00000000e+00]
  ...
  [0.00000000e+00 4.14027216e-01 0.00000000e+00 ... 0.00000000e+00
   0.00000000e+00 1.95012930e-01]
  [3.30419946e-01 0.00000000e+00 5.15532167e-01 ... 3.46188957e-02
   8.26347642e-02 0.00000000e+00]
  [0.00000000e+00 4.44938126e-01 0.00000000e+00 ... 0.00000000e+00
   0.00000000e+00 2.19536122e-01]]

 [[0.00000000e+00 5.23081934e-01 0.00000000e+00 ... 0.00000000e+00
   0.00000000e+00 2.74417883e-01]
  [3.95240030e-01 0.00000000e+00 5.79381053e-01 ... 1.75286037e-02
   1.34001491e-01 0.00000000e+00]
  [0.00000000e+00 4.77088242e-01 0.00000000e+00 ... 3.55939183e-03
   0.00000000e+00 2.68144857e-01]
  ...
  [3.60405439e-01 0.00000000e+00 5.63270268e-01 ... 7.83111447e-02
   9.35090270e-02 0.00000000e+00]
  [0.00000000e+00 4.95944298e-01 0.00000000e+00 ... 0.00000000e+00
   0.00000000e+00 2.53794880e-01]
  [4.05182184e-01 0.00000000e+00 6.04352618e-01 ... 4.39227092e-02
   1.22450688e-01 0.00000000e+00]]]","[[0. 0. 0. ... 0. 0. 0.]
 [0. 0. 0. ... 0. 0. 0.]
 [0. 0. 0. ... 0. 0. 0.]
 ...
 [0. 0. 0. ... 0. 0. 0.]
 [0. 0. 0. ... 0. 0. 0.]
 [0. 0. 0. ... 0. 0. 0.]]","[[0. 0. 0. ... 0. 0. 0.]
 [0. 0. 0. ... 0. 0. 0.]
 [0. 0. 0. ... 0. 0. 0.]
 ...
 [0. 0. 0. ... 0. 0. 0.]
 [0. 0. 0. ... 0. 0. 0.]
 [0. 0. 0. ... 0. 0. 0.]]"
0.4,0.03,4,10000.0,10,2.7698408593320565,0.5218411747127963,0.5362953447908098,"[[[0.9884 1.0011 1.0026 ... 0.9985 0.9971 1.0023]
  [1.0079 1.0031 1.0127 ... 1.0103 1.0073 1.0034]
  [0.9921 0.9997 1.0102 ... 1.0123 0.997  0.9901]
  ...
  [1.0149 1.0074 1.0039 ... 0.9974 0.9957 1.0051]
  [0.9968 1.0195 1.0053 ... 0.9904 1.0046 1.0037]
  [1.0015 0.9911 1.0088 ... 1.0076 1.0021 0.9909]]

 [[0.9884 1.0011 1.0026 ... 0.9985 0.9971 1.0023]
  [1.0079 1.0031 1.0127 ... 1.0103 1.0073 1.0034]
  [0.9921 0.9997 1.0102 ... 1.0123 0.997  0.9901]
  ...
  [1.0149 1.0074 1.0039 ... 0.9974 0.9957 1.0051]
  [0.9968 1.0195 1.0053 ... 0.9904 1.0046 1.0037]
  [1.0015 0.9911 1.0088 ... 1.0076 1.0021 0.9909]]]","[[[0.06412352 0.         0.07259634 ... 0.         0.04855667 0.        ]
  [0.         0.09892858 0.         ... 0.09223042 0.         0.10394134]
  [0.13067734 0.         0.10633446 ... 0.         0.14215477 0.        ]
  ...
  [0.03223938 0.         0.         ... 0.         0.08194546 0.        ]
  [0.         0.         0.02652177 ... 0.05665441 0.         0.01601148]
  [0.         0.03754638 0.         ... 0.         0.         0.01168616]]

 [[0.         0.10160327 0.         ... 0.06363045 0.         0.08879571]
  [0.13593975 0.         0.12374226 ... 0.         0.13259502 0.        ]
  [0.         0.1567671  0.         ... 0.17638122 0.         0.18170646]
  ...
  [0.         0.02712017 0.02733468 ... 0.14316569 0.         0.08513907]
  [0.01846999 0.02814919 0.         ... 0.         0.06298604 0.        ]
  [0.05276632 0.         0.07724154 ... 0.02541444 0.01960138 0.        ]]]","[[0. 0. 0. ... 0. 0. 0.]
 [0. 0. 0. ... 0. 0. 0.]
 [0. 0. 0. ... 0. 0. 0.]
 ...
 [0. 0. 0. ... 0. 0. 0.]
 [0. 0. 0. ... 0. 0. 0.]
 [0. 0. 0. ... 0. 0. 0.]]","[[0. 0. 0. ... 0. 0. 0.]
 [0. 0. 0. ... 0. 0. 0.]
 [0. 0. 0. ... 0. 0. 0.]
 ...
 [0. 0. 0. ... 0. 0. 0.]
 [0. 0. 0. ... 0. 0. 0.]
 [0. 0. 0. ... 0. 0. 0.]]"
0.4,0.03,4,10000.0,20,25.392994876156095,0.7209079184374793,0.5378478076468466,"[[[0.9884 1.0011 1.0026 ... 0.9985 0.9971 1.0023]
  [1.0079 1.0031 1.0127 ... 1.0103 1.0073 1.0034]
  [0.9921 0.9997 1.0102 ... 1.0123 0.997  0.9901]
  ...
  [1.0149 1.0074 1.0039 ... 0.9974 0.9957 1.0051]
  [0.9968 1.0195 1.0053 ... 0.9904 1.0046 1.0037]
  [1.0015 0.9911 1.0088 ... 1.0076 1.0021 0.9909]]

 [[0.9884 1.0011 1.0026 ... 0.9985 0.9971 1.0023]
  [1.0079 1.0031 1.0127 ... 1.0103 1.0073 1.0034]
  [0.9921 0.9997 1.0102 ... 1.0123 0.997  0.9901]
  ...
  [1.0149 1.0074 1.0039 ... 0.9974 0.9957 1.0051]
  [0.9968 1.0195 1.0053 ... 0.9904 1.0046 1.0037]
  [1.0015 0.9911 1.0088 ... 1.0076 1.0021 0.9909]]]","[[[0.01494288 0.         0.05894541 ... 0.04236187 0.         0.        ]
  [0.         0.01414008 0.         ... 0.         0.03097615 0.        ]
  [0.         0.         0.00207647 ... 0.05935387 0.         0.02414283]
  ...
  [0.         0.09762692 0.         ... 0.         0.         0.04287051]
  [0.05619696 0.         0.10305353 ... 0.02159001 0.         0.        ]
  [0.         0.06107018 0.         ... 0.         0.00232945 0.00895411]]

 [[0.         0.06879282 0.         ... 0.         0.04402191 0.01572725]
  [0.01732276 0.         0.05733384 ... 0.08004908 0.         0.03315938]
  [0.03789277 0.01002626 0.00257653 ... 0.         0.07292942 0.        ]
  ...
  [0.10351545 0.         0.15364103 ... 0.03981527 0.03333469 0.        ]
  [0.         0.11312802 0.         ... 0.         0.01060548 0.05487536]
  [0.06720753 0.         0.11661247 ... 0.06034089 0.00227178 0.        ]]]","[[0. 0. 0. ... 0. 0. 0.]
 [0. 0. 0. ... 0. 0. 0.]
 [0. 0. 0. ... 0. 0. 0.]
 ...
 [0. 0. 0. ... 0. 0. 0.]
 [0. 0. 0. ... 0. 0. 0.]
 [0. 0. 0. ... 0. 0. 0.]]","[[0. 0. 0. ... 0. 0. 0.]
 [0. 0. 0. ... 0. 0. 0.]
 [0. 0. 0. ... 0. 0. 0.]
 ...
 [0. 0. 0. ... 0. 0. 0.]
 [0. 0. 0. ... 0. 0. 0.]
 [0. 0. 0. ... 0. 0. 0.]]"
0.4,0.03,4,10000.0,30,18.25941942115998,0.6503521046384222,0.5316015861381514,"[[[0.9884 1.0011 1.0026 ... 0.9985 0.9971 1.0023]
  [1.0079 1.0031 1.0127 ... 1.0103 1.0073 1.0034]
  [0.9921 0.9997 1.0102 ... 1.0123 0.997  0.9901]
  ...
  [1.0149 1.0074 1.0039 ... 0.9974 0.9957 1.0051]
  [0.9968 1.0195 1.0053 ... 0.9904 1.0046 1.0037]
  [1.0015 0.9911 1.0088 ... 1.0076 1.0021 0.9909]]

 [[0.9884 1.0011 1.0026 ... 0.9985 0.9971 1.0023]
  [1.0079 1.0031 1.0127 ... 1.0103 1.0073 1.0034]
  [0.9921 0.9997 1.0102 ... 1.0123 0.997  0.9901]
  ...
  [1.0149 1.0074 1.0039 ... 0.9974 0.9957 1.0051]
  [0.9968 1.0195 1.0053 ... 0.9904 1.0046 1.0037]
  [1.0015 0.9911 1.0088 ... 1.0076 1.0021 0.9909]]]","[[[0.25773808 0.         0.32802438 ... 0.         0.13418791 0.        ]
  [0.         0.30580223 0.         ... 0.07386411 0.         0.2128214 ]
  [0.25953809 0.         0.31581796 ... 0.         0.15057338 0.        ]
  ...
  [0.         0.22941036 0.         ... 0.01221084 0.         0.13836708]
  [0.2190879  0.         0.29068656 ... 0.         0.10063596 0.        ]
  [0.         0.28577631 0.         ... 0.04563591 0.         0.18559203]]

 [[0.         0.36007263 0.         ... 0.08914294 0.         0.24913791]
  [0.31817538 0.         0.38721532 ... 0.         0.18479858 0.        ]
  [0.         0.35279844 0.         ... 0.11264331 0.         0.26159064]
  ...
  [0.2314262  0.         0.30782941 ... 0.         0.1102387  0.        ]
  [0.         0.31227589 0.         ... 0.05622707 0.         0.20628031]
  [0.29489521 0.         0.37311115 ... 0.         0.15553061 0.        ]]]","[[0. 0. 0. ... 0. 0. 0.]
 [0. 0. 0. ... 0. 0. 0.]
 [0. 0. 0. ... 0. 0. 0.]
 ...
 [0. 0. 0. ... 0. 0. 0.]
 [0. 0. 0. ... 0. 0. 0.]
 [0. 0. 0. ... 0. 0. 0.]]","[[0. 0. 0. ... 0. 0. 0.]
 [0. 0. 0. ... 0. 0. 0.]
 [0. 0. 0. ... 0. 0. 0.]
 ...
 [0. 0. 0. ... 0. 0. 0.]
 [0. 0. 0. ... 0. 0. 0.]
 [0. 0. 0. ... 0. 0. 0.]]"
0.4,0.03,4,100000.0,10,2.6965848772768424,0.5218411747127963,0.5359130649135054,"[[[0.99634 1.00036 1.00084 ... 0.99954 0.9991  1.00071]
  [1.00251 1.00098 1.00401 ... 1.00324 1.0023  0.99612]
  [0.9975  0.99989 1.00321 ... 1.00388 0.99905 0.99687]
  ...
  [1.0047  1.00233 1.00125 ... 0.99917 0.99864 1.00161]
  [0.999   1.00618 1.00168 ... 0.99697 0.99763 1.00116]
  [1.00046 0.99718 1.00279 ... 1.0024  1.00065 0.99712]]

 [[0.99634 1.00331 1.00546 ... 0.9995  0.99515 1.00071]
  [1.00212 0.9967  0.99803 ... 1.00114 0.99695 0.99612]
  [0.99934 1.00681 1.00434 ... 1.00388 0.99905 1.00418]
  ...
  [1.00668 1.0016  0.99543 ... 0.99917 0.99618 0.99838]
  [1.00439 1.00153 1.00327 ... 1.00167 1.00144 0.99923]
  [0.99808 0.99923 1.00062 ... 0.99865 0.99447 1.00383]]]","[[[0.         0.09582474 0.         ... 0.         0.04462118 0.        ]
  [0.01721291 0.         0.10517548 ... 0.12897698 0.         0.0203979 ]
  [0.         0.04477953 0.         ... 0.         0.10290699 0.        ]
  ...
  [0.12065101 0.         0.1770384  ... 0.         0.03306112 0.        ]
  [0.         0.13688941 0.         ... 0.         0.         0.04958615]
  [0.07086288 0.         0.1522548  ... 0.05849679 0.         0.        ]]

 [[0.07638076 0.         0.17012412 ... 0.13265852 0.         0.01496214]
  [0.         0.1030623  0.         ... 0.         0.11413398 0.        ]
  [0.01439724 0.         0.11477728 ... 0.19690093 0.         0.07431422]
  ...
  [0.         0.19613269 0.         ... 0.02160194 0.         0.11264924]
  [0.13132639 0.         0.21243407 ... 0.04746315 0.02663877 0.        ]
  [0.         0.15616448 0.         ... 0.         0.04291721 0.04488097]]]","[[0. 0. 0. ... 0. 0. 0.]
 [0. 0. 0. ... 0. 0. 0.]
 [0. 0. 0. ... 0. 0. 0.]
 ...
 [0. 0. 0. ... 0. 0. 0.]
 [0. 0. 0. ... 0. 0. 0.]
 [0. 0. 0. ... 0. 0. 0.]]","[[0. 0. 0. ... 0. 0. 0.]
 [0. 0. 0. ... 0. 0. 0.]
 [0. 0. 0. ... 0. 0. 0.]
 ...
 [0. 0. 0. ... 0. 0. 0.]
 [0. 0. 0. ... 0. 0. 0.]
 [0. 0. 0. ... 0. 0. 0.]]"
0.4,0.03,4,100000.0,20,23.987285104044645,0.7209079184374793,0.5479816807042475,"[[[0.99634 1.00036 1.00084 ... 0.99954 0.99909 1.00071]
  [1.00251 1.00098 1.00401 ... 1.00324 1.0023  0.99612]
  [0.9975  0.99989 1.00321 ... 1.00388 0.99905 0.99687]
  ...
  [1.0047  1.00233 1.00125 ... 0.99917 0.99864 1.00161]
  [0.999   1.00618 1.00168 ... 0.99697 0.99763 1.00116]
  [1.00046 0.99718 1.00279 ... 1.0024  1.00065 0.99712]]

 [[0.99634 1.00036 1.00084 ... 0.99954 0.99909 1.00071]
  [1.00251 1.00098 1.00401 ... 1.00324 1.0023  0.99612]
  [0.9975  0.99989 1.00321 ... 1.00388 0.99905 0.99687]
  ...
  [1.0047  1.00233 1.00125 ... 0.99917 0.99864 1.00161]
  [0.999   1.00618 1.00168 ... 0.99697 0.99763 1.00116]
  [1.00046 0.99718 1.00279 ... 1.0024  1.00065 0.99712]]]","[[[0.         0.         0.00089111 ... 0.02788222 0.         0.00882958]
  [0.02086752 0.         0.00294112 ... 0.         0.03576034 0.        ]
  [0.         0.03355432 0.         ... 0.05368079 0.         0.04583354]
  ...
  [0.         0.04597769 0.         ... 0.         0.         0.0291566 ]
  [0.02237589 0.         0.03756475 ... 0.         0.         0.        ]
  [0.         0.01227287 0.         ... 0.         0.00074279 0.        ]]

 [[0.02506848 0.01624064 0.00397236 ... 0.         0.0461728  0.        ]
  [0.         0.03837443 0.00168881 ... 0.07134212 0.         0.05762618]
  [0.07141773 0.         0.05274276 ... 0.         0.08202541 0.        ]
  ...
  [0.06837164 0.         0.08038098 ... 0.007347   0.04218727 0.        ]
  [0.         0.05881646 0.         ... 0.00730091 0.00711287 0.03829603]
  [0.02920666 0.         0.04845236 ... 0.0396926  0.00412983 0.01330522]]]","[[0. 0. 0. ... 0. 0. 0.]
 [0. 0. 0. ... 0. 0. 0.]
 [0. 0. 0. ... 0. 0. 0.]
 ...
 [0. 0. 0. ... 0. 0. 0.]
 [0. 0. 0. ... 0. 0. 0.]
 [0. 0. 0. ... 0. 0. 0.]]","[[0. 0. 0. ... 0. 0. 0.]
 [0. 0. 0. ... 0. 0. 0.]
 [0. 0. 0. ... 0. 0. 0.]
 ...
 [0. 0. 0. ... 0. 0. 0.]
 [0. 0. 0. ... 0. 0. 0.]
 [0. 0. 0. ... 0. 0. 0.]]"
0.4,0.03,4,100000.0,30,16.438051766251842,0.6503521046384222,0.54344688901505,"[[[0.99634 1.00036 1.00084 ... 0.99954 0.99909 1.00071]
  [1.00251 1.00098 1.00401 ... 1.00324 1.0023  0.99612]
  [0.9975  0.99989 1.00321 ... 1.00388 0.99905 0.99687]
  ...
  [1.0047  1.00233 1.00125 ... 0.99917 0.99864 1.00161]
  [0.999   1.00618 1.00168 ... 0.99697 0.99763 1.00116]
  [1.00046 0.99718 1.00279 ... 1.0024  1.00065 0.99712]]

 [[0.99634 1.00036 1.00084 ... 0.99954 0.9991  1.00071]
  [1.00251 1.00098 1.00401 ... 1.00324 1.0023  0.99612]
  [0.9975  0.99989 1.00321 ... 1.00388 0.99905 0.99687]
  ...
  [1.0047  1.00233 1.00125 ... 0.99917 0.99864 1.00161]
  [0.999   1.00618 1.00168 ... 0.99697 0.99763 1.00116]
  [1.00046 0.99718 1.00279 ... 1.0024  1.00065 0.99712]]]","[[[0.15429304 0.         0.20121078 ... 0.         0.06915973 0.        ]
  [0.         0.18740523 0.         ... 0.03505971 0.         0.12632285]
  [0.16397026 0.         0.19206489 ... 0.         0.09521708 0.        ]
  ...
  [0.         0.13678604 0.         ... 0.         0.         0.06549949]
  [0.12468874 0.         0.17953429 ... 0.         0.03675085 0.        ]
  [0.         0.17285927 0.         ... 0.00235789 0.         0.10080195]]

 [[0.         0.22879766 0.         ... 0.04380067 0.         0.15272933]
  [0.20419557 0.         0.24604439 ... 0.         0.11631445 0.        ]
  [0.         0.22926283 0.         ... 0.07963773 0.         0.17382013]
  ...
  [0.1395919  0.         0.2015161  ... 0.03291336 0.04720452 0.        ]
  [0.         0.19807286 0.         ... 0.00975327 0.         0.11714817]
  [0.18196974 0.         0.23906742 ... 0.00196998 0.08319912 0.        ]]]","[[0. 0. 0. ... 0. 0. 0.]
 [0. 0. 0. ... 0. 0. 0.]
 [0. 0. 0. ... 0. 0. 0.]
 ...
 [0. 0. 0. ... 0. 0. 0.]
 [0. 0. 0. ... 0. 0. 0.]
 [0. 0. 0. ... 0. 0. 0.]]","[[0. 0. 0. ... 0. 0. 0.]
 [0. 0. 0. ... 0. 0. 0.]
 [0. 0. 0. ... 0. 0. 0.]
 ...
 [0. 0. 0. ... 0. 0. 0.]
 [0. 0. 0. ... 0. 0. 0.]
 [0. 0. 0. ... 0. 0. 0.]]"
0.4,0.03,6,1000.0,10,0.31401144098858647,0.5218411747127963,0.5202025337204089,"[[[0.963 1.004 1.008 ... 0.995 0.991 1.007]
  [1.025 1.01  1.04  ... 1.033 1.023 0.961]
  [0.975 0.999 1.032 ... 1.039 0.99  0.968]
  ...
  [1.047 1.023 1.012 ... 0.992 0.986 1.016]
  [0.99  1.062 1.017 ... 0.97  1.014 1.012]
  [1.005 0.972 1.028 ... 1.024 1.007 0.971]]

 [[0.963 1.004 1.008 ... 0.995 0.991 1.007]
  [1.025 1.01  1.04  ... 1.033 1.023 0.961]
  [0.975 0.999 1.032 ... 1.039 0.99  0.968]
  ...
  [1.047 1.023 1.012 ... 0.992 0.986 1.016]
  [0.99  1.062 1.017 ... 0.97  1.014 1.012]
  [1.005 0.972 1.028 ... 1.024 1.007 0.971]]]","[[[0.21220167 0.         0.33788623 ... 0.00620214 0.05936145 0.        ]
  [0.         0.28645765 0.         ... 0.01432339 0.         0.14940911]
  [0.21684107 0.         0.31290679 ... 0.         0.0990288  0.        ]
  ...
  [0.         0.24325622 0.         ... 0.         0.         0.08417475]
  [0.18477521 0.         0.32059112 ... 0.06285332 0.01456336 0.        ]
  [0.         0.27163032 0.         ... 0.         0.         0.11898438]]

 [[0.         0.33819176 0.         ... 0.         0.         0.17588166]
  [0.26463531 0.         0.38214595 ... 0.         0.10817444 0.        ]
  [0.         0.32416633 0.         ... 0.05402661 0.         0.20721625]
  ...
  [0.19940019 0.         0.35224463 ... 0.12349939 0.00900442 0.        ]
  [0.         0.2996501  0.         ... 0.         0.         0.13213634]
  [0.24745262 0.         0.38713275 ... 0.05682207 0.059404   0.        ]]]","[[0. 0. 0. ... 0. 0. 0.]
 [0. 0. 0. ... 0. 0. 0.]
 [0. 0. 0. ... 0. 0. 0.]
 ...
 [0. 0. 0. ... 0. 0. 0.]
 [0. 0. 0. ... 0. 0. 0.]
 [0. 0. 0. ... 0. 0. 0.]]","[[0. 0. 0. ... 0. 0. 0.]
 [0. 0. 0. ... 0. 0. 0.]
 [0. 0. 0. ... 0. 0. 0.]
 ...
 [0. 0. 0. ... 0. 0. 0.]
 [0. 0. 0. ... 0. 0. 0.]
 [0. 0. 0. ... 0. 0. 0.]]"
0.4,0.03,6,1000.0,20,28.631506243937128,0.7209079184374793,0.5145011227570152,"[[[0.963 1.004 1.008 ... 0.995 0.991 1.007]
  [1.025 1.01  1.04  ... 1.033 1.023 0.961]
  [0.975 0.999 1.032 ... 1.039 0.99  0.968]
  ...
  [1.047 1.023 1.012 ... 0.992 0.986 1.016]
  [0.99  1.062 1.017 ... 0.97  1.014 1.012]
  [1.005 0.972 1.028 ... 1.024 1.007 0.971]]

 [[0.963 1.004 1.008 ... 0.995 0.991 1.007]
  [1.025 1.01  1.04  ... 1.033 1.023 0.961]
  [0.975 0.999 1.032 ... 1.039 0.99  0.968]
  ...
  [1.047 1.023 1.012 ... 0.992 0.986 1.016]
  [0.99  1.062 1.017 ... 0.97  1.014 1.012]
  [1.005 0.972 1.028 ... 1.024 1.007 0.971]]]","[[[0.14945967 0.         0.28115882 ... 0.05497266 0.00099347 0.        ]
  [0.         0.17675425 0.         ... 0.         0.01190133 0.03689319]
  [0.05999554 0.         0.17059228 ... 0.09161326 0.         0.        ]
  ...
  [0.         0.32696231 0.         ... 0.         0.         0.16892706]
  [0.22533969 0.         0.36001789 ... 0.02034659 0.05471839 0.        ]
  [0.         0.26231981 0.         ... 0.         0.         0.10913987]]

 [[0.         0.27287374 0.         ... 0.         0.00320249 0.10913546]
  [0.14097717 0.         0.26955512 ... 0.09635883 0.         0.        ]
  [0.         0.15730359 0.         ... 0.         0.06242882 0.03464715]
  ...
  [0.2971818  0.         0.44447762 ... 0.0352565  0.10400422 0.        ]
  [0.         0.34718633 0.         ... 0.         0.         0.17989178]
  [0.23877172 0.         0.38103057 ... 0.06172904 0.0531851  0.        ]]]","[[0. 0. 0. ... 0. 0. 0.]
 [0. 0. 0. ... 0. 0. 0.]
 [0. 0. 0. ... 0. 0. 0.]
 ...
 [0. 0. 0. ... 0. 0. 0.]
 [0. 0. 0. ... 0. 0. 0.]
 [0. 0. 0. ... 0. 0. 0.]]","[[0. 0. 0. ... 0. 0. 0.]
 [0. 0. 0. ... 0. 0. 0.]
 [0. 0. 0. ... 0. 0. 0.]
 ...
 [0. 0. 0. ... 0. 0. 0.]
 [0. 0. 0. ... 0. 0. 0.]
 [0. 0. 0. ... 0. 0. 0.]]"
0.4,0.03,6,1000.0,30,21.688470302763474,0.6503521046384222,0.5093006815605208,"[[[0.963 1.004 1.008 ... 0.995 0.991 1.007]
  [1.025 1.01  1.04  ... 1.033 1.023 0.961]
  [0.975 0.999 1.032 ... 1.039 0.99  0.968]
  ...
  [1.047 1.023 1.012 ... 0.992 0.986 1.016]
  [0.99  1.062 1.017 ... 0.97  1.014 1.012]
  [1.005 0.972 1.028 ... 1.024 1.007 0.971]]

 [[0.963 1.004 1.008 ... 0.995 0.991 1.007]
  [1.025 1.01  1.04  ... 1.033 1.023 0.961]
  [0.975 0.999 1.032 ... 1.039 0.99  0.968]
  ...
  [1.047 1.023 1.012 ... 0.992 0.986 1.016]
  [0.99  1.062 1.017 ... 0.97  1.014 1.012]
  [1.005 0.972 1.028 ... 1.024 1.007 0.971]]]","[[[3.43089403e-01 0.00000000e+00 5.25647699e-01 ... 1.28452404e-02
   9.99172116e-02 0.00000000e+00]
  [0.00000000e+00 4.39137619e-01 0.00000000e+00 ... 0.00000000e+00
   0.00000000e+00 2.21403326e-01]
  [3.16648715e-01 0.00000000e+00 4.74412968e-01 ... 3.26962447e-04
   1.03383762e-01 0.00000000e+00]
  ...
  [0.00000000e+00 4.14027216e-01 0.00000000e+00 ... 0.00000000e+00
   0.00000000e+00 1.95012930e-01]
  [3.30419946e-01 0.00000000e+00 5.15532167e-01 ... 3.46188957e-02
   8.26347642e-02 0.00000000e+00]
  [0.00000000e+00 4.44938126e-01 0.00000000e+00 ... 0.00000000e+00
   0.00000000e+00 2.19536122e-01]]

 [[0.00000000e+00 5.23081934e-01 0.00000000e+00 ... 0.00000000e+00
   0.00000000e+00 2.74417883e-01]
  [3.95240030e-01 0.00000000e+00 5.79381053e-01 ... 1.75286037e-02
   1.34001491e-01 0.00000000e+00]
  [0.00000000e+00 4.77088242e-01 0.00000000e+00 ... 3.55939183e-03
   0.00000000e+00 2.68144857e-01]
  ...
  [3.60405439e-01 0.00000000e+00 5.63270268e-01 ... 7.83111447e-02
   9.35090270e-02 0.00000000e+00]
  [0.00000000e+00 4.95944298e-01 0.00000000e+00 ... 0.00000000e+00
   0.00000000e+00 2.53794880e-01]
  [4.05182184e-01 0.00000000e+00 6.04352618e-01 ... 4.39227092e-02
   1.22450688e-01 0.00000000e+00]]]","[[0. 0. 0. ... 0. 0. 0.]
 [0. 0. 0. ... 0. 0. 0.]
 [0. 0. 0. ... 0. 0. 0.]
 ...
 [0. 0. 0. ... 0. 0. 0.]
 [0. 0. 0. ... 0. 0. 0.]
 [0. 0. 0. ... 0. 0. 0.]]","[[0. 0. 0. ... 0. 0. 0.]
 [0. 0. 0. ... 0. 0. 0.]
 [0. 0. 0. ... 0. 0. 0.]
 ...
 [0. 0. 0. ... 0. 0. 0.]
 [0. 0. 0. ... 0. 0. 0.]
 [0. 0. 0. ... 0. 0. 0.]]"
0.4,0.03,6,10000.0,10,2.7698408593320565,0.5218411747127963,0.5362953447908098,"[[[0.9884 1.0011 1.0026 ... 0.9985 0.9971 1.0023]
  [1.0079 1.0031 1.0127 ... 1.0103 1.0073 1.0034]
  [0.9921 0.9997 1.0102 ... 1.0123 0.997  0.9901]
  ...
  [1.0149 1.0074 1.0039 ... 0.9974 0.9957 1.0051]
  [0.9968 1.0195 1.0053 ... 0.9904 1.0046 1.0037]
  [1.0015 0.9911 1.0088 ... 1.0076 1.0021 0.9909]]

 [[0.9884 1.0011 1.0026 ... 0.9985 0.9971 1.0023]
  [1.0079 1.0031 1.0127 ... 1.0103 1.0073 1.0034]
  [0.9921 0.9997 1.0102 ... 1.0123 0.997  0.9901]
  ...
  [1.0149 1.0074 1.0039 ... 0.9974 0.9957 1.0051]
  [0.9968 1.0195 1.0053 ... 0.9904 1.0046 1.0037]
  [1.0015 0.9911 1.0088 ... 1.0076 1.0021 0.9909]]]","[[[0.06412352 0.         0.07259634 ... 0.         0.04855667 0.        ]
  [0.         0.09892858 0.         ... 0.09223042 0.         0.10394134]
  [0.13067734 0.         0.10633446 ... 0.         0.14215477 0.        ]
  ...
  [0.03223938 0.         0.         ... 0.         0.08194546 0.        ]
  [0.         0.         0.02652177 ... 0.05665441 0.         0.01601148]
  [0.         0.03754638 0.         ... 0.         0.         0.01168616]]

 [[0.         0.10160327 0.         ... 0.06363045 0.         0.08879571]
  [0.13593975 0.         0.12374226 ... 0.         0.13259502 0.        ]
  [0.         0.1567671  0.         ... 0.17638122 0.         0.18170646]
  ...
  [0.         0.02712017 0.02733468 ... 0.14316569 0.         0.08513907]
  [0.01846999 0.02814919 0.         ... 0.         0.06298604 0.        ]
  [0.05276632 0.         0.07724154 ... 0.02541444 0.01960138 0.        ]]]","[[0. 0. 0. ... 0. 0. 0.]
 [0. 0. 0. ... 0. 0. 0.]
 [0. 0. 0. ... 0. 0. 0.]
 ...
 [0. 0. 0. ... 0. 0. 0.]
 [0. 0. 0. ... 0. 0. 0.]
 [0. 0. 0. ... 0. 0. 0.]]","[[0. 0. 0. ... 0. 0. 0.]
 [0. 0. 0. ... 0. 0. 0.]
 [0. 0. 0. ... 0. 0. 0.]
 ...
 [0. 0. 0. ... 0. 0. 0.]
 [0. 0. 0. ... 0. 0. 0.]
 [0. 0. 0. ... 0. 0. 0.]]"
0.4,0.03,6,10000.0,20,25.392994876156095,0.7209079184374793,0.5378478076468466,"[[[0.9884 1.0011 1.0026 ... 0.9985 0.9971 1.0023]
  [1.0079 1.0031 1.0127 ... 1.0103 1.0073 1.0034]
  [0.9921 0.9997 1.0102 ... 1.0123 0.997  0.9901]
  ...
  [1.0149 1.0074 1.0039 ... 0.9974 0.9957 1.0051]
  [0.9968 1.0195 1.0053 ... 0.9904 1.0046 1.0037]
  [1.0015 0.9911 1.0088 ... 1.0076 1.0021 0.9909]]

 [[0.9884 1.0011 1.0026 ... 0.9985 0.9971 1.0023]
  [1.0079 1.0031 1.0127 ... 1.0103 1.0073 1.0034]
  [0.9921 0.9997 1.0102 ... 1.0123 0.997  0.9901]
  ...
  [1.0149 1.0074 1.0039 ... 0.9974 0.9957 1.0051]
  [0.9968 1.0195 1.0053 ... 0.9904 1.0046 1.0037]
  [1.0015 0.9911 1.0088 ... 1.0076 1.0021 0.9909]]]","[[[0.01494288 0.         0.05894541 ... 0.04236187 0.         0.        ]
  [0.         0.01414008 0.         ... 0.         0.03097615 0.        ]
  [0.         0.         0.00207647 ... 0.05935387 0.         0.02414283]
  ...
  [0.         0.09762692 0.         ... 0.         0.         0.04287051]
  [0.05619696 0.         0.10305353 ... 0.02159001 0.         0.        ]
  [0.         0.06107018 0.         ... 0.         0.00232945 0.00895411]]

 [[0.         0.06879282 0.         ... 0.         0.04402191 0.01572725]
  [0.01732276 0.         0.05733384 ... 0.08004908 0.         0.03315938]
  [0.03789277 0.01002626 0.00257653 ... 0.         0.07292942 0.        ]
  ...
  [0.10351545 0.         0.15364103 ... 0.03981527 0.03333469 0.        ]
  [0.         0.11312802 0.         ... 0.         0.01060548 0.05487536]
  [0.06720753 0.         0.11661247 ... 0.06034089 0.00227178 0.        ]]]","[[0. 0. 0. ... 0. 0. 0.]
 [0. 0. 0. ... 0. 0. 0.]
 [0. 0. 0. ... 0. 0. 0.]
 ...
 [0. 0. 0. ... 0. 0. 0.]
 [0. 0. 0. ... 0. 0. 0.]
 [0. 0. 0. ... 0. 0. 0.]]","[[0. 0. 0. ... 0. 0. 0.]
 [0. 0. 0. ... 0. 0. 0.]
 [0. 0. 0. ... 0. 0. 0.]
 ...
 [0. 0. 0. ... 0. 0. 0.]
 [0. 0. 0. ... 0. 0. 0.]
 [0. 0. 0. ... 0. 0. 0.]]"
0.4,0.03,6,10000.0,30,18.25941942115998,0.6503521046384222,0.5316015861381514,"[[[0.9884 1.0011 1.0026 ... 0.9985 0.9971 1.0023]
  [1.0079 1.0031 1.0127 ... 1.0103 1.0073 1.0034]
  [0.9921 0.9997 1.0102 ... 1.0123 0.997  0.9901]
  ...
  [1.0149 1.0074 1.0039 ... 0.9974 0.9957 1.0051]
  [0.9968 1.0195 1.0053 ... 0.9904 1.0046 1.0037]
  [1.0015 0.9911 1.0088 ... 1.0076 1.0021 0.9909]]

 [[0.9884 1.0011 1.0026 ... 0.9985 0.9971 1.0023]
  [1.0079 1.0031 1.0127 ... 1.0103 1.0073 1.0034]
  [0.9921 0.9997 1.0102 ... 1.0123 0.997  0.9901]
  ...
  [1.0149 1.0074 1.0039 ... 0.9974 0.9957 1.0051]
  [0.9968 1.0195 1.0053 ... 0.9904 1.0046 1.0037]
  [1.0015 0.9911 1.0088 ... 1.0076 1.0021 0.9909]]]","[[[0.25773808 0.         0.32802438 ... 0.         0.13418791 0.        ]
  [0.         0.30580223 0.         ... 0.07386411 0.         0.2128214 ]
  [0.25953809 0.         0.31581796 ... 0.         0.15057338 0.        ]
  ...
  [0.         0.22941036 0.         ... 0.01221084 0.         0.13836708]
  [0.2190879  0.         0.29068656 ... 0.         0.10063596 0.        ]
  [0.         0.28577631 0.         ... 0.04563591 0.         0.18559203]]

 [[0.         0.36007263 0.         ... 0.08914294 0.         0.24913791]
  [0.31817538 0.         0.38721532 ... 0.         0.18479858 0.        ]
  [0.         0.35279844 0.         ... 0.11264331 0.         0.26159064]
  ...
  [0.2314262  0.         0.30782941 ... 0.         0.1102387  0.        ]
  [0.         0.31227589 0.         ... 0.05622707 0.         0.20628031]
  [0.29489521 0.         0.37311115 ... 0.         0.15553061 0.        ]]]","[[0. 0. 0. ... 0. 0. 0.]
 [0. 0. 0. ... 0. 0. 0.]
 [0. 0. 0. ... 0. 0. 0.]
 ...
 [0. 0. 0. ... 0. 0. 0.]
 [0. 0. 0. ... 0. 0. 0.]
 [0. 0. 0. ... 0. 0. 0.]]","[[0. 0. 0. ... 0. 0. 0.]
 [0. 0. 0. ... 0. 0. 0.]
 [0. 0. 0. ... 0. 0. 0.]
 ...
 [0. 0. 0. ... 0. 0. 0.]
 [0. 0. 0. ... 0. 0. 0.]
 [0. 0. 0. ... 0. 0. 0.]]"
0.4,0.03,6,100000.0,10,2.6965848772768424,0.5218411747127963,0.5359130649135054,"[[[0.99634 1.00036 1.00084 ... 0.99954 0.9991  1.00071]
  [1.00251 1.00098 1.00401 ... 1.00324 1.0023  0.99612]
  [0.9975  0.99989 1.00321 ... 1.00388 0.99905 0.99687]
  ...
  [1.0047  1.00233 1.00125 ... 0.99917 0.99864 1.00161]
  [0.999   1.00618 1.00168 ... 0.99697 0.99763 1.00116]
  [1.00046 0.99718 1.00279 ... 1.0024  1.00065 0.99712]]

 [[0.99634 1.00331 1.00546 ... 0.9995  0.99515 1.00071]
  [1.00212 0.9967  0.99803 ... 1.00114 0.99695 0.99612]
  [0.99934 1.00681 1.00434 ... 1.00388 0.99905 1.00418]
  ...
  [1.00668 1.0016  0.99543 ... 0.99917 0.99618 0.99838]
  [1.00439 1.00153 1.00327 ... 1.00167 1.00144 0.99923]
  [0.99808 0.99923 1.00062 ... 0.99865 0.99447 1.00383]]]","[[[0.         0.09582474 0.         ... 0.         0.04462118 0.        ]
  [0.01721291 0.         0.10517548 ... 0.12897698 0.         0.0203979 ]
  [0.         0.04477953 0.         ... 0.         0.10290699 0.        ]
  ...
  [0.12065101 0.         0.1770384  ... 0.         0.03306112 0.        ]
  [0.         0.13688941 0.         ... 0.         0.         0.04958615]
  [0.07086288 0.         0.1522548  ... 0.05849679 0.         0.        ]]

 [[0.07638076 0.         0.17012412 ... 0.13265852 0.         0.01496214]
  [0.         0.1030623  0.         ... 0.         0.11413398 0.        ]
  [0.01439724 0.         0.11477728 ... 0.19690093 0.         0.07431422]
  ...
  [0.         0.19613269 0.         ... 0.02160194 0.         0.11264924]
  [0.13132639 0.         0.21243407 ... 0.04746315 0.02663877 0.        ]
  [0.         0.15616448 0.         ... 0.         0.04291721 0.04488097]]]","[[0. 0. 0. ... 0. 0. 0.]
 [0. 0. 0. ... 0. 0. 0.]
 [0. 0. 0. ... 0. 0. 0.]
 ...
 [0. 0. 0. ... 0. 0. 0.]
 [0. 0. 0. ... 0. 0. 0.]
 [0. 0. 0. ... 0. 0. 0.]]","[[0. 0. 0. ... 0. 0. 0.]
 [0. 0. 0. ... 0. 0. 0.]
 [0. 0. 0. ... 0. 0. 0.]
 ...
 [0. 0. 0. ... 0. 0. 0.]
 [0. 0. 0. ... 0. 0. 0.]
 [0. 0. 0. ... 0. 0. 0.]]"
0.4,0.03,6,100000.0,20,23.987285104044645,0.7209079184374793,0.5479816807042475,"[[[0.99634 1.00036 1.00084 ... 0.99954 0.99909 1.00071]
  [1.00251 1.00098 1.00401 ... 1.00324 1.0023  0.99612]
  [0.9975  0.99989 1.00321 ... 1.00388 0.99905 0.99687]
  ...
  [1.0047  1.00233 1.00125 ... 0.99917 0.99864 1.00161]
  [0.999   1.00618 1.00168 ... 0.99697 0.99763 1.00116]
  [1.00046 0.99718 1.00279 ... 1.0024  1.00065 0.99712]]

 [[0.99634 1.00036 1.00084 ... 0.99954 0.99909 1.00071]
  [1.00251 1.00098 1.00401 ... 1.00324 1.0023  0.99612]
  [0.9975  0.99989 1.00321 ... 1.00388 0.99905 0.99687]
  ...
  [1.0047  1.00233 1.00125 ... 0.99917 0.99864 1.00161]
  [0.999   1.00618 1.00168 ... 0.99697 0.99763 1.00116]
  [1.00046 0.99718 1.00279 ... 1.0024  1.00065 0.99712]]]","[[[0.         0.         0.00089111 ... 0.02788222 0.         0.00882958]
  [0.02086752 0.         0.00294112 ... 0.         0.03576034 0.        ]
  [0.         0.03355432 0.         ... 0.05368079 0.         0.04583354]
  ...
  [0.         0.04597769 0.         ... 0.         0.         0.0291566 ]
  [0.02237589 0.         0.03756475 ... 0.         0.         0.        ]
  [0.         0.01227287 0.         ... 0.         0.00074279 0.        ]]

 [[0.02506848 0.01624064 0.00397236 ... 0.         0.0461728  0.        ]
  [0.         0.03837443 0.00168881 ... 0.07134212 0.         0.05762618]
  [0.07141773 0.         0.05274276 ... 0.         0.08202541 0.        ]
  ...
  [0.06837164 0.         0.08038098 ... 0.007347   0.04218727 0.        ]
  [0.         0.05881646 0.         ... 0.00730091 0.00711287 0.03829603]
  [0.02920666 0.         0.04845236 ... 0.0396926  0.00412983 0.01330522]]]","[[0. 0. 0. ... 0. 0. 0.]
 [0. 0. 0. ... 0. 0. 0.]
 [0. 0. 0. ... 0. 0. 0.]
 ...
 [0. 0. 0. ... 0. 0. 0.]
 [0. 0. 0. ... 0. 0. 0.]
 [0. 0. 0. ... 0. 0. 0.]]","[[0. 0. 0. ... 0. 0. 0.]
 [0. 0. 0. ... 0. 0. 0.]
 [0. 0. 0. ... 0. 0. 0.]
 ...
 [0. 0. 0. ... 0. 0. 0.]
 [0. 0. 0. ... 0. 0. 0.]
 [0. 0. 0. ... 0. 0. 0.]]"
0.4,0.03,6,100000.0,30,16.438051766251842,0.6503521046384222,0.54344688901505,"[[[0.99634 1.00036 1.00084 ... 0.99954 0.99909 1.00071]
  [1.00251 1.00098 1.00401 ... 1.00324 1.0023  0.99612]
  [0.9975  0.99989 1.00321 ... 1.00388 0.99905 0.99687]
  ...
  [1.0047  1.00233 1.00125 ... 0.99917 0.99864 1.00161]
  [0.999   1.00618 1.00168 ... 0.99697 0.99763 1.00116]
  [1.00046 0.99718 1.00279 ... 1.0024  1.00065 0.99712]]

 [[0.99634 1.00036 1.00084 ... 0.99954 0.9991  1.00071]
  [1.00251 1.00098 1.00401 ... 1.00324 1.0023  0.99612]
  [0.9975  0.99989 1.00321 ... 1.00388 0.99905 0.99687]
  ...
  [1.0047  1.00233 1.00125 ... 0.99917 0.99864 1.00161]
  [0.999   1.00618 1.00168 ... 0.99697 0.99763 1.00116]
  [1.00046 0.99718 1.00279 ... 1.0024  1.00065 0.99712]]]","[[[0.15429304 0.         0.20121078 ... 0.         0.06915973 0.        ]
  [0.         0.18740523 0.         ... 0.03505971 0.         0.12632285]
  [0.16397026 0.         0.19206489 ... 0.         0.09521708 0.        ]
  ...
  [0.         0.13678604 0.         ... 0.         0.         0.06549949]
  [0.12468874 0.         0.17953429 ... 0.         0.03675085 0.        ]
  [0.         0.17285927 0.         ... 0.00235789 0.         0.10080195]]

 [[0.         0.22879766 0.         ... 0.04380067 0.         0.15272933]
  [0.20419557 0.         0.24604439 ... 0.         0.11631445 0.        ]
  [0.         0.22926283 0.         ... 0.07963773 0.         0.17382013]
  ...
  [0.1395919  0.         0.2015161  ... 0.03291336 0.04720452 0.        ]
  [0.         0.19807286 0.         ... 0.00975327 0.         0.11714817]
  [0.18196974 0.         0.23906742 ... 0.00196998 0.08319912 0.        ]]]","[[0. 0. 0. ... 0. 0. 0.]
 [0. 0. 0. ... 0. 0. 0.]
 [0. 0. 0. ... 0. 0. 0.]
 ...
 [0. 0. 0. ... 0. 0. 0.]
 [0. 0. 0. ... 0. 0. 0.]
 [0. 0. 0. ... 0. 0. 0.]]","[[0. 0. 0. ... 0. 0. 0.]
 [0. 0. 0. ... 0. 0. 0.]
 [0. 0. 0. ... 0. 0. 0.]
 ...
 [0. 0. 0. ... 0. 0. 0.]
 [0. 0. 0. ... 0. 0. 0.]
 [0. 0. 0. ... 0. 0. 0.]]"
0.4,0.05,2,1000.0,10,0.31401144098858647,0.5218411747127963,0.5202025337204089,"[[[0.963 1.004 1.008 ... 0.995 0.991 1.007]
  [1.025 1.01  1.04  ... 1.033 1.023 0.961]
  [0.975 0.999 1.032 ... 1.039 0.99  0.968]
  ...
  [1.047 1.023 1.012 ... 0.992 0.986 1.016]
  [0.99  1.062 1.017 ... 0.97  1.014 1.012]
  [1.005 0.972 1.028 ... 1.024 1.007 0.971]]

 [[0.963 1.004 1.008 ... 0.995 0.991 1.007]
  [1.025 1.01  1.04  ... 1.033 1.023 0.961]
  [0.975 0.999 1.032 ... 1.039 0.99  0.968]
  ...
  [1.047 1.023 1.012 ... 0.992 0.986 1.016]
  [0.99  1.062 1.017 ... 0.97  1.014 1.012]
  [1.005 0.972 1.028 ... 1.024 1.007 0.971]]]","[[[0.21220167 0.         0.33788623 ... 0.00620214 0.05936145 0.        ]
  [0.         0.28645765 0.         ... 0.01432339 0.         0.14940911]
  [0.21684107 0.         0.31290679 ... 0.         0.0990288  0.        ]
  ...
  [0.         0.24325622 0.         ... 0.         0.         0.08417475]
  [0.18477521 0.         0.32059112 ... 0.06285332 0.01456336 0.        ]
  [0.         0.27163032 0.         ... 0.         0.         0.11898438]]

 [[0.         0.33819176 0.         ... 0.         0.         0.17588166]
  [0.26463531 0.         0.38214595 ... 0.         0.10817444 0.        ]
  [0.         0.32416633 0.         ... 0.05402661 0.         0.20721625]
  ...
  [0.19940019 0.         0.35224463 ... 0.12349939 0.00900442 0.        ]
  [0.         0.2996501  0.         ... 0.         0.         0.13213634]
  [0.24745262 0.         0.38713275 ... 0.05682207 0.059404   0.        ]]]","[[0. 0. 0. ... 0. 0. 0.]
 [0. 0. 0. ... 0. 0. 0.]
 [0. 0. 0. ... 0. 0. 0.]
 ...
 [0. 0. 0. ... 0. 0. 0.]
 [0. 0. 0. ... 0. 0. 0.]
 [0. 0. 0. ... 0. 0. 0.]]","[[0. 0. 0. ... 0. 0. 0.]
 [0. 0. 0. ... 0. 0. 0.]
 [0. 0. 0. ... 0. 0. 0.]
 ...
 [0. 0. 0. ... 0. 0. 0.]
 [0. 0. 0. ... 0. 0. 0.]
 [0. 0. 0. ... 0. 0. 0.]]"
0.4,0.05,2,1000.0,20,28.631506243937128,0.7209079184374793,0.5145011227570152,"[[[0.963 1.004 1.008 ... 0.995 0.991 1.007]
  [1.025 1.01  1.04  ... 1.033 1.023 0.961]
  [0.975 0.999 1.032 ... 1.039 0.99  0.968]
  ...
  [1.047 1.023 1.012 ... 0.992 0.986 1.016]
  [0.99  1.062 1.017 ... 0.97  1.014 1.012]
  [1.005 0.972 1.028 ... 1.024 1.007 0.971]]

 [[0.963 1.004 1.008 ... 0.995 0.991 1.007]
  [1.025 1.01  1.04  ... 1.033 1.023 0.961]
  [0.975 0.999 1.032 ... 1.039 0.99  0.968]
  ...
  [1.047 1.023 1.012 ... 0.992 0.986 1.016]
  [0.99  1.062 1.017 ... 0.97  1.014 1.012]
  [1.005 0.972 1.028 ... 1.024 1.007 0.971]]]","[[[0.14945967 0.         0.28115882 ... 0.05497266 0.00099347 0.        ]
  [0.         0.17675425 0.         ... 0.         0.01190133 0.03689319]
  [0.05999554 0.         0.17059228 ... 0.09161326 0.         0.        ]
  ...
  [0.         0.32696231 0.         ... 0.         0.         0.16892706]
  [0.22533969 0.         0.36001789 ... 0.02034659 0.05471839 0.        ]
  [0.         0.26231981 0.         ... 0.         0.         0.10913987]]

 [[0.         0.27287374 0.         ... 0.         0.00320249 0.10913546]
  [0.14097717 0.         0.26955512 ... 0.09635883 0.         0.        ]
  [0.         0.15730359 0.         ... 0.         0.06242882 0.03464715]
  ...
  [0.2971818  0.         0.44447762 ... 0.0352565  0.10400422 0.        ]
  [0.         0.34718633 0.         ... 0.         0.         0.17989178]
  [0.23877172 0.         0.38103057 ... 0.06172904 0.0531851  0.        ]]]","[[0. 0. 0. ... 0. 0. 0.]
 [0. 0. 0. ... 0. 0. 0.]
 [0. 0. 0. ... 0. 0. 0.]
 ...
 [0. 0. 0. ... 0. 0. 0.]
 [0. 0. 0. ... 0. 0. 0.]
 [0. 0. 0. ... 0. 0. 0.]]","[[0. 0. 0. ... 0. 0. 0.]
 [0. 0. 0. ... 0. 0. 0.]
 [0. 0. 0. ... 0. 0. 0.]
 ...
 [0. 0. 0. ... 0. 0. 0.]
 [0. 0. 0. ... 0. 0. 0.]
 [0. 0. 0. ... 0. 0. 0.]]"
0.4,0.05,2,1000.0,30,21.688470302763474,0.6503521046384222,0.5093006815605208,"[[[0.963 1.004 1.008 ... 0.995 0.991 1.007]
  [1.025 1.01  1.04  ... 1.033 1.023 0.961]
  [0.975 0.999 1.032 ... 1.039 0.99  0.968]
  ...
  [1.047 1.023 1.012 ... 0.992 0.986 1.016]
  [0.99  1.062 1.017 ... 0.97  1.014 1.012]
  [1.005 0.972 1.028 ... 1.024 1.007 0.971]]

 [[0.963 1.004 1.008 ... 0.995 0.991 1.007]
  [1.025 1.01  1.04  ... 1.033 1.023 0.961]
  [0.975 0.999 1.032 ... 1.039 0.99  0.968]
  ...
  [1.047 1.023 1.012 ... 0.992 0.986 1.016]
  [0.99  1.062 1.017 ... 0.97  1.014 1.012]
  [1.005 0.972 1.028 ... 1.024 1.007 0.971]]]","[[[3.43089403e-01 0.00000000e+00 5.25647699e-01 ... 1.28452404e-02
   9.99172116e-02 0.00000000e+00]
  [0.00000000e+00 4.39137619e-01 0.00000000e+00 ... 0.00000000e+00
   0.00000000e+00 2.21403326e-01]
  [3.16648715e-01 0.00000000e+00 4.74412968e-01 ... 3.26962447e-04
   1.03383762e-01 0.00000000e+00]
  ...
  [0.00000000e+00 4.14027216e-01 0.00000000e+00 ... 0.00000000e+00
   0.00000000e+00 1.95012930e-01]
  [3.30419946e-01 0.00000000e+00 5.15532167e-01 ... 3.46188957e-02
   8.26347642e-02 0.00000000e+00]
  [0.00000000e+00 4.44938126e-01 0.00000000e+00 ... 0.00000000e+00
   0.00000000e+00 2.19536122e-01]]

 [[0.00000000e+00 5.23081934e-01 0.00000000e+00 ... 0.00000000e+00
   0.00000000e+00 2.74417883e-01]
  [3.95240030e-01 0.00000000e+00 5.79381053e-01 ... 1.75286037e-02
   1.34001491e-01 0.00000000e+00]
  [0.00000000e+00 4.77088242e-01 0.00000000e+00 ... 3.55939183e-03
   0.00000000e+00 2.68144857e-01]
  ...
  [3.60405439e-01 0.00000000e+00 5.63270268e-01 ... 7.83111447e-02
   9.35090270e-02 0.00000000e+00]
  [0.00000000e+00 4.95944298e-01 0.00000000e+00 ... 0.00000000e+00
   0.00000000e+00 2.53794880e-01]
  [4.05182184e-01 0.00000000e+00 6.04352618e-01 ... 4.39227092e-02
   1.22450688e-01 0.00000000e+00]]]","[[0. 0. 0. ... 0. 0. 0.]
 [0. 0. 0. ... 0. 0. 0.]
 [0. 0. 0. ... 0. 0. 0.]
 ...
 [0. 0. 0. ... 0. 0. 0.]
 [0. 0. 0. ... 0. 0. 0.]
 [0. 0. 0. ... 0. 0. 0.]]","[[0. 0. 0. ... 0. 0. 0.]
 [0. 0. 0. ... 0. 0. 0.]
 [0. 0. 0. ... 0. 0. 0.]
 ...
 [0. 0. 0. ... 0. 0. 0.]
 [0. 0. 0. ... 0. 0. 0.]
 [0. 0. 0. ... 0. 0. 0.]]"
0.4,0.05,2,10000.0,10,2.7698408593320565,0.5218411747127963,0.5362953447908098,"[[[0.9884 1.0011 1.0026 ... 0.9985 0.9971 1.0023]
  [1.0079 1.0031 1.0127 ... 1.0103 1.0073 1.0034]
  [0.9921 0.9997 1.0102 ... 1.0123 0.997  0.9901]
  ...
  [1.0149 1.0074 1.0039 ... 0.9974 0.9957 1.0051]
  [0.9968 1.0195 1.0053 ... 0.9904 1.0046 1.0037]
  [1.0015 0.9911 1.0088 ... 1.0076 1.0021 0.9909]]

 [[0.9884 1.0011 1.0026 ... 0.9985 0.9971 1.0023]
  [1.0079 1.0031 1.0127 ... 1.0103 1.0073 1.0034]
  [0.9921 0.9997 1.0102 ... 1.0123 0.997  0.9901]
  ...
  [1.0149 1.0074 1.0039 ... 0.9974 0.9957 1.0051]
  [0.9968 1.0195 1.0053 ... 0.9904 1.0046 1.0037]
  [1.0015 0.9911 1.0088 ... 1.0076 1.0021 0.9909]]]","[[[0.06412352 0.         0.07259634 ... 0.         0.04855667 0.        ]
  [0.         0.09892858 0.         ... 0.09223042 0.         0.10394134]
  [0.13067734 0.         0.10633446 ... 0.         0.14215477 0.        ]
  ...
  [0.03223938 0.         0.         ... 0.         0.08194546 0.        ]
  [0.         0.         0.02652177 ... 0.05665441 0.         0.01601148]
  [0.         0.03754638 0.         ... 0.         0.         0.01168616]]

 [[0.         0.10160327 0.         ... 0.06363045 0.         0.08879571]
  [0.13593975 0.         0.12374226 ... 0.         0.13259502 0.        ]
  [0.         0.1567671  0.         ... 0.17638122 0.         0.18170646]
  ...
  [0.         0.02712017 0.02733468 ... 0.14316569 0.         0.08513907]
  [0.01846999 0.02814919 0.         ... 0.         0.06298604 0.        ]
  [0.05276632 0.         0.07724154 ... 0.02541444 0.01960138 0.        ]]]","[[0. 0. 0. ... 0. 0. 0.]
 [0. 0. 0. ... 0. 0. 0.]
 [0. 0. 0. ... 0. 0. 0.]
 ...
 [0. 0. 0. ... 0. 0. 0.]
 [0. 0. 0. ... 0. 0. 0.]
 [0. 0. 0. ... 0. 0. 0.]]","[[0. 0. 0. ... 0. 0. 0.]
 [0. 0. 0. ... 0. 0. 0.]
 [0. 0. 0. ... 0. 0. 0.]
 ...
 [0. 0. 0. ... 0. 0. 0.]
 [0. 0. 0. ... 0. 0. 0.]
 [0. 0. 0. ... 0. 0. 0.]]"
0.4,0.05,2,10000.0,20,25.392994876156095,0.7209079184374793,0.5378478076468466,"[[[0.9884 1.0011 1.0026 ... 0.9985 0.9971 1.0023]
  [1.0079 1.0031 1.0127 ... 1.0103 1.0073 1.0034]
  [0.9921 0.9997 1.0102 ... 1.0123 0.997  0.9901]
  ...
  [1.0149 1.0074 1.0039 ... 0.9974 0.9957 1.0051]
  [0.9968 1.0195 1.0053 ... 0.9904 1.0046 1.0037]
  [1.0015 0.9911 1.0088 ... 1.0076 1.0021 0.9909]]

 [[0.9884 1.0011 1.0026 ... 0.9985 0.9971 1.0023]
  [1.0079 1.0031 1.0127 ... 1.0103 1.0073 1.0034]
  [0.9921 0.9997 1.0102 ... 1.0123 0.997  0.9901]
  ...
  [1.0149 1.0074 1.0039 ... 0.9974 0.9957 1.0051]
  [0.9968 1.0195 1.0053 ... 0.9904 1.0046 1.0037]
  [1.0015 0.9911 1.0088 ... 1.0076 1.0021 0.9909]]]","[[[0.01494288 0.         0.05894541 ... 0.04236187 0.         0.        ]
  [0.         0.01414008 0.         ... 0.         0.03097615 0.        ]
  [0.         0.         0.00207647 ... 0.05935387 0.         0.02414283]
  ...
  [0.         0.09762692 0.         ... 0.         0.         0.04287051]
  [0.05619696 0.         0.10305353 ... 0.02159001 0.         0.        ]
  [0.         0.06107018 0.         ... 0.         0.00232945 0.00895411]]

 [[0.         0.06879282 0.         ... 0.         0.04402191 0.01572725]
  [0.01732276 0.         0.05733384 ... 0.08004908 0.         0.03315938]
  [0.03789277 0.01002626 0.00257653 ... 0.         0.07292942 0.        ]
  ...
  [0.10351545 0.         0.15364103 ... 0.03981527 0.03333469 0.        ]
  [0.         0.11312802 0.         ... 0.         0.01060548 0.05487536]
  [0.06720753 0.         0.11661247 ... 0.06034089 0.00227178 0.        ]]]","[[0. 0. 0. ... 0. 0. 0.]
 [0. 0. 0. ... 0. 0. 0.]
 [0. 0. 0. ... 0. 0. 0.]
 ...
 [0. 0. 0. ... 0. 0. 0.]
 [0. 0. 0. ... 0. 0. 0.]
 [0. 0. 0. ... 0. 0. 0.]]","[[0. 0. 0. ... 0. 0. 0.]
 [0. 0. 0. ... 0. 0. 0.]
 [0. 0. 0. ... 0. 0. 0.]
 ...
 [0. 0. 0. ... 0. 0. 0.]
 [0. 0. 0. ... 0. 0. 0.]
 [0. 0. 0. ... 0. 0. 0.]]"
0.4,0.05,2,10000.0,30,18.25941942115998,0.6503521046384222,0.5316015861381514,"[[[0.9884 1.0011 1.0026 ... 0.9985 0.9971 1.0023]
  [1.0079 1.0031 1.0127 ... 1.0103 1.0073 1.0034]
  [0.9921 0.9997 1.0102 ... 1.0123 0.997  0.9901]
  ...
  [1.0149 1.0074 1.0039 ... 0.9974 0.9957 1.0051]
  [0.9968 1.0195 1.0053 ... 0.9904 1.0046 1.0037]
  [1.0015 0.9911 1.0088 ... 1.0076 1.0021 0.9909]]

 [[0.9884 1.0011 1.0026 ... 0.9985 0.9971 1.0023]
  [1.0079 1.0031 1.0127 ... 1.0103 1.0073 1.0034]
  [0.9921 0.9997 1.0102 ... 1.0123 0.997  0.9901]
  ...
  [1.0149 1.0074 1.0039 ... 0.9974 0.9957 1.0051]
  [0.9968 1.0195 1.0053 ... 0.9904 1.0046 1.0037]
  [1.0015 0.9911 1.0088 ... 1.0076 1.0021 0.9909]]]","[[[0.25773808 0.         0.32802438 ... 0.         0.13418791 0.        ]
  [0.         0.30580223 0.         ... 0.07386411 0.         0.2128214 ]
  [0.25953809 0.         0.31581796 ... 0.         0.15057338 0.        ]
  ...
  [0.         0.22941036 0.         ... 0.01221084 0.         0.13836708]
  [0.2190879  0.         0.29068656 ... 0.         0.10063596 0.        ]
  [0.         0.28577631 0.         ... 0.04563591 0.         0.18559203]]

 [[0.         0.36007263 0.         ... 0.08914294 0.         0.24913791]
  [0.31817538 0.         0.38721532 ... 0.         0.18479858 0.        ]
  [0.         0.35279844 0.         ... 0.11264331 0.         0.26159064]
  ...
  [0.2314262  0.         0.30782941 ... 0.         0.1102387  0.        ]
  [0.         0.31227589 0.         ... 0.05622707 0.         0.20628031]
  [0.29489521 0.         0.37311115 ... 0.         0.15553061 0.        ]]]","[[0. 0. 0. ... 0. 0. 0.]
 [0. 0. 0. ... 0. 0. 0.]
 [0. 0. 0. ... 0. 0. 0.]
 ...
 [0. 0. 0. ... 0. 0. 0.]
 [0. 0. 0. ... 0. 0. 0.]
 [0. 0. 0. ... 0. 0. 0.]]","[[0. 0. 0. ... 0. 0. 0.]
 [0. 0. 0. ... 0. 0. 0.]
 [0. 0. 0. ... 0. 0. 0.]
 ...
 [0. 0. 0. ... 0. 0. 0.]
 [0. 0. 0. ... 0. 0. 0.]
 [0. 0. 0. ... 0. 0. 0.]]"
0.4,0.05,2,100000.0,10,2.6965848772768424,0.5218411747127963,0.5359130649135054,"[[[0.99634 1.00036 1.00084 ... 0.99954 0.9991  1.00071]
  [1.00251 1.00098 1.00401 ... 1.00324 1.0023  0.99612]
  [0.9975  0.99989 1.00321 ... 1.00388 0.99905 0.99687]
  ...
  [1.0047  1.00233 1.00125 ... 0.99917 0.99864 1.00161]
  [0.999   1.00618 1.00168 ... 0.99697 0.99763 1.00116]
  [1.00046 0.99718 1.00279 ... 1.0024  1.00065 0.99712]]

 [[0.99634 1.00331 1.00546 ... 0.9995  0.99515 1.00071]
  [1.00212 0.9967  0.99803 ... 1.00114 0.99695 0.99612]
  [0.99934 1.00681 1.00434 ... 1.00388 0.99905 1.00418]
  ...
  [1.00668 1.0016  0.99543 ... 0.99917 0.99618 0.99838]
  [1.00439 1.00153 1.00327 ... 1.00167 1.00144 0.99923]
  [0.99808 0.99923 1.00062 ... 0.99865 0.99447 1.00383]]]","[[[0.         0.09582474 0.         ... 0.         0.04462118 0.        ]
  [0.01721291 0.         0.10517548 ... 0.12897698 0.         0.0203979 ]
  [0.         0.04477953 0.         ... 0.         0.10290699 0.        ]
  ...
  [0.12065101 0.         0.1770384  ... 0.         0.03306112 0.        ]
  [0.         0.13688941 0.         ... 0.         0.         0.04958615]
  [0.07086288 0.         0.1522548  ... 0.05849679 0.         0.        ]]

 [[0.07638076 0.         0.17012412 ... 0.13265852 0.         0.01496214]
  [0.         0.1030623  0.         ... 0.         0.11413398 0.        ]
  [0.01439724 0.         0.11477728 ... 0.19690093 0.         0.07431422]
  ...
  [0.         0.19613269 0.         ... 0.02160194 0.         0.11264924]
  [0.13132639 0.         0.21243407 ... 0.04746315 0.02663877 0.        ]
  [0.         0.15616448 0.         ... 0.         0.04291721 0.04488097]]]","[[0. 0. 0. ... 0. 0. 0.]
 [0. 0. 0. ... 0. 0. 0.]
 [0. 0. 0. ... 0. 0. 0.]
 ...
 [0. 0. 0. ... 0. 0. 0.]
 [0. 0. 0. ... 0. 0. 0.]
 [0. 0. 0. ... 0. 0. 0.]]","[[0. 0. 0. ... 0. 0. 0.]
 [0. 0. 0. ... 0. 0. 0.]
 [0. 0. 0. ... 0. 0. 0.]
 ...
 [0. 0. 0. ... 0. 0. 0.]
 [0. 0. 0. ... 0. 0. 0.]
 [0. 0. 0. ... 0. 0. 0.]]"
0.4,0.05,2,100000.0,20,23.987285104044645,0.7209079184374793,0.5479816807042475,"[[[0.99634 1.00036 1.00084 ... 0.99954 0.99909 1.00071]
  [1.00251 1.00098 1.00401 ... 1.00324 1.0023  0.99612]
  [0.9975  0.99989 1.00321 ... 1.00388 0.99905 0.99687]
  ...
  [1.0047  1.00233 1.00125 ... 0.99917 0.99864 1.00161]
  [0.999   1.00618 1.00168 ... 0.99697 0.99763 1.00116]
  [1.00046 0.99718 1.00279 ... 1.0024  1.00065 0.99712]]

 [[0.99634 1.00036 1.00084 ... 0.99954 0.99909 1.00071]
  [1.00251 1.00098 1.00401 ... 1.00324 1.0023  0.99612]
  [0.9975  0.99989 1.00321 ... 1.00388 0.99905 0.99687]
  ...
  [1.0047  1.00233 1.00125 ... 0.99917 0.99864 1.00161]
  [0.999   1.00618 1.00168 ... 0.99697 0.99763 1.00116]
  [1.00046 0.99718 1.00279 ... 1.0024  1.00065 0.99712]]]","[[[0.         0.         0.00089111 ... 0.02788222 0.         0.00882958]
  [0.02086752 0.         0.00294112 ... 0.         0.03576034 0.        ]
  [0.         0.03355432 0.         ... 0.05368079 0.         0.04583354]
  ...
  [0.         0.04597769 0.         ... 0.         0.         0.0291566 ]
  [0.02237589 0.         0.03756475 ... 0.         0.         0.        ]
  [0.         0.01227287 0.         ... 0.         0.00074279 0.        ]]

 [[0.02506848 0.01624064 0.00397236 ... 0.         0.0461728  0.        ]
  [0.         0.03837443 0.00168881 ... 0.07134212 0.         0.05762618]
  [0.07141773 0.         0.05274276 ... 0.         0.08202541 0.        ]
  ...
  [0.06837164 0.         0.08038098 ... 0.007347   0.04218727 0.        ]
  [0.         0.05881646 0.         ... 0.00730091 0.00711287 0.03829603]
  [0.02920666 0.         0.04845236 ... 0.0396926  0.00412983 0.01330522]]]","[[0. 0. 0. ... 0. 0. 0.]
 [0. 0. 0. ... 0. 0. 0.]
 [0. 0. 0. ... 0. 0. 0.]
 ...
 [0. 0. 0. ... 0. 0. 0.]
 [0. 0. 0. ... 0. 0. 0.]
 [0. 0. 0. ... 0. 0. 0.]]","[[0. 0. 0. ... 0. 0. 0.]
 [0. 0. 0. ... 0. 0. 0.]
 [0. 0. 0. ... 0. 0. 0.]
 ...
 [0. 0. 0. ... 0. 0. 0.]
 [0. 0. 0. ... 0. 0. 0.]
 [0. 0. 0. ... 0. 0. 0.]]"
0.4,0.05,2,100000.0,30,16.438051766251842,0.6503521046384222,0.54344688901505,"[[[0.99634 1.00036 1.00084 ... 0.99954 0.99909 1.00071]
  [1.00251 1.00098 1.00401 ... 1.00324 1.0023  0.99612]
  [0.9975  0.99989 1.00321 ... 1.00388 0.99905 0.99687]
  ...
  [1.0047  1.00233 1.00125 ... 0.99917 0.99864 1.00161]
  [0.999   1.00618 1.00168 ... 0.99697 0.99763 1.00116]
  [1.00046 0.99718 1.00279 ... 1.0024  1.00065 0.99712]]

 [[0.99634 1.00036 1.00084 ... 0.99954 0.9991  1.00071]
  [1.00251 1.00098 1.00401 ... 1.00324 1.0023  0.99612]
  [0.9975  0.99989 1.00321 ... 1.00388 0.99905 0.99687]
  ...
  [1.0047  1.00233 1.00125 ... 0.99917 0.99864 1.00161]
  [0.999   1.00618 1.00168 ... 0.99697 0.99763 1.00116]
  [1.00046 0.99718 1.00279 ... 1.0024  1.00065 0.99712]]]","[[[0.15429304 0.         0.20121078 ... 0.         0.06915973 0.        ]
  [0.         0.18740523 0.         ... 0.03505971 0.         0.12632285]
  [0.16397026 0.         0.19206489 ... 0.         0.09521708 0.        ]
  ...
  [0.         0.13678604 0.         ... 0.         0.         0.06549949]
  [0.12468874 0.         0.17953429 ... 0.         0.03675085 0.        ]
  [0.         0.17285927 0.         ... 0.00235789 0.         0.10080195]]

 [[0.         0.22879766 0.         ... 0.04380067 0.         0.15272933]
  [0.20419557 0.         0.24604439 ... 0.         0.11631445 0.        ]
  [0.         0.22926283 0.         ... 0.07963773 0.         0.17382013]
  ...
  [0.1395919  0.         0.2015161  ... 0.03291336 0.04720452 0.        ]
  [0.         0.19807286 0.         ... 0.00975327 0.         0.11714817]
  [0.18196974 0.         0.23906742 ... 0.00196998 0.08319912 0.        ]]]","[[0. 0. 0. ... 0. 0. 0.]
 [0. 0. 0. ... 0. 0. 0.]
 [0. 0. 0. ... 0. 0. 0.]
 ...
 [0. 0. 0. ... 0. 0. 0.]
 [0. 0. 0. ... 0. 0. 0.]
 [0. 0. 0. ... 0. 0. 0.]]","[[0. 0. 0. ... 0. 0. 0.]
 [0. 0. 0. ... 0. 0. 0.]
 [0. 0. 0. ... 0. 0. 0.]
 ...
 [0. 0. 0. ... 0. 0. 0.]
 [0. 0. 0. ... 0. 0. 0.]
 [0. 0. 0. ... 0. 0. 0.]]"
0.4,0.05,4,1000.0,10,0.31401144098858647,0.5218411747127963,0.5202025337204089,"[[[0.963 1.004 1.008 ... 0.995 0.991 1.007]
  [1.025 1.01  1.04  ... 1.033 1.023 0.961]
  [0.975 0.999 1.032 ... 1.039 0.99  0.968]
  ...
  [1.047 1.023 1.012 ... 0.992 0.986 1.016]
  [0.99  1.062 1.017 ... 0.97  1.014 1.012]
  [1.005 0.972 1.028 ... 1.024 1.007 0.971]]

 [[0.963 1.004 1.008 ... 0.995 0.991 1.007]
  [1.025 1.01  1.04  ... 1.033 1.023 0.961]
  [0.975 0.999 1.032 ... 1.039 0.99  0.968]
  ...
  [1.047 1.023 1.012 ... 0.992 0.986 1.016]
  [0.99  1.062 1.017 ... 0.97  1.014 1.012]
  [1.005 0.972 1.028 ... 1.024 1.007 0.971]]]","[[[0.21220167 0.         0.33788623 ... 0.00620214 0.05936145 0.        ]
  [0.         0.28645765 0.         ... 0.01432339 0.         0.14940911]
  [0.21684107 0.         0.31290679 ... 0.         0.0990288  0.        ]
  ...
  [0.         0.24325622 0.         ... 0.         0.         0.08417475]
  [0.18477521 0.         0.32059112 ... 0.06285332 0.01456336 0.        ]
  [0.         0.27163032 0.         ... 0.         0.         0.11898438]]

 [[0.         0.33819176 0.         ... 0.         0.         0.17588166]
  [0.26463531 0.         0.38214595 ... 0.         0.10817444 0.        ]
  [0.         0.32416633 0.         ... 0.05402661 0.         0.20721625]
  ...
  [0.19940019 0.         0.35224463 ... 0.12349939 0.00900442 0.        ]
  [0.         0.2996501  0.         ... 0.         0.         0.13213634]
  [0.24745262 0.         0.38713275 ... 0.05682207 0.059404   0.        ]]]","[[0. 0. 0. ... 0. 0. 0.]
 [0. 0. 0. ... 0. 0. 0.]
 [0. 0. 0. ... 0. 0. 0.]
 ...
 [0. 0. 0. ... 0. 0. 0.]
 [0. 0. 0. ... 0. 0. 0.]
 [0. 0. 0. ... 0. 0. 0.]]","[[0. 0. 0. ... 0. 0. 0.]
 [0. 0. 0. ... 0. 0. 0.]
 [0. 0. 0. ... 0. 0. 0.]
 ...
 [0. 0. 0. ... 0. 0. 0.]
 [0. 0. 0. ... 0. 0. 0.]
 [0. 0. 0. ... 0. 0. 0.]]"
0.4,0.05,4,1000.0,20,28.631506243937128,0.7209079184374793,0.5145011227570152,"[[[0.963 1.004 1.008 ... 0.995 0.991 1.007]
  [1.025 1.01  1.04  ... 1.033 1.023 0.961]
  [0.975 0.999 1.032 ... 1.039 0.99  0.968]
  ...
  [1.047 1.023 1.012 ... 0.992 0.986 1.016]
  [0.99  1.062 1.017 ... 0.97  1.014 1.012]
  [1.005 0.972 1.028 ... 1.024 1.007 0.971]]

 [[0.963 1.004 1.008 ... 0.995 0.991 1.007]
  [1.025 1.01  1.04  ... 1.033 1.023 0.961]
  [0.975 0.999 1.032 ... 1.039 0.99  0.968]
  ...
  [1.047 1.023 1.012 ... 0.992 0.986 1.016]
  [0.99  1.062 1.017 ... 0.97  1.014 1.012]
  [1.005 0.972 1.028 ... 1.024 1.007 0.971]]]","[[[0.14945967 0.         0.28115882 ... 0.05497266 0.00099347 0.        ]
  [0.         0.17675425 0.         ... 0.         0.01190133 0.03689319]
  [0.05999554 0.         0.17059228 ... 0.09161326 0.         0.        ]
  ...
  [0.         0.32696231 0.         ... 0.         0.         0.16892706]
  [0.22533969 0.         0.36001789 ... 0.02034659 0.05471839 0.        ]
  [0.         0.26231981 0.         ... 0.         0.         0.10913987]]

 [[0.         0.27287374 0.         ... 0.         0.00320249 0.10913546]
  [0.14097717 0.         0.26955512 ... 0.09635883 0.         0.        ]
  [0.         0.15730359 0.         ... 0.         0.06242882 0.03464715]
  ...
  [0.2971818  0.         0.44447762 ... 0.0352565  0.10400422 0.        ]
  [0.         0.34718633 0.         ... 0.         0.         0.17989178]
  [0.23877172 0.         0.38103057 ... 0.06172904 0.0531851  0.        ]]]","[[0. 0. 0. ... 0. 0. 0.]
 [0. 0. 0. ... 0. 0. 0.]
 [0. 0. 0. ... 0. 0. 0.]
 ...
 [0. 0. 0. ... 0. 0. 0.]
 [0. 0. 0. ... 0. 0. 0.]
 [0. 0. 0. ... 0. 0. 0.]]","[[0. 0. 0. ... 0. 0. 0.]
 [0. 0. 0. ... 0. 0. 0.]
 [0. 0. 0. ... 0. 0. 0.]
 ...
 [0. 0. 0. ... 0. 0. 0.]
 [0. 0. 0. ... 0. 0. 0.]
 [0. 0. 0. ... 0. 0. 0.]]"
0.4,0.05,4,1000.0,30,21.688470302763474,0.6503521046384222,0.5093006815605208,"[[[0.963 1.004 1.008 ... 0.995 0.991 1.007]
  [1.025 1.01  1.04  ... 1.033 1.023 0.961]
  [0.975 0.999 1.032 ... 1.039 0.99  0.968]
  ...
  [1.047 1.023 1.012 ... 0.992 0.986 1.016]
  [0.99  1.062 1.017 ... 0.97  1.014 1.012]
  [1.005 0.972 1.028 ... 1.024 1.007 0.971]]

 [[0.963 1.004 1.008 ... 0.995 0.991 1.007]
  [1.025 1.01  1.04  ... 1.033 1.023 0.961]
  [0.975 0.999 1.032 ... 1.039 0.99  0.968]
  ...
  [1.047 1.023 1.012 ... 0.992 0.986 1.016]
  [0.99  1.062 1.017 ... 0.97  1.014 1.012]
  [1.005 0.972 1.028 ... 1.024 1.007 0.971]]]","[[[3.43089403e-01 0.00000000e+00 5.25647699e-01 ... 1.28452404e-02
   9.99172116e-02 0.00000000e+00]
  [0.00000000e+00 4.39137619e-01 0.00000000e+00 ... 0.00000000e+00
   0.00000000e+00 2.21403326e-01]
  [3.16648715e-01 0.00000000e+00 4.74412968e-01 ... 3.26962447e-04
   1.03383762e-01 0.00000000e+00]
  ...
  [0.00000000e+00 4.14027216e-01 0.00000000e+00 ... 0.00000000e+00
   0.00000000e+00 1.95012930e-01]
  [3.30419946e-01 0.00000000e+00 5.15532167e-01 ... 3.46188957e-02
   8.26347642e-02 0.00000000e+00]
  [0.00000000e+00 4.44938126e-01 0.00000000e+00 ... 0.00000000e+00
   0.00000000e+00 2.19536122e-01]]

 [[0.00000000e+00 5.23081934e-01 0.00000000e+00 ... 0.00000000e+00
   0.00000000e+00 2.74417883e-01]
  [3.95240030e-01 0.00000000e+00 5.79381053e-01 ... 1.75286037e-02
   1.34001491e-01 0.00000000e+00]
  [0.00000000e+00 4.77088242e-01 0.00000000e+00 ... 3.55939183e-03
   0.00000000e+00 2.68144857e-01]
  ...
  [3.60405439e-01 0.00000000e+00 5.63270268e-01 ... 7.83111447e-02
   9.35090270e-02 0.00000000e+00]
  [0.00000000e+00 4.95944298e-01 0.00000000e+00 ... 0.00000000e+00
   0.00000000e+00 2.53794880e-01]
  [4.05182184e-01 0.00000000e+00 6.04352618e-01 ... 4.39227092e-02
   1.22450688e-01 0.00000000e+00]]]","[[0. 0. 0. ... 0. 0. 0.]
 [0. 0. 0. ... 0. 0. 0.]
 [0. 0. 0. ... 0. 0. 0.]
 ...
 [0. 0. 0. ... 0. 0. 0.]
 [0. 0. 0. ... 0. 0. 0.]
 [0. 0. 0. ... 0. 0. 0.]]","[[0. 0. 0. ... 0. 0. 0.]
 [0. 0. 0. ... 0. 0. 0.]
 [0. 0. 0. ... 0. 0. 0.]
 ...
 [0. 0. 0. ... 0. 0. 0.]
 [0. 0. 0. ... 0. 0. 0.]
 [0. 0. 0. ... 0. 0. 0.]]"
0.4,0.05,4,10000.0,10,2.7698408593320565,0.5218411747127963,0.5362953447908098,"[[[0.9884 1.0011 1.0026 ... 0.9985 0.9971 1.0023]
  [1.0079 1.0031 1.0127 ... 1.0103 1.0073 1.0034]
  [0.9921 0.9997 1.0102 ... 1.0123 0.997  0.9901]
  ...
  [1.0149 1.0074 1.0039 ... 0.9974 0.9957 1.0051]
  [0.9968 1.0195 1.0053 ... 0.9904 1.0046 1.0037]
  [1.0015 0.9911 1.0088 ... 1.0076 1.0021 0.9909]]

 [[0.9884 1.0011 1.0026 ... 0.9985 0.9971 1.0023]
  [1.0079 1.0031 1.0127 ... 1.0103 1.0073 1.0034]
  [0.9921 0.9997 1.0102 ... 1.0123 0.997  0.9901]
  ...
  [1.0149 1.0074 1.0039 ... 0.9974 0.9957 1.0051]
  [0.9968 1.0195 1.0053 ... 0.9904 1.0046 1.0037]
  [1.0015 0.9911 1.0088 ... 1.0076 1.0021 0.9909]]]","[[[0.06412352 0.         0.07259634 ... 0.         0.04855667 0.        ]
  [0.         0.09892858 0.         ... 0.09223042 0.         0.10394134]
  [0.13067734 0.         0.10633446 ... 0.         0.14215477 0.        ]
  ...
  [0.03223938 0.         0.         ... 0.         0.08194546 0.        ]
  [0.         0.         0.02652177 ... 0.05665441 0.         0.01601148]
  [0.         0.03754638 0.         ... 0.         0.         0.01168616]]

 [[0.         0.10160327 0.         ... 0.06363045 0.         0.08879571]
  [0.13593975 0.         0.12374226 ... 0.         0.13259502 0.        ]
  [0.         0.1567671  0.         ... 0.17638122 0.         0.18170646]
  ...
  [0.         0.02712017 0.02733468 ... 0.14316569 0.         0.08513907]
  [0.01846999 0.02814919 0.         ... 0.         0.06298604 0.        ]
  [0.05276632 0.         0.07724154 ... 0.02541444 0.01960138 0.        ]]]","[[0. 0. 0. ... 0. 0. 0.]
 [0. 0. 0. ... 0. 0. 0.]
 [0. 0. 0. ... 0. 0. 0.]
 ...
 [0. 0. 0. ... 0. 0. 0.]
 [0. 0. 0. ... 0. 0. 0.]
 [0. 0. 0. ... 0. 0. 0.]]","[[0. 0. 0. ... 0. 0. 0.]
 [0. 0. 0. ... 0. 0. 0.]
 [0. 0. 0. ... 0. 0. 0.]
 ...
 [0. 0. 0. ... 0. 0. 0.]
 [0. 0. 0. ... 0. 0. 0.]
 [0. 0. 0. ... 0. 0. 0.]]"
0.4,0.05,4,10000.0,20,25.392994876156095,0.7209079184374793,0.5378478076468466,"[[[0.9884 1.0011 1.0026 ... 0.9985 0.9971 1.0023]
  [1.0079 1.0031 1.0127 ... 1.0103 1.0073 1.0034]
  [0.9921 0.9997 1.0102 ... 1.0123 0.997  0.9901]
  ...
  [1.0149 1.0074 1.0039 ... 0.9974 0.9957 1.0051]
  [0.9968 1.0195 1.0053 ... 0.9904 1.0046 1.0037]
  [1.0015 0.9911 1.0088 ... 1.0076 1.0021 0.9909]]

 [[0.9884 1.0011 1.0026 ... 0.9985 0.9971 1.0023]
  [1.0079 1.0031 1.0127 ... 1.0103 1.0073 1.0034]
  [0.9921 0.9997 1.0102 ... 1.0123 0.997  0.9901]
  ...
  [1.0149 1.0074 1.0039 ... 0.9974 0.9957 1.0051]
  [0.9968 1.0195 1.0053 ... 0.9904 1.0046 1.0037]
  [1.0015 0.9911 1.0088 ... 1.0076 1.0021 0.9909]]]","[[[0.01494288 0.         0.05894541 ... 0.04236187 0.         0.        ]
  [0.         0.01414008 0.         ... 0.         0.03097615 0.        ]
  [0.         0.         0.00207647 ... 0.05935387 0.         0.02414283]
  ...
  [0.         0.09762692 0.         ... 0.         0.         0.04287051]
  [0.05619696 0.         0.10305353 ... 0.02159001 0.         0.        ]
  [0.         0.06107018 0.         ... 0.         0.00232945 0.00895411]]

 [[0.         0.06879282 0.         ... 0.         0.04402191 0.01572725]
  [0.01732276 0.         0.05733384 ... 0.08004908 0.         0.03315938]
  [0.03789277 0.01002626 0.00257653 ... 0.         0.07292942 0.        ]
  ...
  [0.10351545 0.         0.15364103 ... 0.03981527 0.03333469 0.        ]
  [0.         0.11312802 0.         ... 0.         0.01060548 0.05487536]
  [0.06720753 0.         0.11661247 ... 0.06034089 0.00227178 0.        ]]]","[[0. 0. 0. ... 0. 0. 0.]
 [0. 0. 0. ... 0. 0. 0.]
 [0. 0. 0. ... 0. 0. 0.]
 ...
 [0. 0. 0. ... 0. 0. 0.]
 [0. 0. 0. ... 0. 0. 0.]
 [0. 0. 0. ... 0. 0. 0.]]","[[0. 0. 0. ... 0. 0. 0.]
 [0. 0. 0. ... 0. 0. 0.]
 [0. 0. 0. ... 0. 0. 0.]
 ...
 [0. 0. 0. ... 0. 0. 0.]
 [0. 0. 0. ... 0. 0. 0.]
 [0. 0. 0. ... 0. 0. 0.]]"
0.4,0.05,4,10000.0,30,18.25941942115998,0.6503521046384222,0.5316015861381514,"[[[0.9884 1.0011 1.0026 ... 0.9985 0.9971 1.0023]
  [1.0079 1.0031 1.0127 ... 1.0103 1.0073 1.0034]
  [0.9921 0.9997 1.0102 ... 1.0123 0.997  0.9901]
  ...
  [1.0149 1.0074 1.0039 ... 0.9974 0.9957 1.0051]
  [0.9968 1.0195 1.0053 ... 0.9904 1.0046 1.0037]
  [1.0015 0.9911 1.0088 ... 1.0076 1.0021 0.9909]]

 [[0.9884 1.0011 1.0026 ... 0.9985 0.9971 1.0023]
  [1.0079 1.0031 1.0127 ... 1.0103 1.0073 1.0034]
  [0.9921 0.9997 1.0102 ... 1.0123 0.997  0.9901]
  ...
  [1.0149 1.0074 1.0039 ... 0.9974 0.9957 1.0051]
  [0.9968 1.0195 1.0053 ... 0.9904 1.0046 1.0037]
  [1.0015 0.9911 1.0088 ... 1.0076 1.0021 0.9909]]]","[[[0.25773808 0.         0.32802438 ... 0.         0.13418791 0.        ]
  [0.         0.30580223 0.         ... 0.07386411 0.         0.2128214 ]
  [0.25953809 0.         0.31581796 ... 0.         0.15057338 0.        ]
  ...
  [0.         0.22941036 0.         ... 0.01221084 0.         0.13836708]
  [0.2190879  0.         0.29068656 ... 0.         0.10063596 0.        ]
  [0.         0.28577631 0.         ... 0.04563591 0.         0.18559203]]

 [[0.         0.36007263 0.         ... 0.08914294 0.         0.24913791]
  [0.31817538 0.         0.38721532 ... 0.         0.18479858 0.        ]
  [0.         0.35279844 0.         ... 0.11264331 0.         0.26159064]
  ...
  [0.2314262  0.         0.30782941 ... 0.         0.1102387  0.        ]
  [0.         0.31227589 0.         ... 0.05622707 0.         0.20628031]
  [0.29489521 0.         0.37311115 ... 0.         0.15553061 0.        ]]]","[[0. 0. 0. ... 0. 0. 0.]
 [0. 0. 0. ... 0. 0. 0.]
 [0. 0. 0. ... 0. 0. 0.]
 ...
 [0. 0. 0. ... 0. 0. 0.]
 [0. 0. 0. ... 0. 0. 0.]
 [0. 0. 0. ... 0. 0. 0.]]","[[0. 0. 0. ... 0. 0. 0.]
 [0. 0. 0. ... 0. 0. 0.]
 [0. 0. 0. ... 0. 0. 0.]
 ...
 [0. 0. 0. ... 0. 0. 0.]
 [0. 0. 0. ... 0. 0. 0.]
 [0. 0. 0. ... 0. 0. 0.]]"
0.4,0.05,4,100000.0,10,2.6965848772768424,0.5218411747127963,0.5359130649135054,"[[[0.99634 1.00036 1.00084 ... 0.99954 0.9991  1.00071]
  [1.00251 1.00098 1.00401 ... 1.00324 1.0023  0.99612]
  [0.9975  0.99989 1.00321 ... 1.00388 0.99905 0.99687]
  ...
  [1.0047  1.00233 1.00125 ... 0.99917 0.99864 1.00161]
  [0.999   1.00618 1.00168 ... 0.99697 0.99763 1.00116]
  [1.00046 0.99718 1.00279 ... 1.0024  1.00065 0.99712]]

 [[0.99634 1.00331 1.00546 ... 0.9995  0.99515 1.00071]
  [1.00212 0.9967  0.99803 ... 1.00114 0.99695 0.99612]
  [0.99934 1.00681 1.00434 ... 1.00388 0.99905 1.00418]
  ...
  [1.00668 1.0016  0.99543 ... 0.99917 0.99618 0.99838]
  [1.00439 1.00153 1.00327 ... 1.00167 1.00144 0.99923]
  [0.99808 0.99923 1.00062 ... 0.99865 0.99447 1.00383]]]","[[[0.         0.09582474 0.         ... 0.         0.04462118 0.        ]
  [0.01721291 0.         0.10517548 ... 0.12897698 0.         0.0203979 ]
  [0.         0.04477953 0.         ... 0.         0.10290699 0.        ]
  ...
  [0.12065101 0.         0.1770384  ... 0.         0.03306112 0.        ]
  [0.         0.13688941 0.         ... 0.         0.         0.04958615]
  [0.07086288 0.         0.1522548  ... 0.05849679 0.         0.        ]]

 [[0.07638076 0.         0.17012412 ... 0.13265852 0.         0.01496214]
  [0.         0.1030623  0.         ... 0.         0.11413398 0.        ]
  [0.01439724 0.         0.11477728 ... 0.19690093 0.         0.07431422]
  ...
  [0.         0.19613269 0.         ... 0.02160194 0.         0.11264924]
  [0.13132639 0.         0.21243407 ... 0.04746315 0.02663877 0.        ]
  [0.         0.15616448 0.         ... 0.         0.04291721 0.04488097]]]","[[0. 0. 0. ... 0. 0. 0.]
 [0. 0. 0. ... 0. 0. 0.]
 [0. 0. 0. ... 0. 0. 0.]
 ...
 [0. 0. 0. ... 0. 0. 0.]
 [0. 0. 0. ... 0. 0. 0.]
 [0. 0. 0. ... 0. 0. 0.]]","[[0. 0. 0. ... 0. 0. 0.]
 [0. 0. 0. ... 0. 0. 0.]
 [0. 0. 0. ... 0. 0. 0.]
 ...
 [0. 0. 0. ... 0. 0. 0.]
 [0. 0. 0. ... 0. 0. 0.]
 [0. 0. 0. ... 0. 0. 0.]]"
0.4,0.05,4,100000.0,20,23.987285104044645,0.7209079184374793,0.5479816807042475,"[[[0.99634 1.00036 1.00084 ... 0.99954 0.99909 1.00071]
  [1.00251 1.00098 1.00401 ... 1.00324 1.0023  0.99612]
  [0.9975  0.99989 1.00321 ... 1.00388 0.99905 0.99687]
  ...
  [1.0047  1.00233 1.00125 ... 0.99917 0.99864 1.00161]
  [0.999   1.00618 1.00168 ... 0.99697 0.99763 1.00116]
  [1.00046 0.99718 1.00279 ... 1.0024  1.00065 0.99712]]

 [[0.99634 1.00036 1.00084 ... 0.99954 0.99909 1.00071]
  [1.00251 1.00098 1.00401 ... 1.00324 1.0023  0.99612]
  [0.9975  0.99989 1.00321 ... 1.00388 0.99905 0.99687]
  ...
  [1.0047  1.00233 1.00125 ... 0.99917 0.99864 1.00161]
  [0.999   1.00618 1.00168 ... 0.99697 0.99763 1.00116]
  [1.00046 0.99718 1.00279 ... 1.0024  1.00065 0.99712]]]","[[[0.         0.         0.00089111 ... 0.02788222 0.         0.00882958]
  [0.02086752 0.         0.00294112 ... 0.         0.03576034 0.        ]
  [0.         0.03355432 0.         ... 0.05368079 0.         0.04583354]
  ...
  [0.         0.04597769 0.         ... 0.         0.         0.0291566 ]
  [0.02237589 0.         0.03756475 ... 0.         0.         0.        ]
  [0.         0.01227287 0.         ... 0.         0.00074279 0.        ]]

 [[0.02506848 0.01624064 0.00397236 ... 0.         0.0461728  0.        ]
  [0.         0.03837443 0.00168881 ... 0.07134212 0.         0.05762618]
  [0.07141773 0.         0.05274276 ... 0.         0.08202541 0.        ]
  ...
  [0.06837164 0.         0.08038098 ... 0.007347   0.04218727 0.        ]
  [0.         0.05881646 0.         ... 0.00730091 0.00711287 0.03829603]
  [0.02920666 0.         0.04845236 ... 0.0396926  0.00412983 0.01330522]]]","[[0. 0. 0. ... 0. 0. 0.]
 [0. 0. 0. ... 0. 0. 0.]
 [0. 0. 0. ... 0. 0. 0.]
 ...
 [0. 0. 0. ... 0. 0. 0.]
 [0. 0. 0. ... 0. 0. 0.]
 [0. 0. 0. ... 0. 0. 0.]]","[[0. 0. 0. ... 0. 0. 0.]
 [0. 0. 0. ... 0. 0. 0.]
 [0. 0. 0. ... 0. 0. 0.]
 ...
 [0. 0. 0. ... 0. 0. 0.]
 [0. 0. 0. ... 0. 0. 0.]
 [0. 0. 0. ... 0. 0. 0.]]"
0.4,0.05,4,100000.0,30,16.438051766251842,0.6503521046384222,0.54344688901505,"[[[0.99634 1.00036 1.00084 ... 0.99954 0.99909 1.00071]
  [1.00251 1.00098 1.00401 ... 1.00324 1.0023  0.99612]
  [0.9975  0.99989 1.00321 ... 1.00388 0.99905 0.99687]
  ...
  [1.0047  1.00233 1.00125 ... 0.99917 0.99864 1.00161]
  [0.999   1.00618 1.00168 ... 0.99697 0.99763 1.00116]
  [1.00046 0.99718 1.00279 ... 1.0024  1.00065 0.99712]]

 [[0.99634 1.00036 1.00084 ... 0.99954 0.9991  1.00071]
  [1.00251 1.00098 1.00401 ... 1.00324 1.0023  0.99612]
  [0.9975  0.99989 1.00321 ... 1.00388 0.99905 0.99687]
  ...
  [1.0047  1.00233 1.00125 ... 0.99917 0.99864 1.00161]
  [0.999   1.00618 1.00168 ... 0.99697 0.99763 1.00116]
  [1.00046 0.99718 1.00279 ... 1.0024  1.00065 0.99712]]]","[[[0.15429304 0.         0.20121078 ... 0.         0.06915973 0.        ]
  [0.         0.18740523 0.         ... 0.03505971 0.         0.12632285]
  [0.16397026 0.         0.19206489 ... 0.         0.09521708 0.        ]
  ...
  [0.         0.13678604 0.         ... 0.         0.         0.06549949]
  [0.12468874 0.         0.17953429 ... 0.         0.03675085 0.        ]
  [0.         0.17285927 0.         ... 0.00235789 0.         0.10080195]]

 [[0.         0.22879766 0.         ... 0.04380067 0.         0.15272933]
  [0.20419557 0.         0.24604439 ... 0.         0.11631445 0.        ]
  [0.         0.22926283 0.         ... 0.07963773 0.         0.17382013]
  ...
  [0.1395919  0.         0.2015161  ... 0.03291336 0.04720452 0.        ]
  [0.         0.19807286 0.         ... 0.00975327 0.         0.11714817]
  [0.18196974 0.         0.23906742 ... 0.00196998 0.08319912 0.        ]]]","[[0. 0. 0. ... 0. 0. 0.]
 [0. 0. 0. ... 0. 0. 0.]
 [0. 0. 0. ... 0. 0. 0.]
 ...
 [0. 0. 0. ... 0. 0. 0.]
 [0. 0. 0. ... 0. 0. 0.]
 [0. 0. 0. ... 0. 0. 0.]]","[[0. 0. 0. ... 0. 0. 0.]
 [0. 0. 0. ... 0. 0. 0.]
 [0. 0. 0. ... 0. 0. 0.]
 ...
 [0. 0. 0. ... 0. 0. 0.]
 [0. 0. 0. ... 0. 0. 0.]
 [0. 0. 0. ... 0. 0. 0.]]"
0.4,0.05,6,1000.0,10,0.31401144098858647,0.5218411747127963,0.5202025337204089,"[[[0.963 1.004 1.008 ... 0.995 0.991 1.007]
  [1.025 1.01  1.04  ... 1.033 1.023 0.961]
  [0.975 0.999 1.032 ... 1.039 0.99  0.968]
  ...
  [1.047 1.023 1.012 ... 0.992 0.986 1.016]
  [0.99  1.062 1.017 ... 0.97  1.014 1.012]
  [1.005 0.972 1.028 ... 1.024 1.007 0.971]]

 [[0.963 1.004 1.008 ... 0.995 0.991 1.007]
  [1.025 1.01  1.04  ... 1.033 1.023 0.961]
  [0.975 0.999 1.032 ... 1.039 0.99  0.968]
  ...
  [1.047 1.023 1.012 ... 0.992 0.986 1.016]
  [0.99  1.062 1.017 ... 0.97  1.014 1.012]
  [1.005 0.972 1.028 ... 1.024 1.007 0.971]]]","[[[0.21220167 0.         0.33788623 ... 0.00620214 0.05936145 0.        ]
  [0.         0.28645765 0.         ... 0.01432339 0.         0.14940911]
  [0.21684107 0.         0.31290679 ... 0.         0.0990288  0.        ]
  ...
  [0.         0.24325622 0.         ... 0.         0.         0.08417475]
  [0.18477521 0.         0.32059112 ... 0.06285332 0.01456336 0.        ]
  [0.         0.27163032 0.         ... 0.         0.         0.11898438]]

 [[0.         0.33819176 0.         ... 0.         0.         0.17588166]
  [0.26463531 0.         0.38214595 ... 0.         0.10817444 0.        ]
  [0.         0.32416633 0.         ... 0.05402661 0.         0.20721625]
  ...
  [0.19940019 0.         0.35224463 ... 0.12349939 0.00900442 0.        ]
  [0.         0.2996501  0.         ... 0.         0.         0.13213634]
  [0.24745262 0.         0.38713275 ... 0.05682207 0.059404   0.        ]]]","[[0. 0. 0. ... 0. 0. 0.]
 [0. 0. 0. ... 0. 0. 0.]
 [0. 0. 0. ... 0. 0. 0.]
 ...
 [0. 0. 0. ... 0. 0. 0.]
 [0. 0. 0. ... 0. 0. 0.]
 [0. 0. 0. ... 0. 0. 0.]]","[[0. 0. 0. ... 0. 0. 0.]
 [0. 0. 0. ... 0. 0. 0.]
 [0. 0. 0. ... 0. 0. 0.]
 ...
 [0. 0. 0. ... 0. 0. 0.]
 [0. 0. 0. ... 0. 0. 0.]
 [0. 0. 0. ... 0. 0. 0.]]"
0.4,0.05,6,1000.0,20,28.631506243937128,0.7209079184374793,0.5145011227570152,"[[[0.963 1.004 1.008 ... 0.995 0.991 1.007]
  [1.025 1.01  1.04  ... 1.033 1.023 0.961]
  [0.975 0.999 1.032 ... 1.039 0.99  0.968]
  ...
  [1.047 1.023 1.012 ... 0.992 0.986 1.016]
  [0.99  1.062 1.017 ... 0.97  1.014 1.012]
  [1.005 0.972 1.028 ... 1.024 1.007 0.971]]

 [[0.963 1.004 1.008 ... 0.995 0.991 1.007]
  [1.025 1.01  1.04  ... 1.033 1.023 0.961]
  [0.975 0.999 1.032 ... 1.039 0.99  0.968]
  ...
  [1.047 1.023 1.012 ... 0.992 0.986 1.016]
  [0.99  1.062 1.017 ... 0.97  1.014 1.012]
  [1.005 0.972 1.028 ... 1.024 1.007 0.971]]]","[[[0.14945967 0.         0.28115882 ... 0.05497266 0.00099347 0.        ]
  [0.         0.17675425 0.         ... 0.         0.01190133 0.03689319]
  [0.05999554 0.         0.17059228 ... 0.09161326 0.         0.        ]
  ...
  [0.         0.32696231 0.         ... 0.         0.         0.16892706]
  [0.22533969 0.         0.36001789 ... 0.02034659 0.05471839 0.        ]
  [0.         0.26231981 0.         ... 0.         0.         0.10913987]]

 [[0.         0.27287374 0.         ... 0.         0.00320249 0.10913546]
  [0.14097717 0.         0.26955512 ... 0.09635883 0.         0.        ]
  [0.         0.15730359 0.         ... 0.         0.06242882 0.03464715]
  ...
  [0.2971818  0.         0.44447762 ... 0.0352565  0.10400422 0.        ]
  [0.         0.34718633 0.         ... 0.         0.         0.17989178]
  [0.23877172 0.         0.38103057 ... 0.06172904 0.0531851  0.        ]]]","[[0. 0. 0. ... 0. 0. 0.]
 [0. 0. 0. ... 0. 0. 0.]
 [0. 0. 0. ... 0. 0. 0.]
 ...
 [0. 0. 0. ... 0. 0. 0.]
 [0. 0. 0. ... 0. 0. 0.]
 [0. 0. 0. ... 0. 0. 0.]]","[[0. 0. 0. ... 0. 0. 0.]
 [0. 0. 0. ... 0. 0. 0.]
 [0. 0. 0. ... 0. 0. 0.]
 ...
 [0. 0. 0. ... 0. 0. 0.]
 [0. 0. 0. ... 0. 0. 0.]
 [0. 0. 0. ... 0. 0. 0.]]"
0.4,0.05,6,1000.0,30,21.688470302763474,0.6503521046384222,0.5093006815605208,"[[[0.963 1.004 1.008 ... 0.995 0.991 1.007]
  [1.025 1.01  1.04  ... 1.033 1.023 0.961]
  [0.975 0.999 1.032 ... 1.039 0.99  0.968]
  ...
  [1.047 1.023 1.012 ... 0.992 0.986 1.016]
  [0.99  1.062 1.017 ... 0.97  1.014 1.012]
  [1.005 0.972 1.028 ... 1.024 1.007 0.971]]

 [[0.963 1.004 1.008 ... 0.995 0.991 1.007]
  [1.025 1.01  1.04  ... 1.033 1.023 0.961]
  [0.975 0.999 1.032 ... 1.039 0.99  0.968]
  ...
  [1.047 1.023 1.012 ... 0.992 0.986 1.016]
  [0.99  1.062 1.017 ... 0.97  1.014 1.012]
  [1.005 0.972 1.028 ... 1.024 1.007 0.971]]]","[[[3.43089403e-01 0.00000000e+00 5.25647699e-01 ... 1.28452404e-02
   9.99172116e-02 0.00000000e+00]
  [0.00000000e+00 4.39137619e-01 0.00000000e+00 ... 0.00000000e+00
   0.00000000e+00 2.21403326e-01]
  [3.16648715e-01 0.00000000e+00 4.74412968e-01 ... 3.26962447e-04
   1.03383762e-01 0.00000000e+00]
  ...
  [0.00000000e+00 4.14027216e-01 0.00000000e+00 ... 0.00000000e+00
   0.00000000e+00 1.95012930e-01]
  [3.30419946e-01 0.00000000e+00 5.15532167e-01 ... 3.46188957e-02
   8.26347642e-02 0.00000000e+00]
  [0.00000000e+00 4.44938126e-01 0.00000000e+00 ... 0.00000000e+00
   0.00000000e+00 2.19536122e-01]]

 [[0.00000000e+00 5.23081934e-01 0.00000000e+00 ... 0.00000000e+00
   0.00000000e+00 2.74417883e-01]
  [3.95240030e-01 0.00000000e+00 5.79381053e-01 ... 1.75286037e-02
   1.34001491e-01 0.00000000e+00]
  [0.00000000e+00 4.77088242e-01 0.00000000e+00 ... 3.55939183e-03
   0.00000000e+00 2.68144857e-01]
  ...
  [3.60405439e-01 0.00000000e+00 5.63270268e-01 ... 7.83111447e-02
   9.35090270e-02 0.00000000e+00]
  [0.00000000e+00 4.95944298e-01 0.00000000e+00 ... 0.00000000e+00
   0.00000000e+00 2.53794880e-01]
  [4.05182184e-01 0.00000000e+00 6.04352618e-01 ... 4.39227092e-02
   1.22450688e-01 0.00000000e+00]]]","[[0. 0. 0. ... 0. 0. 0.]
 [0. 0. 0. ... 0. 0. 0.]
 [0. 0. 0. ... 0. 0. 0.]
 ...
 [0. 0. 0. ... 0. 0. 0.]
 [0. 0. 0. ... 0. 0. 0.]
 [0. 0. 0. ... 0. 0. 0.]]","[[0. 0. 0. ... 0. 0. 0.]
 [0. 0. 0. ... 0. 0. 0.]
 [0. 0. 0. ... 0. 0. 0.]
 ...
 [0. 0. 0. ... 0. 0. 0.]
 [0. 0. 0. ... 0. 0. 0.]
 [0. 0. 0. ... 0. 0. 0.]]"
0.4,0.05,6,10000.0,10,2.7698408593320565,0.5218411747127963,0.5362953447908098,"[[[0.9884 1.0011 1.0026 ... 0.9985 0.9971 1.0023]
  [1.0079 1.0031 1.0127 ... 1.0103 1.0073 1.0034]
  [0.9921 0.9997 1.0102 ... 1.0123 0.997  0.9901]
  ...
  [1.0149 1.0074 1.0039 ... 0.9974 0.9957 1.0051]
  [0.9968 1.0195 1.0053 ... 0.9904 1.0046 1.0037]
  [1.0015 0.9911 1.0088 ... 1.0076 1.0021 0.9909]]

 [[0.9884 1.0011 1.0026 ... 0.9985 0.9971 1.0023]
  [1.0079 1.0031 1.0127 ... 1.0103 1.0073 1.0034]
  [0.9921 0.9997 1.0102 ... 1.0123 0.997  0.9901]
  ...
  [1.0149 1.0074 1.0039 ... 0.9974 0.9957 1.0051]
  [0.9968 1.0195 1.0053 ... 0.9904 1.0046 1.0037]
  [1.0015 0.9911 1.0088 ... 1.0076 1.0021 0.9909]]]","[[[0.06412352 0.         0.07259634 ... 0.         0.04855667 0.        ]
  [0.         0.09892858 0.         ... 0.09223042 0.         0.10394134]
  [0.13067734 0.         0.10633446 ... 0.         0.14215477 0.        ]
  ...
  [0.03223938 0.         0.         ... 0.         0.08194546 0.        ]
  [0.         0.         0.02652177 ... 0.05665441 0.         0.01601148]
  [0.         0.03754638 0.         ... 0.         0.         0.01168616]]

 [[0.         0.10160327 0.         ... 0.06363045 0.         0.08879571]
  [0.13593975 0.         0.12374226 ... 0.         0.13259502 0.        ]
  [0.         0.1567671  0.         ... 0.17638122 0.         0.18170646]
  ...
  [0.         0.02712017 0.02733468 ... 0.14316569 0.         0.08513907]
  [0.01846999 0.02814919 0.         ... 0.         0.06298604 0.        ]
  [0.05276632 0.         0.07724154 ... 0.02541444 0.01960138 0.        ]]]","[[0. 0. 0. ... 0. 0. 0.]
 [0. 0. 0. ... 0. 0. 0.]
 [0. 0. 0. ... 0. 0. 0.]
 ...
 [0. 0. 0. ... 0. 0. 0.]
 [0. 0. 0. ... 0. 0. 0.]
 [0. 0. 0. ... 0. 0. 0.]]","[[0. 0. 0. ... 0. 0. 0.]
 [0. 0. 0. ... 0. 0. 0.]
 [0. 0. 0. ... 0. 0. 0.]
 ...
 [0. 0. 0. ... 0. 0. 0.]
 [0. 0. 0. ... 0. 0. 0.]
 [0. 0. 0. ... 0. 0. 0.]]"
0.4,0.05,6,10000.0,20,25.392994876156095,0.7209079184374793,0.5378478076468466,"[[[0.9884 1.0011 1.0026 ... 0.9985 0.9971 1.0023]
  [1.0079 1.0031 1.0127 ... 1.0103 1.0073 1.0034]
  [0.9921 0.9997 1.0102 ... 1.0123 0.997  0.9901]
  ...
  [1.0149 1.0074 1.0039 ... 0.9974 0.9957 1.0051]
  [0.9968 1.0195 1.0053 ... 0.9904 1.0046 1.0037]
  [1.0015 0.9911 1.0088 ... 1.0076 1.0021 0.9909]]

 [[0.9884 1.0011 1.0026 ... 0.9985 0.9971 1.0023]
  [1.0079 1.0031 1.0127 ... 1.0103 1.0073 1.0034]
  [0.9921 0.9997 1.0102 ... 1.0123 0.997  0.9901]
  ...
  [1.0149 1.0074 1.0039 ... 0.9974 0.9957 1.0051]
  [0.9968 1.0195 1.0053 ... 0.9904 1.0046 1.0037]
  [1.0015 0.9911 1.0088 ... 1.0076 1.0021 0.9909]]]","[[[0.01494288 0.         0.05894541 ... 0.04236187 0.         0.        ]
  [0.         0.01414008 0.         ... 0.         0.03097615 0.        ]
  [0.         0.         0.00207647 ... 0.05935387 0.         0.02414283]
  ...
  [0.         0.09762692 0.         ... 0.         0.         0.04287051]
  [0.05619696 0.         0.10305353 ... 0.02159001 0.         0.        ]
  [0.         0.06107018 0.         ... 0.         0.00232945 0.00895411]]

 [[0.         0.06879282 0.         ... 0.         0.04402191 0.01572725]
  [0.01732276 0.         0.05733384 ... 0.08004908 0.         0.03315938]
  [0.03789277 0.01002626 0.00257653 ... 0.         0.07292942 0.        ]
  ...
  [0.10351545 0.         0.15364103 ... 0.03981527 0.03333469 0.        ]
  [0.         0.11312802 0.         ... 0.         0.01060548 0.05487536]
  [0.06720753 0.         0.11661247 ... 0.06034089 0.00227178 0.        ]]]","[[0. 0. 0. ... 0. 0. 0.]
 [0. 0. 0. ... 0. 0. 0.]
 [0. 0. 0. ... 0. 0. 0.]
 ...
 [0. 0. 0. ... 0. 0. 0.]
 [0. 0. 0. ... 0. 0. 0.]
 [0. 0. 0. ... 0. 0. 0.]]","[[0. 0. 0. ... 0. 0. 0.]
 [0. 0. 0. ... 0. 0. 0.]
 [0. 0. 0. ... 0. 0. 0.]
 ...
 [0. 0. 0. ... 0. 0. 0.]
 [0. 0. 0. ... 0. 0. 0.]
 [0. 0. 0. ... 0. 0. 0.]]"
0.4,0.05,6,10000.0,30,18.25941942115998,0.6503521046384222,0.5316015861381514,"[[[0.9884 1.0011 1.0026 ... 0.9985 0.9971 1.0023]
  [1.0079 1.0031 1.0127 ... 1.0103 1.0073 1.0034]
  [0.9921 0.9997 1.0102 ... 1.0123 0.997  0.9901]
  ...
  [1.0149 1.0074 1.0039 ... 0.9974 0.9957 1.0051]
  [0.9968 1.0195 1.0053 ... 0.9904 1.0046 1.0037]
  [1.0015 0.9911 1.0088 ... 1.0076 1.0021 0.9909]]

 [[0.9884 1.0011 1.0026 ... 0.9985 0.9971 1.0023]
  [1.0079 1.0031 1.0127 ... 1.0103 1.0073 1.0034]
  [0.9921 0.9997 1.0102 ... 1.0123 0.997  0.9901]
  ...
  [1.0149 1.0074 1.0039 ... 0.9974 0.9957 1.0051]
  [0.9968 1.0195 1.0053 ... 0.9904 1.0046 1.0037]
  [1.0015 0.9911 1.0088 ... 1.0076 1.0021 0.9909]]]","[[[0.25773808 0.         0.32802438 ... 0.         0.13418791 0.        ]
  [0.         0.30580223 0.         ... 0.07386411 0.         0.2128214 ]
  [0.25953809 0.         0.31581796 ... 0.         0.15057338 0.        ]
  ...
  [0.         0.22941036 0.         ... 0.01221084 0.         0.13836708]
  [0.2190879  0.         0.29068656 ... 0.         0.10063596 0.        ]
  [0.         0.28577631 0.         ... 0.04563591 0.         0.18559203]]

 [[0.         0.36007263 0.         ... 0.08914294 0.         0.24913791]
  [0.31817538 0.         0.38721532 ... 0.         0.18479858 0.        ]
  [0.         0.35279844 0.         ... 0.11264331 0.         0.26159064]
  ...
  [0.2314262  0.         0.30782941 ... 0.         0.1102387  0.        ]
  [0.         0.31227589 0.         ... 0.05622707 0.         0.20628031]
  [0.29489521 0.         0.37311115 ... 0.         0.15553061 0.        ]]]","[[0. 0. 0. ... 0. 0. 0.]
 [0. 0. 0. ... 0. 0. 0.]
 [0. 0. 0. ... 0. 0. 0.]
 ...
 [0. 0. 0. ... 0. 0. 0.]
 [0. 0. 0. ... 0. 0. 0.]
 [0. 0. 0. ... 0. 0. 0.]]","[[0. 0. 0. ... 0. 0. 0.]
 [0. 0. 0. ... 0. 0. 0.]
 [0. 0. 0. ... 0. 0. 0.]
 ...
 [0. 0. 0. ... 0. 0. 0.]
 [0. 0. 0. ... 0. 0. 0.]
 [0. 0. 0. ... 0. 0. 0.]]"
0.4,0.05,6,100000.0,10,2.6965848772768424,0.5218411747127963,0.5359130649135054,"[[[0.99634 1.00036 1.00084 ... 0.99954 0.9991  1.00071]
  [1.00251 1.00098 1.00401 ... 1.00324 1.0023  0.99612]
  [0.9975  0.99989 1.00321 ... 1.00388 0.99905 0.99687]
  ...
  [1.0047  1.00233 1.00125 ... 0.99917 0.99864 1.00161]
  [0.999   1.00618 1.00168 ... 0.99697 0.99763 1.00116]
  [1.00046 0.99718 1.00279 ... 1.0024  1.00065 0.99712]]

 [[0.99634 1.00331 1.00546 ... 0.9995  0.99515 1.00071]
  [1.00212 0.9967  0.99803 ... 1.00114 0.99695 0.99612]
  [0.99934 1.00681 1.00434 ... 1.00388 0.99905 1.00418]
  ...
  [1.00668 1.0016  0.99543 ... 0.99917 0.99618 0.99838]
  [1.00439 1.00153 1.00327 ... 1.00167 1.00144 0.99923]
  [0.99808 0.99923 1.00062 ... 0.99865 0.99447 1.00383]]]","[[[0.         0.09582474 0.         ... 0.         0.04462118 0.        ]
  [0.01721291 0.         0.10517548 ... 0.12897698 0.         0.0203979 ]
  [0.         0.04477953 0.         ... 0.         0.10290699 0.        ]
  ...
  [0.12065101 0.         0.1770384  ... 0.         0.03306112 0.        ]
  [0.         0.13688941 0.         ... 0.         0.         0.04958615]
  [0.07086288 0.         0.1522548  ... 0.05849679 0.         0.        ]]

 [[0.07638076 0.         0.17012412 ... 0.13265852 0.         0.01496214]
  [0.         0.1030623  0.         ... 0.         0.11413398 0.        ]
  [0.01439724 0.         0.11477728 ... 0.19690093 0.         0.07431422]
  ...
  [0.         0.19613269 0.         ... 0.02160194 0.         0.11264924]
  [0.13132639 0.         0.21243407 ... 0.04746315 0.02663877 0.        ]
  [0.         0.15616448 0.         ... 0.         0.04291721 0.04488097]]]","[[0. 0. 0. ... 0. 0. 0.]
 [0. 0. 0. ... 0. 0. 0.]
 [0. 0. 0. ... 0. 0. 0.]
 ...
 [0. 0. 0. ... 0. 0. 0.]
 [0. 0. 0. ... 0. 0. 0.]
 [0. 0. 0. ... 0. 0. 0.]]","[[0. 0. 0. ... 0. 0. 0.]
 [0. 0. 0. ... 0. 0. 0.]
 [0. 0. 0. ... 0. 0. 0.]
 ...
 [0. 0. 0. ... 0. 0. 0.]
 [0. 0. 0. ... 0. 0. 0.]
 [0. 0. 0. ... 0. 0. 0.]]"
0.4,0.05,6,100000.0,20,23.987285104044645,0.7209079184374793,0.5479816807042475,"[[[0.99634 1.00036 1.00084 ... 0.99954 0.99909 1.00071]
  [1.00251 1.00098 1.00401 ... 1.00324 1.0023  0.99612]
  [0.9975  0.99989 1.00321 ... 1.00388 0.99905 0.99687]
  ...
  [1.0047  1.00233 1.00125 ... 0.99917 0.99864 1.00161]
  [0.999   1.00618 1.00168 ... 0.99697 0.99763 1.00116]
  [1.00046 0.99718 1.00279 ... 1.0024  1.00065 0.99712]]

 [[0.99634 1.00036 1.00084 ... 0.99954 0.99909 1.00071]
  [1.00251 1.00098 1.00401 ... 1.00324 1.0023  0.99612]
  [0.9975  0.99989 1.00321 ... 1.00388 0.99905 0.99687]
  ...
  [1.0047  1.00233 1.00125 ... 0.99917 0.99864 1.00161]
  [0.999   1.00618 1.00168 ... 0.99697 0.99763 1.00116]
  [1.00046 0.99718 1.00279 ... 1.0024  1.00065 0.99712]]]","[[[0.         0.         0.00089111 ... 0.02788222 0.         0.00882958]
  [0.02086752 0.         0.00294112 ... 0.         0.03576034 0.        ]
  [0.         0.03355432 0.         ... 0.05368079 0.         0.04583354]
  ...
  [0.         0.04597769 0.         ... 0.         0.         0.0291566 ]
  [0.02237589 0.         0.03756475 ... 0.         0.         0.        ]
  [0.         0.01227287 0.         ... 0.         0.00074279 0.        ]]

 [[0.02506848 0.01624064 0.00397236 ... 0.         0.0461728  0.        ]
  [0.         0.03837443 0.00168881 ... 0.07134212 0.         0.05762618]
  [0.07141773 0.         0.05274276 ... 0.         0.08202541 0.        ]
  ...
  [0.06837164 0.         0.08038098 ... 0.007347   0.04218727 0.        ]
  [0.         0.05881646 0.         ... 0.00730091 0.00711287 0.03829603]
  [0.02920666 0.         0.04845236 ... 0.0396926  0.00412983 0.01330522]]]","[[0. 0. 0. ... 0. 0. 0.]
 [0. 0. 0. ... 0. 0. 0.]
 [0. 0. 0. ... 0. 0. 0.]
 ...
 [0. 0. 0. ... 0. 0. 0.]
 [0. 0. 0. ... 0. 0. 0.]
 [0. 0. 0. ... 0. 0. 0.]]","[[0. 0. 0. ... 0. 0. 0.]
 [0. 0. 0. ... 0. 0. 0.]
 [0. 0. 0. ... 0. 0. 0.]
 ...
 [0. 0. 0. ... 0. 0. 0.]
 [0. 0. 0. ... 0. 0. 0.]
 [0. 0. 0. ... 0. 0. 0.]]"
0.4,0.05,6,100000.0,30,16.438051766251842,0.6503521046384222,0.54344688901505,"[[[0.99634 1.00036 1.00084 ... 0.99954 0.99909 1.00071]
  [1.00251 1.00098 1.00401 ... 1.00324 1.0023  0.99612]
  [0.9975  0.99989 1.00321 ... 1.00388 0.99905 0.99687]
  ...
  [1.0047  1.00233 1.00125 ... 0.99917 0.99864 1.00161]
  [0.999   1.00618 1.00168 ... 0.99697 0.99763 1.00116]
  [1.00046 0.99718 1.00279 ... 1.0024  1.00065 0.99712]]

 [[0.99634 1.00036 1.00084 ... 0.99954 0.9991  1.00071]
  [1.00251 1.00098 1.00401 ... 1.00324 1.0023  0.99612]
  [0.9975  0.99989 1.00321 ... 1.00388 0.99905 0.99687]
  ...
  [1.0047  1.00233 1.00125 ... 0.99917 0.99864 1.00161]
  [0.999   1.00618 1.00168 ... 0.99697 0.99763 1.00116]
  [1.00046 0.99718 1.00279 ... 1.0024  1.00065 0.99712]]]","[[[0.15429304 0.         0.20121078 ... 0.         0.06915973 0.        ]
  [0.         0.18740523 0.         ... 0.03505971 0.         0.12632285]
  [0.16397026 0.         0.19206489 ... 0.         0.09521708 0.        ]
  ...
  [0.         0.13678604 0.         ... 0.         0.         0.06549949]
  [0.12468874 0.         0.17953429 ... 0.         0.03675085 0.        ]
  [0.         0.17285927 0.         ... 0.00235789 0.         0.10080195]]

 [[0.         0.22879766 0.         ... 0.04380067 0.         0.15272933]
  [0.20419557 0.         0.24604439 ... 0.         0.11631445 0.        ]
  [0.         0.22926283 0.         ... 0.07963773 0.         0.17382013]
  ...
  [0.1395919  0.         0.2015161  ... 0.03291336 0.04720452 0.        ]
  [0.         0.19807286 0.         ... 0.00975327 0.         0.11714817]
  [0.18196974 0.         0.23906742 ... 0.00196998 0.08319912 0.        ]]]","[[0. 0. 0. ... 0. 0. 0.]
 [0. 0. 0. ... 0. 0. 0.]
 [0. 0. 0. ... 0. 0. 0.]
 ...
 [0. 0. 0. ... 0. 0. 0.]
 [0. 0. 0. ... 0. 0. 0.]
 [0. 0. 0. ... 0. 0. 0.]]","[[0. 0. 0. ... 0. 0. 0.]
 [0. 0. 0. ... 0. 0. 0.]
 [0. 0. 0. ... 0. 0. 0.]
 ...
 [0. 0. 0. ... 0. 0. 0.]
 [0. 0. 0. ... 0. 0. 0.]
 [0. 0. 0. ... 0. 0. 0.]]"
0.6,0.01,2,1000.0,10,55.285039241881904,0.3110528587555615,0.48301855378156916,"[[[0.963 1.004 1.008 ... 0.995 0.991 1.007]
  [1.025 1.01  1.04  ... 1.033 1.023 0.961]
  [0.975 0.999 1.032 ... 1.039 0.99  0.968]
  ...
  [1.047 1.023 1.012 ... 0.992 0.986 1.016]
  [0.99  1.062 1.017 ... 0.97  1.014 1.012]
  [1.005 0.972 1.028 ... 1.024 1.007 0.971]]

 [[0.963 1.004 1.008 ... 0.995 0.991 1.007]
  [1.025 1.01  1.04  ... 1.033 1.023 0.961]
  [0.975 0.999 1.032 ... 1.039 0.99  0.968]
  ...
  [1.047 1.023 1.012 ... 0.992 0.986 1.016]
  [0.99  1.062 1.017 ... 0.97  1.014 1.012]
  [1.005 0.972 1.028 ... 1.024 1.007 0.971]]]","[[[0.21832038 0.         0.3934265  ... 0.08336003 0.00982373 0.        ]
  [0.         0.33682161 0.         ... 0.         0.         0.14580719]
  [0.26028301 0.         0.39547213 ... 0.00082419 0.08540272 0.        ]
  ...
  [0.         0.23035245 0.         ... 0.         0.10485627 0.00654175]
  [0.15431259 0.         0.35163903 ... 0.17368002 0.         0.        ]
  [0.         0.28883064 0.         ... 0.         0.02605822 0.0764727 ]]

 [[0.         0.36538631 0.         ... 0.         0.         0.13992058]
  [0.28213075 0.         0.44840308 ... 0.04518618 0.06330108 0.        ]
  [0.         0.38890432 0.         ... 0.00091181 0.         0.21362022]
  ...
  [0.13706518 0.         0.36408867 ... 0.25250497 0.         0.        ]
  [0.         0.29106164 0.         ... 0.         0.08208474 0.0536669 ]
  [0.22308835 0.         0.42475299 ... 0.15196778 0.         0.        ]]]","[[0. 0. 0. ... 0. 0. 0.]
 [0. 0. 0. ... 0. 0. 0.]
 [0. 0. 0. ... 0. 0. 0.]
 ...
 [0. 0. 0. ... 0. 0. 0.]
 [0. 0. 0. ... 0. 0. 0.]
 [0. 0. 0. ... 0. 0. 0.]]","[[0. 0. 0. ... 0. 0. 0.]
 [0. 0. 0. ... 0. 0. 0.]
 [0. 0. 0. ... 0. 0. 0.]
 ...
 [0. 0. 0. ... 0. 0. 0.]
 [0. 0. 0. ... 0. 0. 0.]
 [0. 0. 0. ... 0. 0. 0.]]"
0.6,0.01,2,1000.0,20,10.17201268488255,0.5413443787768112,0.4862787598987353,"[[[0.963 1.004 1.008 ... 0.995 0.991 1.007]
  [1.025 1.01  1.04  ... 1.033 1.023 0.961]
  [0.975 0.999 1.032 ... 1.039 0.99  0.968]
  ...
  [1.047 1.023 1.012 ... 0.992 0.986 1.016]
  [0.99  1.062 1.017 ... 0.97  1.014 1.012]
  [1.005 0.972 1.028 ... 1.024 1.007 0.971]]

 [[0.963 1.004 1.008 ... 0.995 0.991 1.007]
  [1.025 1.01  1.04  ... 1.033 1.023 0.961]
  [0.975 0.999 1.032 ... 1.039 0.99  0.968]
  ...
  [1.047 1.023 1.012 ... 0.992 0.986 1.016]
  [0.99  1.062 1.017 ... 0.97  1.014 1.012]
  [1.005 0.972 1.028 ... 1.024 1.007 0.971]]]","[[[2.69470619e-01 0.00000000e+00 4.42629027e-01 ... 1.47869116e-02
   7.28100453e-02 0.00000000e+00]
  [0.00000000e+00 3.91250285e-01 0.00000000e+00 ... 9.69599241e-03
   0.00000000e+00 1.96035564e-01]
  [3.06536413e-01 0.00000000e+00 4.59714696e-01 ... 0.00000000e+00
   1.18771258e-01 0.00000000e+00]
  ...
  [0.00000000e+00 2.17453562e-01 0.00000000e+00 ... 0.00000000e+00
   3.88100978e-02 4.27954927e-02]
  [1.84757696e-01 0.00000000e+00 3.56513043e-01 ... 8.00030698e-02
   3.88224767e-04 0.00000000e+00]
  [0.00000000e+00 3.24098139e-01 0.00000000e+00 ... 0.00000000e+00
   0.00000000e+00 1.33471248e-01]]

 [[0.00000000e+00 4.19419250e-01 0.00000000e+00 ... 0.00000000e+00
   0.00000000e+00 2.03107889e-01]
  [3.39503100e-01 0.00000000e+00 5.15587419e-01 ... 0.00000000e+00
   1.18959383e-01 0.00000000e+00]
  [0.00000000e+00 4.49588947e-01 0.00000000e+00 ... 3.05488177e-02
   0.00000000e+00 2.57829498e-01]
  ...
  [1.47282367e-01 0.00000000e+00 3.32972435e-01 ... 1.46152794e-01
   0.00000000e+00 0.00000000e+00]
  [0.00000000e+00 3.07569183e-01 0.00000000e+00 ... 0.00000000e+00
   1.32357420e-03 1.10004420e-01]
  [2.72742671e-01 0.00000000e+00 4.59163498e-01 ... 5.79752908e-02
   5.20310323e-02 0.00000000e+00]]]","[[0. 0. 0. ... 0. 0. 0.]
 [0. 0. 0. ... 0. 0. 0.]
 [0. 0. 0. ... 0. 0. 0.]
 ...
 [0. 0. 0. ... 0. 0. 0.]
 [0. 0. 0. ... 0. 0. 0.]
 [0. 0. 0. ... 0. 0. 0.]]","[[0. 0. 0. ... 0. 0. 0.]
 [0. 0. 0. ... 0. 0. 0.]
 [0. 0. 0. ... 0. 0. 0.]
 ...
 [0. 0. 0. ... 0. 0. 0.]
 [0. 0. 0. ... 0. 0. 0.]
 [0. 0. 0. ... 0. 0. 0.]]"
0.6,0.01,2,1000.0,30,4.713203555968514,0.4684799787502491,0.4905603937677064,"[[[0.963 1.004 1.008 ... 0.995 0.991 1.007]
  [1.025 1.01  1.04  ... 1.033 1.023 0.961]
  [0.975 0.999 1.032 ... 1.039 0.99  0.968]
  ...
  [1.047 1.023 1.012 ... 0.992 0.986 1.016]
  [0.99  1.062 1.017 ... 0.97  1.014 1.012]
  [1.005 0.972 1.028 ... 1.024 1.007 0.971]]

 [[0.963 1.004 1.008 ... 0.995 0.991 1.007]
  [1.025 1.01  1.04  ... 1.033 1.023 0.961]
  [0.975 0.999 1.032 ... 1.039 0.99  0.968]
  ...
  [1.047 1.023 1.012 ... 0.992 0.986 1.016]
  [0.99  1.062 1.017 ... 0.97  1.014 1.012]
  [1.005 0.972 1.028 ... 1.024 1.007 0.971]]]","[[[0.18623444 0.         0.32475066 ... 0.04254339 0.02798547 0.        ]
  [0.         0.27716606 0.         ... 0.         0.         0.12804912]
  [0.21227732 0.         0.31998194 ... 0.         0.08218528 0.        ]
  ...
  [0.         0.19807154 0.         ... 0.         0.04819549 0.03401128]
  [0.14179724 0.         0.29072719 ... 0.10366398 0.         0.        ]
  [0.         0.24234528 0.         ... 0.         0.         0.08093256]]

 [[0.         0.30488734 0.         ... 0.         0.         0.1309108 ]
  [0.23584107 0.         0.36704972 ... 0.0128044  0.06951031 0.        ]
  [0.         0.31529584 0.         ... 0.02121056 0.         0.18322291]
  ...
  [0.13249395 0.         0.29961712 ... 0.15889186 0.         0.        ]
  [0.         0.24642138 0.         ... 0.         0.03151565 0.07121869]
  [0.19711537 0.         0.3513844  ... 0.08939481 0.00694724 0.        ]]]","[[0. 0. 0. ... 0. 0. 0.]
 [0. 0. 0. ... 0. 0. 0.]
 [0. 0. 0. ... 0. 0. 0.]
 ...
 [0. 0. 0. ... 0. 0. 0.]
 [0. 0. 0. ... 0. 0. 0.]
 [0. 0. 0. ... 0. 0. 0.]]","[[0. 0. 0. ... 0. 0. 0.]
 [0. 0. 0. ... 0. 0. 0.]
 [0. 0. 0. ... 0. 0. 0.]
 ...
 [0. 0. 0. ... 0. 0. 0.]
 [0. 0. 0. ... 0. 0. 0.]
 [0. 0. 0. ... 0. 0. 0.]]"
0.6,0.01,2,10000.0,10,56.43632333746737,0.3110528587555615,0.48659965587328585,"[[[0.9884 1.0011 1.0026 ... 0.9985 0.9971 1.0023]
  [1.0079 1.0031 1.0127 ... 1.0103 1.0073 1.0034]
  [0.9921 0.9997 1.0102 ... 1.0123 0.997  0.9901]
  ...
  [1.0149 1.0074 1.0039 ... 0.9974 0.9957 1.0051]
  [0.9968 1.0195 1.0053 ... 0.9904 1.0046 1.0037]
  [1.0015 0.9911 1.0088 ... 1.0076 1.0021 0.9909]]

 [[0.9884 1.0011 1.0026 ... 0.9985 0.9971 1.0023]
  [1.0079 1.0031 1.0127 ... 1.0103 1.0073 1.0034]
  [0.9921 0.9997 1.0102 ... 1.0123 0.997  0.9901]
  ...
  [1.0149 1.0074 1.0039 ... 0.9974 0.9957 1.0051]
  [0.9968 1.0195 1.0053 ... 0.9904 1.0046 1.0037]
  [1.0015 0.9911 1.0088 ... 1.0076 1.0021 0.9909]]]","[[[0.10291471 0.         0.16110821 ... 0.         0.03263744 0.        ]
  [0.         0.145395   0.         ... 0.01820479 0.         0.08358211]
  [0.11769421 0.         0.16683343 ... 0.         0.0566305  0.        ]
  ...
  [0.         0.08478412 0.         ... 0.         0.02046381 0.00962552]
  [0.06822754 0.         0.13315337 ... 0.03339913 0.         0.        ]
  [0.         0.1206841  0.         ... 0.         0.         0.05009924]]

 [[0.         0.16546899 0.         ... 0.01287127 0.         0.09032829]
  [0.1408508  0.         0.1976294  ... 0.         0.06619948 0.        ]
  [0.         0.17556636 0.         ... 0.04191771 0.         0.11427672]
  ...
  [0.06455949 0.         0.13999301 ... 0.07737033 0.         0.        ]
  [0.         0.12584035 0.         ... 0.         0.01080309 0.04667997]
  [0.1117829  0.         0.17820769 ... 0.02490655 0.02811543 0.        ]]]","[[0. 0. 0. ... 0. 0. 0.]
 [0. 0. 0. ... 0. 0. 0.]
 [0. 0. 0. ... 0. 0. 0.]
 ...
 [0. 0. 0. ... 0. 0. 0.]
 [0. 0. 0. ... 0. 0. 0.]
 [0. 0. 0. ... 0. 0. 0.]]","[[0. 0. 0. ... 0. 0. 0.]
 [0. 0. 0. ... 0. 0. 0.]
 [0. 0. 0. ... 0. 0. 0.]
 ...
 [0. 0. 0. ... 0. 0. 0.]
 [0. 0. 0. ... 0. 0. 0.]
 [0. 0. 0. ... 0. 0. 0.]]"
0.6,0.01,2,10000.0,20,9.746609351676323,0.5413443787768112,0.4885816569301764,"[[[0.9884 1.0011 1.0026 ... 0.9985 0.9971 1.0023]
  [1.0079 1.0031 1.0127 ... 1.0103 1.0073 1.0034]
  [0.9921 0.9997 1.0102 ... 1.0123 0.997  0.9901]
  ...
  [1.0149 1.0074 1.0039 ... 0.9974 0.9957 1.0051]
  [0.9968 1.0195 1.0053 ... 0.9904 1.0046 1.0037]
  [1.0015 0.9911 1.0088 ... 1.0076 1.0021 0.9909]]

 [[0.9884 1.0011 1.0026 ... 0.9985 0.9971 1.0023]
  [1.0079 1.0031 1.0127 ... 1.0103 1.0073 1.0034]
  [0.9921 0.9997 1.0102 ... 1.0123 0.997  0.9901]
  ...
  [1.0149 1.0074 1.0039 ... 0.9974 0.9957 1.0051]
  [0.9968 1.0195 1.0053 ... 0.9904 1.0046 1.0037]
  [1.0015 0.9911 1.0088 ... 1.0076 1.0021 0.9909]]]","[[[0.10201262 0.         0.18971182 ... 0.03043101 0.00494001 0.        ]
  [0.         0.15245868 0.         ... 0.         0.         0.05609193]
  [0.09745993 0.         0.18646429 ... 0.03638982 0.00037696 0.        ]
  ...
  [0.         0.10302281 0.         ... 0.         0.00114064 0.02884325]
  [0.08288025 0.         0.15873545 ... 0.03353795 0.         0.        ]
  [0.         0.13877431 0.         ... 0.         0.         0.04824058]]

 [[0.         0.1806709  0.         ... 0.         0.         0.07394902]
  [0.1290178  0.         0.22587753 ... 0.04633614 0.01802076 0.        ]
  [0.         0.17499169 0.         ... 0.         0.00216305 0.07082412]
  ...
  [0.08544943 0.         0.16067518 ... 0.05681595 0.00128213 0.        ]
  [0.         0.14798866 0.         ... 0.         0.00529486 0.05766558]
  [0.12060422 0.         0.21049305 ... 0.04731883 0.01569352 0.        ]]]","[[0. 0. 0. ... 0. 0. 0.]
 [0. 0. 0. ... 0. 0. 0.]
 [0. 0. 0. ... 0. 0. 0.]
 ...
 [0. 0. 0. ... 0. 0. 0.]
 [0. 0. 0. ... 0. 0. 0.]
 [0. 0. 0. ... 0. 0. 0.]]","[[0. 0. 0. ... 0. 0. 0.]
 [0. 0. 0. ... 0. 0. 0.]
 [0. 0. 0. ... 0. 0. 0.]
 ...
 [0. 0. 0. ... 0. 0. 0.]
 [0. 0. 0. ... 0. 0. 0.]
 [0. 0. 0. ... 0. 0. 0.]]"
0.6,0.01,2,10000.0,30,4.418418292192475,0.4684799787502491,0.4891793838266095,"[[[0.9884 1.0011 1.0026 ... 0.9985 0.9971 1.0023]
  [1.0079 1.0031 1.0127 ... 1.0103 1.0073 1.0034]
  [0.9921 0.9997 1.0102 ... 1.0123 0.997  0.9901]
  ...
  [1.0149 1.0074 1.0039 ... 0.9974 0.9957 1.0051]
  [0.9968 1.0195 1.0053 ... 0.9904 1.0046 1.0037]
  [1.0015 0.9911 1.0088 ... 1.0076 1.0021 0.9909]]

 [[0.9884 1.0011 1.0026 ... 0.9985 0.9971 1.0023]
  [1.0079 1.0031 1.0127 ... 1.0103 1.0073 1.0034]
  [0.9921 0.9997 1.0102 ... 1.0123 0.997  0.9901]
  ...
  [1.0149 1.0074 1.0039 ... 0.9974 0.9957 1.0051]
  [0.9968 1.0195 1.0053 ... 0.9904 1.0046 1.0037]
  [1.0015 0.9911 1.0088 ... 1.0076 1.0021 0.9909]]]","[[[0.13836252 0.         0.19226958 ... 0.         0.06037429 0.        ]
  [0.         0.17391768 0.         ... 0.03362711 0.         0.11357938]
  [0.14551981 0.         0.18376059 ... 0.         0.08207841 0.        ]
  ...
  [0.         0.12689294 0.         ... 0.         0.         0.05378066]
  [0.1119003  0.         0.17324272 ... 0.0033555  0.0305101  0.        ]
  [0.         0.16016682 0.         ... 0.00331338 0.         0.08827408]]

 [[0.         0.20358296 0.         ... 0.03256616 0.         0.12757243]
  [0.1752041  0.         0.22435298 ... 0.         0.09387618 0.        ]
  [0.         0.20157935 0.         ... 0.06111196 0.         0.14627186]
  ...
  [0.11362526 0.         0.18337584 ... 0.03684541 0.02594913 0.        ]
  [0.         0.17322277 0.         ... 0.         0.         0.09373057]
  [0.15651901 0.         0.21935126 ... 0.         0.06435237 0.        ]]]","[[0. 0. 0. ... 0. 0. 0.]
 [0. 0. 0. ... 0. 0. 0.]
 [0. 0. 0. ... 0. 0. 0.]
 ...
 [0. 0. 0. ... 0. 0. 0.]
 [0. 0. 0. ... 0. 0. 0.]
 [0. 0. 0. ... 0. 0. 0.]]","[[0. 0. 0. ... 0. 0. 0.]
 [0. 0. 0. ... 0. 0. 0.]
 [0. 0. 0. ... 0. 0. 0.]
 ...
 [0. 0. 0. ... 0. 0. 0.]
 [0. 0. 0. ... 0. 0. 0.]
 [0. 0. 0. ... 0. 0. 0.]]"
0.6,0.01,2,100000.0,10,57.071785016791665,0.3110528587555615,0.48857627759312017,"[[[0.99634 1.00036 1.00084 ... 0.99954 0.9991  1.00071]
  [1.00251 1.00098 1.00401 ... 1.00324 1.0023  0.99612]
  [0.9975  0.99989 1.00321 ... 1.00388 0.99905 0.99687]
  ...
  [1.0047  1.00233 1.00125 ... 0.99918 0.99864 1.00161]
  [0.999   1.00618 1.00168 ... 0.99697 0.99763 1.00116]
  [1.00046 0.99718 1.00279 ... 1.0024  1.00065 0.99712]]

 [[0.99634 1.00036 1.00084 ... 0.99954 0.99909 1.00071]
  [1.00251 1.00098 1.00401 ... 1.00324 1.0023  0.99612]
  [0.9975  0.99989 1.00321 ... 1.00388 0.99905 0.99687]
  ...
  [1.0047  1.00233 1.00125 ... 0.99917 0.99864 1.00161]
  [0.999   1.00618 1.00327 ... 0.99697 0.99763 1.00116]
  [1.00046 0.99718 1.00279 ... 1.0024  1.00065 0.99712]]]","[[[0.02296389 0.         0.03966323 ... 0.         0.00527018 0.        ]
  [0.         0.05233467 0.         ... 0.01371807 0.         0.029818  ]
  [0.05539875 0.         0.07662938 ... 0.         0.03059687 0.        ]
  ...
  [0.0271441  0.         0.01009966 ... 0.         0.04046849 0.        ]
  [0.         0.         0.         ... 0.02471899 0.         0.01601412]
  [0.         0.0116731  0.         ... 0.         0.00286052 0.        ]]

 [[0.         0.05053094 0.         ... 0.01395536 0.         0.02889862]
  [0.05975035 0.         0.07971454 ... 0.         0.03615659 0.        ]
  [0.         0.08956933 0.         ... 0.03685154 0.         0.06210779]
  ...
  [0.         0.03338285 0.         ... 0.06190041 0.         0.05209717]
  [0.02233839 0.00300484 0.0032517  ... 0.         0.03889695 0.        ]
  [0.01737489 0.         0.03474929 ... 0.02063328 0.         0.00933491]]]","[[0. 0. 0. ... 0. 0. 0.]
 [0. 0. 0. ... 0. 0. 0.]
 [0. 0. 0. ... 0. 0. 0.]
 ...
 [0. 0. 0. ... 0. 0. 0.]
 [0. 0. 0. ... 0. 0. 0.]
 [0. 0. 0. ... 0. 0. 0.]]","[[0. 0. 0. ... 0. 0. 0.]
 [0. 0. 0. ... 0. 0. 0.]
 [0. 0. 0. ... 0. 0. 0.]
 ...
 [0. 0. 0. ... 0. 0. 0.]
 [0. 0. 0. ... 0. 0. 0.]
 [0. 0. 0. ... 0. 0. 0.]]"
0.6,0.01,2,100000.0,20,8.941241510774939,0.5413443787768112,0.49294147046537223,"[[[0.99634 1.00036 1.00084 ... 0.99954 0.99909 1.00071]
  [1.00251 1.00098 1.00401 ... 1.00324 1.0023  0.99612]
  [0.9975  0.99989 1.00321 ... 1.00388 0.99905 0.99687]
  ...
  [1.0047  1.00233 1.00125 ... 0.99917 0.99864 1.00161]
  [0.999   1.00618 1.00168 ... 0.99697 0.99763 1.00116]
  [1.00046 0.99718 1.00279 ... 1.0024  1.00065 0.99712]]

 [[0.99634 1.00036 1.00084 ... 0.99954 0.99909 1.00071]
  [1.00251 1.00098 1.00401 ... 1.00324 1.0023  0.99612]
  [0.9975  0.99989 1.00321 ... 1.00388 0.99905 0.99687]
  ...
  [1.0047  1.00233 1.00125 ... 0.99917 0.99864 1.00161]
  [0.999   1.00618 1.00168 ... 0.99697 0.99763 1.00116]
  [1.00046 0.99718 1.00279 ... 1.0024  1.00065 0.99712]]]","[[[0.07827578 0.         0.13415602 ... 0.00178618 0.01630081 0.        ]
  [0.         0.110175   0.         ... 0.         0.         0.04322158]
  [0.0704388  0.         0.13403647 ... 0.02044269 0.00121564 0.        ]
  ...
  [0.         0.06663115 0.         ... 0.         0.         0.02885572]
  [0.06303968 0.         0.10528411 ... 0.         0.01515962 0.        ]
  [0.         0.09995721 0.         ... 0.         0.         0.04525706]]

 [[0.         0.13484459 0.         ... 0.00063285 0.         0.06610399]
  [0.09976774 0.         0.16653998 ... 0.02358102 0.02506136 0.        ]
  [0.         0.13034987 0.         ... 0.         0.0012753  0.05377307]
  ...
  [0.06648551 0.         0.10476309 ... 0.01075576 0.02438691 0.        ]
  [0.         0.10836088 0.         ... 0.00755376 0.         0.05696861]
  [0.09588834 0.         0.15043911 ... 0.00994698 0.03348404 0.        ]]]","[[0. 0. 0. ... 0. 0. 0.]
 [0. 0. 0. ... 0. 0. 0.]
 [0. 0. 0. ... 0. 0. 0.]
 ...
 [0. 0. 0. ... 0. 0. 0.]
 [0. 0. 0. ... 0. 0. 0.]
 [0. 0. 0. ... 0. 0. 0.]]","[[0. 0. 0. ... 0. 0. 0.]
 [0. 0. 0. ... 0. 0. 0.]
 [0. 0. 0. ... 0. 0. 0.]
 ...
 [0. 0. 0. ... 0. 0. 0.]
 [0. 0. 0. ... 0. 0. 0.]
 [0. 0. 0. ... 0. 0. 0.]]"
0.6,0.01,2,100000.0,30,5.796589169526116,0.4684799787502491,0.4956358384598843,"[[[0.99634 1.00036 1.00084 ... 0.99954 0.9991  1.00071]
  [1.00251 1.00098 1.00401 ... 1.00324 1.0023  0.99612]
  [0.9975  0.99989 1.00321 ... 1.00388 0.99905 0.99687]
  ...
  [1.0047  1.00233 1.00125 ... 0.99917 0.99864 1.00161]
  [0.999   1.00618 1.00168 ... 0.99697 0.99763 1.00116]
  [1.00046 0.99718 1.00279 ... 1.0024  1.00065 0.99712]]

 [[0.99634 1.00036 1.00084 ... 0.99954 0.99909 1.00071]
  [1.00251 1.00098 1.00401 ... 1.00324 1.0023  0.99612]
  [0.9975  0.99989 1.00321 ... 1.00388 0.99905 0.99687]
  ...
  [1.0047  1.00233 1.00125 ... 0.99917 0.99864 1.00161]
  [0.999   1.00618 1.00327 ... 0.99697 0.99763 1.00116]
  [1.00046 0.99718 1.00279 ... 1.0024  1.00065 0.99712]]]","[[[0.04251433 0.         0.05321264 ... 0.         0.02076225 0.        ]
  [0.         0.05404656 0.         ... 0.01999475 0.         0.04112539]
  [0.05496058 0.         0.05445473 ... 0.         0.04220543 0.        ]
  ...
  [0.         0.03409663 0.         ... 0.         0.         0.00748846]
  [0.02917023 0.         0.05002364 ... 0.00209037 0.00141397 0.        ]
  [0.         0.0454641  0.         ... 0.         0.         0.02418108]]

 [[0.         0.06947005 0.         ... 0.02212981 0.         0.05017329]
  [0.06820073 0.         0.07343116 ... 0.         0.04816413 0.        ]
  [0.         0.07710156 0.         ... 0.04867707 0.         0.07024445]
  ...
  [0.03657316 0.         0.06264623 ... 0.02575582 0.00554462 0.        ]
  [0.         0.05789687 0.         ... 0.00027881 0.00103957 0.03117236]
  [0.05421516 0.         0.07126136 ... 0.00521537 0.02571651 0.        ]]]","[[0. 0. 0. ... 0. 0. 0.]
 [0. 0. 0. ... 0. 0. 0.]
 [0. 0. 0. ... 0. 0. 0.]
 ...
 [0. 0. 0. ... 0. 0. 0.]
 [0. 0. 0. ... 0. 0. 0.]
 [0. 0. 0. ... 0. 0. 0.]]","[[0. 0. 0. ... 0. 0. 0.]
 [0. 0. 0. ... 0. 0. 0.]
 [0. 0. 0. ... 0. 0. 0.]
 ...
 [0. 0. 0. ... 0. 0. 0.]
 [0. 0. 0. ... 0. 0. 0.]
 [0. 0. 0. ... 0. 0. 0.]]"
0.6,0.01,4,1000.0,10,55.285039241881904,0.3110528587555615,0.48301855378156916,"[[[0.963 1.004 1.008 ... 0.995 0.991 1.007]
  [1.025 1.01  1.04  ... 1.033 1.023 0.961]
  [0.975 0.999 1.032 ... 1.039 0.99  0.968]
  ...
  [1.047 1.023 1.012 ... 0.992 0.986 1.016]
  [0.99  1.062 1.017 ... 0.97  1.014 1.012]
  [1.005 0.972 1.028 ... 1.024 1.007 0.971]]

 [[0.963 1.004 1.008 ... 0.995 0.991 1.007]
  [1.025 1.01  1.04  ... 1.033 1.023 0.961]
  [0.975 0.999 1.032 ... 1.039 0.99  0.968]
  ...
  [1.047 1.023 1.012 ... 0.992 0.986 1.016]
  [0.99  1.062 1.017 ... 0.97  1.014 1.012]
  [1.005 0.972 1.028 ... 1.024 1.007 0.971]]]","[[[0.21832038 0.         0.3934265  ... 0.08336003 0.00982373 0.        ]
  [0.         0.33682161 0.         ... 0.         0.         0.14580719]
  [0.26028301 0.         0.39547213 ... 0.00082419 0.08540272 0.        ]
  ...
  [0.         0.23035245 0.         ... 0.         0.10485627 0.00654175]
  [0.15431259 0.         0.35163903 ... 0.17368002 0.         0.        ]
  [0.         0.28883064 0.         ... 0.         0.02605822 0.0764727 ]]

 [[0.         0.36538631 0.         ... 0.         0.         0.13992058]
  [0.28213075 0.         0.44840308 ... 0.04518618 0.06330108 0.        ]
  [0.         0.38890432 0.         ... 0.00091181 0.         0.21362022]
  ...
  [0.13706518 0.         0.36408867 ... 0.25250497 0.         0.        ]
  [0.         0.29106164 0.         ... 0.         0.08208474 0.0536669 ]
  [0.22308835 0.         0.42475299 ... 0.15196778 0.         0.        ]]]","[[0. 0. 0. ... 0. 0. 0.]
 [0. 0. 0. ... 0. 0. 0.]
 [0. 0. 0. ... 0. 0. 0.]
 ...
 [0. 0. 0. ... 0. 0. 0.]
 [0. 0. 0. ... 0. 0. 0.]
 [0. 0. 0. ... 0. 0. 0.]]","[[0. 0. 0. ... 0. 0. 0.]
 [0. 0. 0. ... 0. 0. 0.]
 [0. 0. 0. ... 0. 0. 0.]
 ...
 [0. 0. 0. ... 0. 0. 0.]
 [0. 0. 0. ... 0. 0. 0.]
 [0. 0. 0. ... 0. 0. 0.]]"
0.6,0.01,4,1000.0,20,10.17201268488255,0.5413443787768112,0.4862787598987353,"[[[0.963 1.004 1.008 ... 0.995 0.991 1.007]
  [1.025 1.01  1.04  ... 1.033 1.023 0.961]
  [0.975 0.999 1.032 ... 1.039 0.99  0.968]
  ...
  [1.047 1.023 1.012 ... 0.992 0.986 1.016]
  [0.99  1.062 1.017 ... 0.97  1.014 1.012]
  [1.005 0.972 1.028 ... 1.024 1.007 0.971]]

 [[0.963 1.004 1.008 ... 0.995 0.991 1.007]
  [1.025 1.01  1.04  ... 1.033 1.023 0.961]
  [0.975 0.999 1.032 ... 1.039 0.99  0.968]
  ...
  [1.047 1.023 1.012 ... 0.992 0.986 1.016]
  [0.99  1.062 1.017 ... 0.97  1.014 1.012]
  [1.005 0.972 1.028 ... 1.024 1.007 0.971]]]","[[[2.69470619e-01 0.00000000e+00 4.42629027e-01 ... 1.47869116e-02
   7.28100453e-02 0.00000000e+00]
  [0.00000000e+00 3.91250285e-01 0.00000000e+00 ... 9.69599241e-03
   0.00000000e+00 1.96035564e-01]
  [3.06536413e-01 0.00000000e+00 4.59714696e-01 ... 0.00000000e+00
   1.18771258e-01 0.00000000e+00]
  ...
  [0.00000000e+00 2.17453562e-01 0.00000000e+00 ... 0.00000000e+00
   3.88100978e-02 4.27954927e-02]
  [1.84757696e-01 0.00000000e+00 3.56513043e-01 ... 8.00030698e-02
   3.88224767e-04 0.00000000e+00]
  [0.00000000e+00 3.24098139e-01 0.00000000e+00 ... 0.00000000e+00
   0.00000000e+00 1.33471248e-01]]

 [[0.00000000e+00 4.19419250e-01 0.00000000e+00 ... 0.00000000e+00
   0.00000000e+00 2.03107889e-01]
  [3.39503100e-01 0.00000000e+00 5.15587419e-01 ... 0.00000000e+00
   1.18959383e-01 0.00000000e+00]
  [0.00000000e+00 4.49588947e-01 0.00000000e+00 ... 3.05488177e-02
   0.00000000e+00 2.57829498e-01]
  ...
  [1.47282367e-01 0.00000000e+00 3.32972435e-01 ... 1.46152794e-01
   0.00000000e+00 0.00000000e+00]
  [0.00000000e+00 3.07569183e-01 0.00000000e+00 ... 0.00000000e+00
   1.32357420e-03 1.10004420e-01]
  [2.72742671e-01 0.00000000e+00 4.59163498e-01 ... 5.79752908e-02
   5.20310323e-02 0.00000000e+00]]]","[[0. 0. 0. ... 0. 0. 0.]
 [0. 0. 0. ... 0. 0. 0.]
 [0. 0. 0. ... 0. 0. 0.]
 ...
 [0. 0. 0. ... 0. 0. 0.]
 [0. 0. 0. ... 0. 0. 0.]
 [0. 0. 0. ... 0. 0. 0.]]","[[0. 0. 0. ... 0. 0. 0.]
 [0. 0. 0. ... 0. 0. 0.]
 [0. 0. 0. ... 0. 0. 0.]
 ...
 [0. 0. 0. ... 0. 0. 0.]
 [0. 0. 0. ... 0. 0. 0.]
 [0. 0. 0. ... 0. 0. 0.]]"
0.6,0.01,4,1000.0,30,4.713203555968514,0.4684799787502491,0.4905603937677064,"[[[0.963 1.004 1.008 ... 0.995 0.991 1.007]
  [1.025 1.01  1.04  ... 1.033 1.023 0.961]
  [0.975 0.999 1.032 ... 1.039 0.99  0.968]
  ...
  [1.047 1.023 1.012 ... 0.992 0.986 1.016]
  [0.99  1.062 1.017 ... 0.97  1.014 1.012]
  [1.005 0.972 1.028 ... 1.024 1.007 0.971]]

 [[0.963 1.004 1.008 ... 0.995 0.991 1.007]
  [1.025 1.01  1.04  ... 1.033 1.023 0.961]
  [0.975 0.999 1.032 ... 1.039 0.99  0.968]
  ...
  [1.047 1.023 1.012 ... 0.992 0.986 1.016]
  [0.99  1.062 1.017 ... 0.97  1.014 1.012]
  [1.005 0.972 1.028 ... 1.024 1.007 0.971]]]","[[[0.18623444 0.         0.32475066 ... 0.04254339 0.02798547 0.        ]
  [0.         0.27716606 0.         ... 0.         0.         0.12804912]
  [0.21227732 0.         0.31998194 ... 0.         0.08218528 0.        ]
  ...
  [0.         0.19807154 0.         ... 0.         0.04819549 0.03401128]
  [0.14179724 0.         0.29072719 ... 0.10366398 0.         0.        ]
  [0.         0.24234528 0.         ... 0.         0.         0.08093256]]

 [[0.         0.30488734 0.         ... 0.         0.         0.1309108 ]
  [0.23584107 0.         0.36704972 ... 0.0128044  0.06951031 0.        ]
  [0.         0.31529584 0.         ... 0.02121056 0.         0.18322291]
  ...
  [0.13249395 0.         0.29961712 ... 0.15889186 0.         0.        ]
  [0.         0.24642138 0.         ... 0.         0.03151565 0.07121869]
  [0.19711537 0.         0.3513844  ... 0.08939481 0.00694724 0.        ]]]","[[0. 0. 0. ... 0. 0. 0.]
 [0. 0. 0. ... 0. 0. 0.]
 [0. 0. 0. ... 0. 0. 0.]
 ...
 [0. 0. 0. ... 0. 0. 0.]
 [0. 0. 0. ... 0. 0. 0.]
 [0. 0. 0. ... 0. 0. 0.]]","[[0. 0. 0. ... 0. 0. 0.]
 [0. 0. 0. ... 0. 0. 0.]
 [0. 0. 0. ... 0. 0. 0.]
 ...
 [0. 0. 0. ... 0. 0. 0.]
 [0. 0. 0. ... 0. 0. 0.]
 [0. 0. 0. ... 0. 0. 0.]]"
0.6,0.01,4,10000.0,10,56.43632333746737,0.3110528587555615,0.48659965587328585,"[[[0.9884 1.0011 1.0026 ... 0.9985 0.9971 1.0023]
  [1.0079 1.0031 1.0127 ... 1.0103 1.0073 1.0034]
  [0.9921 0.9997 1.0102 ... 1.0123 0.997  0.9901]
  ...
  [1.0149 1.0074 1.0039 ... 0.9974 0.9957 1.0051]
  [0.9968 1.0195 1.0053 ... 0.9904 1.0046 1.0037]
  [1.0015 0.9911 1.0088 ... 1.0076 1.0021 0.9909]]

 [[0.9884 1.0011 1.0026 ... 0.9985 0.9971 1.0023]
  [1.0079 1.0031 1.0127 ... 1.0103 1.0073 1.0034]
  [0.9921 0.9997 1.0102 ... 1.0123 0.997  0.9901]
  ...
  [1.0149 1.0074 1.0039 ... 0.9974 0.9957 1.0051]
  [0.9968 1.0195 1.0053 ... 0.9904 1.0046 1.0037]
  [1.0015 0.9911 1.0088 ... 1.0076 1.0021 0.9909]]]","[[[0.10291471 0.         0.16110821 ... 0.         0.03263744 0.        ]
  [0.         0.145395   0.         ... 0.01820479 0.         0.08358211]
  [0.11769421 0.         0.16683343 ... 0.         0.0566305  0.        ]
  ...
  [0.         0.08478412 0.         ... 0.         0.02046381 0.00962552]
  [0.06822754 0.         0.13315337 ... 0.03339913 0.         0.        ]
  [0.         0.1206841  0.         ... 0.         0.         0.05009924]]

 [[0.         0.16546899 0.         ... 0.01287127 0.         0.09032829]
  [0.1408508  0.         0.1976294  ... 0.         0.06619948 0.        ]
  [0.         0.17556636 0.         ... 0.04191771 0.         0.11427672]
  ...
  [0.06455949 0.         0.13999301 ... 0.07737033 0.         0.        ]
  [0.         0.12584035 0.         ... 0.         0.01080309 0.04667997]
  [0.1117829  0.         0.17820769 ... 0.02490655 0.02811543 0.        ]]]","[[0. 0. 0. ... 0. 0. 0.]
 [0. 0. 0. ... 0. 0. 0.]
 [0. 0. 0. ... 0. 0. 0.]
 ...
 [0. 0. 0. ... 0. 0. 0.]
 [0. 0. 0. ... 0. 0. 0.]
 [0. 0. 0. ... 0. 0. 0.]]","[[0. 0. 0. ... 0. 0. 0.]
 [0. 0. 0. ... 0. 0. 0.]
 [0. 0. 0. ... 0. 0. 0.]
 ...
 [0. 0. 0. ... 0. 0. 0.]
 [0. 0. 0. ... 0. 0. 0.]
 [0. 0. 0. ... 0. 0. 0.]]"
0.6,0.01,4,10000.0,20,9.746609351676323,0.5413443787768112,0.4885816569301764,"[[[0.9884 1.0011 1.0026 ... 0.9985 0.9971 1.0023]
  [1.0079 1.0031 1.0127 ... 1.0103 1.0073 1.0034]
  [0.9921 0.9997 1.0102 ... 1.0123 0.997  0.9901]
  ...
  [1.0149 1.0074 1.0039 ... 0.9974 0.9957 1.0051]
  [0.9968 1.0195 1.0053 ... 0.9904 1.0046 1.0037]
  [1.0015 0.9911 1.0088 ... 1.0076 1.0021 0.9909]]

 [[0.9884 1.0011 1.0026 ... 0.9985 0.9971 1.0023]
  [1.0079 1.0031 1.0127 ... 1.0103 1.0073 1.0034]
  [0.9921 0.9997 1.0102 ... 1.0123 0.997  0.9901]
  ...
  [1.0149 1.0074 1.0039 ... 0.9974 0.9957 1.0051]
  [0.9968 1.0195 1.0053 ... 0.9904 1.0046 1.0037]
  [1.0015 0.9911 1.0088 ... 1.0076 1.0021 0.9909]]]","[[[0.10201262 0.         0.18971182 ... 0.03043101 0.00494001 0.        ]
  [0.         0.15245868 0.         ... 0.         0.         0.05609193]
  [0.09745993 0.         0.18646429 ... 0.03638982 0.00037696 0.        ]
  ...
  [0.         0.10302281 0.         ... 0.         0.00114064 0.02884325]
  [0.08288025 0.         0.15873545 ... 0.03353795 0.         0.        ]
  [0.         0.13877431 0.         ... 0.         0.         0.04824058]]

 [[0.         0.1806709  0.         ... 0.         0.         0.07394902]
  [0.1290178  0.         0.22587753 ... 0.04633614 0.01802076 0.        ]
  [0.         0.17499169 0.         ... 0.         0.00216305 0.07082412]
  ...
  [0.08544943 0.         0.16067518 ... 0.05681595 0.00128213 0.        ]
  [0.         0.14798866 0.         ... 0.         0.00529486 0.05766558]
  [0.12060422 0.         0.21049305 ... 0.04731883 0.01569352 0.        ]]]","[[0. 0. 0. ... 0. 0. 0.]
 [0. 0. 0. ... 0. 0. 0.]
 [0. 0. 0. ... 0. 0. 0.]
 ...
 [0. 0. 0. ... 0. 0. 0.]
 [0. 0. 0. ... 0. 0. 0.]
 [0. 0. 0. ... 0. 0. 0.]]","[[0. 0. 0. ... 0. 0. 0.]
 [0. 0. 0. ... 0. 0. 0.]
 [0. 0. 0. ... 0. 0. 0.]
 ...
 [0. 0. 0. ... 0. 0. 0.]
 [0. 0. 0. ... 0. 0. 0.]
 [0. 0. 0. ... 0. 0. 0.]]"
0.6,0.01,4,10000.0,30,4.418418292192475,0.4684799787502491,0.4891793838266095,"[[[0.9884 1.0011 1.0026 ... 0.9985 0.9971 1.0023]
  [1.0079 1.0031 1.0127 ... 1.0103 1.0073 1.0034]
  [0.9921 0.9997 1.0102 ... 1.0123 0.997  0.9901]
  ...
  [1.0149 1.0074 1.0039 ... 0.9974 0.9957 1.0051]
  [0.9968 1.0195 1.0053 ... 0.9904 1.0046 1.0037]
  [1.0015 0.9911 1.0088 ... 1.0076 1.0021 0.9909]]

 [[0.9884 1.0011 1.0026 ... 0.9985 0.9971 1.0023]
  [1.0079 1.0031 1.0127 ... 1.0103 1.0073 1.0034]
  [0.9921 0.9997 1.0102 ... 1.0123 0.997  0.9901]
  ...
  [1.0149 1.0074 1.0039 ... 0.9974 0.9957 1.0051]
  [0.9968 1.0195 1.0053 ... 0.9904 1.0046 1.0037]
  [1.0015 0.9911 1.0088 ... 1.0076 1.0021 0.9909]]]","[[[0.13836252 0.         0.19226958 ... 0.         0.06037429 0.        ]
  [0.         0.17391768 0.         ... 0.03362711 0.         0.11357938]
  [0.14551981 0.         0.18376059 ... 0.         0.08207841 0.        ]
  ...
  [0.         0.12689294 0.         ... 0.         0.         0.05378066]
  [0.1119003  0.         0.17324272 ... 0.0033555  0.0305101  0.        ]
  [0.         0.16016682 0.         ... 0.00331338 0.         0.08827408]]

 [[0.         0.20358296 0.         ... 0.03256616 0.         0.12757243]
  [0.1752041  0.         0.22435298 ... 0.         0.09387618 0.        ]
  [0.         0.20157935 0.         ... 0.06111196 0.         0.14627186]
  ...
  [0.11362526 0.         0.18337584 ... 0.03684541 0.02594913 0.        ]
  [0.         0.17322277 0.         ... 0.         0.         0.09373057]
  [0.15651901 0.         0.21935126 ... 0.         0.06435237 0.        ]]]","[[0. 0. 0. ... 0. 0. 0.]
 [0. 0. 0. ... 0. 0. 0.]
 [0. 0. 0. ... 0. 0. 0.]
 ...
 [0. 0. 0. ... 0. 0. 0.]
 [0. 0. 0. ... 0. 0. 0.]
 [0. 0. 0. ... 0. 0. 0.]]","[[0. 0. 0. ... 0. 0. 0.]
 [0. 0. 0. ... 0. 0. 0.]
 [0. 0. 0. ... 0. 0. 0.]
 ...
 [0. 0. 0. ... 0. 0. 0.]
 [0. 0. 0. ... 0. 0. 0.]
 [0. 0. 0. ... 0. 0. 0.]]"
0.6,0.01,4,100000.0,10,57.071785016791665,0.3110528587555615,0.48857627759312017,"[[[0.99634 1.00036 1.00084 ... 0.99954 0.9991  1.00071]
  [1.00251 1.00098 1.00401 ... 1.00324 1.0023  0.99612]
  [0.9975  0.99989 1.00321 ... 1.00388 0.99905 0.99687]
  ...
  [1.0047  1.00233 1.00125 ... 0.99918 0.99864 1.00161]
  [0.999   1.00618 1.00168 ... 0.99697 0.99763 1.00116]
  [1.00046 0.99718 1.00279 ... 1.0024  1.00065 0.99712]]

 [[0.99634 1.00036 1.00084 ... 0.99954 0.99909 1.00071]
  [1.00251 1.00098 1.00401 ... 1.00324 1.0023  0.99612]
  [0.9975  0.99989 1.00321 ... 1.00388 0.99905 0.99687]
  ...
  [1.0047  1.00233 1.00125 ... 0.99917 0.99864 1.00161]
  [0.999   1.00618 1.00327 ... 0.99697 0.99763 1.00116]
  [1.00046 0.99718 1.00279 ... 1.0024  1.00065 0.99712]]]","[[[0.02296389 0.         0.03966323 ... 0.         0.00527018 0.        ]
  [0.         0.05233467 0.         ... 0.01371807 0.         0.029818  ]
  [0.05539875 0.         0.07662938 ... 0.         0.03059687 0.        ]
  ...
  [0.0271441  0.         0.01009966 ... 0.         0.04046849 0.        ]
  [0.         0.         0.         ... 0.02471899 0.         0.01601412]
  [0.         0.0116731  0.         ... 0.         0.00286052 0.        ]]

 [[0.         0.05053094 0.         ... 0.01395536 0.         0.02889862]
  [0.05975035 0.         0.07971454 ... 0.         0.03615659 0.        ]
  [0.         0.08956933 0.         ... 0.03685154 0.         0.06210779]
  ...
  [0.         0.03338285 0.         ... 0.06190041 0.         0.05209717]
  [0.02233839 0.00300484 0.0032517  ... 0.         0.03889695 0.        ]
  [0.01737489 0.         0.03474929 ... 0.02063328 0.         0.00933491]]]","[[0. 0. 0. ... 0. 0. 0.]
 [0. 0. 0. ... 0. 0. 0.]
 [0. 0. 0. ... 0. 0. 0.]
 ...
 [0. 0. 0. ... 0. 0. 0.]
 [0. 0. 0. ... 0. 0. 0.]
 [0. 0. 0. ... 0. 0. 0.]]","[[0. 0. 0. ... 0. 0. 0.]
 [0. 0. 0. ... 0. 0. 0.]
 [0. 0. 0. ... 0. 0. 0.]
 ...
 [0. 0. 0. ... 0. 0. 0.]
 [0. 0. 0. ... 0. 0. 0.]
 [0. 0. 0. ... 0. 0. 0.]]"
0.6,0.01,4,100000.0,20,8.941241510774939,0.5413443787768112,0.49294147046537223,"[[[0.99634 1.00036 1.00084 ... 0.99954 0.99909 1.00071]
  [1.00251 1.00098 1.00401 ... 1.00324 1.0023  0.99612]
  [0.9975  0.99989 1.00321 ... 1.00388 0.99905 0.99687]
  ...
  [1.0047  1.00233 1.00125 ... 0.99917 0.99864 1.00161]
  [0.999   1.00618 1.00168 ... 0.99697 0.99763 1.00116]
  [1.00046 0.99718 1.00279 ... 1.0024  1.00065 0.99712]]

 [[0.99634 1.00036 1.00084 ... 0.99954 0.99909 1.00071]
  [1.00251 1.00098 1.00401 ... 1.00324 1.0023  0.99612]
  [0.9975  0.99989 1.00321 ... 1.00388 0.99905 0.99687]
  ...
  [1.0047  1.00233 1.00125 ... 0.99917 0.99864 1.00161]
  [0.999   1.00618 1.00168 ... 0.99697 0.99763 1.00116]
  [1.00046 0.99718 1.00279 ... 1.0024  1.00065 0.99712]]]","[[[0.07827578 0.         0.13415602 ... 0.00178618 0.01630081 0.        ]
  [0.         0.110175   0.         ... 0.         0.         0.04322158]
  [0.0704388  0.         0.13403647 ... 0.02044269 0.00121564 0.        ]
  ...
  [0.         0.06663115 0.         ... 0.         0.         0.02885572]
  [0.06303968 0.         0.10528411 ... 0.         0.01515962 0.        ]
  [0.         0.09995721 0.         ... 0.         0.         0.04525706]]

 [[0.         0.13484459 0.         ... 0.00063285 0.         0.06610399]
  [0.09976774 0.         0.16653998 ... 0.02358102 0.02506136 0.        ]
  [0.         0.13034987 0.         ... 0.         0.0012753  0.05377307]
  ...
  [0.06648551 0.         0.10476309 ... 0.01075576 0.02438691 0.        ]
  [0.         0.10836088 0.         ... 0.00755376 0.         0.05696861]
  [0.09588834 0.         0.15043911 ... 0.00994698 0.03348404 0.        ]]]","[[0. 0. 0. ... 0. 0. 0.]
 [0. 0. 0. ... 0. 0. 0.]
 [0. 0. 0. ... 0. 0. 0.]
 ...
 [0. 0. 0. ... 0. 0. 0.]
 [0. 0. 0. ... 0. 0. 0.]
 [0. 0. 0. ... 0. 0. 0.]]","[[0. 0. 0. ... 0. 0. 0.]
 [0. 0. 0. ... 0. 0. 0.]
 [0. 0. 0. ... 0. 0. 0.]
 ...
 [0. 0. 0. ... 0. 0. 0.]
 [0. 0. 0. ... 0. 0. 0.]
 [0. 0. 0. ... 0. 0. 0.]]"
0.6,0.01,4,100000.0,30,5.796589169526116,0.4684799787502491,0.4956358384598843,"[[[0.99634 1.00036 1.00084 ... 0.99954 0.9991  1.00071]
  [1.00251 1.00098 1.00401 ... 1.00324 1.0023  0.99612]
  [0.9975  0.99989 1.00321 ... 1.00388 0.99905 0.99687]
  ...
  [1.0047  1.00233 1.00125 ... 0.99917 0.99864 1.00161]
  [0.999   1.00618 1.00168 ... 0.99697 0.99763 1.00116]
  [1.00046 0.99718 1.00279 ... 1.0024  1.00065 0.99712]]

 [[0.99634 1.00036 1.00084 ... 0.99954 0.99909 1.00071]
  [1.00251 1.00098 1.00401 ... 1.00324 1.0023  0.99612]
  [0.9975  0.99989 1.00321 ... 1.00388 0.99905 0.99687]
  ...
  [1.0047  1.00233 1.00125 ... 0.99917 0.99864 1.00161]
  [0.999   1.00618 1.00327 ... 0.99697 0.99763 1.00116]
  [1.00046 0.99718 1.00279 ... 1.0024  1.00065 0.99712]]]","[[[0.04251433 0.         0.05321264 ... 0.         0.02076225 0.        ]
  [0.         0.05404656 0.         ... 0.01999475 0.         0.04112539]
  [0.05496058 0.         0.05445473 ... 0.         0.04220543 0.        ]
  ...
  [0.         0.03409663 0.         ... 0.         0.         0.00748846]
  [0.02917023 0.         0.05002364 ... 0.00209037 0.00141397 0.        ]
  [0.         0.0454641  0.         ... 0.         0.         0.02418108]]

 [[0.         0.06947005 0.         ... 0.02212981 0.         0.05017329]
  [0.06820073 0.         0.07343116 ... 0.         0.04816413 0.        ]
  [0.         0.07710156 0.         ... 0.04867707 0.         0.07024445]
  ...
  [0.03657316 0.         0.06264623 ... 0.02575582 0.00554462 0.        ]
  [0.         0.05789687 0.         ... 0.00027881 0.00103957 0.03117236]
  [0.05421516 0.         0.07126136 ... 0.00521537 0.02571651 0.        ]]]","[[0. 0. 0. ... 0. 0. 0.]
 [0. 0. 0. ... 0. 0. 0.]
 [0. 0. 0. ... 0. 0. 0.]
 ...
 [0. 0. 0. ... 0. 0. 0.]
 [0. 0. 0. ... 0. 0. 0.]
 [0. 0. 0. ... 0. 0. 0.]]","[[0. 0. 0. ... 0. 0. 0.]
 [0. 0. 0. ... 0. 0. 0.]
 [0. 0. 0. ... 0. 0. 0.]
 ...
 [0. 0. 0. ... 0. 0. 0.]
 [0. 0. 0. ... 0. 0. 0.]
 [0. 0. 0. ... 0. 0. 0.]]"
0.6,0.01,6,1000.0,10,55.285039241881904,0.3110528587555615,0.48301855378156916,"[[[0.963 1.004 1.008 ... 0.995 0.991 1.007]
  [1.025 1.01  1.04  ... 1.033 1.023 0.961]
  [0.975 0.999 1.032 ... 1.039 0.99  0.968]
  ...
  [1.047 1.023 1.012 ... 0.992 0.986 1.016]
  [0.99  1.062 1.017 ... 0.97  1.014 1.012]
  [1.005 0.972 1.028 ... 1.024 1.007 0.971]]

 [[0.963 1.004 1.008 ... 0.995 0.991 1.007]
  [1.025 1.01  1.04  ... 1.033 1.023 0.961]
  [0.975 0.999 1.032 ... 1.039 0.99  0.968]
  ...
  [1.047 1.023 1.012 ... 0.992 0.986 1.016]
  [0.99  1.062 1.017 ... 0.97  1.014 1.012]
  [1.005 0.972 1.028 ... 1.024 1.007 0.971]]]","[[[0.21832038 0.         0.3934265  ... 0.08336003 0.00982373 0.        ]
  [0.         0.33682161 0.         ... 0.         0.         0.14580719]
  [0.26028301 0.         0.39547213 ... 0.00082419 0.08540272 0.        ]
  ...
  [0.         0.23035245 0.         ... 0.         0.10485627 0.00654175]
  [0.15431259 0.         0.35163903 ... 0.17368002 0.         0.        ]
  [0.         0.28883064 0.         ... 0.         0.02605822 0.0764727 ]]

 [[0.         0.36538631 0.         ... 0.         0.         0.13992058]
  [0.28213075 0.         0.44840308 ... 0.04518618 0.06330108 0.        ]
  [0.         0.38890432 0.         ... 0.00091181 0.         0.21362022]
  ...
  [0.13706518 0.         0.36408867 ... 0.25250497 0.         0.        ]
  [0.         0.29106164 0.         ... 0.         0.08208474 0.0536669 ]
  [0.22308835 0.         0.42475299 ... 0.15196778 0.         0.        ]]]","[[0. 0. 0. ... 0. 0. 0.]
 [0. 0. 0. ... 0. 0. 0.]
 [0. 0. 0. ... 0. 0. 0.]
 ...
 [0. 0. 0. ... 0. 0. 0.]
 [0. 0. 0. ... 0. 0. 0.]
 [0. 0. 0. ... 0. 0. 0.]]","[[0. 0. 0. ... 0. 0. 0.]
 [0. 0. 0. ... 0. 0. 0.]
 [0. 0. 0. ... 0. 0. 0.]
 ...
 [0. 0. 0. ... 0. 0. 0.]
 [0. 0. 0. ... 0. 0. 0.]
 [0. 0. 0. ... 0. 0. 0.]]"
0.6,0.01,6,1000.0,20,10.17201268488255,0.5413443787768112,0.4862787598987353,"[[[0.963 1.004 1.008 ... 0.995 0.991 1.007]
  [1.025 1.01  1.04  ... 1.033 1.023 0.961]
  [0.975 0.999 1.032 ... 1.039 0.99  0.968]
  ...
  [1.047 1.023 1.012 ... 0.992 0.986 1.016]
  [0.99  1.062 1.017 ... 0.97  1.014 1.012]
  [1.005 0.972 1.028 ... 1.024 1.007 0.971]]

 [[0.963 1.004 1.008 ... 0.995 0.991 1.007]
  [1.025 1.01  1.04  ... 1.033 1.023 0.961]
  [0.975 0.999 1.032 ... 1.039 0.99  0.968]
  ...
  [1.047 1.023 1.012 ... 0.992 0.986 1.016]
  [0.99  1.062 1.017 ... 0.97  1.014 1.012]
  [1.005 0.972 1.028 ... 1.024 1.007 0.971]]]","[[[2.69470619e-01 0.00000000e+00 4.42629027e-01 ... 1.47869116e-02
   7.28100453e-02 0.00000000e+00]
  [0.00000000e+00 3.91250285e-01 0.00000000e+00 ... 9.69599241e-03
   0.00000000e+00 1.96035564e-01]
  [3.06536413e-01 0.00000000e+00 4.59714696e-01 ... 0.00000000e+00
   1.18771258e-01 0.00000000e+00]
  ...
  [0.00000000e+00 2.17453562e-01 0.00000000e+00 ... 0.00000000e+00
   3.88100978e-02 4.27954927e-02]
  [1.84757696e-01 0.00000000e+00 3.56513043e-01 ... 8.00030698e-02
   3.88224767e-04 0.00000000e+00]
  [0.00000000e+00 3.24098139e-01 0.00000000e+00 ... 0.00000000e+00
   0.00000000e+00 1.33471248e-01]]

 [[0.00000000e+00 4.19419250e-01 0.00000000e+00 ... 0.00000000e+00
   0.00000000e+00 2.03107889e-01]
  [3.39503100e-01 0.00000000e+00 5.15587419e-01 ... 0.00000000e+00
   1.18959383e-01 0.00000000e+00]
  [0.00000000e+00 4.49588947e-01 0.00000000e+00 ... 3.05488177e-02
   0.00000000e+00 2.57829498e-01]
  ...
  [1.47282367e-01 0.00000000e+00 3.32972435e-01 ... 1.46152794e-01
   0.00000000e+00 0.00000000e+00]
  [0.00000000e+00 3.07569183e-01 0.00000000e+00 ... 0.00000000e+00
   1.32357420e-03 1.10004420e-01]
  [2.72742671e-01 0.00000000e+00 4.59163498e-01 ... 5.79752908e-02
   5.20310323e-02 0.00000000e+00]]]","[[0. 0. 0. ... 0. 0. 0.]
 [0. 0. 0. ... 0. 0. 0.]
 [0. 0. 0. ... 0. 0. 0.]
 ...
 [0. 0. 0. ... 0. 0. 0.]
 [0. 0. 0. ... 0. 0. 0.]
 [0. 0. 0. ... 0. 0. 0.]]","[[0. 0. 0. ... 0. 0. 0.]
 [0. 0. 0. ... 0. 0. 0.]
 [0. 0. 0. ... 0. 0. 0.]
 ...
 [0. 0. 0. ... 0. 0. 0.]
 [0. 0. 0. ... 0. 0. 0.]
 [0. 0. 0. ... 0. 0. 0.]]"
0.6,0.01,6,1000.0,30,4.713203555968514,0.4684799787502491,0.4905603937677064,"[[[0.963 1.004 1.008 ... 0.995 0.991 1.007]
  [1.025 1.01  1.04  ... 1.033 1.023 0.961]
  [0.975 0.999 1.032 ... 1.039 0.99  0.968]
  ...
  [1.047 1.023 1.012 ... 0.992 0.986 1.016]
  [0.99  1.062 1.017 ... 0.97  1.014 1.012]
  [1.005 0.972 1.028 ... 1.024 1.007 0.971]]

 [[0.963 1.004 1.008 ... 0.995 0.991 1.007]
  [1.025 1.01  1.04  ... 1.033 1.023 0.961]
  [0.975 0.999 1.032 ... 1.039 0.99  0.968]
  ...
  [1.047 1.023 1.012 ... 0.992 0.986 1.016]
  [0.99  1.062 1.017 ... 0.97  1.014 1.012]
  [1.005 0.972 1.028 ... 1.024 1.007 0.971]]]","[[[0.18623444 0.         0.32475066 ... 0.04254339 0.02798547 0.        ]
  [0.         0.27716606 0.         ... 0.         0.         0.12804912]
  [0.21227732 0.         0.31998194 ... 0.         0.08218528 0.        ]
  ...
  [0.         0.19807154 0.         ... 0.         0.04819549 0.03401128]
  [0.14179724 0.         0.29072719 ... 0.10366398 0.         0.        ]
  [0.         0.24234528 0.         ... 0.         0.         0.08093256]]

 [[0.         0.30488734 0.         ... 0.         0.         0.1309108 ]
  [0.23584107 0.         0.36704972 ... 0.0128044  0.06951031 0.        ]
  [0.         0.31529584 0.         ... 0.02121056 0.         0.18322291]
  ...
  [0.13249395 0.         0.29961712 ... 0.15889186 0.         0.        ]
  [0.         0.24642138 0.         ... 0.         0.03151565 0.07121869]
  [0.19711537 0.         0.3513844  ... 0.08939481 0.00694724 0.        ]]]","[[0. 0. 0. ... 0. 0. 0.]
 [0. 0. 0. ... 0. 0. 0.]
 [0. 0. 0. ... 0. 0. 0.]
 ...
 [0. 0. 0. ... 0. 0. 0.]
 [0. 0. 0. ... 0. 0. 0.]
 [0. 0. 0. ... 0. 0. 0.]]","[[0. 0. 0. ... 0. 0. 0.]
 [0. 0. 0. ... 0. 0. 0.]
 [0. 0. 0. ... 0. 0. 0.]
 ...
 [0. 0. 0. ... 0. 0. 0.]
 [0. 0. 0. ... 0. 0. 0.]
 [0. 0. 0. ... 0. 0. 0.]]"
0.6,0.01,6,10000.0,10,56.43632333746737,0.3110528587555615,0.48659965587328585,"[[[0.9884 1.0011 1.0026 ... 0.9985 0.9971 1.0023]
  [1.0079 1.0031 1.0127 ... 1.0103 1.0073 1.0034]
  [0.9921 0.9997 1.0102 ... 1.0123 0.997  0.9901]
  ...
  [1.0149 1.0074 1.0039 ... 0.9974 0.9957 1.0051]
  [0.9968 1.0195 1.0053 ... 0.9904 1.0046 1.0037]
  [1.0015 0.9911 1.0088 ... 1.0076 1.0021 0.9909]]

 [[0.9884 1.0011 1.0026 ... 0.9985 0.9971 1.0023]
  [1.0079 1.0031 1.0127 ... 1.0103 1.0073 1.0034]
  [0.9921 0.9997 1.0102 ... 1.0123 0.997  0.9901]
  ...
  [1.0149 1.0074 1.0039 ... 0.9974 0.9957 1.0051]
  [0.9968 1.0195 1.0053 ... 0.9904 1.0046 1.0037]
  [1.0015 0.9911 1.0088 ... 1.0076 1.0021 0.9909]]]","[[[0.10291471 0.         0.16110821 ... 0.         0.03263744 0.        ]
  [0.         0.145395   0.         ... 0.01820479 0.         0.08358211]
  [0.11769421 0.         0.16683343 ... 0.         0.0566305  0.        ]
  ...
  [0.         0.08478412 0.         ... 0.         0.02046381 0.00962552]
  [0.06822754 0.         0.13315337 ... 0.03339913 0.         0.        ]
  [0.         0.1206841  0.         ... 0.         0.         0.05009924]]

 [[0.         0.16546899 0.         ... 0.01287127 0.         0.09032829]
  [0.1408508  0.         0.1976294  ... 0.         0.06619948 0.        ]
  [0.         0.17556636 0.         ... 0.04191771 0.         0.11427672]
  ...
  [0.06455949 0.         0.13999301 ... 0.07737033 0.         0.        ]
  [0.         0.12584035 0.         ... 0.         0.01080309 0.04667997]
  [0.1117829  0.         0.17820769 ... 0.02490655 0.02811543 0.        ]]]","[[0. 0. 0. ... 0. 0. 0.]
 [0. 0. 0. ... 0. 0. 0.]
 [0. 0. 0. ... 0. 0. 0.]
 ...
 [0. 0. 0. ... 0. 0. 0.]
 [0. 0. 0. ... 0. 0. 0.]
 [0. 0. 0. ... 0. 0. 0.]]","[[0. 0. 0. ... 0. 0. 0.]
 [0. 0. 0. ... 0. 0. 0.]
 [0. 0. 0. ... 0. 0. 0.]
 ...
 [0. 0. 0. ... 0. 0. 0.]
 [0. 0. 0. ... 0. 0. 0.]
 [0. 0. 0. ... 0. 0. 0.]]"
0.6,0.01,6,10000.0,20,9.746609351676323,0.5413443787768112,0.4885816569301764,"[[[0.9884 1.0011 1.0026 ... 0.9985 0.9971 1.0023]
  [1.0079 1.0031 1.0127 ... 1.0103 1.0073 1.0034]
  [0.9921 0.9997 1.0102 ... 1.0123 0.997  0.9901]
  ...
  [1.0149 1.0074 1.0039 ... 0.9974 0.9957 1.0051]
  [0.9968 1.0195 1.0053 ... 0.9904 1.0046 1.0037]
  [1.0015 0.9911 1.0088 ... 1.0076 1.0021 0.9909]]

 [[0.9884 1.0011 1.0026 ... 0.9985 0.9971 1.0023]
  [1.0079 1.0031 1.0127 ... 1.0103 1.0073 1.0034]
  [0.9921 0.9997 1.0102 ... 1.0123 0.997  0.9901]
  ...
  [1.0149 1.0074 1.0039 ... 0.9974 0.9957 1.0051]
  [0.9968 1.0195 1.0053 ... 0.9904 1.0046 1.0037]
  [1.0015 0.9911 1.0088 ... 1.0076 1.0021 0.9909]]]","[[[0.10201262 0.         0.18971182 ... 0.03043101 0.00494001 0.        ]
  [0.         0.15245868 0.         ... 0.         0.         0.05609193]
  [0.09745993 0.         0.18646429 ... 0.03638982 0.00037696 0.        ]
  ...
  [0.         0.10302281 0.         ... 0.         0.00114064 0.02884325]
  [0.08288025 0.         0.15873545 ... 0.03353795 0.         0.        ]
  [0.         0.13877431 0.         ... 0.         0.         0.04824058]]

 [[0.         0.1806709  0.         ... 0.         0.         0.07394902]
  [0.1290178  0.         0.22587753 ... 0.04633614 0.01802076 0.        ]
  [0.         0.17499169 0.         ... 0.         0.00216305 0.07082412]
  ...
  [0.08544943 0.         0.16067518 ... 0.05681595 0.00128213 0.        ]
  [0.         0.14798866 0.         ... 0.         0.00529486 0.05766558]
  [0.12060422 0.         0.21049305 ... 0.04731883 0.01569352 0.        ]]]","[[0. 0. 0. ... 0. 0. 0.]
 [0. 0. 0. ... 0. 0. 0.]
 [0. 0. 0. ... 0. 0. 0.]
 ...
 [0. 0. 0. ... 0. 0. 0.]
 [0. 0. 0. ... 0. 0. 0.]
 [0. 0. 0. ... 0. 0. 0.]]","[[0. 0. 0. ... 0. 0. 0.]
 [0. 0. 0. ... 0. 0. 0.]
 [0. 0. 0. ... 0. 0. 0.]
 ...
 [0. 0. 0. ... 0. 0. 0.]
 [0. 0. 0. ... 0. 0. 0.]
 [0. 0. 0. ... 0. 0. 0.]]"
0.6,0.01,6,10000.0,30,4.418418292192475,0.4684799787502491,0.4891793838266095,"[[[0.9884 1.0011 1.0026 ... 0.9985 0.9971 1.0023]
  [1.0079 1.0031 1.0127 ... 1.0103 1.0073 1.0034]
  [0.9921 0.9997 1.0102 ... 1.0123 0.997  0.9901]
  ...
  [1.0149 1.0074 1.0039 ... 0.9974 0.9957 1.0051]
  [0.9968 1.0195 1.0053 ... 0.9904 1.0046 1.0037]
  [1.0015 0.9911 1.0088 ... 1.0076 1.0021 0.9909]]

 [[0.9884 1.0011 1.0026 ... 0.9985 0.9971 1.0023]
  [1.0079 1.0031 1.0127 ... 1.0103 1.0073 1.0034]
  [0.9921 0.9997 1.0102 ... 1.0123 0.997  0.9901]
  ...
  [1.0149 1.0074 1.0039 ... 0.9974 0.9957 1.0051]
  [0.9968 1.0195 1.0053 ... 0.9904 1.0046 1.0037]
  [1.0015 0.9911 1.0088 ... 1.0076 1.0021 0.9909]]]","[[[0.13836252 0.         0.19226958 ... 0.         0.06037429 0.        ]
  [0.         0.17391768 0.         ... 0.03362711 0.         0.11357938]
  [0.14551981 0.         0.18376059 ... 0.         0.08207841 0.        ]
  ...
  [0.         0.12689294 0.         ... 0.         0.         0.05378066]
  [0.1119003  0.         0.17324272 ... 0.0033555  0.0305101  0.        ]
  [0.         0.16016682 0.         ... 0.00331338 0.         0.08827408]]

 [[0.         0.20358296 0.         ... 0.03256616 0.         0.12757243]
  [0.1752041  0.         0.22435298 ... 0.         0.09387618 0.        ]
  [0.         0.20157935 0.         ... 0.06111196 0.         0.14627186]
  ...
  [0.11362526 0.         0.18337584 ... 0.03684541 0.02594913 0.        ]
  [0.         0.17322277 0.         ... 0.         0.         0.09373057]
  [0.15651901 0.         0.21935126 ... 0.         0.06435237 0.        ]]]","[[0. 0. 0. ... 0. 0. 0.]
 [0. 0. 0. ... 0. 0. 0.]
 [0. 0. 0. ... 0. 0. 0.]
 ...
 [0. 0. 0. ... 0. 0. 0.]
 [0. 0. 0. ... 0. 0. 0.]
 [0. 0. 0. ... 0. 0. 0.]]","[[0. 0. 0. ... 0. 0. 0.]
 [0. 0. 0. ... 0. 0. 0.]
 [0. 0. 0. ... 0. 0. 0.]
 ...
 [0. 0. 0. ... 0. 0. 0.]
 [0. 0. 0. ... 0. 0. 0.]
 [0. 0. 0. ... 0. 0. 0.]]"
0.6,0.01,6,100000.0,10,57.071785016791665,0.3110528587555615,0.48857627759312017,"[[[0.99634 1.00036 1.00084 ... 0.99954 0.9991  1.00071]
  [1.00251 1.00098 1.00401 ... 1.00324 1.0023  0.99612]
  [0.9975  0.99989 1.00321 ... 1.00388 0.99905 0.99687]
  ...
  [1.0047  1.00233 1.00125 ... 0.99918 0.99864 1.00161]
  [0.999   1.00618 1.00168 ... 0.99697 0.99763 1.00116]
  [1.00046 0.99718 1.00279 ... 1.0024  1.00065 0.99712]]

 [[0.99634 1.00036 1.00084 ... 0.99954 0.99909 1.00071]
  [1.00251 1.00098 1.00401 ... 1.00324 1.0023  0.99612]
  [0.9975  0.99989 1.00321 ... 1.00388 0.99905 0.99687]
  ...
  [1.0047  1.00233 1.00125 ... 0.99917 0.99864 1.00161]
  [0.999   1.00618 1.00327 ... 0.99697 0.99763 1.00116]
  [1.00046 0.99718 1.00279 ... 1.0024  1.00065 0.99712]]]","[[[0.02296389 0.         0.03966323 ... 0.         0.00527018 0.        ]
  [0.         0.05233467 0.         ... 0.01371807 0.         0.029818  ]
  [0.05539875 0.         0.07662938 ... 0.         0.03059687 0.        ]
  ...
  [0.0271441  0.         0.01009966 ... 0.         0.04046849 0.        ]
  [0.         0.         0.         ... 0.02471899 0.         0.01601412]
  [0.         0.0116731  0.         ... 0.         0.00286052 0.        ]]

 [[0.         0.05053094 0.         ... 0.01395536 0.         0.02889862]
  [0.05975035 0.         0.07971454 ... 0.         0.03615659 0.        ]
  [0.         0.08956933 0.         ... 0.03685154 0.         0.06210779]
  ...
  [0.         0.03338285 0.         ... 0.06190041 0.         0.05209717]
  [0.02233839 0.00300484 0.0032517  ... 0.         0.03889695 0.        ]
  [0.01737489 0.         0.03474929 ... 0.02063328 0.         0.00933491]]]","[[0. 0. 0. ... 0. 0. 0.]
 [0. 0. 0. ... 0. 0. 0.]
 [0. 0. 0. ... 0. 0. 0.]
 ...
 [0. 0. 0. ... 0. 0. 0.]
 [0. 0. 0. ... 0. 0. 0.]
 [0. 0. 0. ... 0. 0. 0.]]","[[0. 0. 0. ... 0. 0. 0.]
 [0. 0. 0. ... 0. 0. 0.]
 [0. 0. 0. ... 0. 0. 0.]
 ...
 [0. 0. 0. ... 0. 0. 0.]
 [0. 0. 0. ... 0. 0. 0.]
 [0. 0. 0. ... 0. 0. 0.]]"
0.6,0.01,6,100000.0,20,8.941241510774939,0.5413443787768112,0.49294147046537223,"[[[0.99634 1.00036 1.00084 ... 0.99954 0.99909 1.00071]
  [1.00251 1.00098 1.00401 ... 1.00324 1.0023  0.99612]
  [0.9975  0.99989 1.00321 ... 1.00388 0.99905 0.99687]
  ...
  [1.0047  1.00233 1.00125 ... 0.99917 0.99864 1.00161]
  [0.999   1.00618 1.00168 ... 0.99697 0.99763 1.00116]
  [1.00046 0.99718 1.00279 ... 1.0024  1.00065 0.99712]]

 [[0.99634 1.00036 1.00084 ... 0.99954 0.99909 1.00071]
  [1.00251 1.00098 1.00401 ... 1.00324 1.0023  0.99612]
  [0.9975  0.99989 1.00321 ... 1.00388 0.99905 0.99687]
  ...
  [1.0047  1.00233 1.00125 ... 0.99917 0.99864 1.00161]
  [0.999   1.00618 1.00168 ... 0.99697 0.99763 1.00116]
  [1.00046 0.99718 1.00279 ... 1.0024  1.00065 0.99712]]]","[[[0.07827578 0.         0.13415602 ... 0.00178618 0.01630081 0.        ]
  [0.         0.110175   0.         ... 0.         0.         0.04322158]
  [0.0704388  0.         0.13403647 ... 0.02044269 0.00121564 0.        ]
  ...
  [0.         0.06663115 0.         ... 0.         0.         0.02885572]
  [0.06303968 0.         0.10528411 ... 0.         0.01515962 0.        ]
  [0.         0.09995721 0.         ... 0.         0.         0.04525706]]

 [[0.         0.13484459 0.         ... 0.00063285 0.         0.06610399]
  [0.09976774 0.         0.16653998 ... 0.02358102 0.02506136 0.        ]
  [0.         0.13034987 0.         ... 0.         0.0012753  0.05377307]
  ...
  [0.06648551 0.         0.10476309 ... 0.01075576 0.02438691 0.        ]
  [0.         0.10836088 0.         ... 0.00755376 0.         0.05696861]
  [0.09588834 0.         0.15043911 ... 0.00994698 0.03348404 0.        ]]]","[[0. 0. 0. ... 0. 0. 0.]
 [0. 0. 0. ... 0. 0. 0.]
 [0. 0. 0. ... 0. 0. 0.]
 ...
 [0. 0. 0. ... 0. 0. 0.]
 [0. 0. 0. ... 0. 0. 0.]
 [0. 0. 0. ... 0. 0. 0.]]","[[0. 0. 0. ... 0. 0. 0.]
 [0. 0. 0. ... 0. 0. 0.]
 [0. 0. 0. ... 0. 0. 0.]
 ...
 [0. 0. 0. ... 0. 0. 0.]
 [0. 0. 0. ... 0. 0. 0.]
 [0. 0. 0. ... 0. 0. 0.]]"
0.6,0.01,6,100000.0,30,5.796589169526116,0.4684799787502491,0.4956358384598843,"[[[0.99634 1.00036 1.00084 ... 0.99954 0.9991  1.00071]
  [1.00251 1.00098 1.00401 ... 1.00324 1.0023  0.99612]
  [0.9975  0.99989 1.00321 ... 1.00388 0.99905 0.99687]
  ...
  [1.0047  1.00233 1.00125 ... 0.99917 0.99864 1.00161]
  [0.999   1.00618 1.00168 ... 0.99697 0.99763 1.00116]
  [1.00046 0.99718 1.00279 ... 1.0024  1.00065 0.99712]]

 [[0.99634 1.00036 1.00084 ... 0.99954 0.99909 1.00071]
  [1.00251 1.00098 1.00401 ... 1.00324 1.0023  0.99612]
  [0.9975  0.99989 1.00321 ... 1.00388 0.99905 0.99687]
  ...
  [1.0047  1.00233 1.00125 ... 0.99917 0.99864 1.00161]
  [0.999   1.00618 1.00327 ... 0.99697 0.99763 1.00116]
  [1.00046 0.99718 1.00279 ... 1.0024  1.00065 0.99712]]]","[[[0.04251433 0.         0.05321264 ... 0.         0.02076225 0.        ]
  [0.         0.05404656 0.         ... 0.01999475 0.         0.04112539]
  [0.05496058 0.         0.05445473 ... 0.         0.04220543 0.        ]
  ...
  [0.         0.03409663 0.         ... 0.         0.         0.00748846]
  [0.02917023 0.         0.05002364 ... 0.00209037 0.00141397 0.        ]
  [0.         0.0454641  0.         ... 0.         0.         0.02418108]]

 [[0.         0.06947005 0.         ... 0.02212981 0.         0.05017329]
  [0.06820073 0.         0.07343116 ... 0.         0.04816413 0.        ]
  [0.         0.07710156 0.         ... 0.04867707 0.         0.07024445]
  ...
  [0.03657316 0.         0.06264623 ... 0.02575582 0.00554462 0.        ]
  [0.         0.05789687 0.         ... 0.00027881 0.00103957 0.03117236]
  [0.05421516 0.         0.07126136 ... 0.00521537 0.02571651 0.        ]]]","[[0. 0. 0. ... 0. 0. 0.]
 [0. 0. 0. ... 0. 0. 0.]
 [0. 0. 0. ... 0. 0. 0.]
 ...
 [0. 0. 0. ... 0. 0. 0.]
 [0. 0. 0. ... 0. 0. 0.]
 [0. 0. 0. ... 0. 0. 0.]]","[[0. 0. 0. ... 0. 0. 0.]
 [0. 0. 0. ... 0. 0. 0.]
 [0. 0. 0. ... 0. 0. 0.]
 ...
 [0. 0. 0. ... 0. 0. 0.]
 [0. 0. 0. ... 0. 0. 0.]
 [0. 0. 0. ... 0. 0. 0.]]"
0.6,0.03,2,1000.0,10,50.6736108687535,0.3328770118782787,0.501557813549012,"[[[0.963 1.004 1.008 ... 0.995 0.991 1.007]
  [1.025 1.01  1.04  ... 1.033 1.023 0.961]
  [0.975 0.999 1.032 ... 1.039 0.99  0.968]
  ...
  [1.047 1.023 1.012 ... 0.992 0.986 1.016]
  [0.99  1.062 1.017 ... 0.97  1.014 1.012]
  [1.005 0.972 1.028 ... 1.024 1.007 0.971]]

 [[0.963 1.004 1.008 ... 0.995 0.991 1.007]
  [1.025 1.01  1.04  ... 1.033 1.023 0.961]
  [0.975 0.999 1.032 ... 1.039 0.99  0.968]
  ...
  [1.047 1.023 1.012 ... 0.992 0.986 1.016]
  [0.99  1.062 1.017 ... 0.97  1.014 1.012]
  [1.005 0.972 1.028 ... 1.024 1.007 0.971]]]","[[[0.15348586 0.         0.2557486  ... 0.00679549 0.0367387  0.        ]
  [0.         0.21010755 0.         ... 0.         0.         0.09622222]
  [0.14782856 0.         0.2312909  ... 0.         0.04600906 0.        ]
  ...
  [0.         0.1822233  0.         ... 0.         0.         0.07409766]
  [0.14195386 0.         0.24455111 ... 0.02088538 0.02487248 0.        ]
  [0.         0.20429072 0.         ... 0.         0.         0.08996136]]

 [[0.         0.26043531 0.         ... 0.         0.         0.13274655]
  [0.19450319 0.         0.29183519 ... 0.01682006 0.06747169 0.        ]
  [0.         0.24257227 0.         ... 0.00711861 0.         0.14226218]
  ...
  [0.15985141 0.         0.27076924 ... 0.06260141 0.03679042 0.        ]
  [0.         0.23289078 0.         ... 0.         0.         0.11559142]
  [0.19467184 0.         0.30254518 ... 0.03573456 0.05691361 0.        ]]]","[[0. 0. 0. ... 0. 0. 0.]
 [0. 0. 0. ... 0. 0. 0.]
 [0. 0. 0. ... 0. 0. 0.]
 ...
 [0. 0. 0. ... 0. 0. 0.]
 [0. 0. 0. ... 0. 0. 0.]
 [0. 0. 0. ... 0. 0. 0.]]","[[0. 0. 0. ... 0. 0. 0.]
 [0. 0. 0. ... 0. 0. 0.]
 [0. 0. 0. ... 0. 0. 0.]
 ...
 [0. 0. 0. ... 0. 0. 0.]
 [0. 0. 0. ... 0. 0. 0.]
 [0. 0. 0. ... 0. 0. 0.]]"
0.6,0.03,2,1000.0,20,2.851323399298948,0.5204810298243575,0.5056404324320635,"[[[0.963 1.004 1.008 ... 0.995 0.991 1.007]
  [1.025 1.01  1.04  ... 1.033 1.023 0.961]
  [0.975 0.999 1.032 ... 1.039 0.99  0.968]
  ...
  [1.047 1.023 1.012 ... 0.992 0.986 1.016]
  [0.99  1.062 1.017 ... 0.97  1.014 1.012]
  [1.005 0.972 1.028 ... 1.024 1.007 0.971]]

 [[0.963 1.004 1.008 ... 0.995 0.991 1.007]
  [1.025 1.01  1.04  ... 1.033 1.023 0.961]
  [0.975 0.999 1.032 ... 1.039 0.99  0.968]
  ...
  [1.047 1.023 1.012 ... 0.992 0.986 1.016]
  [0.99  1.062 1.017 ... 0.97  1.014 1.012]
  [1.005 0.972 1.028 ... 1.024 1.007 0.971]]]","[[[0.16754645 0.         0.29973585 ... 0.04389268 0.01359779 0.        ]
  [0.         0.2596155  0.         ... 0.         0.         0.10829617]
  [0.19878327 0.         0.31238208 ... 0.01180596 0.05223171 0.        ]
  ...
  [0.         0.17407505 0.         ... 0.         0.03917132 0.02265197]
  [0.12438186 0.         0.26435696 ... 0.08567735 0.         0.        ]
  [0.         0.21981012 0.         ... 0.         0.         0.06823194]]

 [[0.         0.29566351 0.         ... 0.         0.         0.12737417]
  [0.23071005 0.         0.36036137 ... 0.04477759 0.05893753 0.        ]
  [0.         0.32007215 0.         ... 0.         0.         0.17488625]
  ...
  [0.12615643 0.         0.28515526 ... 0.1510241  0.         0.        ]
  [0.         0.23580646 0.         ... 0.         0.03693653 0.07427509]
  [0.19193253 0.         0.33637485 ... 0.09268014 0.01405493 0.        ]]]","[[0. 0. 0. ... 0. 0. 0.]
 [0. 0. 0. ... 0. 0. 0.]
 [0. 0. 0. ... 0. 0. 0.]
 ...
 [0. 0. 0. ... 0. 0. 0.]
 [0. 0. 0. ... 0. 0. 0.]
 [0. 0. 0. ... 0. 0. 0.]]","[[0. 0. 0. ... 0. 0. 0.]
 [0. 0. 0. ... 0. 0. 0.]
 [0. 0. 0. ... 0. 0. 0.]
 ...
 [0. 0. 0. ... 0. 0. 0.]
 [0. 0. 0. ... 0. 0. 0.]
 [0. 0. 0. ... 0. 0. 0.]]"
0.6,0.03,2,1000.0,30,12.25770573893,0.4493586943439139,0.5044397608088887,"[[[0.963 1.004 1.008 ... 0.995 0.991 1.007]
  [1.025 1.01  1.04  ... 1.033 1.023 0.961]
  [0.975 0.999 1.032 ... 1.039 0.99  0.968]
  ...
  [1.047 1.023 1.012 ... 0.992 0.986 1.016]
  [0.99  1.062 1.017 ... 0.97  1.014 1.012]
  [1.005 0.972 1.028 ... 1.024 1.007 0.971]]

 [[0.963 1.004 1.008 ... 0.995 0.991 1.007]
  [1.025 1.01  1.04  ... 1.033 1.023 0.961]
  [0.975 0.999 1.032 ... 1.039 0.99  0.968]
  ...
  [1.047 1.023 1.012 ... 0.992 0.986 1.016]
  [0.99  1.062 1.017 ... 0.97  1.014 1.012]
  [1.005 0.972 1.028 ... 1.024 1.007 0.971]]]","[[[0.38596261 0.         0.44165109 ... 0.         0.27527308 0.        ]
  [0.         0.43621145 0.         ... 0.21016426 0.         0.33508801]
  [0.37559347 0.         0.44227432 ... 0.         0.25683317 0.        ]
  ...
  [0.         0.31232594 0.         ... 0.12326599 0.         0.24374818]
  [0.33021214 0.         0.37331477 ... 0.         0.23248856 0.        ]
  [0.         0.39751482 0.         ... 0.19639575 0.         0.31676543]]

 [[0.         0.49999314 0.         ... 0.25394756 0.         0.40014117]
  [0.45906109 0.         0.5188826  ... 0.         0.3271019  0.        ]
  [0.         0.49292496 0.         ... 0.22496221 0.         0.39019059]
  ...
  [0.33221175 0.         0.37719488 ... 0.         0.23328196 0.        ]
  [0.         0.41557296 0.         ... 0.20990715 0.         0.34131982]
  [0.43464582 0.         0.48069134 ... 0.         0.31270711 0.        ]]]","[[0. 0. 0. ... 0. 0. 0.]
 [0. 0. 0. ... 0. 0. 0.]
 [0. 0. 0. ... 0. 0. 0.]
 ...
 [0. 0. 0. ... 0. 0. 0.]
 [0. 0. 0. ... 0. 0. 0.]
 [0. 0. 0. ... 0. 0. 0.]]","[[0. 0. 0. ... 0. 0. 0.]
 [0. 0. 0. ... 0. 0. 0.]
 [0. 0. 0. ... 0. 0. 0.]
 ...
 [0. 0. 0. ... 0. 0. 0.]
 [0. 0. 0. ... 0. 0. 0.]
 [0. 0. 0. ... 0. 0. 0.]]"
0.6,0.03,2,10000.0,10,56.324219030858195,0.3328770118782787,0.5203673891519762,"[[[0.9884 1.0011 1.0026 ... 0.9985 0.9971 1.0023]
  [1.0079 1.0031 1.0127 ... 1.0103 1.0073 1.0034]
  [0.9921 0.9997 1.0102 ... 1.0123 0.997  0.9901]
  ...
  [1.0149 1.0074 1.0039 ... 0.9974 0.9957 1.0051]
  [0.9968 1.0195 1.0053 ... 0.9904 1.0046 1.0037]
  [1.0015 0.9911 1.0088 ... 1.0076 1.0021 0.9909]]

 [[0.9884 1.0011 1.0026 ... 0.9985 0.9971 1.0023]
  [1.0079 1.0031 1.0127 ... 1.0103 1.0073 1.0034]
  [0.9921 0.9997 1.0102 ... 1.0123 0.997  0.9901]
  ...
  [1.0149 1.0074 1.0039 ... 0.9974 0.9957 1.0051]
  [0.9968 1.0195 1.0053 ... 0.9904 1.0046 1.0037]
  [1.0015 0.9911 1.0088 ... 1.0076 1.0021 0.9909]]]","[[[0.10793781 0.         0.05345181 ... 0.         0.1467542  0.        ]
  [0.         0.08356789 0.         ... 0.13963648 0.         0.1233308 ]
  [0.09155006 0.         0.05945145 ... 0.         0.11183682 0.        ]
  ...
  [0.         0.05837965 0.         ... 0.15970655 0.         0.12465493]
  [0.10236069 0.         0.03241254 ... 0.         0.15429893 0.        ]
  [0.         0.07636962 0.         ... 0.16561361 0.         0.13368912]]

 [[0.         0.11906721 0.         ... 0.19957454 0.         0.17333046]
  [0.14200302 0.         0.08982052 ... 0.         0.17449113 0.        ]
  [0.         0.1118362  0.         ... 0.15087855 0.         0.14611758]
  ...
  [0.12849825 0.         0.04718594 ... 0.         0.19051056 0.        ]
  [0.         0.09986693 0.         ... 0.21287792 0.         0.17318723]
  [0.14770079 0.         0.07422189 ... 0.         0.197815   0.        ]]]","[[0. 0. 0. ... 0. 0. 0.]
 [0. 0. 0. ... 0. 0. 0.]
 [0. 0. 0. ... 0. 0. 0.]
 ...
 [0. 0. 0. ... 0. 0. 0.]
 [0. 0. 0. ... 0. 0. 0.]
 [0. 0. 0. ... 0. 0. 0.]]","[[0. 0. 0. ... 0. 0. 0.]
 [0. 0. 0. ... 0. 0. 0.]
 [0. 0. 0. ... 0. 0. 0.]
 ...
 [0. 0. 0. ... 0. 0. 0.]
 [0. 0. 0. ... 0. 0. 0.]
 [0. 0. 0. ... 0. 0. 0.]]"
0.6,0.03,2,10000.0,20,0.4475390945522974,0.5204810298243575,0.5228103859125499,"[[[0.9884 1.0011 1.0026 ... 0.9985 0.9971 1.0023]
  [1.0079 1.0031 1.0127 ... 1.0103 1.0073 1.0034]
  [0.9921 0.9997 1.0102 ... 1.0123 0.997  0.9901]
  ...
  [1.0149 1.0074 1.0039 ... 0.9974 0.9957 1.0051]
  [0.9968 1.0195 1.0053 ... 0.9904 1.0046 1.0037]
  [1.0015 0.9911 1.0088 ... 1.0076 1.0021 0.9909]]

 [[0.9884 1.0011 1.0026 ... 0.9985 0.9971 1.0023]
  [1.0079 1.0031 1.0127 ... 1.0103 1.0073 1.0034]
  [0.9921 0.9997 1.0102 ... 1.0123 0.997  0.9901]
  ...
  [1.0149 1.0074 1.0039 ... 0.9974 0.9957 1.0051]
  [0.9968 1.0195 1.0053 ... 0.9904 1.0046 1.0037]
  [1.0015 0.9911 1.0088 ... 1.0076 1.0021 0.9909]]]","[[[0.10864755 0.         0.10152174 ... 0.         0.08654146 0.        ]
  [0.         0.12469431 0.         ... 0.07998779 0.         0.11677411]
  [0.13414935 0.         0.12718852 ... 0.         0.10706158 0.        ]
  ...
  [0.         0.06705561 0.         ... 0.00871777 0.         0.04572278]
  [0.07654063 0.         0.07869808 ... 0.         0.05200263 0.        ]
  [0.         0.09485762 0.         ... 0.05432465 0.         0.08444642]]

 [[0.         0.15056602 0.         ... 0.10316246 0.         0.14077905]
  [0.16451445 0.         0.15206052 ... 0.         0.13709084 0.        ]
  [0.         0.17851876 0.         ... 0.11874621 0.         0.16940465]
  ...
  [0.09002655 0.         0.10209534 ... 0.         0.05852191 0.        ]
  [0.         0.11456683 0.         ... 0.06567441 0.         0.10085516]
  [0.13248903 0.         0.12564369 ... 0.         0.10601926 0.        ]]]","[[0. 0. 0. ... 0. 0. 0.]
 [0. 0. 0. ... 0. 0. 0.]
 [0. 0. 0. ... 0. 0. 0.]
 ...
 [0. 0. 0. ... 0. 0. 0.]
 [0. 0. 0. ... 0. 0. 0.]
 [0. 0. 0. ... 0. 0. 0.]]","[[0. 0. 0. ... 0. 0. 0.]
 [0. 0. 0. ... 0. 0. 0.]
 [0. 0. 0. ... 0. 0. 0.]
 ...
 [0. 0. 0. ... 0. 0. 0.]
 [0. 0. 0. ... 0. 0. 0.]
 [0. 0. 0. ... 0. 0. 0.]]"
0.6,0.03,2,10000.0,30,17.64745162145851,0.4493586943439139,0.5286590525350737,"[[[0.9884 1.0011 1.0026 ... 0.9985 0.9971 1.0023]
  [1.0079 1.0031 1.0127 ... 1.0103 1.0073 1.0034]
  [0.9921 0.9997 1.0102 ... 1.0123 0.997  0.9901]
  ...
  [1.0149 1.0074 1.0039 ... 0.9974 0.9957 1.0051]
  [0.9968 1.0195 1.0053 ... 0.9904 1.0046 1.0037]
  [1.0015 0.9911 1.0088 ... 1.0076 1.0021 0.9909]]

 [[0.9884 1.0011 1.0026 ... 0.9985 0.9971 1.0023]
  [1.0079 1.0031 1.0127 ... 1.0103 1.0073 1.0034]
  [0.9921 0.9997 1.0102 ... 1.0123 0.997  0.9901]
  ...
  [1.0149 1.0074 1.0039 ... 0.9974 0.9957 1.0051]
  [0.9968 1.0195 1.0053 ... 0.9904 1.0046 1.0037]
  [1.0015 0.9911 1.0088 ... 1.0076 1.0021 0.9909]]]","[[[0.16720992 0.         0.17862463 ... 0.         0.12366868 0.        ]
  [0.         0.16961926 0.         ... 0.08989829 0.         0.14374645]
  [0.14149679 0.         0.15078664 ... 0.         0.1036727  0.        ]
  ...
  [0.         0.1645425  0.         ... 0.07323746 0.         0.13346256]
  [0.16376192 0.         0.17657615 ... 0.         0.11841716 0.        ]
  [0.         0.17913087 0.         ... 0.09316634 0.         0.14961207]]

 [[0.         0.22537719 0.         ... 0.12984934 0.         0.19336265]
  [0.20320119 0.         0.21159345 ... 0.         0.15637469 0.        ]
  [0.         0.19372951 0.         ... 0.10963004 0.         0.16965664]
  ...
  [0.19388287 0.         0.20988567 ... 0.         0.14419515 0.        ]
  [0.         0.21792844 0.         ... 0.12224791 0.         0.18679248]
  [0.21556062 0.         0.22634319 ... 0.         0.16386523 0.        ]]]","[[0. 0. 0. ... 0. 0. 0.]
 [0. 0. 0. ... 0. 0. 0.]
 [0. 0. 0. ... 0. 0. 0.]
 ...
 [0. 0. 0. ... 0. 0. 0.]
 [0. 0. 0. ... 0. 0. 0.]
 [0. 0. 0. ... 0. 0. 0.]]","[[0. 0. 0. ... 0. 0. 0.]
 [0. 0. 0. ... 0. 0. 0.]
 [0. 0. 0. ... 0. 0. 0.]
 ...
 [0. 0. 0. ... 0. 0. 0.]
 [0. 0. 0. ... 0. 0. 0.]
 [0. 0. 0. ... 0. 0. 0.]]"
0.6,0.03,2,100000.0,10,57.685887120018506,0.3328770118782787,0.5249000691988731,"[[[0.99634 1.00036 1.00084 ... 0.99954 0.9991  1.00071]
  [1.00251 1.00098 1.00401 ... 1.00324 1.0023  0.99612]
  [0.9975  0.99989 1.00321 ... 1.00388 0.99905 0.99687]
  ...
  [1.0047  1.00233 1.00125 ... 0.99918 0.99864 1.00161]
  [0.999   1.00618 1.00168 ... 0.99697 0.99763 1.00116]
  [1.00046 0.99718 1.00279 ... 1.0024  1.00065 0.99712]]

 [[0.99634 1.00036 1.00084 ... 0.99954 0.99909 1.00071]
  [1.00251 1.00098 1.00401 ... 1.00324 1.0023  0.99612]
  [0.9975  0.99989 1.00321 ... 1.00388 0.99905 0.99687]
  ...
  [1.0047  1.00233 1.00125 ... 0.99917 0.99864 1.00161]
  [0.999   1.00618 1.00327 ... 0.99697 0.99763 1.00116]
  [1.00046 0.99718 1.00279 ... 1.0024  1.00065 0.99712]]]","[[[0.04691193 0.         0.         ... 0.         0.11104272 0.        ]
  [0.         0.00619714 0.0040591  ... 0.10961363 0.         0.06341182]
  [0.01967515 0.         0.         ... 0.         0.06201623 0.        ]
  ...
  [0.         0.01410254 0.01493827 ... 0.17015458 0.         0.10479345]
  [0.059437   0.         0.         ... 0.         0.13702116 0.        ]
  [0.         0.01370697 0.00793637 ... 0.15401849 0.         0.09347104]]

 [[0.         0.03973974 0.03155649 ... 0.17705547 0.         0.11739478]
  [0.06589551 0.         0.00070647 ... 0.         0.1257942  0.        ]
  [0.         0.02404551 0.03161302 ... 0.11317955 0.         0.07444644]
  ...
  [0.09415833 0.         0.         ... 0.         0.18490306 0.        ]
  [0.         0.04206186 0.03845387 ... 0.21172518 0.         0.13966838]
  [0.08834964 0.         0.         ... 0.         0.16867529 0.        ]]]","[[0. 0. 0. ... 0. 0. 0.]
 [0. 0. 0. ... 0. 0. 0.]
 [0. 0. 0. ... 0. 0. 0.]
 ...
 [0. 0. 0. ... 0. 0. 0.]
 [0. 0. 0. ... 0. 0. 0.]
 [0. 0. 0. ... 0. 0. 0.]]","[[0. 0. 0. ... 0. 0. 0.]
 [0. 0. 0. ... 0. 0. 0.]
 [0. 0. 0. ... 0. 0. 0.]
 ...
 [0. 0. 0. ... 0. 0. 0.]
 [0. 0. 0. ... 0. 0. 0.]
 [0. 0. 0. ... 0. 0. 0.]]"
0.6,0.03,2,100000.0,20,2.101911262822874,0.5204810298243575,0.5314210792110922,"[[[0.99634 1.00036 1.00084 ... 0.99954 0.99909 1.00071]
  [1.00251 1.00098 1.00401 ... 1.00324 1.0023  0.99612]
  [0.9975  0.99989 1.00321 ... 1.00388 0.99905 0.99687]
  ...
  [1.0047  1.00233 1.00125 ... 0.99917 0.99864 1.00161]
  [0.999   1.00618 1.00168 ... 0.99697 0.99763 1.00116]
  [1.00046 0.99718 1.00279 ... 1.0024  1.00065 0.99712]]

 [[0.99634 1.00036 1.00084 ... 0.99954 0.99909 1.00071]
  [1.00251 1.00098 1.00401 ... 1.00324 1.0023  0.99612]
  [0.9975  0.99989 1.00321 ... 1.00388 0.99905 0.99687]
  ...
  [1.0047  1.00233 1.00125 ... 0.99917 0.99864 1.00161]
  [0.999   1.00618 1.00168 ... 0.99697 0.99763 1.00116]
  [1.00046 0.99718 1.00279 ... 1.0024  1.00065 0.99712]]]","[[[0.01755764 0.         0.         ... 0.         0.04465114 0.        ]
  [0.         0.02421067 0.         ... 0.0731057  0.         0.05774043]
  [0.07002527 0.         0.02747903 ... 0.         0.08833025 0.        ]
  ...
  [0.02575732 0.         0.04583554 ... 0.         0.00892931 0.        ]
  [0.         0.02319119 0.         ... 0.         0.         0.        ]
  [0.         0.         0.02570512 ... 0.03061918 0.         0.00814219]]

 [[0.         0.02574735 0.03295747 ... 0.08650004 0.         0.06446576]
  [0.07572327 0.         0.02548928 ... 0.         0.10250381 0.        ]
  [0.         0.08536974 0.         ... 0.12598459 0.         0.12003211]
  ...
  [0.         0.06586847 0.         ... 0.02855746 0.         0.04582471]
  [0.03617493 0.         0.07059722 ... 0.03376943 0.01077356 0.01028758]
  [0.02037854 0.03269906 0.         ... 0.         0.04998432 0.        ]]]","[[0. 0. 0. ... 0. 0. 0.]
 [0. 0. 0. ... 0. 0. 0.]
 [0. 0. 0. ... 0. 0. 0.]
 ...
 [0. 0. 0. ... 0. 0. 0.]
 [0. 0. 0. ... 0. 0. 0.]
 [0. 0. 0. ... 0. 0. 0.]]","[[0. 0. 0. ... 0. 0. 0.]
 [0. 0. 0. ... 0. 0. 0.]
 [0. 0. 0. ... 0. 0. 0.]
 ...
 [0. 0. 0. ... 0. 0. 0.]
 [0. 0. 0. ... 0. 0. 0.]
 [0. 0. 0. ... 0. 0. 0.]]"
0.6,0.03,2,100000.0,30,19.472551772875764,0.4493586943439139,0.5368602987459511,"[[[0.99634 1.00036 1.00084 ... 0.99954 0.99909 1.00071]
  [1.00251 1.00098 1.00401 ... 1.00324 1.0023  0.99612]
  [0.9975  0.99989 1.00321 ... 1.00388 0.99905 0.99687]
  ...
  [1.0047  1.00233 1.00125 ... 0.99917 0.99864 1.00161]
  [0.999   1.00618 1.00168 ... 0.99697 0.99763 1.00116]
  [1.00046 0.99718 1.00279 ... 1.0024  1.00065 0.99712]]

 [[0.99634 1.00036 1.00084 ... 0.99954 0.99909 1.00071]
  [1.00251 1.00098 1.00401 ... 1.00324 1.0023  0.99612]
  [0.9975  0.99989 1.00321 ... 1.00388 0.99905 0.99687]
  ...
  [1.0047  1.00233 1.00125 ... 0.99917 0.99864 1.00161]
  [0.999   1.00618 1.00327 ... 0.99697 0.99763 1.00116]
  [1.00046 0.99718 1.00279 ... 1.0024  1.00065 0.99712]]]","[[[0.0790761  0.         0.07534415 ... 0.         0.06217823 0.        ]
  [0.         0.07560504 0.         ... 0.03862349 0.         0.0639952 ]
  [0.06101795 0.         0.06636532 ... 0.         0.03981502 0.        ]
  ...
  [0.         0.08082982 0.         ... 0.06368715 0.         0.08335354]
  [0.08520771 0.         0.07442819 ... 0.         0.07303916 0.        ]
  [0.         0.08236285 0.         ... 0.05584273 0.         0.0786114 ]]

 [[0.         0.11613325 0.         ... 0.07989479 0.         0.10781973]
  [0.10656768 0.         0.10688772 ... 0.         0.08471864 0.        ]
  [0.         0.100292   0.         ... 0.05396884 0.         0.08526989]
  ...
  [0.12034658 0.         0.10415313 ... 0.         0.11080306 0.        ]
  [0.         0.11741799 0.         ... 0.09422631 0.         0.11764061]
  [0.11972171 0.         0.11027945 ... 0.         0.10325398 0.        ]]]","[[0. 0. 0. ... 0. 0. 0.]
 [0. 0. 0. ... 0. 0. 0.]
 [0. 0. 0. ... 0. 0. 0.]
 ...
 [0. 0. 0. ... 0. 0. 0.]
 [0. 0. 0. ... 0. 0. 0.]
 [0. 0. 0. ... 0. 0. 0.]]","[[0. 0. 0. ... 0. 0. 0.]
 [0. 0. 0. ... 0. 0. 0.]
 [0. 0. 0. ... 0. 0. 0.]
 ...
 [0. 0. 0. ... 0. 0. 0.]
 [0. 0. 0. ... 0. 0. 0.]
 [0. 0. 0. ... 0. 0. 0.]]"
0.6,0.03,4,1000.0,10,50.6736108687535,0.3328770118782787,0.501557813549012,"[[[0.963 1.004 1.008 ... 0.995 0.991 1.007]
  [1.025 1.01  1.04  ... 1.033 1.023 0.961]
  [0.975 0.999 1.032 ... 1.039 0.99  0.968]
  ...
  [1.047 1.023 1.012 ... 0.992 0.986 1.016]
  [0.99  1.062 1.017 ... 0.97  1.014 1.012]
  [1.005 0.972 1.028 ... 1.024 1.007 0.971]]

 [[0.963 1.004 1.008 ... 0.995 0.991 1.007]
  [1.025 1.01  1.04  ... 1.033 1.023 0.961]
  [0.975 0.999 1.032 ... 1.039 0.99  0.968]
  ...
  [1.047 1.023 1.012 ... 0.992 0.986 1.016]
  [0.99  1.062 1.017 ... 0.97  1.014 1.012]
  [1.005 0.972 1.028 ... 1.024 1.007 0.971]]]","[[[0.15348586 0.         0.2557486  ... 0.00679549 0.0367387  0.        ]
  [0.         0.21010755 0.         ... 0.         0.         0.09622222]
  [0.14782856 0.         0.2312909  ... 0.         0.04600906 0.        ]
  ...
  [0.         0.1822233  0.         ... 0.         0.         0.07409766]
  [0.14195386 0.         0.24455111 ... 0.02088538 0.02487248 0.        ]
  [0.         0.20429072 0.         ... 0.         0.         0.08996136]]

 [[0.         0.26043531 0.         ... 0.         0.         0.13274655]
  [0.19450319 0.         0.29183519 ... 0.01682006 0.06747169 0.        ]
  [0.         0.24257227 0.         ... 0.00711861 0.         0.14226218]
  ...
  [0.15985141 0.         0.27076924 ... 0.06260141 0.03679042 0.        ]
  [0.         0.23289078 0.         ... 0.         0.         0.11559142]
  [0.19467184 0.         0.30254518 ... 0.03573456 0.05691361 0.        ]]]","[[0. 0. 0. ... 0. 0. 0.]
 [0. 0. 0. ... 0. 0. 0.]
 [0. 0. 0. ... 0. 0. 0.]
 ...
 [0. 0. 0. ... 0. 0. 0.]
 [0. 0. 0. ... 0. 0. 0.]
 [0. 0. 0. ... 0. 0. 0.]]","[[0. 0. 0. ... 0. 0. 0.]
 [0. 0. 0. ... 0. 0. 0.]
 [0. 0. 0. ... 0. 0. 0.]
 ...
 [0. 0. 0. ... 0. 0. 0.]
 [0. 0. 0. ... 0. 0. 0.]
 [0. 0. 0. ... 0. 0. 0.]]"
0.6,0.03,4,1000.0,20,2.851323399298948,0.5204810298243575,0.5056404324320635,"[[[0.963 1.004 1.008 ... 0.995 0.991 1.007]
  [1.025 1.01  1.04  ... 1.033 1.023 0.961]
  [0.975 0.999 1.032 ... 1.039 0.99  0.968]
  ...
  [1.047 1.023 1.012 ... 0.992 0.986 1.016]
  [0.99  1.062 1.017 ... 0.97  1.014 1.012]
  [1.005 0.972 1.028 ... 1.024 1.007 0.971]]

 [[0.963 1.004 1.008 ... 0.995 0.991 1.007]
  [1.025 1.01  1.04  ... 1.033 1.023 0.961]
  [0.975 0.999 1.032 ... 1.039 0.99  0.968]
  ...
  [1.047 1.023 1.012 ... 0.992 0.986 1.016]
  [0.99  1.062 1.017 ... 0.97  1.014 1.012]
  [1.005 0.972 1.028 ... 1.024 1.007 0.971]]]","[[[0.16754645 0.         0.29973585 ... 0.04389268 0.01359779 0.        ]
  [0.         0.2596155  0.         ... 0.         0.         0.10829617]
  [0.19878327 0.         0.31238208 ... 0.01180596 0.05223171 0.        ]
  ...
  [0.         0.17407505 0.         ... 0.         0.03917132 0.02265197]
  [0.12438186 0.         0.26435696 ... 0.08567735 0.         0.        ]
  [0.         0.21981012 0.         ... 0.         0.         0.06823194]]

 [[0.         0.29566351 0.         ... 0.         0.         0.12737417]
  [0.23071005 0.         0.36036137 ... 0.04477759 0.05893753 0.        ]
  [0.         0.32007215 0.         ... 0.         0.         0.17488625]
  ...
  [0.12615643 0.         0.28515526 ... 0.1510241  0.         0.        ]
  [0.         0.23580646 0.         ... 0.         0.03693653 0.07427509]
  [0.19193253 0.         0.33637485 ... 0.09268014 0.01405493 0.        ]]]","[[0. 0. 0. ... 0. 0. 0.]
 [0. 0. 0. ... 0. 0. 0.]
 [0. 0. 0. ... 0. 0. 0.]
 ...
 [0. 0. 0. ... 0. 0. 0.]
 [0. 0. 0. ... 0. 0. 0.]
 [0. 0. 0. ... 0. 0. 0.]]","[[0. 0. 0. ... 0. 0. 0.]
 [0. 0. 0. ... 0. 0. 0.]
 [0. 0. 0. ... 0. 0. 0.]
 ...
 [0. 0. 0. ... 0. 0. 0.]
 [0. 0. 0. ... 0. 0. 0.]
 [0. 0. 0. ... 0. 0. 0.]]"
0.6,0.03,4,1000.0,30,12.25770573893,0.4493586943439139,0.5044397608088887,"[[[0.963 1.004 1.008 ... 0.995 0.991 1.007]
  [1.025 1.01  1.04  ... 1.033 1.023 0.961]
  [0.975 0.999 1.032 ... 1.039 0.99  0.968]
  ...
  [1.047 1.023 1.012 ... 0.992 0.986 1.016]
  [0.99  1.062 1.017 ... 0.97  1.014 1.012]
  [1.005 0.972 1.028 ... 1.024 1.007 0.971]]

 [[0.963 1.004 1.008 ... 0.995 0.991 1.007]
  [1.025 1.01  1.04  ... 1.033 1.023 0.961]
  [0.975 0.999 1.032 ... 1.039 0.99  0.968]
  ...
  [1.047 1.023 1.012 ... 0.992 0.986 1.016]
  [0.99  1.062 1.017 ... 0.97  1.014 1.012]
  [1.005 0.972 1.028 ... 1.024 1.007 0.971]]]","[[[0.38596261 0.         0.44165109 ... 0.         0.27527308 0.        ]
  [0.         0.43621145 0.         ... 0.21016426 0.         0.33508801]
  [0.37559347 0.         0.44227432 ... 0.         0.25683317 0.        ]
  ...
  [0.         0.31232594 0.         ... 0.12326599 0.         0.24374818]
  [0.33021214 0.         0.37331477 ... 0.         0.23248856 0.        ]
  [0.         0.39751482 0.         ... 0.19639575 0.         0.31676543]]

 [[0.         0.49999314 0.         ... 0.25394756 0.         0.40014117]
  [0.45906109 0.         0.5188826  ... 0.         0.3271019  0.        ]
  [0.         0.49292496 0.         ... 0.22496221 0.         0.39019059]
  ...
  [0.33221175 0.         0.37719488 ... 0.         0.23328196 0.        ]
  [0.         0.41557296 0.         ... 0.20990715 0.         0.34131982]
  [0.43464582 0.         0.48069134 ... 0.         0.31270711 0.        ]]]","[[0. 0. 0. ... 0. 0. 0.]
 [0. 0. 0. ... 0. 0. 0.]
 [0. 0. 0. ... 0. 0. 0.]
 ...
 [0. 0. 0. ... 0. 0. 0.]
 [0. 0. 0. ... 0. 0. 0.]
 [0. 0. 0. ... 0. 0. 0.]]","[[0. 0. 0. ... 0. 0. 0.]
 [0. 0. 0. ... 0. 0. 0.]
 [0. 0. 0. ... 0. 0. 0.]
 ...
 [0. 0. 0. ... 0. 0. 0.]
 [0. 0. 0. ... 0. 0. 0.]
 [0. 0. 0. ... 0. 0. 0.]]"
0.6,0.03,4,10000.0,10,56.324219030858195,0.3328770118782787,0.5203673891519762,"[[[0.9884 1.0011 1.0026 ... 0.9985 0.9971 1.0023]
  [1.0079 1.0031 1.0127 ... 1.0103 1.0073 1.0034]
  [0.9921 0.9997 1.0102 ... 1.0123 0.997  0.9901]
  ...
  [1.0149 1.0074 1.0039 ... 0.9974 0.9957 1.0051]
  [0.9968 1.0195 1.0053 ... 0.9904 1.0046 1.0037]
  [1.0015 0.9911 1.0088 ... 1.0076 1.0021 0.9909]]

 [[0.9884 1.0011 1.0026 ... 0.9985 0.9971 1.0023]
  [1.0079 1.0031 1.0127 ... 1.0103 1.0073 1.0034]
  [0.9921 0.9997 1.0102 ... 1.0123 0.997  0.9901]
  ...
  [1.0149 1.0074 1.0039 ... 0.9974 0.9957 1.0051]
  [0.9968 1.0195 1.0053 ... 0.9904 1.0046 1.0037]
  [1.0015 0.9911 1.0088 ... 1.0076 1.0021 0.9909]]]","[[[0.10793781 0.         0.05345181 ... 0.         0.1467542  0.        ]
  [0.         0.08356789 0.         ... 0.13963648 0.         0.1233308 ]
  [0.09155006 0.         0.05945145 ... 0.         0.11183682 0.        ]
  ...
  [0.         0.05837965 0.         ... 0.15970655 0.         0.12465493]
  [0.10236069 0.         0.03241254 ... 0.         0.15429893 0.        ]
  [0.         0.07636962 0.         ... 0.16561361 0.         0.13368912]]

 [[0.         0.11906721 0.         ... 0.19957454 0.         0.17333046]
  [0.14200302 0.         0.08982052 ... 0.         0.17449113 0.        ]
  [0.         0.1118362  0.         ... 0.15087855 0.         0.14611758]
  ...
  [0.12849825 0.         0.04718594 ... 0.         0.19051056 0.        ]
  [0.         0.09986693 0.         ... 0.21287792 0.         0.17318723]
  [0.14770079 0.         0.07422189 ... 0.         0.197815   0.        ]]]","[[0. 0. 0. ... 0. 0. 0.]
 [0. 0. 0. ... 0. 0. 0.]
 [0. 0. 0. ... 0. 0. 0.]
 ...
 [0. 0. 0. ... 0. 0. 0.]
 [0. 0. 0. ... 0. 0. 0.]
 [0. 0. 0. ... 0. 0. 0.]]","[[0. 0. 0. ... 0. 0. 0.]
 [0. 0. 0. ... 0. 0. 0.]
 [0. 0. 0. ... 0. 0. 0.]
 ...
 [0. 0. 0. ... 0. 0. 0.]
 [0. 0. 0. ... 0. 0. 0.]
 [0. 0. 0. ... 0. 0. 0.]]"
0.6,0.03,4,10000.0,20,0.4475390945522974,0.5204810298243575,0.5228103859125499,"[[[0.9884 1.0011 1.0026 ... 0.9985 0.9971 1.0023]
  [1.0079 1.0031 1.0127 ... 1.0103 1.0073 1.0034]
  [0.9921 0.9997 1.0102 ... 1.0123 0.997  0.9901]
  ...
  [1.0149 1.0074 1.0039 ... 0.9974 0.9957 1.0051]
  [0.9968 1.0195 1.0053 ... 0.9904 1.0046 1.0037]
  [1.0015 0.9911 1.0088 ... 1.0076 1.0021 0.9909]]

 [[0.9884 1.0011 1.0026 ... 0.9985 0.9971 1.0023]
  [1.0079 1.0031 1.0127 ... 1.0103 1.0073 1.0034]
  [0.9921 0.9997 1.0102 ... 1.0123 0.997  0.9901]
  ...
  [1.0149 1.0074 1.0039 ... 0.9974 0.9957 1.0051]
  [0.9968 1.0195 1.0053 ... 0.9904 1.0046 1.0037]
  [1.0015 0.9911 1.0088 ... 1.0076 1.0021 0.9909]]]","[[[0.10864755 0.         0.10152174 ... 0.         0.08654146 0.        ]
  [0.         0.12469431 0.         ... 0.07998779 0.         0.11677411]
  [0.13414935 0.         0.12718852 ... 0.         0.10706158 0.        ]
  ...
  [0.         0.06705561 0.         ... 0.00871777 0.         0.04572278]
  [0.07654063 0.         0.07869808 ... 0.         0.05200263 0.        ]
  [0.         0.09485762 0.         ... 0.05432465 0.         0.08444642]]

 [[0.         0.15056602 0.         ... 0.10316246 0.         0.14077905]
  [0.16451445 0.         0.15206052 ... 0.         0.13709084 0.        ]
  [0.         0.17851876 0.         ... 0.11874621 0.         0.16940465]
  ...
  [0.09002655 0.         0.10209534 ... 0.         0.05852191 0.        ]
  [0.         0.11456683 0.         ... 0.06567441 0.         0.10085516]
  [0.13248903 0.         0.12564369 ... 0.         0.10601926 0.        ]]]","[[0. 0. 0. ... 0. 0. 0.]
 [0. 0. 0. ... 0. 0. 0.]
 [0. 0. 0. ... 0. 0. 0.]
 ...
 [0. 0. 0. ... 0. 0. 0.]
 [0. 0. 0. ... 0. 0. 0.]
 [0. 0. 0. ... 0. 0. 0.]]","[[0. 0. 0. ... 0. 0. 0.]
 [0. 0. 0. ... 0. 0. 0.]
 [0. 0. 0. ... 0. 0. 0.]
 ...
 [0. 0. 0. ... 0. 0. 0.]
 [0. 0. 0. ... 0. 0. 0.]
 [0. 0. 0. ... 0. 0. 0.]]"
0.6,0.03,4,10000.0,30,17.64745162145851,0.4493586943439139,0.5286590525350737,"[[[0.9884 1.0011 1.0026 ... 0.9985 0.9971 1.0023]
  [1.0079 1.0031 1.0127 ... 1.0103 1.0073 1.0034]
  [0.9921 0.9997 1.0102 ... 1.0123 0.997  0.9901]
  ...
  [1.0149 1.0074 1.0039 ... 0.9974 0.9957 1.0051]
  [0.9968 1.0195 1.0053 ... 0.9904 1.0046 1.0037]
  [1.0015 0.9911 1.0088 ... 1.0076 1.0021 0.9909]]

 [[0.9884 1.0011 1.0026 ... 0.9985 0.9971 1.0023]
  [1.0079 1.0031 1.0127 ... 1.0103 1.0073 1.0034]
  [0.9921 0.9997 1.0102 ... 1.0123 0.997  0.9901]
  ...
  [1.0149 1.0074 1.0039 ... 0.9974 0.9957 1.0051]
  [0.9968 1.0195 1.0053 ... 0.9904 1.0046 1.0037]
  [1.0015 0.9911 1.0088 ... 1.0076 1.0021 0.9909]]]","[[[0.16720992 0.         0.17862463 ... 0.         0.12366868 0.        ]
  [0.         0.16961926 0.         ... 0.08989829 0.         0.14374645]
  [0.14149679 0.         0.15078664 ... 0.         0.1036727  0.        ]
  ...
  [0.         0.1645425  0.         ... 0.07323746 0.         0.13346256]
  [0.16376192 0.         0.17657615 ... 0.         0.11841716 0.        ]
  [0.         0.17913087 0.         ... 0.09316634 0.         0.14961207]]

 [[0.         0.22537719 0.         ... 0.12984934 0.         0.19336265]
  [0.20320119 0.         0.21159345 ... 0.         0.15637469 0.        ]
  [0.         0.19372951 0.         ... 0.10963004 0.         0.16965664]
  ...
  [0.19388287 0.         0.20988567 ... 0.         0.14419515 0.        ]
  [0.         0.21792844 0.         ... 0.12224791 0.         0.18679248]
  [0.21556062 0.         0.22634319 ... 0.         0.16386523 0.        ]]]","[[0. 0. 0. ... 0. 0. 0.]
 [0. 0. 0. ... 0. 0. 0.]
 [0. 0. 0. ... 0. 0. 0.]
 ...
 [0. 0. 0. ... 0. 0. 0.]
 [0. 0. 0. ... 0. 0. 0.]
 [0. 0. 0. ... 0. 0. 0.]]","[[0. 0. 0. ... 0. 0. 0.]
 [0. 0. 0. ... 0. 0. 0.]
 [0. 0. 0. ... 0. 0. 0.]
 ...
 [0. 0. 0. ... 0. 0. 0.]
 [0. 0. 0. ... 0. 0. 0.]
 [0. 0. 0. ... 0. 0. 0.]]"
0.6,0.03,4,100000.0,10,57.685887120018506,0.3328770118782787,0.5249000691988731,"[[[0.99634 1.00036 1.00084 ... 0.99954 0.9991  1.00071]
  [1.00251 1.00098 1.00401 ... 1.00324 1.0023  0.99612]
  [0.9975  0.99989 1.00321 ... 1.00388 0.99905 0.99687]
  ...
  [1.0047  1.00233 1.00125 ... 0.99918 0.99864 1.00161]
  [0.999   1.00618 1.00168 ... 0.99697 0.99763 1.00116]
  [1.00046 0.99718 1.00279 ... 1.0024  1.00065 0.99712]]

 [[0.99634 1.00036 1.00084 ... 0.99954 0.99909 1.00071]
  [1.00251 1.00098 1.00401 ... 1.00324 1.0023  0.99612]
  [0.9975  0.99989 1.00321 ... 1.00388 0.99905 0.99687]
  ...
  [1.0047  1.00233 1.00125 ... 0.99917 0.99864 1.00161]
  [0.999   1.00618 1.00327 ... 0.99697 0.99763 1.00116]
  [1.00046 0.99718 1.00279 ... 1.0024  1.00065 0.99712]]]","[[[0.04691193 0.         0.         ... 0.         0.11104272 0.        ]
  [0.         0.00619714 0.0040591  ... 0.10961363 0.         0.06341182]
  [0.01967515 0.         0.         ... 0.         0.06201623 0.        ]
  ...
  [0.         0.01410254 0.01493827 ... 0.17015458 0.         0.10479345]
  [0.059437   0.         0.         ... 0.         0.13702116 0.        ]
  [0.         0.01370697 0.00793637 ... 0.15401849 0.         0.09347104]]

 [[0.         0.03973974 0.03155649 ... 0.17705547 0.         0.11739478]
  [0.06589551 0.         0.00070647 ... 0.         0.1257942  0.        ]
  [0.         0.02404551 0.03161302 ... 0.11317955 0.         0.07444644]
  ...
  [0.09415833 0.         0.         ... 0.         0.18490306 0.        ]
  [0.         0.04206186 0.03845387 ... 0.21172518 0.         0.13966838]
  [0.08834964 0.         0.         ... 0.         0.16867529 0.        ]]]","[[0. 0. 0. ... 0. 0. 0.]
 [0. 0. 0. ... 0. 0. 0.]
 [0. 0. 0. ... 0. 0. 0.]
 ...
 [0. 0. 0. ... 0. 0. 0.]
 [0. 0. 0. ... 0. 0. 0.]
 [0. 0. 0. ... 0. 0. 0.]]","[[0. 0. 0. ... 0. 0. 0.]
 [0. 0. 0. ... 0. 0. 0.]
 [0. 0. 0. ... 0. 0. 0.]
 ...
 [0. 0. 0. ... 0. 0. 0.]
 [0. 0. 0. ... 0. 0. 0.]
 [0. 0. 0. ... 0. 0. 0.]]"
0.6,0.03,4,100000.0,20,2.101911262822874,0.5204810298243575,0.5314210792110922,"[[[0.99634 1.00036 1.00084 ... 0.99954 0.99909 1.00071]
  [1.00251 1.00098 1.00401 ... 1.00324 1.0023  0.99612]
  [0.9975  0.99989 1.00321 ... 1.00388 0.99905 0.99687]
  ...
  [1.0047  1.00233 1.00125 ... 0.99917 0.99864 1.00161]
  [0.999   1.00618 1.00168 ... 0.99697 0.99763 1.00116]
  [1.00046 0.99718 1.00279 ... 1.0024  1.00065 0.99712]]

 [[0.99634 1.00036 1.00084 ... 0.99954 0.99909 1.00071]
  [1.00251 1.00098 1.00401 ... 1.00324 1.0023  0.99612]
  [0.9975  0.99989 1.00321 ... 1.00388 0.99905 0.99687]
  ...
  [1.0047  1.00233 1.00125 ... 0.99917 0.99864 1.00161]
  [0.999   1.00618 1.00168 ... 0.99697 0.99763 1.00116]
  [1.00046 0.99718 1.00279 ... 1.0024  1.00065 0.99712]]]","[[[0.01755764 0.         0.         ... 0.         0.04465114 0.        ]
  [0.         0.02421067 0.         ... 0.0731057  0.         0.05774043]
  [0.07002527 0.         0.02747903 ... 0.         0.08833025 0.        ]
  ...
  [0.02575732 0.         0.04583554 ... 0.         0.00892931 0.        ]
  [0.         0.02319119 0.         ... 0.         0.         0.        ]
  [0.         0.         0.02570512 ... 0.03061918 0.         0.00814219]]

 [[0.         0.02574735 0.03295747 ... 0.08650004 0.         0.06446576]
  [0.07572327 0.         0.02548928 ... 0.         0.10250381 0.        ]
  [0.         0.08536974 0.         ... 0.12598459 0.         0.12003211]
  ...
  [0.         0.06586847 0.         ... 0.02855746 0.         0.04582471]
  [0.03617493 0.         0.07059722 ... 0.03376943 0.01077356 0.01028758]
  [0.02037854 0.03269906 0.         ... 0.         0.04998432 0.        ]]]","[[0. 0. 0. ... 0. 0. 0.]
 [0. 0. 0. ... 0. 0. 0.]
 [0. 0. 0. ... 0. 0. 0.]
 ...
 [0. 0. 0. ... 0. 0. 0.]
 [0. 0. 0. ... 0. 0. 0.]
 [0. 0. 0. ... 0. 0. 0.]]","[[0. 0. 0. ... 0. 0. 0.]
 [0. 0. 0. ... 0. 0. 0.]
 [0. 0. 0. ... 0. 0. 0.]
 ...
 [0. 0. 0. ... 0. 0. 0.]
 [0. 0. 0. ... 0. 0. 0.]
 [0. 0. 0. ... 0. 0. 0.]]"
0.6,0.03,4,100000.0,30,19.472551772875764,0.4493586943439139,0.5368602987459511,"[[[0.99634 1.00036 1.00084 ... 0.99954 0.99909 1.00071]
  [1.00251 1.00098 1.00401 ... 1.00324 1.0023  0.99612]
  [0.9975  0.99989 1.00321 ... 1.00388 0.99905 0.99687]
  ...
  [1.0047  1.00233 1.00125 ... 0.99917 0.99864 1.00161]
  [0.999   1.00618 1.00168 ... 0.99697 0.99763 1.00116]
  [1.00046 0.99718 1.00279 ... 1.0024  1.00065 0.99712]]

 [[0.99634 1.00036 1.00084 ... 0.99954 0.99909 1.00071]
  [1.00251 1.00098 1.00401 ... 1.00324 1.0023  0.99612]
  [0.9975  0.99989 1.00321 ... 1.00388 0.99905 0.99687]
  ...
  [1.0047  1.00233 1.00125 ... 0.99917 0.99864 1.00161]
  [0.999   1.00618 1.00327 ... 0.99697 0.99763 1.00116]
  [1.00046 0.99718 1.00279 ... 1.0024  1.00065 0.99712]]]","[[[0.0790761  0.         0.07534415 ... 0.         0.06217823 0.        ]
  [0.         0.07560504 0.         ... 0.03862349 0.         0.0639952 ]
  [0.06101795 0.         0.06636532 ... 0.         0.03981502 0.        ]
  ...
  [0.         0.08082982 0.         ... 0.06368715 0.         0.08335354]
  [0.08520771 0.         0.07442819 ... 0.         0.07303916 0.        ]
  [0.         0.08236285 0.         ... 0.05584273 0.         0.0786114 ]]

 [[0.         0.11613325 0.         ... 0.07989479 0.         0.10781973]
  [0.10656768 0.         0.10688772 ... 0.         0.08471864 0.        ]
  [0.         0.100292   0.         ... 0.05396884 0.         0.08526989]
  ...
  [0.12034658 0.         0.10415313 ... 0.         0.11080306 0.        ]
  [0.         0.11741799 0.         ... 0.09422631 0.         0.11764061]
  [0.11972171 0.         0.11027945 ... 0.         0.10325398 0.        ]]]","[[0. 0. 0. ... 0. 0. 0.]
 [0. 0. 0. ... 0. 0. 0.]
 [0. 0. 0. ... 0. 0. 0.]
 ...
 [0. 0. 0. ... 0. 0. 0.]
 [0. 0. 0. ... 0. 0. 0.]
 [0. 0. 0. ... 0. 0. 0.]]","[[0. 0. 0. ... 0. 0. 0.]
 [0. 0. 0. ... 0. 0. 0.]
 [0. 0. 0. ... 0. 0. 0.]
 ...
 [0. 0. 0. ... 0. 0. 0.]
 [0. 0. 0. ... 0. 0. 0.]
 [0. 0. 0. ... 0. 0. 0.]]"
0.6,0.03,6,1000.0,10,50.6736108687535,0.3328770118782787,0.501557813549012,"[[[0.963 1.004 1.008 ... 0.995 0.991 1.007]
  [1.025 1.01  1.04  ... 1.033 1.023 0.961]
  [0.975 0.999 1.032 ... 1.039 0.99  0.968]
  ...
  [1.047 1.023 1.012 ... 0.992 0.986 1.016]
  [0.99  1.062 1.017 ... 0.97  1.014 1.012]
  [1.005 0.972 1.028 ... 1.024 1.007 0.971]]

 [[0.963 1.004 1.008 ... 0.995 0.991 1.007]
  [1.025 1.01  1.04  ... 1.033 1.023 0.961]
  [0.975 0.999 1.032 ... 1.039 0.99  0.968]
  ...
  [1.047 1.023 1.012 ... 0.992 0.986 1.016]
  [0.99  1.062 1.017 ... 0.97  1.014 1.012]
  [1.005 0.972 1.028 ... 1.024 1.007 0.971]]]","[[[0.15348586 0.         0.2557486  ... 0.00679549 0.0367387  0.        ]
  [0.         0.21010755 0.         ... 0.         0.         0.09622222]
  [0.14782856 0.         0.2312909  ... 0.         0.04600906 0.        ]
  ...
  [0.         0.1822233  0.         ... 0.         0.         0.07409766]
  [0.14195386 0.         0.24455111 ... 0.02088538 0.02487248 0.        ]
  [0.         0.20429072 0.         ... 0.         0.         0.08996136]]

 [[0.         0.26043531 0.         ... 0.         0.         0.13274655]
  [0.19450319 0.         0.29183519 ... 0.01682006 0.06747169 0.        ]
  [0.         0.24257227 0.         ... 0.00711861 0.         0.14226218]
  ...
  [0.15985141 0.         0.27076924 ... 0.06260141 0.03679042 0.        ]
  [0.         0.23289078 0.         ... 0.         0.         0.11559142]
  [0.19467184 0.         0.30254518 ... 0.03573456 0.05691361 0.        ]]]","[[0. 0. 0. ... 0. 0. 0.]
 [0. 0. 0. ... 0. 0. 0.]
 [0. 0. 0. ... 0. 0. 0.]
 ...
 [0. 0. 0. ... 0. 0. 0.]
 [0. 0. 0. ... 0. 0. 0.]
 [0. 0. 0. ... 0. 0. 0.]]","[[0. 0. 0. ... 0. 0. 0.]
 [0. 0. 0. ... 0. 0. 0.]
 [0. 0. 0. ... 0. 0. 0.]
 ...
 [0. 0. 0. ... 0. 0. 0.]
 [0. 0. 0. ... 0. 0. 0.]
 [0. 0. 0. ... 0. 0. 0.]]"
0.6,0.03,6,1000.0,20,2.851323399298948,0.5204810298243575,0.5056404324320635,"[[[0.963 1.004 1.008 ... 0.995 0.991 1.007]
  [1.025 1.01  1.04  ... 1.033 1.023 0.961]
  [0.975 0.999 1.032 ... 1.039 0.99  0.968]
  ...
  [1.047 1.023 1.012 ... 0.992 0.986 1.016]
  [0.99  1.062 1.017 ... 0.97  1.014 1.012]
  [1.005 0.972 1.028 ... 1.024 1.007 0.971]]

 [[0.963 1.004 1.008 ... 0.995 0.991 1.007]
  [1.025 1.01  1.04  ... 1.033 1.023 0.961]
  [0.975 0.999 1.032 ... 1.039 0.99  0.968]
  ...
  [1.047 1.023 1.012 ... 0.992 0.986 1.016]
  [0.99  1.062 1.017 ... 0.97  1.014 1.012]
  [1.005 0.972 1.028 ... 1.024 1.007 0.971]]]","[[[0.16754645 0.         0.29973585 ... 0.04389268 0.01359779 0.        ]
  [0.         0.2596155  0.         ... 0.         0.         0.10829617]
  [0.19878327 0.         0.31238208 ... 0.01180596 0.05223171 0.        ]
  ...
  [0.         0.17407505 0.         ... 0.         0.03917132 0.02265197]
  [0.12438186 0.         0.26435696 ... 0.08567735 0.         0.        ]
  [0.         0.21981012 0.         ... 0.         0.         0.06823194]]

 [[0.         0.29566351 0.         ... 0.         0.         0.12737417]
  [0.23071005 0.         0.36036137 ... 0.04477759 0.05893753 0.        ]
  [0.         0.32007215 0.         ... 0.         0.         0.17488625]
  ...
  [0.12615643 0.         0.28515526 ... 0.1510241  0.         0.        ]
  [0.         0.23580646 0.         ... 0.         0.03693653 0.07427509]
  [0.19193253 0.         0.33637485 ... 0.09268014 0.01405493 0.        ]]]","[[0. 0. 0. ... 0. 0. 0.]
 [0. 0. 0. ... 0. 0. 0.]
 [0. 0. 0. ... 0. 0. 0.]
 ...
 [0. 0. 0. ... 0. 0. 0.]
 [0. 0. 0. ... 0. 0. 0.]
 [0. 0. 0. ... 0. 0. 0.]]","[[0. 0. 0. ... 0. 0. 0.]
 [0. 0. 0. ... 0. 0. 0.]
 [0. 0. 0. ... 0. 0. 0.]
 ...
 [0. 0. 0. ... 0. 0. 0.]
 [0. 0. 0. ... 0. 0. 0.]
 [0. 0. 0. ... 0. 0. 0.]]"
0.6,0.03,6,1000.0,30,12.25770573893,0.4493586943439139,0.5044397608088887,"[[[0.963 1.004 1.008 ... 0.995 0.991 1.007]
  [1.025 1.01  1.04  ... 1.033 1.023 0.961]
  [0.975 0.999 1.032 ... 1.039 0.99  0.968]
  ...
  [1.047 1.023 1.012 ... 0.992 0.986 1.016]
  [0.99  1.062 1.017 ... 0.97  1.014 1.012]
  [1.005 0.972 1.028 ... 1.024 1.007 0.971]]

 [[0.963 1.004 1.008 ... 0.995 0.991 1.007]
  [1.025 1.01  1.04  ... 1.033 1.023 0.961]
  [0.975 0.999 1.032 ... 1.039 0.99  0.968]
  ...
  [1.047 1.023 1.012 ... 0.992 0.986 1.016]
  [0.99  1.062 1.017 ... 0.97  1.014 1.012]
  [1.005 0.972 1.028 ... 1.024 1.007 0.971]]]","[[[0.38596261 0.         0.44165109 ... 0.         0.27527308 0.        ]
  [0.         0.43621145 0.         ... 0.21016426 0.         0.33508801]
  [0.37559347 0.         0.44227432 ... 0.         0.25683317 0.        ]
  ...
  [0.         0.31232594 0.         ... 0.12326599 0.         0.24374818]
  [0.33021214 0.         0.37331477 ... 0.         0.23248856 0.        ]
  [0.         0.39751482 0.         ... 0.19639575 0.         0.31676543]]

 [[0.         0.49999314 0.         ... 0.25394756 0.         0.40014117]
  [0.45906109 0.         0.5188826  ... 0.         0.3271019  0.        ]
  [0.         0.49292496 0.         ... 0.22496221 0.         0.39019059]
  ...
  [0.33221175 0.         0.37719488 ... 0.         0.23328196 0.        ]
  [0.         0.41557296 0.         ... 0.20990715 0.         0.34131982]
  [0.43464582 0.         0.48069134 ... 0.         0.31270711 0.        ]]]","[[0. 0. 0. ... 0. 0. 0.]
 [0. 0. 0. ... 0. 0. 0.]
 [0. 0. 0. ... 0. 0. 0.]
 ...
 [0. 0. 0. ... 0. 0. 0.]
 [0. 0. 0. ... 0. 0. 0.]
 [0. 0. 0. ... 0. 0. 0.]]","[[0. 0. 0. ... 0. 0. 0.]
 [0. 0. 0. ... 0. 0. 0.]
 [0. 0. 0. ... 0. 0. 0.]
 ...
 [0. 0. 0. ... 0. 0. 0.]
 [0. 0. 0. ... 0. 0. 0.]
 [0. 0. 0. ... 0. 0. 0.]]"
0.6,0.03,6,10000.0,10,56.324219030858195,0.3328770118782787,0.5203673891519762,"[[[0.9884 1.0011 1.0026 ... 0.9985 0.9971 1.0023]
  [1.0079 1.0031 1.0127 ... 1.0103 1.0073 1.0034]
  [0.9921 0.9997 1.0102 ... 1.0123 0.997  0.9901]
  ...
  [1.0149 1.0074 1.0039 ... 0.9974 0.9957 1.0051]
  [0.9968 1.0195 1.0053 ... 0.9904 1.0046 1.0037]
  [1.0015 0.9911 1.0088 ... 1.0076 1.0021 0.9909]]

 [[0.9884 1.0011 1.0026 ... 0.9985 0.9971 1.0023]
  [1.0079 1.0031 1.0127 ... 1.0103 1.0073 1.0034]
  [0.9921 0.9997 1.0102 ... 1.0123 0.997  0.9901]
  ...
  [1.0149 1.0074 1.0039 ... 0.9974 0.9957 1.0051]
  [0.9968 1.0195 1.0053 ... 0.9904 1.0046 1.0037]
  [1.0015 0.9911 1.0088 ... 1.0076 1.0021 0.9909]]]","[[[0.10793781 0.         0.05345181 ... 0.         0.1467542  0.        ]
  [0.         0.08356789 0.         ... 0.13963648 0.         0.1233308 ]
  [0.09155006 0.         0.05945145 ... 0.         0.11183682 0.        ]
  ...
  [0.         0.05837965 0.         ... 0.15970655 0.         0.12465493]
  [0.10236069 0.         0.03241254 ... 0.         0.15429893 0.        ]
  [0.         0.07636962 0.         ... 0.16561361 0.         0.13368912]]

 [[0.         0.11906721 0.         ... 0.19957454 0.         0.17333046]
  [0.14200302 0.         0.08982052 ... 0.         0.17449113 0.        ]
  [0.         0.1118362  0.         ... 0.15087855 0.         0.14611758]
  ...
  [0.12849825 0.         0.04718594 ... 0.         0.19051056 0.        ]
  [0.         0.09986693 0.         ... 0.21287792 0.         0.17318723]
  [0.14770079 0.         0.07422189 ... 0.         0.197815   0.        ]]]","[[0. 0. 0. ... 0. 0. 0.]
 [0. 0. 0. ... 0. 0. 0.]
 [0. 0. 0. ... 0. 0. 0.]
 ...
 [0. 0. 0. ... 0. 0. 0.]
 [0. 0. 0. ... 0. 0. 0.]
 [0. 0. 0. ... 0. 0. 0.]]","[[0. 0. 0. ... 0. 0. 0.]
 [0. 0. 0. ... 0. 0. 0.]
 [0. 0. 0. ... 0. 0. 0.]
 ...
 [0. 0. 0. ... 0. 0. 0.]
 [0. 0. 0. ... 0. 0. 0.]
 [0. 0. 0. ... 0. 0. 0.]]"
0.6,0.03,6,10000.0,20,0.4475390945522974,0.5204810298243575,0.5228103859125499,"[[[0.9884 1.0011 1.0026 ... 0.9985 0.9971 1.0023]
  [1.0079 1.0031 1.0127 ... 1.0103 1.0073 1.0034]
  [0.9921 0.9997 1.0102 ... 1.0123 0.997  0.9901]
  ...
  [1.0149 1.0074 1.0039 ... 0.9974 0.9957 1.0051]
  [0.9968 1.0195 1.0053 ... 0.9904 1.0046 1.0037]
  [1.0015 0.9911 1.0088 ... 1.0076 1.0021 0.9909]]

 [[0.9884 1.0011 1.0026 ... 0.9985 0.9971 1.0023]
  [1.0079 1.0031 1.0127 ... 1.0103 1.0073 1.0034]
  [0.9921 0.9997 1.0102 ... 1.0123 0.997  0.9901]
  ...
  [1.0149 1.0074 1.0039 ... 0.9974 0.9957 1.0051]
  [0.9968 1.0195 1.0053 ... 0.9904 1.0046 1.0037]
  [1.0015 0.9911 1.0088 ... 1.0076 1.0021 0.9909]]]","[[[0.10864755 0.         0.10152174 ... 0.         0.08654146 0.        ]
  [0.         0.12469431 0.         ... 0.07998779 0.         0.11677411]
  [0.13414935 0.         0.12718852 ... 0.         0.10706158 0.        ]
  ...
  [0.         0.06705561 0.         ... 0.00871777 0.         0.04572278]
  [0.07654063 0.         0.07869808 ... 0.         0.05200263 0.        ]
  [0.         0.09485762 0.         ... 0.05432465 0.         0.08444642]]

 [[0.         0.15056602 0.         ... 0.10316246 0.         0.14077905]
  [0.16451445 0.         0.15206052 ... 0.         0.13709084 0.        ]
  [0.         0.17851876 0.         ... 0.11874621 0.         0.16940465]
  ...
  [0.09002655 0.         0.10209534 ... 0.         0.05852191 0.        ]
  [0.         0.11456683 0.         ... 0.06567441 0.         0.10085516]
  [0.13248903 0.         0.12564369 ... 0.         0.10601926 0.        ]]]","[[0. 0. 0. ... 0. 0. 0.]
 [0. 0. 0. ... 0. 0. 0.]
 [0. 0. 0. ... 0. 0. 0.]
 ...
 [0. 0. 0. ... 0. 0. 0.]
 [0. 0. 0. ... 0. 0. 0.]
 [0. 0. 0. ... 0. 0. 0.]]","[[0. 0. 0. ... 0. 0. 0.]
 [0. 0. 0. ... 0. 0. 0.]
 [0. 0. 0. ... 0. 0. 0.]
 ...
 [0. 0. 0. ... 0. 0. 0.]
 [0. 0. 0. ... 0. 0. 0.]
 [0. 0. 0. ... 0. 0. 0.]]"
0.6,0.03,6,10000.0,30,17.64745162145851,0.4493586943439139,0.5286590525350737,"[[[0.9884 1.0011 1.0026 ... 0.9985 0.9971 1.0023]
  [1.0079 1.0031 1.0127 ... 1.0103 1.0073 1.0034]
  [0.9921 0.9997 1.0102 ... 1.0123 0.997  0.9901]
  ...
  [1.0149 1.0074 1.0039 ... 0.9974 0.9957 1.0051]
  [0.9968 1.0195 1.0053 ... 0.9904 1.0046 1.0037]
  [1.0015 0.9911 1.0088 ... 1.0076 1.0021 0.9909]]

 [[0.9884 1.0011 1.0026 ... 0.9985 0.9971 1.0023]
  [1.0079 1.0031 1.0127 ... 1.0103 1.0073 1.0034]
  [0.9921 0.9997 1.0102 ... 1.0123 0.997  0.9901]
  ...
  [1.0149 1.0074 1.0039 ... 0.9974 0.9957 1.0051]
  [0.9968 1.0195 1.0053 ... 0.9904 1.0046 1.0037]
  [1.0015 0.9911 1.0088 ... 1.0076 1.0021 0.9909]]]","[[[0.16720992 0.         0.17862463 ... 0.         0.12366868 0.        ]
  [0.         0.16961926 0.         ... 0.08989829 0.         0.14374645]
  [0.14149679 0.         0.15078664 ... 0.         0.1036727  0.        ]
  ...
  [0.         0.1645425  0.         ... 0.07323746 0.         0.13346256]
  [0.16376192 0.         0.17657615 ... 0.         0.11841716 0.        ]
  [0.         0.17913087 0.         ... 0.09316634 0.         0.14961207]]

 [[0.         0.22537719 0.         ... 0.12984934 0.         0.19336265]
  [0.20320119 0.         0.21159345 ... 0.         0.15637469 0.        ]
  [0.         0.19372951 0.         ... 0.10963004 0.         0.16965664]
  ...
  [0.19388287 0.         0.20988567 ... 0.         0.14419515 0.        ]
  [0.         0.21792844 0.         ... 0.12224791 0.         0.18679248]
  [0.21556062 0.         0.22634319 ... 0.         0.16386523 0.        ]]]","[[0. 0. 0. ... 0. 0. 0.]
 [0. 0. 0. ... 0. 0. 0.]
 [0. 0. 0. ... 0. 0. 0.]
 ...
 [0. 0. 0. ... 0. 0. 0.]
 [0. 0. 0. ... 0. 0. 0.]
 [0. 0. 0. ... 0. 0. 0.]]","[[0. 0. 0. ... 0. 0. 0.]
 [0. 0. 0. ... 0. 0. 0.]
 [0. 0. 0. ... 0. 0. 0.]
 ...
 [0. 0. 0. ... 0. 0. 0.]
 [0. 0. 0. ... 0. 0. 0.]
 [0. 0. 0. ... 0. 0. 0.]]"
0.6,0.03,6,100000.0,10,57.685887120018506,0.3328770118782787,0.5249000691988731,"[[[0.99634 1.00036 1.00084 ... 0.99954 0.9991  1.00071]
  [1.00251 1.00098 1.00401 ... 1.00324 1.0023  0.99612]
  [0.9975  0.99989 1.00321 ... 1.00388 0.99905 0.99687]
  ...
  [1.0047  1.00233 1.00125 ... 0.99918 0.99864 1.00161]
  [0.999   1.00618 1.00168 ... 0.99697 0.99763 1.00116]
  [1.00046 0.99718 1.00279 ... 1.0024  1.00065 0.99712]]

 [[0.99634 1.00036 1.00084 ... 0.99954 0.99909 1.00071]
  [1.00251 1.00098 1.00401 ... 1.00324 1.0023  0.99612]
  [0.9975  0.99989 1.00321 ... 1.00388 0.99905 0.99687]
  ...
  [1.0047  1.00233 1.00125 ... 0.99917 0.99864 1.00161]
  [0.999   1.00618 1.00327 ... 0.99697 0.99763 1.00116]
  [1.00046 0.99718 1.00279 ... 1.0024  1.00065 0.99712]]]","[[[0.04691193 0.         0.         ... 0.         0.11104272 0.        ]
  [0.         0.00619714 0.0040591  ... 0.10961363 0.         0.06341182]
  [0.01967515 0.         0.         ... 0.         0.06201623 0.        ]
  ...
  [0.         0.01410254 0.01493827 ... 0.17015458 0.         0.10479345]
  [0.059437   0.         0.         ... 0.         0.13702116 0.        ]
  [0.         0.01370697 0.00793637 ... 0.15401849 0.         0.09347104]]

 [[0.         0.03973974 0.03155649 ... 0.17705547 0.         0.11739478]
  [0.06589551 0.         0.00070647 ... 0.         0.1257942  0.        ]
  [0.         0.02404551 0.03161302 ... 0.11317955 0.         0.07444644]
  ...
  [0.09415833 0.         0.         ... 0.         0.18490306 0.        ]
  [0.         0.04206186 0.03845387 ... 0.21172518 0.         0.13966838]
  [0.08834964 0.         0.         ... 0.         0.16867529 0.        ]]]","[[0. 0. 0. ... 0. 0. 0.]
 [0. 0. 0. ... 0. 0. 0.]
 [0. 0. 0. ... 0. 0. 0.]
 ...
 [0. 0. 0. ... 0. 0. 0.]
 [0. 0. 0. ... 0. 0. 0.]
 [0. 0. 0. ... 0. 0. 0.]]","[[0. 0. 0. ... 0. 0. 0.]
 [0. 0. 0. ... 0. 0. 0.]
 [0. 0. 0. ... 0. 0. 0.]
 ...
 [0. 0. 0. ... 0. 0. 0.]
 [0. 0. 0. ... 0. 0. 0.]
 [0. 0. 0. ... 0. 0. 0.]]"
0.6,0.03,6,100000.0,20,2.101911262822874,0.5204810298243575,0.5314210792110922,"[[[0.99634 1.00036 1.00084 ... 0.99954 0.99909 1.00071]
  [1.00251 1.00098 1.00401 ... 1.00324 1.0023  0.99612]
  [0.9975  0.99989 1.00321 ... 1.00388 0.99905 0.99687]
  ...
  [1.0047  1.00233 1.00125 ... 0.99917 0.99864 1.00161]
  [0.999   1.00618 1.00168 ... 0.99697 0.99763 1.00116]
  [1.00046 0.99718 1.00279 ... 1.0024  1.00065 0.99712]]

 [[0.99634 1.00036 1.00084 ... 0.99954 0.99909 1.00071]
  [1.00251 1.00098 1.00401 ... 1.00324 1.0023  0.99612]
  [0.9975  0.99989 1.00321 ... 1.00388 0.99905 0.99687]
  ...
  [1.0047  1.00233 1.00125 ... 0.99917 0.99864 1.00161]
  [0.999   1.00618 1.00168 ... 0.99697 0.99763 1.00116]
  [1.00046 0.99718 1.00279 ... 1.0024  1.00065 0.99712]]]","[[[0.01755764 0.         0.         ... 0.         0.04465114 0.        ]
  [0.         0.02421067 0.         ... 0.0731057  0.         0.05774043]
  [0.07002527 0.         0.02747903 ... 0.         0.08833025 0.        ]
  ...
  [0.02575732 0.         0.04583554 ... 0.         0.00892931 0.        ]
  [0.         0.02319119 0.         ... 0.         0.         0.        ]
  [0.         0.         0.02570512 ... 0.03061918 0.         0.00814219]]

 [[0.         0.02574735 0.03295747 ... 0.08650004 0.         0.06446576]
  [0.07572327 0.         0.02548928 ... 0.         0.10250381 0.        ]
  [0.         0.08536974 0.         ... 0.12598459 0.         0.12003211]
  ...
  [0.         0.06586847 0.         ... 0.02855746 0.         0.04582471]
  [0.03617493 0.         0.07059722 ... 0.03376943 0.01077356 0.01028758]
  [0.02037854 0.03269906 0.         ... 0.         0.04998432 0.        ]]]","[[0. 0. 0. ... 0. 0. 0.]
 [0. 0. 0. ... 0. 0. 0.]
 [0. 0. 0. ... 0. 0. 0.]
 ...
 [0. 0. 0. ... 0. 0. 0.]
 [0. 0. 0. ... 0. 0. 0.]
 [0. 0. 0. ... 0. 0. 0.]]","[[0. 0. 0. ... 0. 0. 0.]
 [0. 0. 0. ... 0. 0. 0.]
 [0. 0. 0. ... 0. 0. 0.]
 ...
 [0. 0. 0. ... 0. 0. 0.]
 [0. 0. 0. ... 0. 0. 0.]
 [0. 0. 0. ... 0. 0. 0.]]"
0.6,0.03,6,100000.0,30,19.472551772875764,0.4493586943439139,0.5368602987459511,"[[[0.99634 1.00036 1.00084 ... 0.99954 0.99909 1.00071]
  [1.00251 1.00098 1.00401 ... 1.00324 1.0023  0.99612]
  [0.9975  0.99989 1.00321 ... 1.00388 0.99905 0.99687]
  ...
  [1.0047  1.00233 1.00125 ... 0.99917 0.99864 1.00161]
  [0.999   1.00618 1.00168 ... 0.99697 0.99763 1.00116]
  [1.00046 0.99718 1.00279 ... 1.0024  1.00065 0.99712]]

 [[0.99634 1.00036 1.00084 ... 0.99954 0.99909 1.00071]
  [1.00251 1.00098 1.00401 ... 1.00324 1.0023  0.99612]
  [0.9975  0.99989 1.00321 ... 1.00388 0.99905 0.99687]
  ...
  [1.0047  1.00233 1.00125 ... 0.99917 0.99864 1.00161]
  [0.999   1.00618 1.00327 ... 0.99697 0.99763 1.00116]
  [1.00046 0.99718 1.00279 ... 1.0024  1.00065 0.99712]]]","[[[0.0790761  0.         0.07534415 ... 0.         0.06217823 0.        ]
  [0.         0.07560504 0.         ... 0.03862349 0.         0.0639952 ]
  [0.06101795 0.         0.06636532 ... 0.         0.03981502 0.        ]
  ...
  [0.         0.08082982 0.         ... 0.06368715 0.         0.08335354]
  [0.08520771 0.         0.07442819 ... 0.         0.07303916 0.        ]
  [0.         0.08236285 0.         ... 0.05584273 0.         0.0786114 ]]

 [[0.         0.11613325 0.         ... 0.07989479 0.         0.10781973]
  [0.10656768 0.         0.10688772 ... 0.         0.08471864 0.        ]
  [0.         0.100292   0.         ... 0.05396884 0.         0.08526989]
  ...
  [0.12034658 0.         0.10415313 ... 0.         0.11080306 0.        ]
  [0.         0.11741799 0.         ... 0.09422631 0.         0.11764061]
  [0.11972171 0.         0.11027945 ... 0.         0.10325398 0.        ]]]","[[0. 0. 0. ... 0. 0. 0.]
 [0. 0. 0. ... 0. 0. 0.]
 [0. 0. 0. ... 0. 0. 0.]
 ...
 [0. 0. 0. ... 0. 0. 0.]
 [0. 0. 0. ... 0. 0. 0.]
 [0. 0. 0. ... 0. 0. 0.]]","[[0. 0. 0. ... 0. 0. 0.]
 [0. 0. 0. ... 0. 0. 0.]
 [0. 0. 0. ... 0. 0. 0.]
 ...
 [0. 0. 0. ... 0. 0. 0.]
 [0. 0. 0. ... 0. 0. 0.]
 [0. 0. 0. ... 0. 0. 0.]]"
0.6,0.05,2,1000.0,10,50.67361086875345,0.3328770118782788,0.501557813549012,"[[[0.963 1.004 1.008 ... 0.995 0.991 1.007]
  [1.025 1.01  1.04  ... 1.033 1.023 0.961]
  [0.975 0.999 1.032 ... 1.039 0.99  0.968]
  ...
  [1.047 1.023 1.012 ... 0.992 0.986 1.016]
  [0.99  1.062 1.017 ... 0.97  1.014 1.012]
  [1.005 0.972 1.028 ... 1.024 1.007 0.971]]

 [[0.963 1.004 1.008 ... 0.995 0.991 1.007]
  [1.025 1.01  1.04  ... 1.033 1.023 0.961]
  [0.975 0.999 1.032 ... 1.039 0.99  0.968]
  ...
  [1.047 1.023 1.012 ... 0.992 0.986 1.016]
  [0.99  1.062 1.017 ... 0.97  1.014 1.012]
  [1.005 0.972 1.028 ... 1.024 1.007 0.971]]]","[[[0.15348586 0.         0.2557486  ... 0.00679549 0.0367387  0.        ]
  [0.         0.21010755 0.         ... 0.         0.         0.09622222]
  [0.14782856 0.         0.2312909  ... 0.         0.04600906 0.        ]
  ...
  [0.         0.1822233  0.         ... 0.         0.         0.07409766]
  [0.14195386 0.         0.24455111 ... 0.02088538 0.02487248 0.        ]
  [0.         0.20429072 0.         ... 0.         0.         0.08996136]]

 [[0.         0.26043531 0.         ... 0.         0.         0.13274655]
  [0.19450319 0.         0.29183519 ... 0.01682006 0.06747169 0.        ]
  [0.         0.24257227 0.         ... 0.00711861 0.         0.14226218]
  ...
  [0.15985141 0.         0.27076924 ... 0.06260141 0.03679042 0.        ]
  [0.         0.23289078 0.         ... 0.         0.         0.11559142]
  [0.19467184 0.         0.30254518 ... 0.03573456 0.05691361 0.        ]]]","[[0. 0. 0. ... 0. 0. 0.]
 [0. 0. 0. ... 0. 0. 0.]
 [0. 0. 0. ... 0. 0. 0.]
 ...
 [0. 0. 0. ... 0. 0. 0.]
 [0. 0. 0. ... 0. 0. 0.]
 [0. 0. 0. ... 0. 0. 0.]]","[[0. 0. 0. ... 0. 0. 0.]
 [0. 0. 0. ... 0. 0. 0.]
 [0. 0. 0. ... 0. 0. 0.]
 ...
 [0. 0. 0. ... 0. 0. 0.]
 [0. 0. 0. ... 0. 0. 0.]
 [0. 0. 0. ... 0. 0. 0.]]"
0.6,0.05,2,1000.0,20,2.851323399298969,0.5204810298243576,0.5056404324320635,"[[[0.963 1.004 1.008 ... 0.995 0.991 1.007]
  [1.025 1.01  1.04  ... 1.033 1.023 0.961]
  [0.975 0.999 1.032 ... 1.039 0.99  0.968]
  ...
  [1.047 1.023 1.012 ... 0.992 0.986 1.016]
  [0.99  1.062 1.017 ... 0.97  1.014 1.012]
  [1.005 0.972 1.028 ... 1.024 1.007 0.971]]

 [[0.963 1.004 1.008 ... 0.995 0.991 1.007]
  [1.025 1.01  1.04  ... 1.033 1.023 0.961]
  [0.975 0.999 1.032 ... 1.039 0.99  0.968]
  ...
  [1.047 1.023 1.012 ... 0.992 0.986 1.016]
  [0.99  1.062 1.017 ... 0.97  1.014 1.012]
  [1.005 0.972 1.028 ... 1.024 1.007 0.971]]]","[[[0.16754645 0.         0.29973585 ... 0.04389268 0.01359779 0.        ]
  [0.         0.2596155  0.         ... 0.         0.         0.10829617]
  [0.19878327 0.         0.31238208 ... 0.01180596 0.05223171 0.        ]
  ...
  [0.         0.17407505 0.         ... 0.         0.03917132 0.02265197]
  [0.12438186 0.         0.26435696 ... 0.08567735 0.         0.        ]
  [0.         0.21981012 0.         ... 0.         0.         0.06823194]]

 [[0.         0.29566351 0.         ... 0.         0.         0.12737417]
  [0.23071005 0.         0.36036137 ... 0.04477759 0.05893753 0.        ]
  [0.         0.32007215 0.         ... 0.         0.         0.17488625]
  ...
  [0.12615643 0.         0.28515526 ... 0.1510241  0.         0.        ]
  [0.         0.23580646 0.         ... 0.         0.03693653 0.07427509]
  [0.19193253 0.         0.33637485 ... 0.09268014 0.01405493 0.        ]]]","[[0. 0. 0. ... 0. 0. 0.]
 [0. 0. 0. ... 0. 0. 0.]
 [0. 0. 0. ... 0. 0. 0.]
 ...
 [0. 0. 0. ... 0. 0. 0.]
 [0. 0. 0. ... 0. 0. 0.]
 [0. 0. 0. ... 0. 0. 0.]]","[[0. 0. 0. ... 0. 0. 0.]
 [0. 0. 0. ... 0. 0. 0.]
 [0. 0. 0. ... 0. 0. 0.]
 ...
 [0. 0. 0. ... 0. 0. 0.]
 [0. 0. 0. ... 0. 0. 0.]
 [0. 0. 0. ... 0. 0. 0.]]"
0.6,0.05,2,1000.0,30,12.257705738929985,0.44935869434391396,0.5044397608088887,"[[[0.963 1.004 1.008 ... 0.995 0.991 1.007]
  [1.025 1.01  1.04  ... 1.033 1.023 0.961]
  [0.975 0.999 1.032 ... 1.039 0.99  0.968]
  ...
  [1.047 1.023 1.012 ... 0.992 0.986 1.016]
  [0.99  1.062 1.017 ... 0.97  1.014 1.012]
  [1.005 0.972 1.028 ... 1.024 1.007 0.971]]

 [[0.963 1.004 1.008 ... 0.995 0.991 1.007]
  [1.025 1.01  1.04  ... 1.033 1.023 0.961]
  [0.975 0.999 1.032 ... 1.039 0.99  0.968]
  ...
  [1.047 1.023 1.012 ... 0.992 0.986 1.016]
  [0.99  1.062 1.017 ... 0.97  1.014 1.012]
  [1.005 0.972 1.028 ... 1.024 1.007 0.971]]]","[[[0.38596261 0.         0.44165109 ... 0.         0.27527308 0.        ]
  [0.         0.43621145 0.         ... 0.21016426 0.         0.33508801]
  [0.37559347 0.         0.44227432 ... 0.         0.25683317 0.        ]
  ...
  [0.         0.31232594 0.         ... 0.12326599 0.         0.24374818]
  [0.33021214 0.         0.37331477 ... 0.         0.23248856 0.        ]
  [0.         0.39751482 0.         ... 0.19639575 0.         0.31676543]]

 [[0.         0.49999314 0.         ... 0.25394756 0.         0.40014117]
  [0.45906109 0.         0.5188826  ... 0.         0.3271019  0.        ]
  [0.         0.49292496 0.         ... 0.22496221 0.         0.39019059]
  ...
  [0.33221175 0.         0.37719488 ... 0.         0.23328196 0.        ]
  [0.         0.41557296 0.         ... 0.20990715 0.         0.34131982]
  [0.43464582 0.         0.48069134 ... 0.         0.31270711 0.        ]]]","[[0. 0. 0. ... 0. 0. 0.]
 [0. 0. 0. ... 0. 0. 0.]
 [0. 0. 0. ... 0. 0. 0.]
 ...
 [0. 0. 0. ... 0. 0. 0.]
 [0. 0. 0. ... 0. 0. 0.]
 [0. 0. 0. ... 0. 0. 0.]]","[[0. 0. 0. ... 0. 0. 0.]
 [0. 0. 0. ... 0. 0. 0.]
 [0. 0. 0. ... 0. 0. 0.]
 ...
 [0. 0. 0. ... 0. 0. 0.]
 [0. 0. 0. ... 0. 0. 0.]
 [0. 0. 0. ... 0. 0. 0.]]"
0.6,0.05,2,10000.0,10,56.324219030858146,0.3328770118782788,0.5203673891519762,"[[[0.9884 1.0011 1.0026 ... 0.9985 0.9971 1.0023]
  [1.0079 1.0031 1.0127 ... 1.0103 1.0073 1.0034]
  [0.9921 0.9997 1.0102 ... 1.0123 0.997  0.9901]
  ...
  [1.0149 1.0074 1.0039 ... 0.9974 0.9957 1.0051]
  [0.9968 1.0195 1.0053 ... 0.9904 1.0046 1.0037]
  [1.0015 0.9911 1.0088 ... 1.0076 1.0021 0.9909]]

 [[0.9884 1.0011 1.0026 ... 0.9985 0.9971 1.0023]
  [1.0079 1.0031 1.0127 ... 1.0103 1.0073 1.0034]
  [0.9921 0.9997 1.0102 ... 1.0123 0.997  0.9901]
  ...
  [1.0149 1.0074 1.0039 ... 0.9974 0.9957 1.0051]
  [0.9968 1.0195 1.0053 ... 0.9904 1.0046 1.0037]
  [1.0015 0.9911 1.0088 ... 1.0076 1.0021 0.9909]]]","[[[0.10793781 0.         0.05345181 ... 0.         0.1467542  0.        ]
  [0.         0.08356789 0.         ... 0.13963648 0.         0.1233308 ]
  [0.09155006 0.         0.05945145 ... 0.         0.11183682 0.        ]
  ...
  [0.         0.05837965 0.         ... 0.15970655 0.         0.12465493]
  [0.10236069 0.         0.03241254 ... 0.         0.15429893 0.        ]
  [0.         0.07636962 0.         ... 0.16561361 0.         0.13368912]]

 [[0.         0.11906721 0.         ... 0.19957454 0.         0.17333046]
  [0.14200302 0.         0.08982052 ... 0.         0.17449113 0.        ]
  [0.         0.1118362  0.         ... 0.15087855 0.         0.14611758]
  ...
  [0.12849825 0.         0.04718594 ... 0.         0.19051056 0.        ]
  [0.         0.09986693 0.         ... 0.21287792 0.         0.17318723]
  [0.14770079 0.         0.07422189 ... 0.         0.197815   0.        ]]]","[[0. 0. 0. ... 0. 0. 0.]
 [0. 0. 0. ... 0. 0. 0.]
 [0. 0. 0. ... 0. 0. 0.]
 ...
 [0. 0. 0. ... 0. 0. 0.]
 [0. 0. 0. ... 0. 0. 0.]
 [0. 0. 0. ... 0. 0. 0.]]","[[0. 0. 0. ... 0. 0. 0.]
 [0. 0. 0. ... 0. 0. 0.]
 [0. 0. 0. ... 0. 0. 0.]
 ...
 [0. 0. 0. ... 0. 0. 0.]
 [0. 0. 0. ... 0. 0. 0.]
 [0. 0. 0. ... 0. 0. 0.]]"
0.6,0.05,2,10000.0,20,0.447539094552276,0.5204810298243576,0.5228103859125499,"[[[0.9884 1.0011 1.0026 ... 0.9985 0.9971 1.0023]
  [1.0079 1.0031 1.0127 ... 1.0103 1.0073 1.0034]
  [0.9921 0.9997 1.0102 ... 1.0123 0.997  0.9901]
  ...
  [1.0149 1.0074 1.0039 ... 0.9974 0.9957 1.0051]
  [0.9968 1.0195 1.0053 ... 0.9904 1.0046 1.0037]
  [1.0015 0.9911 1.0088 ... 1.0076 1.0021 0.9909]]

 [[0.9884 1.0011 1.0026 ... 0.9985 0.9971 1.0023]
  [1.0079 1.0031 1.0127 ... 1.0103 1.0073 1.0034]
  [0.9921 0.9997 1.0102 ... 1.0123 0.997  0.9901]
  ...
  [1.0149 1.0074 1.0039 ... 0.9974 0.9957 1.0051]
  [0.9968 1.0195 1.0053 ... 0.9904 1.0046 1.0037]
  [1.0015 0.9911 1.0088 ... 1.0076 1.0021 0.9909]]]","[[[0.10864755 0.         0.10152174 ... 0.         0.08654146 0.        ]
  [0.         0.12469431 0.         ... 0.07998779 0.         0.11677411]
  [0.13414935 0.         0.12718852 ... 0.         0.10706158 0.        ]
  ...
  [0.         0.06705561 0.         ... 0.00871777 0.         0.04572278]
  [0.07654063 0.         0.07869808 ... 0.         0.05200263 0.        ]
  [0.         0.09485762 0.         ... 0.05432465 0.         0.08444642]]

 [[0.         0.15056602 0.         ... 0.10316246 0.         0.14077905]
  [0.16451445 0.         0.15206052 ... 0.         0.13709084 0.        ]
  [0.         0.17851876 0.         ... 0.11874621 0.         0.16940465]
  ...
  [0.09002655 0.         0.10209534 ... 0.         0.05852191 0.        ]
  [0.         0.11456683 0.         ... 0.06567441 0.         0.10085516]
  [0.13248903 0.         0.12564369 ... 0.         0.10601926 0.        ]]]","[[0. 0. 0. ... 0. 0. 0.]
 [0. 0. 0. ... 0. 0. 0.]
 [0. 0. 0. ... 0. 0. 0.]
 ...
 [0. 0. 0. ... 0. 0. 0.]
 [0. 0. 0. ... 0. 0. 0.]
 [0. 0. 0. ... 0. 0. 0.]]","[[0. 0. 0. ... 0. 0. 0.]
 [0. 0. 0. ... 0. 0. 0.]
 [0. 0. 0. ... 0. 0. 0.]
 ...
 [0. 0. 0. ... 0. 0. 0.]
 [0. 0. 0. ... 0. 0. 0.]
 [0. 0. 0. ... 0. 0. 0.]]"
0.6,0.05,2,10000.0,30,17.647451621458497,0.44935869434391396,0.5286590525350737,"[[[0.9884 1.0011 1.0026 ... 0.9985 0.9971 1.0023]
  [1.0079 1.0031 1.0127 ... 1.0103 1.0073 1.0034]
  [0.9921 0.9997 1.0102 ... 1.0123 0.997  0.9901]
  ...
  [1.0149 1.0074 1.0039 ... 0.9974 0.9957 1.0051]
  [0.9968 1.0195 1.0053 ... 0.9904 1.0046 1.0037]
  [1.0015 0.9911 1.0088 ... 1.0076 1.0021 0.9909]]

 [[0.9884 1.0011 1.0026 ... 0.9985 0.9971 1.0023]
  [1.0079 1.0031 1.0127 ... 1.0103 1.0073 1.0034]
  [0.9921 0.9997 1.0102 ... 1.0123 0.997  0.9901]
  ...
  [1.0149 1.0074 1.0039 ... 0.9974 0.9957 1.0051]
  [0.9968 1.0195 1.0053 ... 0.9904 1.0046 1.0037]
  [1.0015 0.9911 1.0088 ... 1.0076 1.0021 0.9909]]]","[[[0.16720992 0.         0.17862463 ... 0.         0.12366868 0.        ]
  [0.         0.16961926 0.         ... 0.08989829 0.         0.14374645]
  [0.14149679 0.         0.15078664 ... 0.         0.1036727  0.        ]
  ...
  [0.         0.1645425  0.         ... 0.07323746 0.         0.13346256]
  [0.16376192 0.         0.17657615 ... 0.         0.11841716 0.        ]
  [0.         0.17913087 0.         ... 0.09316634 0.         0.14961207]]

 [[0.         0.22537719 0.         ... 0.12984934 0.         0.19336265]
  [0.20320119 0.         0.21159345 ... 0.         0.15637469 0.        ]
  [0.         0.19372951 0.         ... 0.10963004 0.         0.16965664]
  ...
  [0.19388287 0.         0.20988567 ... 0.         0.14419515 0.        ]
  [0.         0.21792844 0.         ... 0.12224791 0.         0.18679248]
  [0.21556062 0.         0.22634319 ... 0.         0.16386523 0.        ]]]","[[0. 0. 0. ... 0. 0. 0.]
 [0. 0. 0. ... 0. 0. 0.]
 [0. 0. 0. ... 0. 0. 0.]
 ...
 [0. 0. 0. ... 0. 0. 0.]
 [0. 0. 0. ... 0. 0. 0.]
 [0. 0. 0. ... 0. 0. 0.]]","[[0. 0. 0. ... 0. 0. 0.]
 [0. 0. 0. ... 0. 0. 0.]
 [0. 0. 0. ... 0. 0. 0.]
 ...
 [0. 0. 0. ... 0. 0. 0.]
 [0. 0. 0. ... 0. 0. 0.]
 [0. 0. 0. ... 0. 0. 0.]]"
0.6,0.05,2,100000.0,10,57.68588712001846,0.3328770118782788,0.5249000691988731,"[[[0.99634 1.00036 1.00084 ... 0.99954 0.9991  1.00071]
  [1.00251 1.00098 1.00401 ... 1.00324 1.0023  0.99612]
  [0.9975  0.99989 1.00321 ... 1.00388 0.99905 0.99687]
  ...
  [1.0047  1.00233 1.00125 ... 0.99918 0.99864 1.00161]
  [0.999   1.00618 1.00168 ... 0.99697 0.99763 1.00116]
  [1.00046 0.99718 1.00279 ... 1.0024  1.00065 0.99712]]

 [[0.99634 1.00036 1.00084 ... 0.99954 0.99909 1.00071]
  [1.00251 1.00098 1.00401 ... 1.00324 1.0023  0.99612]
  [0.9975  0.99989 1.00321 ... 1.00388 0.99905 0.99687]
  ...
  [1.0047  1.00233 1.00125 ... 0.99917 0.99864 1.00161]
  [0.999   1.00618 1.00327 ... 0.99697 0.99763 1.00116]
  [1.00046 0.99718 1.00279 ... 1.0024  1.00065 0.99712]]]","[[[0.04691193 0.         0.         ... 0.         0.11104272 0.        ]
  [0.         0.00619714 0.0040591  ... 0.10961363 0.         0.06341182]
  [0.01967515 0.         0.         ... 0.         0.06201623 0.        ]
  ...
  [0.         0.01410254 0.01493827 ... 0.17015458 0.         0.10479345]
  [0.059437   0.         0.         ... 0.         0.13702116 0.        ]
  [0.         0.01370697 0.00793637 ... 0.15401849 0.         0.09347104]]

 [[0.         0.03973974 0.03155649 ... 0.17705547 0.         0.11739478]
  [0.06589551 0.         0.00070647 ... 0.         0.1257942  0.        ]
  [0.         0.02404551 0.03161302 ... 0.11317955 0.         0.07444644]
  ...
  [0.09415833 0.         0.         ... 0.         0.18490306 0.        ]
  [0.         0.04206186 0.03845387 ... 0.21172518 0.         0.13966838]
  [0.08834964 0.         0.         ... 0.         0.16867529 0.        ]]]","[[0. 0. 0. ... 0. 0. 0.]
 [0. 0. 0. ... 0. 0. 0.]
 [0. 0. 0. ... 0. 0. 0.]
 ...
 [0. 0. 0. ... 0. 0. 0.]
 [0. 0. 0. ... 0. 0. 0.]
 [0. 0. 0. ... 0. 0. 0.]]","[[0. 0. 0. ... 0. 0. 0.]
 [0. 0. 0. ... 0. 0. 0.]
 [0. 0. 0. ... 0. 0. 0.]
 ...
 [0. 0. 0. ... 0. 0. 0.]
 [0. 0. 0. ... 0. 0. 0.]
 [0. 0. 0. ... 0. 0. 0.]]"
0.6,0.05,2,100000.0,20,2.1019112628228522,0.5204810298243576,0.5314210792110922,"[[[0.99634 1.00036 1.00084 ... 0.99954 0.99909 1.00071]
  [1.00251 1.00098 1.00401 ... 1.00324 1.0023  0.99612]
  [0.9975  0.99989 1.00321 ... 1.00388 0.99905 0.99687]
  ...
  [1.0047  1.00233 1.00125 ... 0.99917 0.99864 1.00161]
  [0.999   1.00618 1.00168 ... 0.99697 0.99763 1.00116]
  [1.00046 0.99718 1.00279 ... 1.0024  1.00065 0.99712]]

 [[0.99634 1.00036 1.00084 ... 0.99954 0.99909 1.00071]
  [1.00251 1.00098 1.00401 ... 1.00324 1.0023  0.99612]
  [0.9975  0.99989 1.00321 ... 1.00388 0.99905 0.99687]
  ...
  [1.0047  1.00233 1.00125 ... 0.99917 0.99864 1.00161]
  [0.999   1.00618 1.00168 ... 0.99697 0.99763 1.00116]
  [1.00046 0.99718 1.00279 ... 1.0024  1.00065 0.99712]]]","[[[0.01755764 0.         0.         ... 0.         0.04465114 0.        ]
  [0.         0.02421067 0.         ... 0.0731057  0.         0.05774043]
  [0.07002527 0.         0.02747903 ... 0.         0.08833025 0.        ]
  ...
  [0.02575732 0.         0.04583554 ... 0.         0.00892931 0.        ]
  [0.         0.02319119 0.         ... 0.         0.         0.        ]
  [0.         0.         0.02570512 ... 0.03061918 0.         0.00814219]]

 [[0.         0.02574735 0.03295747 ... 0.08650004 0.         0.06446576]
  [0.07572327 0.         0.02548928 ... 0.         0.10250381 0.        ]
  [0.         0.08536974 0.         ... 0.12598459 0.         0.12003211]
  ...
  [0.         0.06586847 0.         ... 0.02855746 0.         0.04582471]
  [0.03617493 0.         0.07059722 ... 0.03376943 0.01077356 0.01028758]
  [0.02037854 0.03269906 0.         ... 0.         0.04998432 0.        ]]]","[[0. 0. 0. ... 0. 0. 0.]
 [0. 0. 0. ... 0. 0. 0.]
 [0. 0. 0. ... 0. 0. 0.]
 ...
 [0. 0. 0. ... 0. 0. 0.]
 [0. 0. 0. ... 0. 0. 0.]
 [0. 0. 0. ... 0. 0. 0.]]","[[0. 0. 0. ... 0. 0. 0.]
 [0. 0. 0. ... 0. 0. 0.]
 [0. 0. 0. ... 0. 0. 0.]
 ...
 [0. 0. 0. ... 0. 0. 0.]
 [0. 0. 0. ... 0. 0. 0.]
 [0. 0. 0. ... 0. 0. 0.]]"
0.6,0.05,2,100000.0,30,19.47255177287575,0.44935869434391396,0.5368602987459511,"[[[0.99634 1.00036 1.00084 ... 0.99954 0.99909 1.00071]
  [1.00251 1.00098 1.00401 ... 1.00324 1.0023  0.99612]
  [0.9975  0.99989 1.00321 ... 1.00388 0.99905 0.99687]
  ...
  [1.0047  1.00233 1.00125 ... 0.99917 0.99864 1.00161]
  [0.999   1.00618 1.00168 ... 0.99697 0.99763 1.00116]
  [1.00046 0.99718 1.00279 ... 1.0024  1.00065 0.99712]]

 [[0.99634 1.00036 1.00084 ... 0.99954 0.99909 1.00071]
  [1.00251 1.00098 1.00401 ... 1.00324 1.0023  0.99612]
  [0.9975  0.99989 1.00321 ... 1.00388 0.99905 0.99687]
  ...
  [1.0047  1.00233 1.00125 ... 0.99917 0.99864 1.00161]
  [0.999   1.00618 1.00327 ... 0.99697 0.99763 1.00116]
  [1.00046 0.99718 1.00279 ... 1.0024  1.00065 0.99712]]]","[[[0.0790761  0.         0.07534415 ... 0.         0.06217823 0.        ]
  [0.         0.07560504 0.         ... 0.03862349 0.         0.0639952 ]
  [0.06101795 0.         0.06636532 ... 0.         0.03981502 0.        ]
  ...
  [0.         0.08082982 0.         ... 0.06368715 0.         0.08335354]
  [0.08520771 0.         0.07442819 ... 0.         0.07303916 0.        ]
  [0.         0.08236285 0.         ... 0.05584273 0.         0.0786114 ]]

 [[0.         0.11613325 0.         ... 0.07989479 0.         0.10781973]
  [0.10656768 0.         0.10688772 ... 0.         0.08471864 0.        ]
  [0.         0.100292   0.         ... 0.05396884 0.         0.08526989]
  ...
  [0.12034658 0.         0.10415313 ... 0.         0.11080306 0.        ]
  [0.         0.11741799 0.         ... 0.09422631 0.         0.11764061]
  [0.11972171 0.         0.11027945 ... 0.         0.10325398 0.        ]]]","[[0. 0. 0. ... 0. 0. 0.]
 [0. 0. 0. ... 0. 0. 0.]
 [0. 0. 0. ... 0. 0. 0.]
 ...
 [0. 0. 0. ... 0. 0. 0.]
 [0. 0. 0. ... 0. 0. 0.]
 [0. 0. 0. ... 0. 0. 0.]]","[[0. 0. 0. ... 0. 0. 0.]
 [0. 0. 0. ... 0. 0. 0.]
 [0. 0. 0. ... 0. 0. 0.]
 ...
 [0. 0. 0. ... 0. 0. 0.]
 [0. 0. 0. ... 0. 0. 0.]
 [0. 0. 0. ... 0. 0. 0.]]"
0.6,0.05,4,1000.0,10,50.67361086875345,0.3328770118782788,0.501557813549012,"[[[0.963 1.004 1.008 ... 0.995 0.991 1.007]
  [1.025 1.01  1.04  ... 1.033 1.023 0.961]
  [0.975 0.999 1.032 ... 1.039 0.99  0.968]
  ...
  [1.047 1.023 1.012 ... 0.992 0.986 1.016]
  [0.99  1.062 1.017 ... 0.97  1.014 1.012]
  [1.005 0.972 1.028 ... 1.024 1.007 0.971]]

 [[0.963 1.004 1.008 ... 0.995 0.991 1.007]
  [1.025 1.01  1.04  ... 1.033 1.023 0.961]
  [0.975 0.999 1.032 ... 1.039 0.99  0.968]
  ...
  [1.047 1.023 1.012 ... 0.992 0.986 1.016]
  [0.99  1.062 1.017 ... 0.97  1.014 1.012]
  [1.005 0.972 1.028 ... 1.024 1.007 0.971]]]","[[[0.15348586 0.         0.2557486  ... 0.00679549 0.0367387  0.        ]
  [0.         0.21010755 0.         ... 0.         0.         0.09622222]
  [0.14782856 0.         0.2312909  ... 0.         0.04600906 0.        ]
  ...
  [0.         0.1822233  0.         ... 0.         0.         0.07409766]
  [0.14195386 0.         0.24455111 ... 0.02088538 0.02487248 0.        ]
  [0.         0.20429072 0.         ... 0.         0.         0.08996136]]

 [[0.         0.26043531 0.         ... 0.         0.         0.13274655]
  [0.19450319 0.         0.29183519 ... 0.01682006 0.06747169 0.        ]
  [0.         0.24257227 0.         ... 0.00711861 0.         0.14226218]
  ...
  [0.15985141 0.         0.27076924 ... 0.06260141 0.03679042 0.        ]
  [0.         0.23289078 0.         ... 0.         0.         0.11559142]
  [0.19467184 0.         0.30254518 ... 0.03573456 0.05691361 0.        ]]]","[[0. 0. 0. ... 0. 0. 0.]
 [0. 0. 0. ... 0. 0. 0.]
 [0. 0. 0. ... 0. 0. 0.]
 ...
 [0. 0. 0. ... 0. 0. 0.]
 [0. 0. 0. ... 0. 0. 0.]
 [0. 0. 0. ... 0. 0. 0.]]","[[0. 0. 0. ... 0. 0. 0.]
 [0. 0. 0. ... 0. 0. 0.]
 [0. 0. 0. ... 0. 0. 0.]
 ...
 [0. 0. 0. ... 0. 0. 0.]
 [0. 0. 0. ... 0. 0. 0.]
 [0. 0. 0. ... 0. 0. 0.]]"
0.6,0.05,4,1000.0,20,2.851323399298969,0.5204810298243576,0.5056404324320635,"[[[0.963 1.004 1.008 ... 0.995 0.991 1.007]
  [1.025 1.01  1.04  ... 1.033 1.023 0.961]
  [0.975 0.999 1.032 ... 1.039 0.99  0.968]
  ...
  [1.047 1.023 1.012 ... 0.992 0.986 1.016]
  [0.99  1.062 1.017 ... 0.97  1.014 1.012]
  [1.005 0.972 1.028 ... 1.024 1.007 0.971]]

 [[0.963 1.004 1.008 ... 0.995 0.991 1.007]
  [1.025 1.01  1.04  ... 1.033 1.023 0.961]
  [0.975 0.999 1.032 ... 1.039 0.99  0.968]
  ...
  [1.047 1.023 1.012 ... 0.992 0.986 1.016]
  [0.99  1.062 1.017 ... 0.97  1.014 1.012]
  [1.005 0.972 1.028 ... 1.024 1.007 0.971]]]","[[[0.16754645 0.         0.29973585 ... 0.04389268 0.01359779 0.        ]
  [0.         0.2596155  0.         ... 0.         0.         0.10829617]
  [0.19878327 0.         0.31238208 ... 0.01180596 0.05223171 0.        ]
  ...
  [0.         0.17407505 0.         ... 0.         0.03917132 0.02265197]
  [0.12438186 0.         0.26435696 ... 0.08567735 0.         0.        ]
  [0.         0.21981012 0.         ... 0.         0.         0.06823194]]

 [[0.         0.29566351 0.         ... 0.         0.         0.12737417]
  [0.23071005 0.         0.36036137 ... 0.04477759 0.05893753 0.        ]
  [0.         0.32007215 0.         ... 0.         0.         0.17488625]
  ...
  [0.12615643 0.         0.28515526 ... 0.1510241  0.         0.        ]
  [0.         0.23580646 0.         ... 0.         0.03693653 0.07427509]
  [0.19193253 0.         0.33637485 ... 0.09268014 0.01405493 0.        ]]]","[[0. 0. 0. ... 0. 0. 0.]
 [0. 0. 0. ... 0. 0. 0.]
 [0. 0. 0. ... 0. 0. 0.]
 ...
 [0. 0. 0. ... 0. 0. 0.]
 [0. 0. 0. ... 0. 0. 0.]
 [0. 0. 0. ... 0. 0. 0.]]","[[0. 0. 0. ... 0. 0. 0.]
 [0. 0. 0. ... 0. 0. 0.]
 [0. 0. 0. ... 0. 0. 0.]
 ...
 [0. 0. 0. ... 0. 0. 0.]
 [0. 0. 0. ... 0. 0. 0.]
 [0. 0. 0. ... 0. 0. 0.]]"
0.6,0.05,4,1000.0,30,12.257705738929985,0.44935869434391396,0.5044397608088887,"[[[0.963 1.004 1.008 ... 0.995 0.991 1.007]
  [1.025 1.01  1.04  ... 1.033 1.023 0.961]
  [0.975 0.999 1.032 ... 1.039 0.99  0.968]
  ...
  [1.047 1.023 1.012 ... 0.992 0.986 1.016]
  [0.99  1.062 1.017 ... 0.97  1.014 1.012]
  [1.005 0.972 1.028 ... 1.024 1.007 0.971]]

 [[0.963 1.004 1.008 ... 0.995 0.991 1.007]
  [1.025 1.01  1.04  ... 1.033 1.023 0.961]
  [0.975 0.999 1.032 ... 1.039 0.99  0.968]
  ...
  [1.047 1.023 1.012 ... 0.992 0.986 1.016]
  [0.99  1.062 1.017 ... 0.97  1.014 1.012]
  [1.005 0.972 1.028 ... 1.024 1.007 0.971]]]","[[[0.38596261 0.         0.44165109 ... 0.         0.27527308 0.        ]
  [0.         0.43621145 0.         ... 0.21016426 0.         0.33508801]
  [0.37559347 0.         0.44227432 ... 0.         0.25683317 0.        ]
  ...
  [0.         0.31232594 0.         ... 0.12326599 0.         0.24374818]
  [0.33021214 0.         0.37331477 ... 0.         0.23248856 0.        ]
  [0.         0.39751482 0.         ... 0.19639575 0.         0.31676543]]

 [[0.         0.49999314 0.         ... 0.25394756 0.         0.40014117]
  [0.45906109 0.         0.5188826  ... 0.         0.3271019  0.        ]
  [0.         0.49292496 0.         ... 0.22496221 0.         0.39019059]
  ...
  [0.33221175 0.         0.37719488 ... 0.         0.23328196 0.        ]
  [0.         0.41557296 0.         ... 0.20990715 0.         0.34131982]
  [0.43464582 0.         0.48069134 ... 0.         0.31270711 0.        ]]]","[[0. 0. 0. ... 0. 0. 0.]
 [0. 0. 0. ... 0. 0. 0.]
 [0. 0. 0. ... 0. 0. 0.]
 ...
 [0. 0. 0. ... 0. 0. 0.]
 [0. 0. 0. ... 0. 0. 0.]
 [0. 0. 0. ... 0. 0. 0.]]","[[0. 0. 0. ... 0. 0. 0.]
 [0. 0. 0. ... 0. 0. 0.]
 [0. 0. 0. ... 0. 0. 0.]
 ...
 [0. 0. 0. ... 0. 0. 0.]
 [0. 0. 0. ... 0. 0. 0.]
 [0. 0. 0. ... 0. 0. 0.]]"
0.6,0.05,4,10000.0,10,56.324219030858146,0.3328770118782788,0.5203673891519762,"[[[0.9884 1.0011 1.0026 ... 0.9985 0.9971 1.0023]
  [1.0079 1.0031 1.0127 ... 1.0103 1.0073 1.0034]
  [0.9921 0.9997 1.0102 ... 1.0123 0.997  0.9901]
  ...
  [1.0149 1.0074 1.0039 ... 0.9974 0.9957 1.0051]
  [0.9968 1.0195 1.0053 ... 0.9904 1.0046 1.0037]
  [1.0015 0.9911 1.0088 ... 1.0076 1.0021 0.9909]]

 [[0.9884 1.0011 1.0026 ... 0.9985 0.9971 1.0023]
  [1.0079 1.0031 1.0127 ... 1.0103 1.0073 1.0034]
  [0.9921 0.9997 1.0102 ... 1.0123 0.997  0.9901]
  ...
  [1.0149 1.0074 1.0039 ... 0.9974 0.9957 1.0051]
  [0.9968 1.0195 1.0053 ... 0.9904 1.0046 1.0037]
  [1.0015 0.9911 1.0088 ... 1.0076 1.0021 0.9909]]]","[[[0.10793781 0.         0.05345181 ... 0.         0.1467542  0.        ]
  [0.         0.08356789 0.         ... 0.13963648 0.         0.1233308 ]
  [0.09155006 0.         0.05945145 ... 0.         0.11183682 0.        ]
  ...
  [0.         0.05837965 0.         ... 0.15970655 0.         0.12465493]
  [0.10236069 0.         0.03241254 ... 0.         0.15429893 0.        ]
  [0.         0.07636962 0.         ... 0.16561361 0.         0.13368912]]

 [[0.         0.11906721 0.         ... 0.19957454 0.         0.17333046]
  [0.14200302 0.         0.08982052 ... 0.         0.17449113 0.        ]
  [0.         0.1118362  0.         ... 0.15087855 0.         0.14611758]
  ...
  [0.12849825 0.         0.04718594 ... 0.         0.19051056 0.        ]
  [0.         0.09986693 0.         ... 0.21287792 0.         0.17318723]
  [0.14770079 0.         0.07422189 ... 0.         0.197815   0.        ]]]","[[0. 0. 0. ... 0. 0. 0.]
 [0. 0. 0. ... 0. 0. 0.]
 [0. 0. 0. ... 0. 0. 0.]
 ...
 [0. 0. 0. ... 0. 0. 0.]
 [0. 0. 0. ... 0. 0. 0.]
 [0. 0. 0. ... 0. 0. 0.]]","[[0. 0. 0. ... 0. 0. 0.]
 [0. 0. 0. ... 0. 0. 0.]
 [0. 0. 0. ... 0. 0. 0.]
 ...
 [0. 0. 0. ... 0. 0. 0.]
 [0. 0. 0. ... 0. 0. 0.]
 [0. 0. 0. ... 0. 0. 0.]]"
0.6,0.05,4,10000.0,20,0.447539094552276,0.5204810298243576,0.5228103859125499,"[[[0.9884 1.0011 1.0026 ... 0.9985 0.9971 1.0023]
  [1.0079 1.0031 1.0127 ... 1.0103 1.0073 1.0034]
  [0.9921 0.9997 1.0102 ... 1.0123 0.997  0.9901]
  ...
  [1.0149 1.0074 1.0039 ... 0.9974 0.9957 1.0051]
  [0.9968 1.0195 1.0053 ... 0.9904 1.0046 1.0037]
  [1.0015 0.9911 1.0088 ... 1.0076 1.0021 0.9909]]

 [[0.9884 1.0011 1.0026 ... 0.9985 0.9971 1.0023]
  [1.0079 1.0031 1.0127 ... 1.0103 1.0073 1.0034]
  [0.9921 0.9997 1.0102 ... 1.0123 0.997  0.9901]
  ...
  [1.0149 1.0074 1.0039 ... 0.9974 0.9957 1.0051]
  [0.9968 1.0195 1.0053 ... 0.9904 1.0046 1.0037]
  [1.0015 0.9911 1.0088 ... 1.0076 1.0021 0.9909]]]","[[[0.10864755 0.         0.10152174 ... 0.         0.08654146 0.        ]
  [0.         0.12469431 0.         ... 0.07998779 0.         0.11677411]
  [0.13414935 0.         0.12718852 ... 0.         0.10706158 0.        ]
  ...
  [0.         0.06705561 0.         ... 0.00871777 0.         0.04572278]
  [0.07654063 0.         0.07869808 ... 0.         0.05200263 0.        ]
  [0.         0.09485762 0.         ... 0.05432465 0.         0.08444642]]

 [[0.         0.15056602 0.         ... 0.10316246 0.         0.14077905]
  [0.16451445 0.         0.15206052 ... 0.         0.13709084 0.        ]
  [0.         0.17851876 0.         ... 0.11874621 0.         0.16940465]
  ...
  [0.09002655 0.         0.10209534 ... 0.         0.05852191 0.        ]
  [0.         0.11456683 0.         ... 0.06567441 0.         0.10085516]
  [0.13248903 0.         0.12564369 ... 0.         0.10601926 0.        ]]]","[[0. 0. 0. ... 0. 0. 0.]
 [0. 0. 0. ... 0. 0. 0.]
 [0. 0. 0. ... 0. 0. 0.]
 ...
 [0. 0. 0. ... 0. 0. 0.]
 [0. 0. 0. ... 0. 0. 0.]
 [0. 0. 0. ... 0. 0. 0.]]","[[0. 0. 0. ... 0. 0. 0.]
 [0. 0. 0. ... 0. 0. 0.]
 [0. 0. 0. ... 0. 0. 0.]
 ...
 [0. 0. 0. ... 0. 0. 0.]
 [0. 0. 0. ... 0. 0. 0.]
 [0. 0. 0. ... 0. 0. 0.]]"
0.6,0.05,4,10000.0,30,17.647451621458497,0.44935869434391396,0.5286590525350737,"[[[0.9884 1.0011 1.0026 ... 0.9985 0.9971 1.0023]
  [1.0079 1.0031 1.0127 ... 1.0103 1.0073 1.0034]
  [0.9921 0.9997 1.0102 ... 1.0123 0.997  0.9901]
  ...
  [1.0149 1.0074 1.0039 ... 0.9974 0.9957 1.0051]
  [0.9968 1.0195 1.0053 ... 0.9904 1.0046 1.0037]
  [1.0015 0.9911 1.0088 ... 1.0076 1.0021 0.9909]]

 [[0.9884 1.0011 1.0026 ... 0.9985 0.9971 1.0023]
  [1.0079 1.0031 1.0127 ... 1.0103 1.0073 1.0034]
  [0.9921 0.9997 1.0102 ... 1.0123 0.997  0.9901]
  ...
  [1.0149 1.0074 1.0039 ... 0.9974 0.9957 1.0051]
  [0.9968 1.0195 1.0053 ... 0.9904 1.0046 1.0037]
  [1.0015 0.9911 1.0088 ... 1.0076 1.0021 0.9909]]]","[[[0.16720992 0.         0.17862463 ... 0.         0.12366868 0.        ]
  [0.         0.16961926 0.         ... 0.08989829 0.         0.14374645]
  [0.14149679 0.         0.15078664 ... 0.         0.1036727  0.        ]
  ...
  [0.         0.1645425  0.         ... 0.07323746 0.         0.13346256]
  [0.16376192 0.         0.17657615 ... 0.         0.11841716 0.        ]
  [0.         0.17913087 0.         ... 0.09316634 0.         0.14961207]]

 [[0.         0.22537719 0.         ... 0.12984934 0.         0.19336265]
  [0.20320119 0.         0.21159345 ... 0.         0.15637469 0.        ]
  [0.         0.19372951 0.         ... 0.10963004 0.         0.16965664]
  ...
  [0.19388287 0.         0.20988567 ... 0.         0.14419515 0.        ]
  [0.         0.21792844 0.         ... 0.12224791 0.         0.18679248]
  [0.21556062 0.         0.22634319 ... 0.         0.16386523 0.        ]]]","[[0. 0. 0. ... 0. 0. 0.]
 [0. 0. 0. ... 0. 0. 0.]
 [0. 0. 0. ... 0. 0. 0.]
 ...
 [0. 0. 0. ... 0. 0. 0.]
 [0. 0. 0. ... 0. 0. 0.]
 [0. 0. 0. ... 0. 0. 0.]]","[[0. 0. 0. ... 0. 0. 0.]
 [0. 0. 0. ... 0. 0. 0.]
 [0. 0. 0. ... 0. 0. 0.]
 ...
 [0. 0. 0. ... 0. 0. 0.]
 [0. 0. 0. ... 0. 0. 0.]
 [0. 0. 0. ... 0. 0. 0.]]"
0.6,0.05,4,100000.0,10,57.68588712001846,0.3328770118782788,0.5249000691988731,"[[[0.99634 1.00036 1.00084 ... 0.99954 0.9991  1.00071]
  [1.00251 1.00098 1.00401 ... 1.00324 1.0023  0.99612]
  [0.9975  0.99989 1.00321 ... 1.00388 0.99905 0.99687]
  ...
  [1.0047  1.00233 1.00125 ... 0.99918 0.99864 1.00161]
  [0.999   1.00618 1.00168 ... 0.99697 0.99763 1.00116]
  [1.00046 0.99718 1.00279 ... 1.0024  1.00065 0.99712]]

 [[0.99634 1.00036 1.00084 ... 0.99954 0.99909 1.00071]
  [1.00251 1.00098 1.00401 ... 1.00324 1.0023  0.99612]
  [0.9975  0.99989 1.00321 ... 1.00388 0.99905 0.99687]
  ...
  [1.0047  1.00233 1.00125 ... 0.99917 0.99864 1.00161]
  [0.999   1.00618 1.00327 ... 0.99697 0.99763 1.00116]
  [1.00046 0.99718 1.00279 ... 1.0024  1.00065 0.99712]]]","[[[0.04691193 0.         0.         ... 0.         0.11104272 0.        ]
  [0.         0.00619714 0.0040591  ... 0.10961363 0.         0.06341182]
  [0.01967515 0.         0.         ... 0.         0.06201623 0.        ]
  ...
  [0.         0.01410254 0.01493827 ... 0.17015458 0.         0.10479345]
  [0.059437   0.         0.         ... 0.         0.13702116 0.        ]
  [0.         0.01370697 0.00793637 ... 0.15401849 0.         0.09347104]]

 [[0.         0.03973974 0.03155649 ... 0.17705547 0.         0.11739478]
  [0.06589551 0.         0.00070647 ... 0.         0.1257942  0.        ]
  [0.         0.02404551 0.03161302 ... 0.11317955 0.         0.07444644]
  ...
  [0.09415833 0.         0.         ... 0.         0.18490306 0.        ]
  [0.         0.04206186 0.03845387 ... 0.21172518 0.         0.13966838]
  [0.08834964 0.         0.         ... 0.         0.16867529 0.        ]]]","[[0. 0. 0. ... 0. 0. 0.]
 [0. 0. 0. ... 0. 0. 0.]
 [0. 0. 0. ... 0. 0. 0.]
 ...
 [0. 0. 0. ... 0. 0. 0.]
 [0. 0. 0. ... 0. 0. 0.]
 [0. 0. 0. ... 0. 0. 0.]]","[[0. 0. 0. ... 0. 0. 0.]
 [0. 0. 0. ... 0. 0. 0.]
 [0. 0. 0. ... 0. 0. 0.]
 ...
 [0. 0. 0. ... 0. 0. 0.]
 [0. 0. 0. ... 0. 0. 0.]
 [0. 0. 0. ... 0. 0. 0.]]"
0.6,0.05,4,100000.0,20,2.1019112628228522,0.5204810298243576,0.5314210792110922,"[[[0.99634 1.00036 1.00084 ... 0.99954 0.99909 1.00071]
  [1.00251 1.00098 1.00401 ... 1.00324 1.0023  0.99612]
  [0.9975  0.99989 1.00321 ... 1.00388 0.99905 0.99687]
  ...
  [1.0047  1.00233 1.00125 ... 0.99917 0.99864 1.00161]
  [0.999   1.00618 1.00168 ... 0.99697 0.99763 1.00116]
  [1.00046 0.99718 1.00279 ... 1.0024  1.00065 0.99712]]

 [[0.99634 1.00036 1.00084 ... 0.99954 0.99909 1.00071]
  [1.00251 1.00098 1.00401 ... 1.00324 1.0023  0.99612]
  [0.9975  0.99989 1.00321 ... 1.00388 0.99905 0.99687]
  ...
  [1.0047  1.00233 1.00125 ... 0.99917 0.99864 1.00161]
  [0.999   1.00618 1.00168 ... 0.99697 0.99763 1.00116]
  [1.00046 0.99718 1.00279 ... 1.0024  1.00065 0.99712]]]","[[[0.01755764 0.         0.         ... 0.         0.04465114 0.        ]
  [0.         0.02421067 0.         ... 0.0731057  0.         0.05774043]
  [0.07002527 0.         0.02747903 ... 0.         0.08833025 0.        ]
  ...
  [0.02575732 0.         0.04583554 ... 0.         0.00892931 0.        ]
  [0.         0.02319119 0.         ... 0.         0.         0.        ]
  [0.         0.         0.02570512 ... 0.03061918 0.         0.00814219]]

 [[0.         0.02574735 0.03295747 ... 0.08650004 0.         0.06446576]
  [0.07572327 0.         0.02548928 ... 0.         0.10250381 0.        ]
  [0.         0.08536974 0.         ... 0.12598459 0.         0.12003211]
  ...
  [0.         0.06586847 0.         ... 0.02855746 0.         0.04582471]
  [0.03617493 0.         0.07059722 ... 0.03376943 0.01077356 0.01028758]
  [0.02037854 0.03269906 0.         ... 0.         0.04998432 0.        ]]]","[[0. 0. 0. ... 0. 0. 0.]
 [0. 0. 0. ... 0. 0. 0.]
 [0. 0. 0. ... 0. 0. 0.]
 ...
 [0. 0. 0. ... 0. 0. 0.]
 [0. 0. 0. ... 0. 0. 0.]
 [0. 0. 0. ... 0. 0. 0.]]","[[0. 0. 0. ... 0. 0. 0.]
 [0. 0. 0. ... 0. 0. 0.]
 [0. 0. 0. ... 0. 0. 0.]
 ...
 [0. 0. 0. ... 0. 0. 0.]
 [0. 0. 0. ... 0. 0. 0.]
 [0. 0. 0. ... 0. 0. 0.]]"
0.6,0.05,4,100000.0,30,19.47255177287575,0.44935869434391396,0.5368602987459511,"[[[0.99634 1.00036 1.00084 ... 0.99954 0.99909 1.00071]
  [1.00251 1.00098 1.00401 ... 1.00324 1.0023  0.99612]
  [0.9975  0.99989 1.00321 ... 1.00388 0.99905 0.99687]
  ...
  [1.0047  1.00233 1.00125 ... 0.99917 0.99864 1.00161]
  [0.999   1.00618 1.00168 ... 0.99697 0.99763 1.00116]
  [1.00046 0.99718 1.00279 ... 1.0024  1.00065 0.99712]]

 [[0.99634 1.00036 1.00084 ... 0.99954 0.99909 1.00071]
  [1.00251 1.00098 1.00401 ... 1.00324 1.0023  0.99612]
  [0.9975  0.99989 1.00321 ... 1.00388 0.99905 0.99687]
  ...
  [1.0047  1.00233 1.00125 ... 0.99917 0.99864 1.00161]
  [0.999   1.00618 1.00327 ... 0.99697 0.99763 1.00116]
  [1.00046 0.99718 1.00279 ... 1.0024  1.00065 0.99712]]]","[[[0.0790761  0.         0.07534415 ... 0.         0.06217823 0.        ]
  [0.         0.07560504 0.         ... 0.03862349 0.         0.0639952 ]
  [0.06101795 0.         0.06636532 ... 0.         0.03981502 0.        ]
  ...
  [0.         0.08082982 0.         ... 0.06368715 0.         0.08335354]
  [0.08520771 0.         0.07442819 ... 0.         0.07303916 0.        ]
  [0.         0.08236285 0.         ... 0.05584273 0.         0.0786114 ]]

 [[0.         0.11613325 0.         ... 0.07989479 0.         0.10781973]
  [0.10656768 0.         0.10688772 ... 0.         0.08471864 0.        ]
  [0.         0.100292   0.         ... 0.05396884 0.         0.08526989]
  ...
  [0.12034658 0.         0.10415313 ... 0.         0.11080306 0.        ]
  [0.         0.11741799 0.         ... 0.09422631 0.         0.11764061]
  [0.11972171 0.         0.11027945 ... 0.         0.10325398 0.        ]]]","[[0. 0. 0. ... 0. 0. 0.]
 [0. 0. 0. ... 0. 0. 0.]
 [0. 0. 0. ... 0. 0. 0.]
 ...
 [0. 0. 0. ... 0. 0. 0.]
 [0. 0. 0. ... 0. 0. 0.]
 [0. 0. 0. ... 0. 0. 0.]]","[[0. 0. 0. ... 0. 0. 0.]
 [0. 0. 0. ... 0. 0. 0.]
 [0. 0. 0. ... 0. 0. 0.]
 ...
 [0. 0. 0. ... 0. 0. 0.]
 [0. 0. 0. ... 0. 0. 0.]
 [0. 0. 0. ... 0. 0. 0.]]"
0.6,0.05,6,1000.0,10,50.67361086875345,0.3328770118782788,0.501557813549012,"[[[0.963 1.004 1.008 ... 0.995 0.991 1.007]
  [1.025 1.01  1.04  ... 1.033 1.023 0.961]
  [0.975 0.999 1.032 ... 1.039 0.99  0.968]
  ...
  [1.047 1.023 1.012 ... 0.992 0.986 1.016]
  [0.99  1.062 1.017 ... 0.97  1.014 1.012]
  [1.005 0.972 1.028 ... 1.024 1.007 0.971]]

 [[0.963 1.004 1.008 ... 0.995 0.991 1.007]
  [1.025 1.01  1.04  ... 1.033 1.023 0.961]
  [0.975 0.999 1.032 ... 1.039 0.99  0.968]
  ...
  [1.047 1.023 1.012 ... 0.992 0.986 1.016]
  [0.99  1.062 1.017 ... 0.97  1.014 1.012]
  [1.005 0.972 1.028 ... 1.024 1.007 0.971]]]","[[[0.15348586 0.         0.2557486  ... 0.00679549 0.0367387  0.        ]
  [0.         0.21010755 0.         ... 0.         0.         0.09622222]
  [0.14782856 0.         0.2312909  ... 0.         0.04600906 0.        ]
  ...
  [0.         0.1822233  0.         ... 0.         0.         0.07409766]
  [0.14195386 0.         0.24455111 ... 0.02088538 0.02487248 0.        ]
  [0.         0.20429072 0.         ... 0.         0.         0.08996136]]

 [[0.         0.26043531 0.         ... 0.         0.         0.13274655]
  [0.19450319 0.         0.29183519 ... 0.01682006 0.06747169 0.        ]
  [0.         0.24257227 0.         ... 0.00711861 0.         0.14226218]
  ...
  [0.15985141 0.         0.27076924 ... 0.06260141 0.03679042 0.        ]
  [0.         0.23289078 0.         ... 0.         0.         0.11559142]
  [0.19467184 0.         0.30254518 ... 0.03573456 0.05691361 0.        ]]]","[[0. 0. 0. ... 0. 0. 0.]
 [0. 0. 0. ... 0. 0. 0.]
 [0. 0. 0. ... 0. 0. 0.]
 ...
 [0. 0. 0. ... 0. 0. 0.]
 [0. 0. 0. ... 0. 0. 0.]
 [0. 0. 0. ... 0. 0. 0.]]","[[0. 0. 0. ... 0. 0. 0.]
 [0. 0. 0. ... 0. 0. 0.]
 [0. 0. 0. ... 0. 0. 0.]
 ...
 [0. 0. 0. ... 0. 0. 0.]
 [0. 0. 0. ... 0. 0. 0.]
 [0. 0. 0. ... 0. 0. 0.]]"
0.6,0.05,6,1000.0,20,2.851323399298969,0.5204810298243576,0.5056404324320635,"[[[0.963 1.004 1.008 ... 0.995 0.991 1.007]
  [1.025 1.01  1.04  ... 1.033 1.023 0.961]
  [0.975 0.999 1.032 ... 1.039 0.99  0.968]
  ...
  [1.047 1.023 1.012 ... 0.992 0.986 1.016]
  [0.99  1.062 1.017 ... 0.97  1.014 1.012]
  [1.005 0.972 1.028 ... 1.024 1.007 0.971]]

 [[0.963 1.004 1.008 ... 0.995 0.991 1.007]
  [1.025 1.01  1.04  ... 1.033 1.023 0.961]
  [0.975 0.999 1.032 ... 1.039 0.99  0.968]
  ...
  [1.047 1.023 1.012 ... 0.992 0.986 1.016]
  [0.99  1.062 1.017 ... 0.97  1.014 1.012]
  [1.005 0.972 1.028 ... 1.024 1.007 0.971]]]","[[[0.16754645 0.         0.29973585 ... 0.04389268 0.01359779 0.        ]
  [0.         0.2596155  0.         ... 0.         0.         0.10829617]
  [0.19878327 0.         0.31238208 ... 0.01180596 0.05223171 0.        ]
  ...
  [0.         0.17407505 0.         ... 0.         0.03917132 0.02265197]
  [0.12438186 0.         0.26435696 ... 0.08567735 0.         0.        ]
  [0.         0.21981012 0.         ... 0.         0.         0.06823194]]

 [[0.         0.29566351 0.         ... 0.         0.         0.12737417]
  [0.23071005 0.         0.36036137 ... 0.04477759 0.05893753 0.        ]
  [0.         0.32007215 0.         ... 0.         0.         0.17488625]
  ...
  [0.12615643 0.         0.28515526 ... 0.1510241  0.         0.        ]
  [0.         0.23580646 0.         ... 0.         0.03693653 0.07427509]
  [0.19193253 0.         0.33637485 ... 0.09268014 0.01405493 0.        ]]]","[[0. 0. 0. ... 0. 0. 0.]
 [0. 0. 0. ... 0. 0. 0.]
 [0. 0. 0. ... 0. 0. 0.]
 ...
 [0. 0. 0. ... 0. 0. 0.]
 [0. 0. 0. ... 0. 0. 0.]
 [0. 0. 0. ... 0. 0. 0.]]","[[0. 0. 0. ... 0. 0. 0.]
 [0. 0. 0. ... 0. 0. 0.]
 [0. 0. 0. ... 0. 0. 0.]
 ...
 [0. 0. 0. ... 0. 0. 0.]
 [0. 0. 0. ... 0. 0. 0.]
 [0. 0. 0. ... 0. 0. 0.]]"
0.6,0.05,6,1000.0,30,12.257705738929985,0.44935869434391396,0.5044397608088887,"[[[0.963 1.004 1.008 ... 0.995 0.991 1.007]
  [1.025 1.01  1.04  ... 1.033 1.023 0.961]
  [0.975 0.999 1.032 ... 1.039 0.99  0.968]
  ...
  [1.047 1.023 1.012 ... 0.992 0.986 1.016]
  [0.99  1.062 1.017 ... 0.97  1.014 1.012]
  [1.005 0.972 1.028 ... 1.024 1.007 0.971]]

 [[0.963 1.004 1.008 ... 0.995 0.991 1.007]
  [1.025 1.01  1.04  ... 1.033 1.023 0.961]
  [0.975 0.999 1.032 ... 1.039 0.99  0.968]
  ...
  [1.047 1.023 1.012 ... 0.992 0.986 1.016]
  [0.99  1.062 1.017 ... 0.97  1.014 1.012]
  [1.005 0.972 1.028 ... 1.024 1.007 0.971]]]","[[[0.38596261 0.         0.44165109 ... 0.         0.27527308 0.        ]
  [0.         0.43621145 0.         ... 0.21016426 0.         0.33508801]
  [0.37559347 0.         0.44227432 ... 0.         0.25683317 0.        ]
  ...
  [0.         0.31232594 0.         ... 0.12326599 0.         0.24374818]
  [0.33021214 0.         0.37331477 ... 0.         0.23248856 0.        ]
  [0.         0.39751482 0.         ... 0.19639575 0.         0.31676543]]

 [[0.         0.49999314 0.         ... 0.25394756 0.         0.40014117]
  [0.45906109 0.         0.5188826  ... 0.         0.3271019  0.        ]
  [0.         0.49292496 0.         ... 0.22496221 0.         0.39019059]
  ...
  [0.33221175 0.         0.37719488 ... 0.         0.23328196 0.        ]
  [0.         0.41557296 0.         ... 0.20990715 0.         0.34131982]
  [0.43464582 0.         0.48069134 ... 0.         0.31270711 0.        ]]]","[[0. 0. 0. ... 0. 0. 0.]
 [0. 0. 0. ... 0. 0. 0.]
 [0. 0. 0. ... 0. 0. 0.]
 ...
 [0. 0. 0. ... 0. 0. 0.]
 [0. 0. 0. ... 0. 0. 0.]
 [0. 0. 0. ... 0. 0. 0.]]","[[0. 0. 0. ... 0. 0. 0.]
 [0. 0. 0. ... 0. 0. 0.]
 [0. 0. 0. ... 0. 0. 0.]
 ...
 [0. 0. 0. ... 0. 0. 0.]
 [0. 0. 0. ... 0. 0. 0.]
 [0. 0. 0. ... 0. 0. 0.]]"
0.6,0.05,6,10000.0,10,56.324219030858146,0.3328770118782788,0.5203673891519762,"[[[0.9884 1.0011 1.0026 ... 0.9985 0.9971 1.0023]
  [1.0079 1.0031 1.0127 ... 1.0103 1.0073 1.0034]
  [0.9921 0.9997 1.0102 ... 1.0123 0.997  0.9901]
  ...
  [1.0149 1.0074 1.0039 ... 0.9974 0.9957 1.0051]
  [0.9968 1.0195 1.0053 ... 0.9904 1.0046 1.0037]
  [1.0015 0.9911 1.0088 ... 1.0076 1.0021 0.9909]]

 [[0.9884 1.0011 1.0026 ... 0.9985 0.9971 1.0023]
  [1.0079 1.0031 1.0127 ... 1.0103 1.0073 1.0034]
  [0.9921 0.9997 1.0102 ... 1.0123 0.997  0.9901]
  ...
  [1.0149 1.0074 1.0039 ... 0.9974 0.9957 1.0051]
  [0.9968 1.0195 1.0053 ... 0.9904 1.0046 1.0037]
  [1.0015 0.9911 1.0088 ... 1.0076 1.0021 0.9909]]]","[[[0.10793781 0.         0.05345181 ... 0.         0.1467542  0.        ]
  [0.         0.08356789 0.         ... 0.13963648 0.         0.1233308 ]
  [0.09155006 0.         0.05945145 ... 0.         0.11183682 0.        ]
  ...
  [0.         0.05837965 0.         ... 0.15970655 0.         0.12465493]
  [0.10236069 0.         0.03241254 ... 0.         0.15429893 0.        ]
  [0.         0.07636962 0.         ... 0.16561361 0.         0.13368912]]

 [[0.         0.11906721 0.         ... 0.19957454 0.         0.17333046]
  [0.14200302 0.         0.08982052 ... 0.         0.17449113 0.        ]
  [0.         0.1118362  0.         ... 0.15087855 0.         0.14611758]
  ...
  [0.12849825 0.         0.04718594 ... 0.         0.19051056 0.        ]
  [0.         0.09986693 0.         ... 0.21287792 0.         0.17318723]
  [0.14770079 0.         0.07422189 ... 0.         0.197815   0.        ]]]","[[0. 0. 0. ... 0. 0. 0.]
 [0. 0. 0. ... 0. 0. 0.]
 [0. 0. 0. ... 0. 0. 0.]
 ...
 [0. 0. 0. ... 0. 0. 0.]
 [0. 0. 0. ... 0. 0. 0.]
 [0. 0. 0. ... 0. 0. 0.]]","[[0. 0. 0. ... 0. 0. 0.]
 [0. 0. 0. ... 0. 0. 0.]
 [0. 0. 0. ... 0. 0. 0.]
 ...
 [0. 0. 0. ... 0. 0. 0.]
 [0. 0. 0. ... 0. 0. 0.]
 [0. 0. 0. ... 0. 0. 0.]]"
0.6,0.05,6,10000.0,20,0.447539094552276,0.5204810298243576,0.5228103859125499,"[[[0.9884 1.0011 1.0026 ... 0.9985 0.9971 1.0023]
  [1.0079 1.0031 1.0127 ... 1.0103 1.0073 1.0034]
  [0.9921 0.9997 1.0102 ... 1.0123 0.997  0.9901]
  ...
  [1.0149 1.0074 1.0039 ... 0.9974 0.9957 1.0051]
  [0.9968 1.0195 1.0053 ... 0.9904 1.0046 1.0037]
  [1.0015 0.9911 1.0088 ... 1.0076 1.0021 0.9909]]

 [[0.9884 1.0011 1.0026 ... 0.9985 0.9971 1.0023]
  [1.0079 1.0031 1.0127 ... 1.0103 1.0073 1.0034]
  [0.9921 0.9997 1.0102 ... 1.0123 0.997  0.9901]
  ...
  [1.0149 1.0074 1.0039 ... 0.9974 0.9957 1.0051]
  [0.9968 1.0195 1.0053 ... 0.9904 1.0046 1.0037]
  [1.0015 0.9911 1.0088 ... 1.0076 1.0021 0.9909]]]","[[[0.10864755 0.         0.10152174 ... 0.         0.08654146 0.        ]
  [0.         0.12469431 0.         ... 0.07998779 0.         0.11677411]
  [0.13414935 0.         0.12718852 ... 0.         0.10706158 0.        ]
  ...
  [0.         0.06705561 0.         ... 0.00871777 0.         0.04572278]
  [0.07654063 0.         0.07869808 ... 0.         0.05200263 0.        ]
  [0.         0.09485762 0.         ... 0.05432465 0.         0.08444642]]

 [[0.         0.15056602 0.         ... 0.10316246 0.         0.14077905]
  [0.16451445 0.         0.15206052 ... 0.         0.13709084 0.        ]
  [0.         0.17851876 0.         ... 0.11874621 0.         0.16940465]
  ...
  [0.09002655 0.         0.10209534 ... 0.         0.05852191 0.        ]
  [0.         0.11456683 0.         ... 0.06567441 0.         0.10085516]
  [0.13248903 0.         0.12564369 ... 0.         0.10601926 0.        ]]]","[[0. 0. 0. ... 0. 0. 0.]
 [0. 0. 0. ... 0. 0. 0.]
 [0. 0. 0. ... 0. 0. 0.]
 ...
 [0. 0. 0. ... 0. 0. 0.]
 [0. 0. 0. ... 0. 0. 0.]
 [0. 0. 0. ... 0. 0. 0.]]","[[0. 0. 0. ... 0. 0. 0.]
 [0. 0. 0. ... 0. 0. 0.]
 [0. 0. 0. ... 0. 0. 0.]
 ...
 [0. 0. 0. ... 0. 0. 0.]
 [0. 0. 0. ... 0. 0. 0.]
 [0. 0. 0. ... 0. 0. 0.]]"
0.6,0.05,6,10000.0,30,17.647451621458497,0.44935869434391396,0.5286590525350737,"[[[0.9884 1.0011 1.0026 ... 0.9985 0.9971 1.0023]
  [1.0079 1.0031 1.0127 ... 1.0103 1.0073 1.0034]
  [0.9921 0.9997 1.0102 ... 1.0123 0.997  0.9901]
  ...
  [1.0149 1.0074 1.0039 ... 0.9974 0.9957 1.0051]
  [0.9968 1.0195 1.0053 ... 0.9904 1.0046 1.0037]
  [1.0015 0.9911 1.0088 ... 1.0076 1.0021 0.9909]]

 [[0.9884 1.0011 1.0026 ... 0.9985 0.9971 1.0023]
  [1.0079 1.0031 1.0127 ... 1.0103 1.0073 1.0034]
  [0.9921 0.9997 1.0102 ... 1.0123 0.997  0.9901]
  ...
  [1.0149 1.0074 1.0039 ... 0.9974 0.9957 1.0051]
  [0.9968 1.0195 1.0053 ... 0.9904 1.0046 1.0037]
  [1.0015 0.9911 1.0088 ... 1.0076 1.0021 0.9909]]]","[[[0.16720992 0.         0.17862463 ... 0.         0.12366868 0.        ]
  [0.         0.16961926 0.         ... 0.08989829 0.         0.14374645]
  [0.14149679 0.         0.15078664 ... 0.         0.1036727  0.        ]
  ...
  [0.         0.1645425  0.         ... 0.07323746 0.         0.13346256]
  [0.16376192 0.         0.17657615 ... 0.         0.11841716 0.        ]
  [0.         0.17913087 0.         ... 0.09316634 0.         0.14961207]]

 [[0.         0.22537719 0.         ... 0.12984934 0.         0.19336265]
  [0.20320119 0.         0.21159345 ... 0.         0.15637469 0.        ]
  [0.         0.19372951 0.         ... 0.10963004 0.         0.16965664]
  ...
  [0.19388287 0.         0.20988567 ... 0.         0.14419515 0.        ]
  [0.         0.21792844 0.         ... 0.12224791 0.         0.18679248]
  [0.21556062 0.         0.22634319 ... 0.         0.16386523 0.        ]]]","[[0. 0. 0. ... 0. 0. 0.]
 [0. 0. 0. ... 0. 0. 0.]
 [0. 0. 0. ... 0. 0. 0.]
 ...
 [0. 0. 0. ... 0. 0. 0.]
 [0. 0. 0. ... 0. 0. 0.]
 [0. 0. 0. ... 0. 0. 0.]]","[[0. 0. 0. ... 0. 0. 0.]
 [0. 0. 0. ... 0. 0. 0.]
 [0. 0. 0. ... 0. 0. 0.]
 ...
 [0. 0. 0. ... 0. 0. 0.]
 [0. 0. 0. ... 0. 0. 0.]
 [0. 0. 0. ... 0. 0. 0.]]"
0.6,0.05,6,100000.0,10,57.68588712001846,0.3328770118782788,0.5249000691988731,"[[[0.99634 1.00036 1.00084 ... 0.99954 0.9991  1.00071]
  [1.00251 1.00098 1.00401 ... 1.00324 1.0023  0.99612]
  [0.9975  0.99989 1.00321 ... 1.00388 0.99905 0.99687]
  ...
  [1.0047  1.00233 1.00125 ... 0.99918 0.99864 1.00161]
  [0.999   1.00618 1.00168 ... 0.99697 0.99763 1.00116]
  [1.00046 0.99718 1.00279 ... 1.0024  1.00065 0.99712]]

 [[0.99634 1.00036 1.00084 ... 0.99954 0.99909 1.00071]
  [1.00251 1.00098 1.00401 ... 1.00324 1.0023  0.99612]
  [0.9975  0.99989 1.00321 ... 1.00388 0.99905 0.99687]
  ...
  [1.0047  1.00233 1.00125 ... 0.99917 0.99864 1.00161]
  [0.999   1.00618 1.00327 ... 0.99697 0.99763 1.00116]
  [1.00046 0.99718 1.00279 ... 1.0024  1.00065 0.99712]]]","[[[0.04691193 0.         0.         ... 0.         0.11104272 0.        ]
  [0.         0.00619714 0.0040591  ... 0.10961363 0.         0.06341182]
  [0.01967515 0.         0.         ... 0.         0.06201623 0.        ]
  ...
  [0.         0.01410254 0.01493827 ... 0.17015458 0.         0.10479345]
  [0.059437   0.         0.         ... 0.         0.13702116 0.        ]
  [0.         0.01370697 0.00793637 ... 0.15401849 0.         0.09347104]]

 [[0.         0.03973974 0.03155649 ... 0.17705547 0.         0.11739478]
  [0.06589551 0.         0.00070647 ... 0.         0.1257942  0.        ]
  [0.         0.02404551 0.03161302 ... 0.11317955 0.         0.07444644]
  ...
  [0.09415833 0.         0.         ... 0.         0.18490306 0.        ]
  [0.         0.04206186 0.03845387 ... 0.21172518 0.         0.13966838]
  [0.08834964 0.         0.         ... 0.         0.16867529 0.        ]]]","[[0. 0. 0. ... 0. 0. 0.]
 [0. 0. 0. ... 0. 0. 0.]
 [0. 0. 0. ... 0. 0. 0.]
 ...
 [0. 0. 0. ... 0. 0. 0.]
 [0. 0. 0. ... 0. 0. 0.]
 [0. 0. 0. ... 0. 0. 0.]]","[[0. 0. 0. ... 0. 0. 0.]
 [0. 0. 0. ... 0. 0. 0.]
 [0. 0. 0. ... 0. 0. 0.]
 ...
 [0. 0. 0. ... 0. 0. 0.]
 [0. 0. 0. ... 0. 0. 0.]
 [0. 0. 0. ... 0. 0. 0.]]"
0.6,0.05,6,100000.0,20,2.1019112628228522,0.5204810298243576,0.5314210792110922,"[[[0.99634 1.00036 1.00084 ... 0.99954 0.99909 1.00071]
  [1.00251 1.00098 1.00401 ... 1.00324 1.0023  0.99612]
  [0.9975  0.99989 1.00321 ... 1.00388 0.99905 0.99687]
  ...
  [1.0047  1.00233 1.00125 ... 0.99917 0.99864 1.00161]
  [0.999   1.00618 1.00168 ... 0.99697 0.99763 1.00116]
  [1.00046 0.99718 1.00279 ... 1.0024  1.00065 0.99712]]

 [[0.99634 1.00036 1.00084 ... 0.99954 0.99909 1.00071]
  [1.00251 1.00098 1.00401 ... 1.00324 1.0023  0.99612]
  [0.9975  0.99989 1.00321 ... 1.00388 0.99905 0.99687]
  ...
  [1.0047  1.00233 1.00125 ... 0.99917 0.99864 1.00161]
  [0.999   1.00618 1.00168 ... 0.99697 0.99763 1.00116]
  [1.00046 0.99718 1.00279 ... 1.0024  1.00065 0.99712]]]","[[[0.01755764 0.         0.         ... 0.         0.04465114 0.        ]
  [0.         0.02421067 0.         ... 0.0731057  0.         0.05774043]
  [0.07002527 0.         0.02747903 ... 0.         0.08833025 0.        ]
  ...
  [0.02575732 0.         0.04583554 ... 0.         0.00892931 0.        ]
  [0.         0.02319119 0.         ... 0.         0.         0.        ]
  [0.         0.         0.02570512 ... 0.03061918 0.         0.00814219]]

 [[0.         0.02574735 0.03295747 ... 0.08650004 0.         0.06446576]
  [0.07572327 0.         0.02548928 ... 0.         0.10250381 0.        ]
  [0.         0.08536974 0.         ... 0.12598459 0.         0.12003211]
  ...
  [0.         0.06586847 0.         ... 0.02855746 0.         0.04582471]
  [0.03617493 0.         0.07059722 ... 0.03376943 0.01077356 0.01028758]
  [0.02037854 0.03269906 0.         ... 0.         0.04998432 0.        ]]]","[[0. 0. 0. ... 0. 0. 0.]
 [0. 0. 0. ... 0. 0. 0.]
 [0. 0. 0. ... 0. 0. 0.]
 ...
 [0. 0. 0. ... 0. 0. 0.]
 [0. 0. 0. ... 0. 0. 0.]
 [0. 0. 0. ... 0. 0. 0.]]","[[0. 0. 0. ... 0. 0. 0.]
 [0. 0. 0. ... 0. 0. 0.]
 [0. 0. 0. ... 0. 0. 0.]
 ...
 [0. 0. 0. ... 0. 0. 0.]
 [0. 0. 0. ... 0. 0. 0.]
 [0. 0. 0. ... 0. 0. 0.]]"
0.6,0.05,6,100000.0,30,19.47255177287575,0.44935869434391396,0.5368602987459511,"[[[0.99634 1.00036 1.00084 ... 0.99954 0.99909 1.00071]
  [1.00251 1.00098 1.00401 ... 1.00324 1.0023  0.99612]
  [0.9975  0.99989 1.00321 ... 1.00388 0.99905 0.99687]
  ...
  [1.0047  1.00233 1.00125 ... 0.99917 0.99864 1.00161]
  [0.999   1.00618 1.00168 ... 0.99697 0.99763 1.00116]
  [1.00046 0.99718 1.00279 ... 1.0024  1.00065 0.99712]]

 [[0.99634 1.00036 1.00084 ... 0.99954 0.99909 1.00071]
  [1.00251 1.00098 1.00401 ... 1.00324 1.0023  0.99612]
  [0.9975  0.99989 1.00321 ... 1.00388 0.99905 0.99687]
  ...
  [1.0047  1.00233 1.00125 ... 0.99917 0.99864 1.00161]
  [0.999   1.00618 1.00327 ... 0.99697 0.99763 1.00116]
  [1.00046 0.99718 1.00279 ... 1.0024  1.00065 0.99712]]]","[[[0.0790761  0.         0.07534415 ... 0.         0.06217823 0.        ]
  [0.         0.07560504 0.         ... 0.03862349 0.         0.0639952 ]
  [0.06101795 0.         0.06636532 ... 0.         0.03981502 0.        ]
  ...
  [0.         0.08082982 0.         ... 0.06368715 0.         0.08335354]
  [0.08520771 0.         0.07442819 ... 0.         0.07303916 0.        ]
  [0.         0.08236285 0.         ... 0.05584273 0.         0.0786114 ]]

 [[0.         0.11613325 0.         ... 0.07989479 0.         0.10781973]
  [0.10656768 0.         0.10688772 ... 0.         0.08471864 0.        ]
  [0.         0.100292   0.         ... 0.05396884 0.         0.08526989]
  ...
  [0.12034658 0.         0.10415313 ... 0.         0.11080306 0.        ]
  [0.         0.11741799 0.         ... 0.09422631 0.         0.11764061]
  [0.11972171 0.         0.11027945 ... 0.         0.10325398 0.        ]]]","[[0. 0. 0. ... 0. 0. 0.]
 [0. 0. 0. ... 0. 0. 0.]
 [0. 0. 0. ... 0. 0. 0.]
 ...
 [0. 0. 0. ... 0. 0. 0.]
 [0. 0. 0. ... 0. 0. 0.]
 [0. 0. 0. ... 0. 0. 0.]]","[[0. 0. 0. ... 0. 0. 0.]
 [0. 0. 0. ... 0. 0. 0.]
 [0. 0. 0. ... 0. 0. 0.]
 ...
 [0. 0. 0. ... 0. 0. 0.]
 [0. 0. 0. ... 0. 0. 0.]
 [0. 0. 0. ... 0. 0. 0.]]"
0.8,0.01,2,1000.0,10,213.80189159790532,0.1530672687429444,0.4803279847326088,"[[[0.963 1.004 1.008 ... 0.995 0.991 1.007]
  [1.025 1.01  1.04  ... 1.033 1.023 0.961]
  [0.975 0.999 1.032 ... 1.039 0.99  0.968]
  ...
  [1.047 1.023 1.012 ... 0.992 0.986 1.016]
  [0.99  1.062 1.017 ... 0.97  1.014 1.012]
  [1.005 0.972 1.028 ... 1.024 1.007 0.971]]

 [[0.963 1.004 1.008 ... 0.995 0.991 1.007]
  [1.025 1.01  1.04  ... 1.033 1.023 0.961]
  [0.975 0.999 1.032 ... 1.039 0.99  0.968]
  ...
  [1.047 1.023 1.012 ... 0.992 0.986 1.016]
  [0.99  1.062 1.017 ... 0.97  1.014 1.012]
  [1.005 0.972 1.028 ... 1.024 1.007 0.971]]]","[[[0.2718487  0.         0.36651757 ... 0.         0.12869304 0.        ]
  [0.         0.34597978 0.         ... 0.05693725 0.         0.21014523]
  [0.28496036 0.         0.38343668 ... 0.         0.13536182 0.        ]
  ...
  [0.         0.25770852 0.         ... 0.01262607 0.         0.15489838]
  [0.23537695 0.         0.31836847 ... 0.         0.10686515 0.        ]
  [0.         0.30778905 0.         ... 0.04407645 0.         0.19010745]]

 [[0.         0.38125774 0.         ... 0.06420282 0.         0.24071779]
  [0.32576953 0.         0.42592971 ... 0.         0.15798061 0.        ]
  [0.         0.39700414 0.         ... 0.0611408  0.         0.25880995]
  ...
  [0.23816507 0.         0.32557473 ... 0.         0.10712715 0.        ]
  [0.         0.31855266 0.         ... 0.04580235 0.         0.20390929]
  [0.30008847 0.         0.39103439 ... 0.         0.1423781  0.        ]]]","[[0. 0. 0. ... 0. 0. 0.]
 [0. 0. 0. ... 0. 0. 0.]
 [0. 0. 0. ... 0. 0. 0.]
 ...
 [0. 0. 0. ... 0. 0. 0.]
 [0. 0. 0. ... 0. 0. 0.]
 [0. 0. 0. ... 0. 0. 0.]]","[[0. 0. 0. ... 0. 0. 0.]
 [0. 0. 0. ... 0. 0. 0.]
 [0. 0. 0. ... 0. 0. 0.]
 ...
 [0. 0. 0. ... 0. 0. 0.]
 [0. 0. 0. ... 0. 0. 0.]
 [0. 0. 0. ... 0. 0. 0.]]"
0.8,0.01,2,1000.0,20,47.145085765446794,0.32831197290656755,0.48309493411159926,"[[[0.963 1.004 1.008 ... 0.995 0.991 1.007]
  [1.025 1.01  1.04  ... 1.033 1.023 0.961]
  [0.975 0.999 1.032 ... 1.039 0.99  0.968]
  ...
  [1.047 1.023 1.012 ... 0.992 0.986 1.016]
  [0.99  1.062 1.017 ... 0.97  1.014 1.012]
  [1.005 0.972 1.028 ... 1.024 1.007 0.971]]

 [[0.963 1.004 1.008 ... 0.995 0.991 1.007]
  [1.025 1.01  1.04  ... 1.033 1.023 0.961]
  [0.975 0.999 1.032 ... 1.039 0.99  0.968]
  ...
  [1.047 1.023 1.012 ... 0.992 0.986 1.016]
  [0.99  1.062 1.017 ... 0.97  1.014 1.012]
  [1.005 0.972 1.028 ... 1.024 1.007 0.971]]]","[[[0.41122882 0.         0.57287638 ... 0.         0.18151127 0.        ]
  [0.         0.47288546 0.         ... 0.06608259 0.         0.28216778]
  [0.34032184 0.         0.46208897 ... 0.         0.15892565 0.        ]
  ...
  [0.         0.50177345 0.         ... 0.         0.         0.27530616]
  [0.41823092 0.         0.59861087 ... 0.         0.16493164 0.        ]
  [0.         0.52122226 0.         ... 0.04658519 0.         0.30479308]]

 [[0.         0.57640853 0.         ... 0.07128688 0.         0.34795858]
  [0.43725268 0.         0.58910695 ... 0.         0.20178838 0.        ]
  [0.         0.47178529 0.         ... 0.06739555 0.         0.30195221]
  ...
  [0.4441764  0.         0.64964829 ... 0.00923743 0.16206027 0.        ]
  [0.         0.5807685  0.         ... 0.03661987 0.         0.33893331]
  [0.48504019 0.         0.67006654 ... 0.         0.20643197 0.        ]]]","[[0. 0. 0. ... 0. 0. 0.]
 [0. 0. 0. ... 0. 0. 0.]
 [0. 0. 0. ... 0. 0. 0.]
 ...
 [0. 0. 0. ... 0. 0. 0.]
 [0. 0. 0. ... 0. 0. 0.]
 [0. 0. 0. ... 0. 0. 0.]]","[[0. 0. 0. ... 0. 0. 0.]
 [0. 0. 0. ... 0. 0. 0.]
 [0. 0. 0. ... 0. 0. 0.]
 ...
 [0. 0. 0. ... 0. 0. 0.]
 [0. 0. 0. ... 0. 0. 0.]
 [0. 0. 0. ... 0. 0. 0.]]"
0.8,0.01,2,1000.0,30,111.69974016042949,0.22775383491599704,0.48215427672257927,"[[[0.963 1.004 1.008 ... 0.995 0.991 1.007]
  [1.025 1.01  1.04  ... 1.033 1.023 0.961]
  [0.975 0.999 1.032 ... 1.039 0.99  0.968]
  ...
  [1.047 1.023 1.012 ... 0.992 0.986 1.016]
  [0.99  1.062 1.017 ... 0.97  1.014 1.012]
  [1.005 0.972 1.028 ... 1.024 1.007 0.971]]

 [[0.963 1.004 1.008 ... 0.995 0.991 1.007]
  [1.025 1.01  1.04  ... 1.033 1.023 0.961]
  [0.975 0.999 1.032 ... 1.039 0.99  0.968]
  ...
  [1.047 1.023 1.012 ... 0.992 0.986 1.016]
  [0.99  1.062 1.017 ... 0.97  1.014 1.012]
  [1.005 0.972 1.028 ... 1.024 1.007 0.971]]]","[[[0.34011671 0.         0.47261167 ... 0.         0.15112718 0.        ]
  [0.         0.43726308 0.         ... 0.07609651 0.         0.26605838]
  [0.35924334 0.         0.48095327 ... 0.         0.18295191 0.        ]
  ...
  [0.         0.31372157 0.         ... 0.         0.         0.16013671]
  [0.28060132 0.         0.40815166 ... 0.         0.09688293 0.        ]
  [0.         0.38869814 0.         ... 0.02361603 0.         0.22257479]]

 [[0.         0.48005314 0.         ... 0.06340207 0.         0.29144412]
  [0.40845354 0.         0.5435091  ... 0.         0.19911654 0.        ]
  [0.         0.49364557 0.         ... 0.1004122  0.         0.32640244]
  ...
  [0.27363136 0.         0.41013787 ... 0.04567838 0.08089073 0.        ]
  [0.         0.39574943 0.         ... 0.00262161 0.         0.22403415]
  [0.36440541 0.         0.50271399 ... 0.         0.14865048 0.        ]]]","[[0. 0. 0. ... 0. 0. 0.]
 [0. 0. 0. ... 0. 0. 0.]
 [0. 0. 0. ... 0. 0. 0.]
 ...
 [0. 0. 0. ... 0. 0. 0.]
 [0. 0. 0. ... 0. 0. 0.]
 [0. 0. 0. ... 0. 0. 0.]]","[[0. 0. 0. ... 0. 0. 0.]
 [0. 0. 0. ... 0. 0. 0.]
 [0. 0. 0. ... 0. 0. 0.]
 ...
 [0. 0. 0. ... 0. 0. 0.]
 [0. 0. 0. ... 0. 0. 0.]
 [0. 0. 0. ... 0. 0. 0.]]"
0.8,0.01,2,10000.0,10,211.14573890235394,0.1530672687429444,0.47626228434788626,"[[[0.9884 1.0011 1.0026 ... 0.9985 0.9971 1.0023]
  [1.0079 1.0031 1.0127 ... 1.0103 1.0073 1.0034]
  [0.9921 0.9997 1.0102 ... 1.0123 0.997  0.9901]
  ...
  [1.0149 1.0074 1.0039 ... 0.9974 0.9957 1.0051]
  [0.9968 1.0195 1.0053 ... 0.9904 1.0046 1.0037]
  [1.0015 0.9911 1.0088 ... 1.0076 1.0021 0.9909]]

 [[0.9884 1.0011 1.0026 ... 0.9985 0.9971 1.0023]
  [1.0079 1.0031 1.0127 ... 1.0103 1.0073 1.0034]
  [0.9921 0.9997 1.0102 ... 1.0123 0.997  0.9901]
  ...
  [1.0149 1.0074 1.0039 ... 0.9974 0.9957 1.0051]
  [0.9968 1.0195 1.0053 ... 0.9904 1.0046 1.0037]
  [1.0015 0.9911 1.0088 ... 1.0076 1.0021 0.9909]]]","[[[0.12695253 0.         0.17123965 ... 0.         0.05783273 0.        ]
  [0.         0.14391676 0.         ... 0.01818158 0.         0.09144757]
  [0.10556336 0.         0.14071235 ... 0.         0.04877998 0.        ]
  ...
  [0.         0.15303229 0.         ... 0.01262799 0.         0.09448648]
  [0.13128936 0.         0.17721342 ... 0.         0.05952167 0.        ]
  [0.         0.15775856 0.         ... 0.0182839  0.         0.09779317]]

 [[0.         0.18554467 0.         ... 0.03279376 0.         0.1207531 ]
  [0.14630062 0.         0.18834239 ... 0.         0.07383332 0.        ]
  [0.         0.15478709 0.         ... 0.02787378 0.         0.10567779]
  ...
  [0.15251533 0.         0.20253077 ... 0.         0.07542514 0.        ]
  [0.         0.18696467 0.         ... 0.03221393 0.         0.12249275]
  [0.16136718 0.         0.21001696 ... 0.         0.07974239 0.        ]]]","[[0. 0. 0. ... 0. 0. 0.]
 [0. 0. 0. ... 0. 0. 0.]
 [0. 0. 0. ... 0. 0. 0.]
 ...
 [0. 0. 0. ... 0. 0. 0.]
 [0. 0. 0. ... 0. 0. 0.]
 [0. 0. 0. ... 0. 0. 0.]]","[[0. 0. 0. ... 0. 0. 0.]
 [0. 0. 0. ... 0. 0. 0.]
 [0. 0. 0. ... 0. 0. 0.]
 ...
 [0. 0. 0. ... 0. 0. 0.]
 [0. 0. 0. ... 0. 0. 0.]
 [0. 0. 0. ... 0. 0. 0.]]"
0.8,0.01,2,10000.0,20,46.0991935072477,0.32831197290656755,0.47966114460422876,"[[[0.9884 1.0011 1.0026 ... 0.9985 0.9971 1.0023]
  [1.0079 1.0031 1.0127 ... 1.0103 1.0073 1.0034]
  [0.9921 0.9997 1.0102 ... 1.0123 0.997  0.9901]
  ...
  [1.0149 1.0074 1.0039 ... 0.9974 0.9957 1.0051]
  [0.9968 1.0195 1.0053 ... 0.9904 1.0046 1.0037]
  [1.0015 0.9911 1.0088 ... 1.0076 1.0021 0.9909]]

 [[0.9884 1.0011 1.0026 ... 0.9985 0.9971 1.0023]
  [1.0079 1.0031 1.0127 ... 1.0103 1.0073 1.0034]
  [0.9921 0.9997 1.0102 ... 1.0123 0.997  0.9901]
  ...
  [1.0149 1.0074 1.0039 ... 0.9974 0.9957 1.0051]
  [0.9968 1.0195 1.0053 ... 0.9904 1.0046 1.0037]
  [1.0015 0.9911 1.0088 ... 1.0076 1.0021 0.9909]]]","[[[0.25776679 0.         0.31300482 ... 0.         0.15858463 0.        ]
  [0.         0.25694543 0.         ... 0.08978773 0.         0.18855126]
  [0.1803977  0.         0.22172161 ... 0.         0.11071768 0.        ]
  ...
  [0.         0.32135269 0.         ... 0.08478353 0.         0.22621682]
  [0.28525998 0.         0.34805338 ... 0.         0.16904667 0.        ]
  [0.         0.31476642 0.         ... 0.10285623 0.         0.22775843]]

 [[0.         0.34064634 0.         ... 0.12360756 0.         0.25175685]
  [0.26518406 0.         0.31659153 ... 0.         0.16850327 0.        ]
  [0.         0.24277768 0.         ... 0.08862668 0.         0.18229534]
  ...
  [0.32395511 0.         0.39631997 ... 0.         0.19107308 0.        ]
  [0.         0.37258833 0.         ... 0.12247676 0.         0.27228833]
  [0.32464945 0.         0.3887     ... 0.         0.20091376 0.        ]]]","[[0. 0. 0. ... 0. 0. 0.]
 [0. 0. 0. ... 0. 0. 0.]
 [0. 0. 0. ... 0. 0. 0.]
 ...
 [0. 0. 0. ... 0. 0. 0.]
 [0. 0. 0. ... 0. 0. 0.]
 [0. 0. 0. ... 0. 0. 0.]]","[[0. 0. 0. ... 0. 0. 0.]
 [0. 0. 0. ... 0. 0. 0.]
 [0. 0. 0. ... 0. 0. 0.]
 ...
 [0. 0. 0. ... 0. 0. 0.]
 [0. 0. 0. ... 0. 0. 0.]
 [0. 0. 0. ... 0. 0. 0.]]"
0.8,0.01,2,10000.0,30,111.15215200744659,0.22775383491599704,0.480907123704615,"[[[0.9884 1.0011 1.0026 ... 0.9985 0.9971 1.0023]
  [1.0079 1.0031 1.0127 ... 1.0103 1.0073 1.0034]
  [0.9921 0.9997 1.0102 ... 1.0123 0.997  0.9901]
  ...
  [1.0149 1.0074 1.0039 ... 0.9974 0.9957 1.0051]
  [0.9968 1.0195 1.0053 ... 0.9904 1.0046 1.0037]
  [1.0015 0.9911 1.0088 ... 1.0076 1.0021 0.9909]]

 [[0.9884 1.0011 1.0026 ... 0.9985 0.9971 1.0023]
  [1.0079 1.0031 1.0127 ... 1.0103 1.0073 1.0034]
  [0.9921 0.9997 1.0102 ... 1.0123 0.997  0.9901]
  ...
  [1.0149 1.0074 1.0039 ... 0.9974 0.9957 1.0051]
  [0.9968 1.0195 1.0053 ... 0.9904 1.0046 1.0037]
  [1.0015 0.9911 1.0088 ... 1.0076 1.0021 0.9909]]]","[[[0.11714124 0.         0.16799791 ... 0.         0.04256069 0.        ]
  [0.         0.15251544 0.         ... 0.01816061 0.         0.09368335]
  [0.12540685 0.         0.16516502 ... 0.         0.06226556 0.        ]
  ...
  [0.         0.11361894 0.         ... 0.         0.         0.04036494]
  [0.09378136 0.         0.15186309 ... 0.02008313 0.01338162 0.        ]
  [0.         0.13795213 0.         ... 0.         0.         0.06903355]]

 [[0.         0.17850654 0.         ... 0.0159133  0.         0.10571162]
  [0.15213902 0.         0.19983809 ... 0.         0.07366644 0.        ]
  [0.         0.18013015 0.         ... 0.04140933 0.         0.1236191 ]
  ...
  [0.09947601 0.         0.16705128 ... 0.0555064  0.0096914  0.        ]
  [0.         0.15181597 0.         ... 0.         0.         0.07444167]
  [0.13368468 0.         0.19239532 ... 0.01661684 0.04470001 0.        ]]]","[[0. 0. 0. ... 0. 0. 0.]
 [0. 0. 0. ... 0. 0. 0.]
 [0. 0. 0. ... 0. 0. 0.]
 ...
 [0. 0. 0. ... 0. 0. 0.]
 [0. 0. 0. ... 0. 0. 0.]
 [0. 0. 0. ... 0. 0. 0.]]","[[0. 0. 0. ... 0. 0. 0.]
 [0. 0. 0. ... 0. 0. 0.]
 [0. 0. 0. ... 0. 0. 0.]
 ...
 [0. 0. 0. ... 0. 0. 0.]
 [0. 0. 0. ... 0. 0. 0.]
 [0. 0. 0. ... 0. 0. 0.]]"
0.8,0.01,2,100000.0,10,209.4763212480574,0.1530672687429444,0.47370695234054194,"[[[0.99634 1.00036 1.00084 ... 0.99954 0.9991  1.00071]
  [1.00251 1.00098 1.00401 ... 1.00324 1.0023  0.99612]
  [0.9975  0.99989 1.00321 ... 1.00388 0.99905 0.99687]
  ...
  [1.0047  1.00233 1.00125 ... 0.99917 0.99864 1.00161]
  [0.999   1.00618 1.00327 ... 0.99697 0.99763 1.00116]
  [1.00046 0.99718 1.00279 ... 1.0024  1.00065 0.99712]]

 [[0.99634 1.00036 1.00084 ... 0.99954 0.99909 1.00071]
  [1.00251 1.00098 1.00401 ... 1.00324 1.0023  0.99612]
  [0.9975  0.99989 1.00321 ... 1.00388 0.99905 0.99687]
  ...
  [1.0047  1.00233 1.00125 ... 0.99918 0.99864 1.00161]
  [0.999   1.00618 1.00327 ... 0.99697 0.99763 1.00116]
  [1.00046 0.99718 1.00279 ... 1.0024  1.00065 0.99712]]]","[[[0.05380138 0.         0.05498913 ... 0.         0.0395926  0.        ]
  [0.         0.05580401 0.         ... 0.0256285  0.         0.04662332]
  [0.05005229 0.         0.05203905 ... 0.         0.03482454 0.        ]
  ...
  [0.         0.04662571 0.         ... 0.02922165 0.         0.04391572]
  [0.05075483 0.         0.04979862 ... 0.         0.03952316 0.        ]
  [0.         0.05459549 0.         ... 0.0298338  0.         0.04838104]]

 [[0.         0.0770739  0.         ... 0.04495857 0.         0.06831163]
  [0.07294595 0.         0.07415874 ... 0.         0.055778   0.        ]
  [0.         0.07326864 0.         ... 0.03826899 0.         0.06426155]
  ...
  [0.06526883 0.         0.06266553 ... 0.         0.05635278 0.        ]
  [0.         0.07067102 0.         ... 0.04788457 0.         0.06632987]
  [0.07386423 0.         0.0731092  ... 0.         0.05918702 0.        ]]]","[[0. 0. 0. ... 0. 0. 0.]
 [0. 0. 0. ... 0. 0. 0.]
 [0. 0. 0. ... 0. 0. 0.]
 ...
 [0. 0. 0. ... 0. 0. 0.]
 [0. 0. 0. ... 0. 0. 0.]
 [0. 0. 0. ... 0. 0. 0.]]","[[0. 0. 0. ... 0. 0. 0.]
 [0. 0. 0. ... 0. 0. 0.]
 [0. 0. 0. ... 0. 0. 0.]
 ...
 [0. 0. 0. ... 0. 0. 0.]
 [0. 0. 0. ... 0. 0. 0.]
 [0. 0. 0. ... 0. 0. 0.]]"
0.8,0.01,2,100000.0,20,46.091001663873946,0.32831197290656755,0.479634249801631,"[[[0.99634 1.00036 1.00084 ... 0.99954 0.99909 1.00071]
  [1.00251 1.00098 1.00401 ... 1.00324 1.0023  0.99612]
  [0.9975  0.99989 1.00321 ... 1.00388 0.99905 0.99687]
  ...
  [1.0047  1.00233 1.00125 ... 0.99917 0.99864 1.00161]
  [0.999   1.00618 1.00168 ... 0.99697 0.99763 1.00116]
  [1.00046 0.99718 1.00279 ... 1.0024  1.00065 0.99712]]

 [[0.99634 1.00036 1.00084 ... 0.99954 0.99909 1.00071]
  [1.00251 1.00098 1.00401 ... 1.00324 1.0023  0.99612]
  [0.9975  0.99989 1.00321 ... 1.00388 0.99905 0.99687]
  ...
  [1.0047  1.00233 1.00125 ... 0.99917 0.99864 1.00161]
  [0.999   1.00618 1.00168 ... 0.99697 0.99763 1.00116]
  [1.00046 0.99718 1.00279 ... 1.0024  1.00065 0.99712]]]","[[[0.16208581 0.         0.19033507 ... 0.         0.10886129 0.        ]
  [0.         0.14603847 0.         ... 0.0611053  0.         0.10955542]
  [0.08960098 0.         0.11094706 ... 0.         0.0568436  0.        ]
  ...
  [0.         0.22277158 0.         ... 0.08673923 0.         0.16954924]
  [0.19768089 0.         0.22977828 ... 0.         0.13066701 0.        ]
  [0.         0.20456395 0.         ... 0.08697925 0.         0.15728225]]

 [[0.         0.21515053 0.         ... 0.09938551 0.         0.16778841]
  [0.15874021 0.         0.1859607  ... 0.         0.10960917 0.        ]
  [0.         0.12815213 0.         ... 0.05617098 0.         0.09734442]
  ...
  [0.23694249 0.         0.27399865 ... 0.         0.15940574 0.        ]
  [0.         0.2569987  0.         ... 0.11418063 0.         0.20085072]
  [0.22042184 0.         0.25364331 ... 0.         0.15193713 0.        ]]]","[[0. 0. 0. ... 0. 0. 0.]
 [0. 0. 0. ... 0. 0. 0.]
 [0. 0. 0. ... 0. 0. 0.]
 ...
 [0. 0. 0. ... 0. 0. 0.]
 [0. 0. 0. ... 0. 0. 0.]
 [0. 0. 0. ... 0. 0. 0.]]","[[0. 0. 0. ... 0. 0. 0.]
 [0. 0. 0. ... 0. 0. 0.]
 [0. 0. 0. ... 0. 0. 0.]
 ...
 [0. 0. 0. ... 0. 0. 0.]
 [0. 0. 0. ... 0. 0. 0.]
 [0. 0. 0. ... 0. 0. 0.]]"
0.8,0.01,2,100000.0,30,111.12006448212392,0.22775383491599704,0.48083404313516304,"[[[0.99634 1.00036 1.00084 ... 0.99954 0.9991  1.00071]
  [1.00251 1.00098 1.00401 ... 1.00324 1.0023  0.99612]
  [0.9975  0.99989 1.00321 ... 1.00388 0.99905 0.99687]
  ...
  [1.0047  1.00233 1.00125 ... 0.99917 0.99864 1.00161]
  [0.999   1.00618 1.00168 ... 0.99697 0.99763 1.00116]
  [1.00046 0.99718 1.00279 ... 1.0024  1.00065 0.99712]]

 [[0.99634 1.00036 1.00084 ... 0.99954 0.9991  1.00071]
  [1.00251 1.00098 1.00401 ... 1.00324 1.0023  0.99612]
  [0.9975  0.99989 1.00321 ... 1.00388 0.99905 0.99687]
  ...
  [1.0047  1.00233 1.00125 ... 0.99917 0.99864 1.00161]
  [0.999   1.00618 1.00168 ... 0.99697 0.99763 1.00116]
  [1.00046 0.99718 1.00279 ... 1.0024  1.00065 0.99712]]]","[[[0.04936616 0.         0.06500966 ... 0.         0.02056137 0.        ]
  [0.         0.05592042 0.         ... 0.00447727 0.         0.03299589]
  [0.04103102 0.         0.05461325 ... 0.         0.01553597 0.        ]
  ...
  [0.         0.06304809 0.         ... 0.         0.         0.03594286]
  [0.05184818 0.         0.06938851 ... 0.         0.01941097 0.        ]
  [0.         0.06177945 0.         ... 0.00433708 0.         0.03703839]]

 [[0.         0.08061109 0.         ... 0.01899625 0.         0.05407788]
  [0.06494933 0.         0.08020282 ... 0.         0.03440457 0.        ]
  [0.         0.06990375 0.         ... 0.01503073 0.         0.04710017]
  ...
  [0.0701489  0.         0.09116415 ... 0.00378222 0.03365928 0.        ]
  [0.         0.08313263 0.         ... 0.01618842 0.         0.05489861]
  [0.07137779 0.         0.08889549 ... 0.         0.03692074 0.        ]]]","[[0. 0. 0. ... 0. 0. 0.]
 [0. 0. 0. ... 0. 0. 0.]
 [0. 0. 0. ... 0. 0. 0.]
 ...
 [0. 0. 0. ... 0. 0. 0.]
 [0. 0. 0. ... 0. 0. 0.]
 [0. 0. 0. ... 0. 0. 0.]]","[[0. 0. 0. ... 0. 0. 0.]
 [0. 0. 0. ... 0. 0. 0.]
 [0. 0. 0. ... 0. 0. 0.]
 ...
 [0. 0. 0. ... 0. 0. 0.]
 [0. 0. 0. ... 0. 0. 0.]
 [0. 0. 0. ... 0. 0. 0.]]"
0.8,0.01,4,1000.0,10,213.80189159790532,0.1530672687429444,0.4803279847326088,"[[[0.963 1.004 1.008 ... 0.995 0.991 1.007]
  [1.025 1.01  1.04  ... 1.033 1.023 0.961]
  [0.975 0.999 1.032 ... 1.039 0.99  0.968]
  ...
  [1.047 1.023 1.012 ... 0.992 0.986 1.016]
  [0.99  1.062 1.017 ... 0.97  1.014 1.012]
  [1.005 0.972 1.028 ... 1.024 1.007 0.971]]

 [[0.963 1.004 1.008 ... 0.995 0.991 1.007]
  [1.025 1.01  1.04  ... 1.033 1.023 0.961]
  [0.975 0.999 1.032 ... 1.039 0.99  0.968]
  ...
  [1.047 1.023 1.012 ... 0.992 0.986 1.016]
  [0.99  1.062 1.017 ... 0.97  1.014 1.012]
  [1.005 0.972 1.028 ... 1.024 1.007 0.971]]]","[[[0.2718487  0.         0.36651757 ... 0.         0.12869304 0.        ]
  [0.         0.34597978 0.         ... 0.05693725 0.         0.21014523]
  [0.28496036 0.         0.38343668 ... 0.         0.13536182 0.        ]
  ...
  [0.         0.25770852 0.         ... 0.01262607 0.         0.15489838]
  [0.23537695 0.         0.31836847 ... 0.         0.10686515 0.        ]
  [0.         0.30778905 0.         ... 0.04407645 0.         0.19010745]]

 [[0.         0.38125774 0.         ... 0.06420282 0.         0.24071779]
  [0.32576953 0.         0.42592971 ... 0.         0.15798061 0.        ]
  [0.         0.39700414 0.         ... 0.0611408  0.         0.25880995]
  ...
  [0.23816507 0.         0.32557473 ... 0.         0.10712715 0.        ]
  [0.         0.31855266 0.         ... 0.04580235 0.         0.20390929]
  [0.30008847 0.         0.39103439 ... 0.         0.1423781  0.        ]]]","[[0. 0. 0. ... 0. 0. 0.]
 [0. 0. 0. ... 0. 0. 0.]
 [0. 0. 0. ... 0. 0. 0.]
 ...
 [0. 0. 0. ... 0. 0. 0.]
 [0. 0. 0. ... 0. 0. 0.]
 [0. 0. 0. ... 0. 0. 0.]]","[[0. 0. 0. ... 0. 0. 0.]
 [0. 0. 0. ... 0. 0. 0.]
 [0. 0. 0. ... 0. 0. 0.]
 ...
 [0. 0. 0. ... 0. 0. 0.]
 [0. 0. 0. ... 0. 0. 0.]
 [0. 0. 0. ... 0. 0. 0.]]"
0.8,0.01,4,1000.0,20,47.145085765446794,0.32831197290656755,0.48309493411159926,"[[[0.963 1.004 1.008 ... 0.995 0.991 1.007]
  [1.025 1.01  1.04  ... 1.033 1.023 0.961]
  [0.975 0.999 1.032 ... 1.039 0.99  0.968]
  ...
  [1.047 1.023 1.012 ... 0.992 0.986 1.016]
  [0.99  1.062 1.017 ... 0.97  1.014 1.012]
  [1.005 0.972 1.028 ... 1.024 1.007 0.971]]

 [[0.963 1.004 1.008 ... 0.995 0.991 1.007]
  [1.025 1.01  1.04  ... 1.033 1.023 0.961]
  [0.975 0.999 1.032 ... 1.039 0.99  0.968]
  ...
  [1.047 1.023 1.012 ... 0.992 0.986 1.016]
  [0.99  1.062 1.017 ... 0.97  1.014 1.012]
  [1.005 0.972 1.028 ... 1.024 1.007 0.971]]]","[[[0.41122882 0.         0.57287638 ... 0.         0.18151127 0.        ]
  [0.         0.47288546 0.         ... 0.06608259 0.         0.28216778]
  [0.34032184 0.         0.46208897 ... 0.         0.15892565 0.        ]
  ...
  [0.         0.50177345 0.         ... 0.         0.         0.27530616]
  [0.41823092 0.         0.59861087 ... 0.         0.16493164 0.        ]
  [0.         0.52122226 0.         ... 0.04658519 0.         0.30479308]]

 [[0.         0.57640853 0.         ... 0.07128688 0.         0.34795858]
  [0.43725268 0.         0.58910695 ... 0.         0.20178838 0.        ]
  [0.         0.47178529 0.         ... 0.06739555 0.         0.30195221]
  ...
  [0.4441764  0.         0.64964829 ... 0.00923743 0.16206027 0.        ]
  [0.         0.5807685  0.         ... 0.03661987 0.         0.33893331]
  [0.48504019 0.         0.67006654 ... 0.         0.20643197 0.        ]]]","[[0. 0. 0. ... 0. 0. 0.]
 [0. 0. 0. ... 0. 0. 0.]
 [0. 0. 0. ... 0. 0. 0.]
 ...
 [0. 0. 0. ... 0. 0. 0.]
 [0. 0. 0. ... 0. 0. 0.]
 [0. 0. 0. ... 0. 0. 0.]]","[[0. 0. 0. ... 0. 0. 0.]
 [0. 0. 0. ... 0. 0. 0.]
 [0. 0. 0. ... 0. 0. 0.]
 ...
 [0. 0. 0. ... 0. 0. 0.]
 [0. 0. 0. ... 0. 0. 0.]
 [0. 0. 0. ... 0. 0. 0.]]"
0.8,0.01,4,1000.0,30,111.69974016042949,0.22775383491599704,0.48215427672257927,"[[[0.963 1.004 1.008 ... 0.995 0.991 1.007]
  [1.025 1.01  1.04  ... 1.033 1.023 0.961]
  [0.975 0.999 1.032 ... 1.039 0.99  0.968]
  ...
  [1.047 1.023 1.012 ... 0.992 0.986 1.016]
  [0.99  1.062 1.017 ... 0.97  1.014 1.012]
  [1.005 0.972 1.028 ... 1.024 1.007 0.971]]

 [[0.963 1.004 1.008 ... 0.995 0.991 1.007]
  [1.025 1.01  1.04  ... 1.033 1.023 0.961]
  [0.975 0.999 1.032 ... 1.039 0.99  0.968]
  ...
  [1.047 1.023 1.012 ... 0.992 0.986 1.016]
  [0.99  1.062 1.017 ... 0.97  1.014 1.012]
  [1.005 0.972 1.028 ... 1.024 1.007 0.971]]]","[[[0.34011671 0.         0.47261167 ... 0.         0.15112718 0.        ]
  [0.         0.43726308 0.         ... 0.07609651 0.         0.26605838]
  [0.35924334 0.         0.48095327 ... 0.         0.18295191 0.        ]
  ...
  [0.         0.31372157 0.         ... 0.         0.         0.16013671]
  [0.28060132 0.         0.40815166 ... 0.         0.09688293 0.        ]
  [0.         0.38869814 0.         ... 0.02361603 0.         0.22257479]]

 [[0.         0.48005314 0.         ... 0.06340207 0.         0.29144412]
  [0.40845354 0.         0.5435091  ... 0.         0.19911654 0.        ]
  [0.         0.49364557 0.         ... 0.1004122  0.         0.32640244]
  ...
  [0.27363136 0.         0.41013787 ... 0.04567838 0.08089073 0.        ]
  [0.         0.39574943 0.         ... 0.00262161 0.         0.22403415]
  [0.36440541 0.         0.50271399 ... 0.         0.14865048 0.        ]]]","[[0. 0. 0. ... 0. 0. 0.]
 [0. 0. 0. ... 0. 0. 0.]
 [0. 0. 0. ... 0. 0. 0.]
 ...
 [0. 0. 0. ... 0. 0. 0.]
 [0. 0. 0. ... 0. 0. 0.]
 [0. 0. 0. ... 0. 0. 0.]]","[[0. 0. 0. ... 0. 0. 0.]
 [0. 0. 0. ... 0. 0. 0.]
 [0. 0. 0. ... 0. 0. 0.]
 ...
 [0. 0. 0. ... 0. 0. 0.]
 [0. 0. 0. ... 0. 0. 0.]
 [0. 0. 0. ... 0. 0. 0.]]"
0.8,0.01,4,10000.0,10,211.14573890235394,0.1530672687429444,0.47626228434788626,"[[[0.9884 1.0011 1.0026 ... 0.9985 0.9971 1.0023]
  [1.0079 1.0031 1.0127 ... 1.0103 1.0073 1.0034]
  [0.9921 0.9997 1.0102 ... 1.0123 0.997  0.9901]
  ...
  [1.0149 1.0074 1.0039 ... 0.9974 0.9957 1.0051]
  [0.9968 1.0195 1.0053 ... 0.9904 1.0046 1.0037]
  [1.0015 0.9911 1.0088 ... 1.0076 1.0021 0.9909]]

 [[0.9884 1.0011 1.0026 ... 0.9985 0.9971 1.0023]
  [1.0079 1.0031 1.0127 ... 1.0103 1.0073 1.0034]
  [0.9921 0.9997 1.0102 ... 1.0123 0.997  0.9901]
  ...
  [1.0149 1.0074 1.0039 ... 0.9974 0.9957 1.0051]
  [0.9968 1.0195 1.0053 ... 0.9904 1.0046 1.0037]
  [1.0015 0.9911 1.0088 ... 1.0076 1.0021 0.9909]]]","[[[0.12695253 0.         0.17123965 ... 0.         0.05783273 0.        ]
  [0.         0.14391676 0.         ... 0.01818158 0.         0.09144757]
  [0.10556336 0.         0.14071235 ... 0.         0.04877998 0.        ]
  ...
  [0.         0.15303229 0.         ... 0.01262799 0.         0.09448648]
  [0.13128936 0.         0.17721342 ... 0.         0.05952167 0.        ]
  [0.         0.15775856 0.         ... 0.0182839  0.         0.09779317]]

 [[0.         0.18554467 0.         ... 0.03279376 0.         0.1207531 ]
  [0.14630062 0.         0.18834239 ... 0.         0.07383332 0.        ]
  [0.         0.15478709 0.         ... 0.02787378 0.         0.10567779]
  ...
  [0.15251533 0.         0.20253077 ... 0.         0.07542514 0.        ]
  [0.         0.18696467 0.         ... 0.03221393 0.         0.12249275]
  [0.16136718 0.         0.21001696 ... 0.         0.07974239 0.        ]]]","[[0. 0. 0. ... 0. 0. 0.]
 [0. 0. 0. ... 0. 0. 0.]
 [0. 0. 0. ... 0. 0. 0.]
 ...
 [0. 0. 0. ... 0. 0. 0.]
 [0. 0. 0. ... 0. 0. 0.]
 [0. 0. 0. ... 0. 0. 0.]]","[[0. 0. 0. ... 0. 0. 0.]
 [0. 0. 0. ... 0. 0. 0.]
 [0. 0. 0. ... 0. 0. 0.]
 ...
 [0. 0. 0. ... 0. 0. 0.]
 [0. 0. 0. ... 0. 0. 0.]
 [0. 0. 0. ... 0. 0. 0.]]"
0.8,0.01,4,10000.0,20,46.0991935072477,0.32831197290656755,0.47966114460422876,"[[[0.9884 1.0011 1.0026 ... 0.9985 0.9971 1.0023]
  [1.0079 1.0031 1.0127 ... 1.0103 1.0073 1.0034]
  [0.9921 0.9997 1.0102 ... 1.0123 0.997  0.9901]
  ...
  [1.0149 1.0074 1.0039 ... 0.9974 0.9957 1.0051]
  [0.9968 1.0195 1.0053 ... 0.9904 1.0046 1.0037]
  [1.0015 0.9911 1.0088 ... 1.0076 1.0021 0.9909]]

 [[0.9884 1.0011 1.0026 ... 0.9985 0.9971 1.0023]
  [1.0079 1.0031 1.0127 ... 1.0103 1.0073 1.0034]
  [0.9921 0.9997 1.0102 ... 1.0123 0.997  0.9901]
  ...
  [1.0149 1.0074 1.0039 ... 0.9974 0.9957 1.0051]
  [0.9968 1.0195 1.0053 ... 0.9904 1.0046 1.0037]
  [1.0015 0.9911 1.0088 ... 1.0076 1.0021 0.9909]]]","[[[0.25776679 0.         0.31300482 ... 0.         0.15858463 0.        ]
  [0.         0.25694543 0.         ... 0.08978773 0.         0.18855126]
  [0.1803977  0.         0.22172161 ... 0.         0.11071768 0.        ]
  ...
  [0.         0.32135269 0.         ... 0.08478353 0.         0.22621682]
  [0.28525998 0.         0.34805338 ... 0.         0.16904667 0.        ]
  [0.         0.31476642 0.         ... 0.10285623 0.         0.22775843]]

 [[0.         0.34064634 0.         ... 0.12360756 0.         0.25175685]
  [0.26518406 0.         0.31659153 ... 0.         0.16850327 0.        ]
  [0.         0.24277768 0.         ... 0.08862668 0.         0.18229534]
  ...
  [0.32395511 0.         0.39631997 ... 0.         0.19107308 0.        ]
  [0.         0.37258833 0.         ... 0.12247676 0.         0.27228833]
  [0.32464945 0.         0.3887     ... 0.         0.20091376 0.        ]]]","[[0. 0. 0. ... 0. 0. 0.]
 [0. 0. 0. ... 0. 0. 0.]
 [0. 0. 0. ... 0. 0. 0.]
 ...
 [0. 0. 0. ... 0. 0. 0.]
 [0. 0. 0. ... 0. 0. 0.]
 [0. 0. 0. ... 0. 0. 0.]]","[[0. 0. 0. ... 0. 0. 0.]
 [0. 0. 0. ... 0. 0. 0.]
 [0. 0. 0. ... 0. 0. 0.]
 ...
 [0. 0. 0. ... 0. 0. 0.]
 [0. 0. 0. ... 0. 0. 0.]
 [0. 0. 0. ... 0. 0. 0.]]"
0.8,0.01,4,10000.0,30,111.15215200744659,0.22775383491599704,0.480907123704615,"[[[0.9884 1.0011 1.0026 ... 0.9985 0.9971 1.0023]
  [1.0079 1.0031 1.0127 ... 1.0103 1.0073 1.0034]
  [0.9921 0.9997 1.0102 ... 1.0123 0.997  0.9901]
  ...
  [1.0149 1.0074 1.0039 ... 0.9974 0.9957 1.0051]
  [0.9968 1.0195 1.0053 ... 0.9904 1.0046 1.0037]
  [1.0015 0.9911 1.0088 ... 1.0076 1.0021 0.9909]]

 [[0.9884 1.0011 1.0026 ... 0.9985 0.9971 1.0023]
  [1.0079 1.0031 1.0127 ... 1.0103 1.0073 1.0034]
  [0.9921 0.9997 1.0102 ... 1.0123 0.997  0.9901]
  ...
  [1.0149 1.0074 1.0039 ... 0.9974 0.9957 1.0051]
  [0.9968 1.0195 1.0053 ... 0.9904 1.0046 1.0037]
  [1.0015 0.9911 1.0088 ... 1.0076 1.0021 0.9909]]]","[[[0.11714124 0.         0.16799791 ... 0.         0.04256069 0.        ]
  [0.         0.15251544 0.         ... 0.01816061 0.         0.09368335]
  [0.12540685 0.         0.16516502 ... 0.         0.06226556 0.        ]
  ...
  [0.         0.11361894 0.         ... 0.         0.         0.04036494]
  [0.09378136 0.         0.15186309 ... 0.02008313 0.01338162 0.        ]
  [0.         0.13795213 0.         ... 0.         0.         0.06903355]]

 [[0.         0.17850654 0.         ... 0.0159133  0.         0.10571162]
  [0.15213902 0.         0.19983809 ... 0.         0.07366644 0.        ]
  [0.         0.18013015 0.         ... 0.04140933 0.         0.1236191 ]
  ...
  [0.09947601 0.         0.16705128 ... 0.0555064  0.0096914  0.        ]
  [0.         0.15181597 0.         ... 0.         0.         0.07444167]
  [0.13368468 0.         0.19239532 ... 0.01661684 0.04470001 0.        ]]]","[[0. 0. 0. ... 0. 0. 0.]
 [0. 0. 0. ... 0. 0. 0.]
 [0. 0. 0. ... 0. 0. 0.]
 ...
 [0. 0. 0. ... 0. 0. 0.]
 [0. 0. 0. ... 0. 0. 0.]
 [0. 0. 0. ... 0. 0. 0.]]","[[0. 0. 0. ... 0. 0. 0.]
 [0. 0. 0. ... 0. 0. 0.]
 [0. 0. 0. ... 0. 0. 0.]
 ...
 [0. 0. 0. ... 0. 0. 0.]
 [0. 0. 0. ... 0. 0. 0.]
 [0. 0. 0. ... 0. 0. 0.]]"
0.8,0.01,4,100000.0,10,209.4763212480574,0.1530672687429444,0.47370695234054194,"[[[0.99634 1.00036 1.00084 ... 0.99954 0.9991  1.00071]
  [1.00251 1.00098 1.00401 ... 1.00324 1.0023  0.99612]
  [0.9975  0.99989 1.00321 ... 1.00388 0.99905 0.99687]
  ...
  [1.0047  1.00233 1.00125 ... 0.99917 0.99864 1.00161]
  [0.999   1.00618 1.00327 ... 0.99697 0.99763 1.00116]
  [1.00046 0.99718 1.00279 ... 1.0024  1.00065 0.99712]]

 [[0.99634 1.00036 1.00084 ... 0.99954 0.99909 1.00071]
  [1.00251 1.00098 1.00401 ... 1.00324 1.0023  0.99612]
  [0.9975  0.99989 1.00321 ... 1.00388 0.99905 0.99687]
  ...
  [1.0047  1.00233 1.00125 ... 0.99918 0.99864 1.00161]
  [0.999   1.00618 1.00327 ... 0.99697 0.99763 1.00116]
  [1.00046 0.99718 1.00279 ... 1.0024  1.00065 0.99712]]]","[[[0.05380138 0.         0.05498913 ... 0.         0.0395926  0.        ]
  [0.         0.05580401 0.         ... 0.0256285  0.         0.04662332]
  [0.05005229 0.         0.05203905 ... 0.         0.03482454 0.        ]
  ...
  [0.         0.04662571 0.         ... 0.02922165 0.         0.04391572]
  [0.05075483 0.         0.04979862 ... 0.         0.03952316 0.        ]
  [0.         0.05459549 0.         ... 0.0298338  0.         0.04838104]]

 [[0.         0.0770739  0.         ... 0.04495857 0.         0.06831163]
  [0.07294595 0.         0.07415874 ... 0.         0.055778   0.        ]
  [0.         0.07326864 0.         ... 0.03826899 0.         0.06426155]
  ...
  [0.06526883 0.         0.06266553 ... 0.         0.05635278 0.        ]
  [0.         0.07067102 0.         ... 0.04788457 0.         0.06632987]
  [0.07386423 0.         0.0731092  ... 0.         0.05918702 0.        ]]]","[[0. 0. 0. ... 0. 0. 0.]
 [0. 0. 0. ... 0. 0. 0.]
 [0. 0. 0. ... 0. 0. 0.]
 ...
 [0. 0. 0. ... 0. 0. 0.]
 [0. 0. 0. ... 0. 0. 0.]
 [0. 0. 0. ... 0. 0. 0.]]","[[0. 0. 0. ... 0. 0. 0.]
 [0. 0. 0. ... 0. 0. 0.]
 [0. 0. 0. ... 0. 0. 0.]
 ...
 [0. 0. 0. ... 0. 0. 0.]
 [0. 0. 0. ... 0. 0. 0.]
 [0. 0. 0. ... 0. 0. 0.]]"
0.8,0.01,4,100000.0,20,46.091001663873946,0.32831197290656755,0.479634249801631,"[[[0.99634 1.00036 1.00084 ... 0.99954 0.99909 1.00071]
  [1.00251 1.00098 1.00401 ... 1.00324 1.0023  0.99612]
  [0.9975  0.99989 1.00321 ... 1.00388 0.99905 0.99687]
  ...
  [1.0047  1.00233 1.00125 ... 0.99917 0.99864 1.00161]
  [0.999   1.00618 1.00168 ... 0.99697 0.99763 1.00116]
  [1.00046 0.99718 1.00279 ... 1.0024  1.00065 0.99712]]

 [[0.99634 1.00036 1.00084 ... 0.99954 0.99909 1.00071]
  [1.00251 1.00098 1.00401 ... 1.00324 1.0023  0.99612]
  [0.9975  0.99989 1.00321 ... 1.00388 0.99905 0.99687]
  ...
  [1.0047  1.00233 1.00125 ... 0.99917 0.99864 1.00161]
  [0.999   1.00618 1.00168 ... 0.99697 0.99763 1.00116]
  [1.00046 0.99718 1.00279 ... 1.0024  1.00065 0.99712]]]","[[[0.16208581 0.         0.19033507 ... 0.         0.10886129 0.        ]
  [0.         0.14603847 0.         ... 0.0611053  0.         0.10955542]
  [0.08960098 0.         0.11094706 ... 0.         0.0568436  0.        ]
  ...
  [0.         0.22277158 0.         ... 0.08673923 0.         0.16954924]
  [0.19768089 0.         0.22977828 ... 0.         0.13066701 0.        ]
  [0.         0.20456395 0.         ... 0.08697925 0.         0.15728225]]

 [[0.         0.21515053 0.         ... 0.09938551 0.         0.16778841]
  [0.15874021 0.         0.1859607  ... 0.         0.10960917 0.        ]
  [0.         0.12815213 0.         ... 0.05617098 0.         0.09734442]
  ...
  [0.23694249 0.         0.27399865 ... 0.         0.15940574 0.        ]
  [0.         0.2569987  0.         ... 0.11418063 0.         0.20085072]
  [0.22042184 0.         0.25364331 ... 0.         0.15193713 0.        ]]]","[[0. 0. 0. ... 0. 0. 0.]
 [0. 0. 0. ... 0. 0. 0.]
 [0. 0. 0. ... 0. 0. 0.]
 ...
 [0. 0. 0. ... 0. 0. 0.]
 [0. 0. 0. ... 0. 0. 0.]
 [0. 0. 0. ... 0. 0. 0.]]","[[0. 0. 0. ... 0. 0. 0.]
 [0. 0. 0. ... 0. 0. 0.]
 [0. 0. 0. ... 0. 0. 0.]
 ...
 [0. 0. 0. ... 0. 0. 0.]
 [0. 0. 0. ... 0. 0. 0.]
 [0. 0. 0. ... 0. 0. 0.]]"
0.8,0.01,4,100000.0,30,111.12006448212392,0.22775383491599704,0.48083404313516304,"[[[0.99634 1.00036 1.00084 ... 0.99954 0.9991  1.00071]
  [1.00251 1.00098 1.00401 ... 1.00324 1.0023  0.99612]
  [0.9975  0.99989 1.00321 ... 1.00388 0.99905 0.99687]
  ...
  [1.0047  1.00233 1.00125 ... 0.99917 0.99864 1.00161]
  [0.999   1.00618 1.00168 ... 0.99697 0.99763 1.00116]
  [1.00046 0.99718 1.00279 ... 1.0024  1.00065 0.99712]]

 [[0.99634 1.00036 1.00084 ... 0.99954 0.9991  1.00071]
  [1.00251 1.00098 1.00401 ... 1.00324 1.0023  0.99612]
  [0.9975  0.99989 1.00321 ... 1.00388 0.99905 0.99687]
  ...
  [1.0047  1.00233 1.00125 ... 0.99917 0.99864 1.00161]
  [0.999   1.00618 1.00168 ... 0.99697 0.99763 1.00116]
  [1.00046 0.99718 1.00279 ... 1.0024  1.00065 0.99712]]]","[[[0.04936616 0.         0.06500966 ... 0.         0.02056137 0.        ]
  [0.         0.05592042 0.         ... 0.00447727 0.         0.03299589]
  [0.04103102 0.         0.05461325 ... 0.         0.01553597 0.        ]
  ...
  [0.         0.06304809 0.         ... 0.         0.         0.03594286]
  [0.05184818 0.         0.06938851 ... 0.         0.01941097 0.        ]
  [0.         0.06177945 0.         ... 0.00433708 0.         0.03703839]]

 [[0.         0.08061109 0.         ... 0.01899625 0.         0.05407788]
  [0.06494933 0.         0.08020282 ... 0.         0.03440457 0.        ]
  [0.         0.06990375 0.         ... 0.01503073 0.         0.04710017]
  ...
  [0.0701489  0.         0.09116415 ... 0.00378222 0.03365928 0.        ]
  [0.         0.08313263 0.         ... 0.01618842 0.         0.05489861]
  [0.07137779 0.         0.08889549 ... 0.         0.03692074 0.        ]]]","[[0. 0. 0. ... 0. 0. 0.]
 [0. 0. 0. ... 0. 0. 0.]
 [0. 0. 0. ... 0. 0. 0.]
 ...
 [0. 0. 0. ... 0. 0. 0.]
 [0. 0. 0. ... 0. 0. 0.]
 [0. 0. 0. ... 0. 0. 0.]]","[[0. 0. 0. ... 0. 0. 0.]
 [0. 0. 0. ... 0. 0. 0.]
 [0. 0. 0. ... 0. 0. 0.]
 ...
 [0. 0. 0. ... 0. 0. 0.]
 [0. 0. 0. ... 0. 0. 0.]
 [0. 0. 0. ... 0. 0. 0.]]"
0.8,0.01,6,1000.0,10,213.80189159790532,0.1530672687429444,0.4803279847326088,"[[[0.963 1.004 1.008 ... 0.995 0.991 1.007]
  [1.025 1.01  1.04  ... 1.033 1.023 0.961]
  [0.975 0.999 1.032 ... 1.039 0.99  0.968]
  ...
  [1.047 1.023 1.012 ... 0.992 0.986 1.016]
  [0.99  1.062 1.017 ... 0.97  1.014 1.012]
  [1.005 0.972 1.028 ... 1.024 1.007 0.971]]

 [[0.963 1.004 1.008 ... 0.995 0.991 1.007]
  [1.025 1.01  1.04  ... 1.033 1.023 0.961]
  [0.975 0.999 1.032 ... 1.039 0.99  0.968]
  ...
  [1.047 1.023 1.012 ... 0.992 0.986 1.016]
  [0.99  1.062 1.017 ... 0.97  1.014 1.012]
  [1.005 0.972 1.028 ... 1.024 1.007 0.971]]]","[[[0.2718487  0.         0.36651757 ... 0.         0.12869304 0.        ]
  [0.         0.34597978 0.         ... 0.05693725 0.         0.21014523]
  [0.28496036 0.         0.38343668 ... 0.         0.13536182 0.        ]
  ...
  [0.         0.25770852 0.         ... 0.01262607 0.         0.15489838]
  [0.23537695 0.         0.31836847 ... 0.         0.10686515 0.        ]
  [0.         0.30778905 0.         ... 0.04407645 0.         0.19010745]]

 [[0.         0.38125774 0.         ... 0.06420282 0.         0.24071779]
  [0.32576953 0.         0.42592971 ... 0.         0.15798061 0.        ]
  [0.         0.39700414 0.         ... 0.0611408  0.         0.25880995]
  ...
  [0.23816507 0.         0.32557473 ... 0.         0.10712715 0.        ]
  [0.         0.31855266 0.         ... 0.04580235 0.         0.20390929]
  [0.30008847 0.         0.39103439 ... 0.         0.1423781  0.        ]]]","[[0. 0. 0. ... 0. 0. 0.]
 [0. 0. 0. ... 0. 0. 0.]
 [0. 0. 0. ... 0. 0. 0.]
 ...
 [0. 0. 0. ... 0. 0. 0.]
 [0. 0. 0. ... 0. 0. 0.]
 [0. 0. 0. ... 0. 0. 0.]]","[[0. 0. 0. ... 0. 0. 0.]
 [0. 0. 0. ... 0. 0. 0.]
 [0. 0. 0. ... 0. 0. 0.]
 ...
 [0. 0. 0. ... 0. 0. 0.]
 [0. 0. 0. ... 0. 0. 0.]
 [0. 0. 0. ... 0. 0. 0.]]"
0.8,0.01,6,1000.0,20,47.145085765446794,0.32831197290656755,0.48309493411159926,"[[[0.963 1.004 1.008 ... 0.995 0.991 1.007]
  [1.025 1.01  1.04  ... 1.033 1.023 0.961]
  [0.975 0.999 1.032 ... 1.039 0.99  0.968]
  ...
  [1.047 1.023 1.012 ... 0.992 0.986 1.016]
  [0.99  1.062 1.017 ... 0.97  1.014 1.012]
  [1.005 0.972 1.028 ... 1.024 1.007 0.971]]

 [[0.963 1.004 1.008 ... 0.995 0.991 1.007]
  [1.025 1.01  1.04  ... 1.033 1.023 0.961]
  [0.975 0.999 1.032 ... 1.039 0.99  0.968]
  ...
  [1.047 1.023 1.012 ... 0.992 0.986 1.016]
  [0.99  1.062 1.017 ... 0.97  1.014 1.012]
  [1.005 0.972 1.028 ... 1.024 1.007 0.971]]]","[[[0.41122882 0.         0.57287638 ... 0.         0.18151127 0.        ]
  [0.         0.47288546 0.         ... 0.06608259 0.         0.28216778]
  [0.34032184 0.         0.46208897 ... 0.         0.15892565 0.        ]
  ...
  [0.         0.50177345 0.         ... 0.         0.         0.27530616]
  [0.41823092 0.         0.59861087 ... 0.         0.16493164 0.        ]
  [0.         0.52122226 0.         ... 0.04658519 0.         0.30479308]]

 [[0.         0.57640853 0.         ... 0.07128688 0.         0.34795858]
  [0.43725268 0.         0.58910695 ... 0.         0.20178838 0.        ]
  [0.         0.47178529 0.         ... 0.06739555 0.         0.30195221]
  ...
  [0.4441764  0.         0.64964829 ... 0.00923743 0.16206027 0.        ]
  [0.         0.5807685  0.         ... 0.03661987 0.         0.33893331]
  [0.48504019 0.         0.67006654 ... 0.         0.20643197 0.        ]]]","[[0. 0. 0. ... 0. 0. 0.]
 [0. 0. 0. ... 0. 0. 0.]
 [0. 0. 0. ... 0. 0. 0.]
 ...
 [0. 0. 0. ... 0. 0. 0.]
 [0. 0. 0. ... 0. 0. 0.]
 [0. 0. 0. ... 0. 0. 0.]]","[[0. 0. 0. ... 0. 0. 0.]
 [0. 0. 0. ... 0. 0. 0.]
 [0. 0. 0. ... 0. 0. 0.]
 ...
 [0. 0. 0. ... 0. 0. 0.]
 [0. 0. 0. ... 0. 0. 0.]
 [0. 0. 0. ... 0. 0. 0.]]"
0.8,0.01,6,1000.0,30,111.69974016042949,0.22775383491599704,0.48215427672257927,"[[[0.963 1.004 1.008 ... 0.995 0.991 1.007]
  [1.025 1.01  1.04  ... 1.033 1.023 0.961]
  [0.975 0.999 1.032 ... 1.039 0.99  0.968]
  ...
  [1.047 1.023 1.012 ... 0.992 0.986 1.016]
  [0.99  1.062 1.017 ... 0.97  1.014 1.012]
  [1.005 0.972 1.028 ... 1.024 1.007 0.971]]

 [[0.963 1.004 1.008 ... 0.995 0.991 1.007]
  [1.025 1.01  1.04  ... 1.033 1.023 0.961]
  [0.975 0.999 1.032 ... 1.039 0.99  0.968]
  ...
  [1.047 1.023 1.012 ... 0.992 0.986 1.016]
  [0.99  1.062 1.017 ... 0.97  1.014 1.012]
  [1.005 0.972 1.028 ... 1.024 1.007 0.971]]]","[[[0.34011671 0.         0.47261167 ... 0.         0.15112718 0.        ]
  [0.         0.43726308 0.         ... 0.07609651 0.         0.26605838]
  [0.35924334 0.         0.48095327 ... 0.         0.18295191 0.        ]
  ...
  [0.         0.31372157 0.         ... 0.         0.         0.16013671]
  [0.28060132 0.         0.40815166 ... 0.         0.09688293 0.        ]
  [0.         0.38869814 0.         ... 0.02361603 0.         0.22257479]]

 [[0.         0.48005314 0.         ... 0.06340207 0.         0.29144412]
  [0.40845354 0.         0.5435091  ... 0.         0.19911654 0.        ]
  [0.         0.49364557 0.         ... 0.1004122  0.         0.32640244]
  ...
  [0.27363136 0.         0.41013787 ... 0.04567838 0.08089073 0.        ]
  [0.         0.39574943 0.         ... 0.00262161 0.         0.22403415]
  [0.36440541 0.         0.50271399 ... 0.         0.14865048 0.        ]]]","[[0. 0. 0. ... 0. 0. 0.]
 [0. 0. 0. ... 0. 0. 0.]
 [0. 0. 0. ... 0. 0. 0.]
 ...
 [0. 0. 0. ... 0. 0. 0.]
 [0. 0. 0. ... 0. 0. 0.]
 [0. 0. 0. ... 0. 0. 0.]]","[[0. 0. 0. ... 0. 0. 0.]
 [0. 0. 0. ... 0. 0. 0.]
 [0. 0. 0. ... 0. 0. 0.]
 ...
 [0. 0. 0. ... 0. 0. 0.]
 [0. 0. 0. ... 0. 0. 0.]
 [0. 0. 0. ... 0. 0. 0.]]"
0.8,0.01,6,10000.0,10,211.14573890235394,0.1530672687429444,0.47626228434788626,"[[[0.9884 1.0011 1.0026 ... 0.9985 0.9971 1.0023]
  [1.0079 1.0031 1.0127 ... 1.0103 1.0073 1.0034]
  [0.9921 0.9997 1.0102 ... 1.0123 0.997  0.9901]
  ...
  [1.0149 1.0074 1.0039 ... 0.9974 0.9957 1.0051]
  [0.9968 1.0195 1.0053 ... 0.9904 1.0046 1.0037]
  [1.0015 0.9911 1.0088 ... 1.0076 1.0021 0.9909]]

 [[0.9884 1.0011 1.0026 ... 0.9985 0.9971 1.0023]
  [1.0079 1.0031 1.0127 ... 1.0103 1.0073 1.0034]
  [0.9921 0.9997 1.0102 ... 1.0123 0.997  0.9901]
  ...
  [1.0149 1.0074 1.0039 ... 0.9974 0.9957 1.0051]
  [0.9968 1.0195 1.0053 ... 0.9904 1.0046 1.0037]
  [1.0015 0.9911 1.0088 ... 1.0076 1.0021 0.9909]]]","[[[0.12695253 0.         0.17123965 ... 0.         0.05783273 0.        ]
  [0.         0.14391676 0.         ... 0.01818158 0.         0.09144757]
  [0.10556336 0.         0.14071235 ... 0.         0.04877998 0.        ]
  ...
  [0.         0.15303229 0.         ... 0.01262799 0.         0.09448648]
  [0.13128936 0.         0.17721342 ... 0.         0.05952167 0.        ]
  [0.         0.15775856 0.         ... 0.0182839  0.         0.09779317]]

 [[0.         0.18554467 0.         ... 0.03279376 0.         0.1207531 ]
  [0.14630062 0.         0.18834239 ... 0.         0.07383332 0.        ]
  [0.         0.15478709 0.         ... 0.02787378 0.         0.10567779]
  ...
  [0.15251533 0.         0.20253077 ... 0.         0.07542514 0.        ]
  [0.         0.18696467 0.         ... 0.03221393 0.         0.12249275]
  [0.16136718 0.         0.21001696 ... 0.         0.07974239 0.        ]]]","[[0. 0. 0. ... 0. 0. 0.]
 [0. 0. 0. ... 0. 0. 0.]
 [0. 0. 0. ... 0. 0. 0.]
 ...
 [0. 0. 0. ... 0. 0. 0.]
 [0. 0. 0. ... 0. 0. 0.]
 [0. 0. 0. ... 0. 0. 0.]]","[[0. 0. 0. ... 0. 0. 0.]
 [0. 0. 0. ... 0. 0. 0.]
 [0. 0. 0. ... 0. 0. 0.]
 ...
 [0. 0. 0. ... 0. 0. 0.]
 [0. 0. 0. ... 0. 0. 0.]
 [0. 0. 0. ... 0. 0. 0.]]"
0.8,0.01,6,10000.0,20,46.0991935072477,0.32831197290656755,0.47966114460422876,"[[[0.9884 1.0011 1.0026 ... 0.9985 0.9971 1.0023]
  [1.0079 1.0031 1.0127 ... 1.0103 1.0073 1.0034]
  [0.9921 0.9997 1.0102 ... 1.0123 0.997  0.9901]
  ...
  [1.0149 1.0074 1.0039 ... 0.9974 0.9957 1.0051]
  [0.9968 1.0195 1.0053 ... 0.9904 1.0046 1.0037]
  [1.0015 0.9911 1.0088 ... 1.0076 1.0021 0.9909]]

 [[0.9884 1.0011 1.0026 ... 0.9985 0.9971 1.0023]
  [1.0079 1.0031 1.0127 ... 1.0103 1.0073 1.0034]
  [0.9921 0.9997 1.0102 ... 1.0123 0.997  0.9901]
  ...
  [1.0149 1.0074 1.0039 ... 0.9974 0.9957 1.0051]
  [0.9968 1.0195 1.0053 ... 0.9904 1.0046 1.0037]
  [1.0015 0.9911 1.0088 ... 1.0076 1.0021 0.9909]]]","[[[0.25776679 0.         0.31300482 ... 0.         0.15858463 0.        ]
  [0.         0.25694543 0.         ... 0.08978773 0.         0.18855126]
  [0.1803977  0.         0.22172161 ... 0.         0.11071768 0.        ]
  ...
  [0.         0.32135269 0.         ... 0.08478353 0.         0.22621682]
  [0.28525998 0.         0.34805338 ... 0.         0.16904667 0.        ]
  [0.         0.31476642 0.         ... 0.10285623 0.         0.22775843]]

 [[0.         0.34064634 0.         ... 0.12360756 0.         0.25175685]
  [0.26518406 0.         0.31659153 ... 0.         0.16850327 0.        ]
  [0.         0.24277768 0.         ... 0.08862668 0.         0.18229534]
  ...
  [0.32395511 0.         0.39631997 ... 0.         0.19107308 0.        ]
  [0.         0.37258833 0.         ... 0.12247676 0.         0.27228833]
  [0.32464945 0.         0.3887     ... 0.         0.20091376 0.        ]]]","[[0. 0. 0. ... 0. 0. 0.]
 [0. 0. 0. ... 0. 0. 0.]
 [0. 0. 0. ... 0. 0. 0.]
 ...
 [0. 0. 0. ... 0. 0. 0.]
 [0. 0. 0. ... 0. 0. 0.]
 [0. 0. 0. ... 0. 0. 0.]]","[[0. 0. 0. ... 0. 0. 0.]
 [0. 0. 0. ... 0. 0. 0.]
 [0. 0. 0. ... 0. 0. 0.]
 ...
 [0. 0. 0. ... 0. 0. 0.]
 [0. 0. 0. ... 0. 0. 0.]
 [0. 0. 0. ... 0. 0. 0.]]"
0.8,0.01,6,10000.0,30,111.15215200744659,0.22775383491599704,0.480907123704615,"[[[0.9884 1.0011 1.0026 ... 0.9985 0.9971 1.0023]
  [1.0079 1.0031 1.0127 ... 1.0103 1.0073 1.0034]
  [0.9921 0.9997 1.0102 ... 1.0123 0.997  0.9901]
  ...
  [1.0149 1.0074 1.0039 ... 0.9974 0.9957 1.0051]
  [0.9968 1.0195 1.0053 ... 0.9904 1.0046 1.0037]
  [1.0015 0.9911 1.0088 ... 1.0076 1.0021 0.9909]]

 [[0.9884 1.0011 1.0026 ... 0.9985 0.9971 1.0023]
  [1.0079 1.0031 1.0127 ... 1.0103 1.0073 1.0034]
  [0.9921 0.9997 1.0102 ... 1.0123 0.997  0.9901]
  ...
  [1.0149 1.0074 1.0039 ... 0.9974 0.9957 1.0051]
  [0.9968 1.0195 1.0053 ... 0.9904 1.0046 1.0037]
  [1.0015 0.9911 1.0088 ... 1.0076 1.0021 0.9909]]]","[[[0.11714124 0.         0.16799791 ... 0.         0.04256069 0.        ]
  [0.         0.15251544 0.         ... 0.01816061 0.         0.09368335]
  [0.12540685 0.         0.16516502 ... 0.         0.06226556 0.        ]
  ...
  [0.         0.11361894 0.         ... 0.         0.         0.04036494]
  [0.09378136 0.         0.15186309 ... 0.02008313 0.01338162 0.        ]
  [0.         0.13795213 0.         ... 0.         0.         0.06903355]]

 [[0.         0.17850654 0.         ... 0.0159133  0.         0.10571162]
  [0.15213902 0.         0.19983809 ... 0.         0.07366644 0.        ]
  [0.         0.18013015 0.         ... 0.04140933 0.         0.1236191 ]
  ...
  [0.09947601 0.         0.16705128 ... 0.0555064  0.0096914  0.        ]
  [0.         0.15181597 0.         ... 0.         0.         0.07444167]
  [0.13368468 0.         0.19239532 ... 0.01661684 0.04470001 0.        ]]]","[[0. 0. 0. ... 0. 0. 0.]
 [0. 0. 0. ... 0. 0. 0.]
 [0. 0. 0. ... 0. 0. 0.]
 ...
 [0. 0. 0. ... 0. 0. 0.]
 [0. 0. 0. ... 0. 0. 0.]
 [0. 0. 0. ... 0. 0. 0.]]","[[0. 0. 0. ... 0. 0. 0.]
 [0. 0. 0. ... 0. 0. 0.]
 [0. 0. 0. ... 0. 0. 0.]
 ...
 [0. 0. 0. ... 0. 0. 0.]
 [0. 0. 0. ... 0. 0. 0.]
 [0. 0. 0. ... 0. 0. 0.]]"
0.8,0.01,6,100000.0,10,209.4763212480574,0.1530672687429444,0.47370695234054194,"[[[0.99634 1.00036 1.00084 ... 0.99954 0.9991  1.00071]
  [1.00251 1.00098 1.00401 ... 1.00324 1.0023  0.99612]
  [0.9975  0.99989 1.00321 ... 1.00388 0.99905 0.99687]
  ...
  [1.0047  1.00233 1.00125 ... 0.99917 0.99864 1.00161]
  [0.999   1.00618 1.00327 ... 0.99697 0.99763 1.00116]
  [1.00046 0.99718 1.00279 ... 1.0024  1.00065 0.99712]]

 [[0.99634 1.00036 1.00084 ... 0.99954 0.99909 1.00071]
  [1.00251 1.00098 1.00401 ... 1.00324 1.0023  0.99612]
  [0.9975  0.99989 1.00321 ... 1.00388 0.99905 0.99687]
  ...
  [1.0047  1.00233 1.00125 ... 0.99918 0.99864 1.00161]
  [0.999   1.00618 1.00327 ... 0.99697 0.99763 1.00116]
  [1.00046 0.99718 1.00279 ... 1.0024  1.00065 0.99712]]]","[[[0.05380138 0.         0.05498913 ... 0.         0.0395926  0.        ]
  [0.         0.05580401 0.         ... 0.0256285  0.         0.04662332]
  [0.05005229 0.         0.05203905 ... 0.         0.03482454 0.        ]
  ...
  [0.         0.04662571 0.         ... 0.02922165 0.         0.04391572]
  [0.05075483 0.         0.04979862 ... 0.         0.03952316 0.        ]
  [0.         0.05459549 0.         ... 0.0298338  0.         0.04838104]]

 [[0.         0.0770739  0.         ... 0.04495857 0.         0.06831163]
  [0.07294595 0.         0.07415874 ... 0.         0.055778   0.        ]
  [0.         0.07326864 0.         ... 0.03826899 0.         0.06426155]
  ...
  [0.06526883 0.         0.06266553 ... 0.         0.05635278 0.        ]
  [0.         0.07067102 0.         ... 0.04788457 0.         0.06632987]
  [0.07386423 0.         0.0731092  ... 0.         0.05918702 0.        ]]]","[[0. 0. 0. ... 0. 0. 0.]
 [0. 0. 0. ... 0. 0. 0.]
 [0. 0. 0. ... 0. 0. 0.]
 ...
 [0. 0. 0. ... 0. 0. 0.]
 [0. 0. 0. ... 0. 0. 0.]
 [0. 0. 0. ... 0. 0. 0.]]","[[0. 0. 0. ... 0. 0. 0.]
 [0. 0. 0. ... 0. 0. 0.]
 [0. 0. 0. ... 0. 0. 0.]
 ...
 [0. 0. 0. ... 0. 0. 0.]
 [0. 0. 0. ... 0. 0. 0.]
 [0. 0. 0. ... 0. 0. 0.]]"
0.8,0.01,6,100000.0,20,46.091001663873946,0.32831197290656755,0.479634249801631,"[[[0.99634 1.00036 1.00084 ... 0.99954 0.99909 1.00071]
  [1.00251 1.00098 1.00401 ... 1.00324 1.0023  0.99612]
  [0.9975  0.99989 1.00321 ... 1.00388 0.99905 0.99687]
  ...
  [1.0047  1.00233 1.00125 ... 0.99917 0.99864 1.00161]
  [0.999   1.00618 1.00168 ... 0.99697 0.99763 1.00116]
  [1.00046 0.99718 1.00279 ... 1.0024  1.00065 0.99712]]

 [[0.99634 1.00036 1.00084 ... 0.99954 0.99909 1.00071]
  [1.00251 1.00098 1.00401 ... 1.00324 1.0023  0.99612]
  [0.9975  0.99989 1.00321 ... 1.00388 0.99905 0.99687]
  ...
  [1.0047  1.00233 1.00125 ... 0.99917 0.99864 1.00161]
  [0.999   1.00618 1.00168 ... 0.99697 0.99763 1.00116]
  [1.00046 0.99718 1.00279 ... 1.0024  1.00065 0.99712]]]","[[[0.16208581 0.         0.19033507 ... 0.         0.10886129 0.        ]
  [0.         0.14603847 0.         ... 0.0611053  0.         0.10955542]
  [0.08960098 0.         0.11094706 ... 0.         0.0568436  0.        ]
  ...
  [0.         0.22277158 0.         ... 0.08673923 0.         0.16954924]
  [0.19768089 0.         0.22977828 ... 0.         0.13066701 0.        ]
  [0.         0.20456395 0.         ... 0.08697925 0.         0.15728225]]

 [[0.         0.21515053 0.         ... 0.09938551 0.         0.16778841]
  [0.15874021 0.         0.1859607  ... 0.         0.10960917 0.        ]
  [0.         0.12815213 0.         ... 0.05617098 0.         0.09734442]
  ...
  [0.23694249 0.         0.27399865 ... 0.         0.15940574 0.        ]
  [0.         0.2569987  0.         ... 0.11418063 0.         0.20085072]
  [0.22042184 0.         0.25364331 ... 0.         0.15193713 0.        ]]]","[[0. 0. 0. ... 0. 0. 0.]
 [0. 0. 0. ... 0. 0. 0.]
 [0. 0. 0. ... 0. 0. 0.]
 ...
 [0. 0. 0. ... 0. 0. 0.]
 [0. 0. 0. ... 0. 0. 0.]
 [0. 0. 0. ... 0. 0. 0.]]","[[0. 0. 0. ... 0. 0. 0.]
 [0. 0. 0. ... 0. 0. 0.]
 [0. 0. 0. ... 0. 0. 0.]
 ...
 [0. 0. 0. ... 0. 0. 0.]
 [0. 0. 0. ... 0. 0. 0.]
 [0. 0. 0. ... 0. 0. 0.]]"
0.8,0.01,6,100000.0,30,111.12006448212392,0.22775383491599704,0.48083404313516304,"[[[0.99634 1.00036 1.00084 ... 0.99954 0.9991  1.00071]
  [1.00251 1.00098 1.00401 ... 1.00324 1.0023  0.99612]
  [0.9975  0.99989 1.00321 ... 1.00388 0.99905 0.99687]
  ...
  [1.0047  1.00233 1.00125 ... 0.99917 0.99864 1.00161]
  [0.999   1.00618 1.00168 ... 0.99697 0.99763 1.00116]
  [1.00046 0.99718 1.00279 ... 1.0024  1.00065 0.99712]]

 [[0.99634 1.00036 1.00084 ... 0.99954 0.9991  1.00071]
  [1.00251 1.00098 1.00401 ... 1.00324 1.0023  0.99612]
  [0.9975  0.99989 1.00321 ... 1.00388 0.99905 0.99687]
  ...
  [1.0047  1.00233 1.00125 ... 0.99917 0.99864 1.00161]
  [0.999   1.00618 1.00168 ... 0.99697 0.99763 1.00116]
  [1.00046 0.99718 1.00279 ... 1.0024  1.00065 0.99712]]]","[[[0.04936616 0.         0.06500966 ... 0.         0.02056137 0.        ]
  [0.         0.05592042 0.         ... 0.00447727 0.         0.03299589]
  [0.04103102 0.         0.05461325 ... 0.         0.01553597 0.        ]
  ...
  [0.         0.06304809 0.         ... 0.         0.         0.03594286]
  [0.05184818 0.         0.06938851 ... 0.         0.01941097 0.        ]
  [0.         0.06177945 0.         ... 0.00433708 0.         0.03703839]]

 [[0.         0.08061109 0.         ... 0.01899625 0.         0.05407788]
  [0.06494933 0.         0.08020282 ... 0.         0.03440457 0.        ]
  [0.         0.06990375 0.         ... 0.01503073 0.         0.04710017]
  ...
  [0.0701489  0.         0.09116415 ... 0.00378222 0.03365928 0.        ]
  [0.         0.08313263 0.         ... 0.01618842 0.         0.05489861]
  [0.07137779 0.         0.08889549 ... 0.         0.03692074 0.        ]]]","[[0. 0. 0. ... 0. 0. 0.]
 [0. 0. 0. ... 0. 0. 0.]
 [0. 0. 0. ... 0. 0. 0.]
 ...
 [0. 0. 0. ... 0. 0. 0.]
 [0. 0. 0. ... 0. 0. 0.]
 [0. 0. 0. ... 0. 0. 0.]]","[[0. 0. 0. ... 0. 0. 0.]
 [0. 0. 0. ... 0. 0. 0.]
 [0. 0. 0. ... 0. 0. 0.]
 ...
 [0. 0. 0. ... 0. 0. 0.]
 [0. 0. 0. ... 0. 0. 0.]
 [0. 0. 0. ... 0. 0. 0.]]"
0.8,0.03,2,1000.0,10,197.403460217157,0.1656686823494256,0.49270439380336223,"[[[0.963 1.004 1.008 ... 0.995 0.991 1.007]
  [1.025 1.01  1.04  ... 1.033 1.023 0.961]
  [0.975 0.999 1.032 ... 1.039 0.99  0.968]
  ...
  [1.047 1.023 1.012 ... 0.992 0.986 1.016]
  [0.99  1.062 1.017 ... 0.97  1.014 1.012]
  [1.005 0.972 1.028 ... 1.024 1.007 0.971]]

 [[0.963 1.004 1.008 ... 0.995 0.991 1.007]
  [1.025 1.01  1.04  ... 1.033 1.023 0.961]
  [0.975 0.999 1.032 ... 1.039 0.99  0.968]
  ...
  [1.047 1.023 1.012 ... 0.992 0.986 1.016]
  [0.99  1.062 1.017 ... 0.97  1.014 1.012]
  [1.005 0.972 1.028 ... 1.024 1.007 0.971]]]","[[[0.         0.         0.04195665 ... 0.06338256 0.         0.00761663]
  [0.         0.03884412 0.         ... 0.         0.03324684 0.        ]
  [0.02363937 0.         0.07447621 ... 0.05446189 0.         0.        ]
  ...
  [0.         0.06623402 0.         ... 0.         0.00314792 0.01490665]
  [0.01665434 0.         0.05453246 ... 0.05221376 0.         0.        ]
  [0.         0.02327598 0.         ... 0.         0.03384365 0.        ]]

 [[0.00693051 0.05565232 0.         ... 0.         0.06617655 0.        ]
  [0.03310897 0.         0.07708574 ... 0.08507865 0.         0.03116505]
  [0.         0.08669741 0.         ... 0.         0.0459793  0.0274728 ]
  ...
  [0.06527552 0.         0.10901111 ... 0.07437327 0.00128807 0.        ]
  [0.         0.05910455 0.         ... 0.         0.04728215 0.01315113]
  [0.03099381 0.         0.06715795 ... 0.09091752 0.         0.03346445]]]","[[0. 0. 0. ... 0. 0. 0.]
 [0. 0. 0. ... 0. 0. 0.]
 [0. 0. 0. ... 0. 0. 0.]
 ...
 [0. 0. 0. ... 0. 0. 0.]
 [0. 0. 0. ... 0. 0. 0.]
 [0. 0. 0. ... 0. 0. 0.]]","[[0. 0. 0. ... 0. 0. 0.]
 [0. 0. 0. ... 0. 0. 0.]
 [0. 0. 0. ... 0. 0. 0.]
 ...
 [0. 0. 0. ... 0. 0. 0.]
 [0. 0. 0. ... 0. 0. 0.]
 [0. 0. 0. ... 0. 0. 0.]]"
0.8,0.03,2,1000.0,20,62.36787415663128,0.30415067920346633,0.49384299205562354,"[[[0.963 1.004 1.008 ... 0.995 0.991 1.007]
  [1.025 1.01  1.04  ... 1.033 1.023 0.961]
  [0.975 0.999 1.032 ... 1.039 0.99  0.968]
  ...
  [1.047 1.023 1.012 ... 0.992 0.986 1.016]
  [0.99  1.062 1.017 ... 0.97  1.014 1.012]
  [1.005 0.972 1.028 ... 1.024 1.007 0.971]]

 [[0.963 1.004 1.008 ... 0.995 0.991 1.007]
  [1.025 1.01  1.04  ... 1.033 1.023 0.961]
  [0.975 0.999 1.032 ... 1.039 0.99  0.968]
  ...
  [1.047 1.023 1.012 ... 0.992 0.986 1.016]
  [0.99  1.062 1.017 ... 0.97  1.014 1.012]
  [1.005 0.972 1.028 ... 1.024 1.007 0.971]]]","[[[0.10167013 0.         0.26537954 ... 0.09742039 0.         0.        ]
  [0.         0.16413009 0.         ... 0.         0.03156194 0.01117539]
  [0.06025358 0.         0.18807965 ... 0.07196454 0.         0.        ]
  ...
  [0.         0.23682346 0.         ... 0.         0.05332809 0.03324422]
  [0.12782588 0.         0.31180686 ... 0.13178992 0.         0.        ]
  [0.         0.20638945 0.         ... 0.         0.04005042 0.02494816]]

 [[0.         0.2380526  0.         ... 0.         0.06354877 0.05158376]
  [0.11933108 0.         0.2750023  ... 0.11007891 0.         0.        ]
  [0.         0.16799541 0.         ... 0.         0.05657893 0.03781425]
  ...
  [0.17020482 0.         0.382566   ... 0.19716758 0.         0.        ]
  [0.         0.26645568 0.         ... 0.         0.07521289 0.05807929]
  [0.15987771 0.         0.34735032 ... 0.15136051 0.         0.        ]]]","[[0. 0. 0. ... 0. 0. 0.]
 [0. 0. 0. ... 0. 0. 0.]
 [0. 0. 0. ... 0. 0. 0.]
 ...
 [0. 0. 0. ... 0. 0. 0.]
 [0. 0. 0. ... 0. 0. 0.]
 [0. 0. 0. ... 0. 0. 0.]]","[[0. 0. 0. ... 0. 0. 0.]
 [0. 0. 0. ... 0. 0. 0.]
 [0. 0. 0. ... 0. 0. 0.]
 ...
 [0. 0. 0. ... 0. 0. 0.]
 [0. 0. 0. ... 0. 0. 0.]
 [0. 0. 0. ... 0. 0. 0.]]"
0.8,0.03,2,1000.0,30,106.52035278162217,0.2388128828690484,0.4931972081891209,"[[[0.963 1.004 1.008 ... 0.995 0.991 1.007]
  [1.025 1.01  1.04  ... 1.033 1.023 0.961]
  [0.975 0.999 1.032 ... 1.039 0.99  0.968]
  ...
  [1.047 1.023 1.012 ... 0.992 0.986 1.016]
  [0.99  1.062 1.017 ... 0.97  1.014 1.012]
  [1.005 0.972 1.028 ... 1.024 1.007 0.971]]

 [[0.963 1.004 1.008 ... 0.995 0.991 1.007]
  [1.025 1.01  1.04  ... 1.033 1.023 0.961]
  [0.975 0.999 1.032 ... 1.039 0.99  0.968]
  ...
  [1.047 1.023 1.012 ... 0.992 0.986 1.016]
  [0.99  1.062 1.017 ... 0.97  1.014 1.012]
  [1.005 0.972 1.028 ... 1.024 1.007 0.971]]]","[[[0.25254788 0.         0.3300636  ... 0.         0.14364305 0.        ]
  [0.         0.28187977 0.         ... 0.11308167 0.         0.19896751]
  [0.2229653  0.         0.25768778 ... 0.         0.16040263 0.        ]
  ...
  [0.         0.31169169 0.         ... 0.         0.         0.15623556]
  [0.25066758 0.         0.36627346 ... 0.         0.10031609 0.        ]
  [0.         0.30964623 0.         ... 0.0568907  0.         0.19102153]]

 [[0.         0.36123848 0.         ... 0.11827392 0.         0.25015082]
  [0.29470444 0.         0.34860818 ... 0.         0.19586063 0.        ]
  [0.         0.3018646  0.         ... 0.15541068 0.         0.24985105]
  ...
  [0.28172697 0.         0.43113992 ... 0.03456373 0.09754392 0.        ]
  [0.         0.36647519 0.         ... 0.0454165  0.         0.22083086]
  [0.31346825 0.         0.41336157 ... 0.         0.16232998 0.        ]]]","[[0. 0. 0. ... 0. 0. 0.]
 [0. 0. 0. ... 0. 0. 0.]
 [0. 0. 0. ... 0. 0. 0.]
 ...
 [0. 0. 0. ... 0. 0. 0.]
 [0. 0. 0. ... 0. 0. 0.]
 [0. 0. 0. ... 0. 0. 0.]]","[[0. 0. 0. ... 0. 0. 0.]
 [0. 0. 0. ... 0. 0. 0.]
 [0. 0. 0. ... 0. 0. 0.]
 ...
 [0. 0. 0. ... 0. 0. 0.]
 [0. 0. 0. ... 0. 0. 0.]
 [0. 0. 0. ... 0. 0. 0.]]"
0.8,0.03,2,10000.0,10,206.06635440760473,0.1656686823494256,0.5070560964620019,"[[[0.9884 1.0011 1.0026 ... 0.9985 0.9971 1.0023]
  [1.0079 1.0031 1.0127 ... 1.0103 1.0073 1.0034]
  [0.9921 0.9997 1.0102 ... 1.0123 0.997  0.9901]
  ...
  [1.0149 1.0074 1.0039 ... 0.9974 0.9957 1.0051]
  [0.9968 1.0195 1.0053 ... 0.9904 1.0046 1.0037]
  [1.0015 0.9911 1.0088 ... 1.0076 1.0021 0.9909]]

 [[0.9884 1.0011 1.0026 ... 0.9985 0.9971 1.0023]
  [1.0079 1.0031 1.0127 ... 1.0103 1.0073 1.0034]
  [0.9921 0.9997 1.0102 ... 1.0123 0.997  0.9901]
  ...
  [1.0149 1.0074 1.0039 ... 0.9974 0.9957 1.0051]
  [0.9968 1.0195 1.0053 ... 0.9904 1.0046 1.0037]
  [1.0015 0.9911 1.0088 ... 1.0076 1.0021 0.9909]]]","[[[0.00843437 0.         0.         ... 0.         0.02515996 0.        ]
  [0.         0.00533308 0.         ... 0.0342578  0.         0.03090437]
  [0.03201473 0.         0.0044175  ... 0.         0.04534462 0.        ]
  ...
  [0.         0.01184315 0.         ... 0.02472534 0.         0.03072809]
  [0.01142442 0.         0.         ... 0.         0.0250928  0.        ]
  [0.         0.         0.00588908 ... 0.02175226 0.         0.01665564]]

 [[0.         0.02302219 0.03151618 ... 0.05596815 0.         0.0515641 ]
  [0.04896963 0.         0.01179697 ... 0.         0.06568192 0.        ]
  [0.         0.05037967 0.00066804 ... 0.07472761 0.         0.07811561]
  ...
  [0.05191899 0.         0.02354488 ... 0.         0.06332984 0.        ]
  [0.         0.02318775 0.0257961  ... 0.05314408 0.         0.05158418]
  [0.03676245 0.01530803 0.         ... 0.         0.0530533  0.        ]]]","[[0. 0. 0. ... 0. 0. 0.]
 [0. 0. 0. ... 0. 0. 0.]
 [0. 0. 0. ... 0. 0. 0.]
 ...
 [0. 0. 0. ... 0. 0. 0.]
 [0. 0. 0. ... 0. 0. 0.]
 [0. 0. 0. ... 0. 0. 0.]]","[[0. 0. 0. ... 0. 0. 0.]
 [0. 0. 0. ... 0. 0. 0.]
 [0. 0. 0. ... 0. 0. 0.]
 ...
 [0. 0. 0. ... 0. 0. 0.]
 [0. 0. 0. ... 0. 0. 0.]
 [0. 0. 0. ... 0. 0. 0.]]"
0.8,0.03,2,10000.0,20,66.63904108737219,0.30415067920346633,0.5068337752853859,"[[[0.9884 1.0011 1.0026 ... 0.9985 0.9971 1.0023]
  [1.0079 1.0031 1.0127 ... 1.0103 1.0073 1.0034]
  [0.9921 0.9997 1.0102 ... 1.0123 0.997  0.9901]
  ...
  [1.0149 1.0074 1.0039 ... 0.9974 0.9957 1.0051]
  [0.9968 1.0195 1.0053 ... 0.9904 1.0046 1.0037]
  [1.0015 0.9911 1.0088 ... 1.0076 1.0021 0.9909]]

 [[0.9884 1.0011 1.0026 ... 0.9985 0.9971 1.0023]
  [1.0079 1.0031 1.0127 ... 1.0103 1.0073 1.0034]
  [0.9921 0.9997 1.0102 ... 1.0123 0.997  0.9901]
  ...
  [1.0149 1.0074 1.0039 ... 0.9974 0.9957 1.0051]
  [0.9968 1.0195 1.0053 ... 0.9904 1.0046 1.0037]
  [1.0015 0.9911 1.0088 ... 1.0076 1.0021 0.9909]]]","[[[0.00974761 0.         0.10217014 ... 0.0712514  0.         0.01013943]
  [0.         0.03788357 0.         ... 0.         0.06020288 0.        ]
  [0.         0.         0.06084105 ... 0.09271987 0.         0.04432511]
  ...
  [0.         0.09740418 0.         ... 0.         0.00818795 0.01233938]
  [0.04200513 0.         0.12758675 ... 0.0517464  0.         0.        ]
  [0.         0.07209912 0.         ... 0.         0.03250849 0.        ]]

 [[0.         0.09258618 0.         ... 0.         0.08003027 0.        ]
  [0.01876786 0.         0.11953163 ... 0.1172407  0.         0.05774222]
  [0.04042617 0.04369402 0.         ... 0.         0.11219239 0.        ]
  ...
  [0.08759291 0.         0.17770297 ... 0.07857547 0.         0.        ]
  [0.         0.12199976 0.         ... 0.         0.05002251 0.02723504]
  [0.06013512 0.         0.15767641 ... 0.09654611 0.         0.02366201]]]","[[0. 0. 0. ... 0. 0. 0.]
 [0. 0. 0. ... 0. 0. 0.]
 [0. 0. 0. ... 0. 0. 0.]
 ...
 [0. 0. 0. ... 0. 0. 0.]
 [0. 0. 0. ... 0. 0. 0.]
 [0. 0. 0. ... 0. 0. 0.]]","[[0. 0. 0. ... 0. 0. 0.]
 [0. 0. 0. ... 0. 0. 0.]
 [0. 0. 0. ... 0. 0. 0.]
 ...
 [0. 0. 0. ... 0. 0. 0.]
 [0. 0. 0. ... 0. 0. 0.]
 [0. 0. 0. ... 0. 0. 0.]]"
0.8,0.03,2,10000.0,30,113.44830617338255,0.2388128828690484,0.5097420534078079,"[[[0.9884 1.0011 1.0026 ... 0.9985 0.9971 1.0023]
  [1.0079 1.0031 1.0127 ... 1.0103 1.0073 1.0034]
  [0.9921 0.9997 1.0102 ... 1.0123 0.997  0.9901]
  ...
  [1.0149 1.0074 1.0039 ... 0.9974 0.9957 1.0051]
  [0.9968 1.0195 1.0053 ... 0.9904 1.0046 1.0037]
  [1.0015 0.9911 1.0088 ... 1.0076 1.0021 0.9909]]

 [[0.9884 1.0011 1.0026 ... 0.9985 0.9971 1.0023]
  [1.0079 1.0031 1.0127 ... 1.0103 1.0073 1.0034]
  [0.9921 0.9997 1.0102 ... 1.0123 0.997  0.9901]
  ...
  [1.0149 1.0074 1.0039 ... 0.9974 0.9957 1.0051]
  [0.9968 1.0195 1.0053 ... 0.9904 1.0046 1.0037]
  [1.0015 0.9911 1.0088 ... 1.0076 1.0021 0.9909]]]","[[[0.12558376 0.         0.12898333 ... 0.         0.0853463  0.        ]
  [0.         0.137023   0.         ... 0.07924574 0.         0.12559313]
  [0.13781854 0.         0.1217363  ... 0.         0.11714287 0.        ]
  ...
  [0.         0.11172618 0.         ... 0.         0.         0.05815418]
  [0.10208937 0.         0.12689871 ... 0.         0.04219664 0.        ]
  [0.         0.12630641 0.         ... 0.03008124 0.         0.09314088]]

 [[0.         0.17694435 0.         ... 0.08900788 0.         0.15138804]
  [0.17777304 0.         0.16684589 ... 0.         0.14315006 0.        ]
  [0.         0.17835102 0.         ... 0.13216665 0.         0.17839864]
  ...
  [0.12468702 0.         0.16443086 ... 0.03395054 0.04873193 0.        ]
  [0.         0.15809554 0.         ... 0.03071146 0.         0.11204349]
  [0.1570331  0.         0.17009984 ... 0.         0.09927304 0.        ]]]","[[0. 0. 0. ... 0. 0. 0.]
 [0. 0. 0. ... 0. 0. 0.]
 [0. 0. 0. ... 0. 0. 0.]
 ...
 [0. 0. 0. ... 0. 0. 0.]
 [0. 0. 0. ... 0. 0. 0.]
 [0. 0. 0. ... 0. 0. 0.]]","[[0. 0. 0. ... 0. 0. 0.]
 [0. 0. 0. ... 0. 0. 0.]
 [0. 0. 0. ... 0. 0. 0.]
 ...
 [0. 0. 0. ... 0. 0. 0.]
 [0. 0. 0. ... 0. 0. 0.]
 [0. 0. 0. ... 0. 0. 0.]]"
0.8,0.03,2,100000.0,10,204.6786017043904,0.1656686823494256,0.5047570248443182,"[[[0.99634 1.00036 1.00084 ... 0.99954 0.99909 1.00071]
  [1.00251 1.00098 1.00401 ... 1.00324 1.0023  0.99612]
  [0.9975  0.99989 1.00321 ... 1.00388 0.99905 0.99687]
  ...
  [1.0047  1.00233 1.00125 ... 0.99917 0.99864 1.00161]
  [0.999   1.00618 1.00168 ... 0.99697 0.99763 1.00116]
  [1.00046 0.99718 1.00279 ... 1.0024  1.00065 0.99712]]

 [[0.99634 1.00036 1.00084 ... 0.99954 0.99909 1.00071]
  [1.00251 1.00098 1.00401 ... 1.00324 1.0023  0.99612]
  [0.9975  0.99989 1.00321 ... 1.00388 0.99905 0.99687]
  ...
  [1.0047  1.00233 1.00125 ... 0.99917 0.99864 1.00161]
  [0.999   1.00618 1.00168 ... 0.99697 0.99763 1.00116]
  [1.00046 0.99718 1.00279 ... 1.0024  1.00065 0.99712]]]","[[[0.         0.05908908 0.         ... 0.         0.00414335 0.        ]
  [0.01266796 0.         0.0709229  ... 0.03485343 0.         0.        ]
  [0.         0.01522479 0.         ... 0.         0.03444194 0.        ]
  ...
  [0.0240601  0.         0.0797801  ... 0.02120679 0.         0.        ]
  [0.         0.06561183 0.         ... 0.         0.         0.00604039]
  [0.03623891 0.         0.09816427 ... 0.01754569 0.         0.        ]]

 [[0.06111575 0.         0.12836508 ... 0.0547097  0.00096756 0.00568807]
  [0.         0.07456452 0.         ... 0.         0.04740706 0.01275373]
  [0.0168125  0.         0.0753911  ... 0.08262379 0.         0.04552356]
  ...
  [0.         0.08630942 0.         ... 0.         0.03406073 0.02498873]
  [0.06722951 0.         0.13384381 ... 0.04756577 0.0083819  0.        ]
  [0.         0.10430569 0.         ... 0.         0.02588959 0.03682018]]]","[[0. 0. 0. ... 0. 0. 0.]
 [0. 0. 0. ... 0. 0. 0.]
 [0. 0. 0. ... 0. 0. 0.]
 ...
 [0. 0. 0. ... 0. 0. 0.]
 [0. 0. 0. ... 0. 0. 0.]
 [0. 0. 0. ... 0. 0. 0.]]","[[0. 0. 0. ... 0. 0. 0.]
 [0. 0. 0. ... 0. 0. 0.]
 [0. 0. 0. ... 0. 0. 0.]
 ...
 [0. 0. 0. ... 0. 0. 0.]
 [0. 0. 0. ... 0. 0. 0.]
 [0. 0. 0. ... 0. 0. 0.]]"
0.8,0.03,2,100000.0,20,67.56658936959391,0.30415067920346633,0.5096549196857033,"[[[0.99634 1.00036 1.00084 ... 0.99954 0.99909 1.00071]
  [1.00251 1.00098 1.00401 ... 1.00324 1.0023  0.99612]
  [0.9975  0.99989 1.00321 ... 1.00388 0.99905 0.99687]
  ...
  [1.0047  1.00233 1.00125 ... 0.99917 0.99864 1.00161]
  [0.999   1.00618 1.00168 ... 0.99697 0.99763 1.00116]
  [1.00046 0.99718 1.00279 ... 1.0024  1.00065 0.99712]]

 [[0.99634 1.00036 1.00084 ... 0.99954 0.9991  1.00071]
  [1.00251 1.00098 1.00401 ... 1.00324 1.0023  0.99612]
  [0.9975  0.99989 1.00321 ... 1.00388 0.99905 0.99687]
  ...
  [1.0047  1.00233 1.00125 ... 0.99917 0.99864 1.00161]
  [0.999   1.00618 1.00327 ... 0.99697 0.99763 1.00116]
  [1.00046 0.99718 1.00279 ... 1.0024  1.00065 0.99712]]]","[[[0.         0.00895673 0.01122561 ... 0.11400514 0.         0.07875432]
  [0.06105609 0.         0.         ... 0.         0.11113783 0.        ]
  [0.         0.03589883 0.         ... 0.12201875 0.         0.09921328]
  ...
  [0.         0.01589987 0.         ... 0.         0.05376131 0.        ]
  [0.         0.         0.03586047 ... 0.09053903 0.         0.04703423]
  [0.03192847 0.         0.         ... 0.         0.08899112 0.        ]]

 [[0.08210217 0.         0.         ... 0.         0.14251821 0.        ]
  [0.         0.05457391 0.02599952 ... 0.16225751 0.         0.1308789 ]
  [0.11015603 0.         0.02247109 ... 0.         0.15923298 0.        ]
  ...
  [0.00928304 0.         0.08182161 ... 0.11174401 0.         0.05923339]
  [0.04588398 0.02754961 0.         ... 0.         0.11088486 0.        ]
  [0.         0.0238731  0.05419403 ... 0.14518333 0.         0.10105088]]]","[[0. 0. 0. ... 0. 0. 0.]
 [0. 0. 0. ... 0. 0. 0.]
 [0. 0. 0. ... 0. 0. 0.]
 ...
 [0. 0. 0. ... 0. 0. 0.]
 [0. 0. 0. ... 0. 0. 0.]
 [0. 0. 0. ... 0. 0. 0.]]","[[0. 0. 0. ... 0. 0. 0.]
 [0. 0. 0. ... 0. 0. 0.]
 [0. 0. 0. ... 0. 0. 0.]
 ...
 [0. 0. 0. ... 0. 0. 0.]
 [0. 0. 0. ... 0. 0. 0.]
 [0. 0. 0. ... 0. 0. 0.]]"
0.8,0.03,2,100000.0,30,116.60991256438734,0.2388128828690484,0.5172923767751385,"[[[0.99634 1.00036 1.00084 ... 0.99954 0.9991  1.00071]
  [1.00251 1.00098 1.00401 ... 1.00324 1.0023  0.99612]
  [0.9975  0.99989 1.00321 ... 1.00388 0.99905 0.99687]
  ...
  [1.0047  1.00233 1.00125 ... 0.99917 0.99864 1.00161]
  [0.999   1.00618 1.00327 ... 0.99697 0.99763 1.00116]
  [1.00046 0.99718 1.00279 ... 1.0024  1.00065 0.99712]]

 [[0.99634 1.00036 1.00084 ... 0.99954 0.9991  1.00071]
  [1.00251 1.00098 1.00401 ... 1.00324 1.0023  0.99612]
  [0.9975  0.99989 1.00321 ... 1.00388 0.99905 0.99687]
  ...
  [1.0047  1.00233 1.00125 ... 0.99917 0.99864 1.00161]
  [0.999   1.00618 1.00168 ... 0.99697 0.99763 1.00116]
  [1.00046 0.99718 1.00279 ... 1.0024  1.00065 0.99712]]]","[[[0.03696097 0.         0.01406728 ... 0.         0.03655634 0.        ]
  [0.         0.03225509 0.         ... 0.04420124 0.         0.04906099]
  [0.04982519 0.         0.01581285 ... 0.         0.06064158 0.        ]
  ...
  [0.         0.02709991 0.         ... 0.         0.         0.01710787]
  [0.02692477 0.         0.01738289 ... 0.         0.01192612 0.        ]
  [0.         0.02581287 0.         ... 0.01280341 0.         0.03038264]]

 [[0.         0.06029076 0.         ... 0.05977741 0.         0.07275546]
  [0.07673981 0.         0.04355434 ... 0.         0.08284273 0.        ]
  [0.         0.06828578 0.         ... 0.09182436 0.         0.09415065]
  ...
  [0.05536895 0.         0.05351848 ... 0.02266601 0.03165044 0.        ]
  [0.         0.05540174 0.         ... 0.02564716 0.         0.05322749]
  [0.06344306 0.         0.044518   ... 0.         0.05482551 0.        ]]]","[[0. 0. 0. ... 0. 0. 0.]
 [0. 0. 0. ... 0. 0. 0.]
 [0. 0. 0. ... 0. 0. 0.]
 ...
 [0. 0. 0. ... 0. 0. 0.]
 [0. 0. 0. ... 0. 0. 0.]
 [0. 0. 0. ... 0. 0. 0.]]","[[0. 0. 0. ... 0. 0. 0.]
 [0. 0. 0. ... 0. 0. 0.]
 [0. 0. 0. ... 0. 0. 0.]
 ...
 [0. 0. 0. ... 0. 0. 0.]
 [0. 0. 0. ... 0. 0. 0.]
 [0. 0. 0. ... 0. 0. 0.]]"
0.8,0.03,4,1000.0,10,197.403460217157,0.1656686823494256,0.49270439380336223,"[[[0.963 1.004 1.008 ... 0.995 0.991 1.007]
  [1.025 1.01  1.04  ... 1.033 1.023 0.961]
  [0.975 0.999 1.032 ... 1.039 0.99  0.968]
  ...
  [1.047 1.023 1.012 ... 0.992 0.986 1.016]
  [0.99  1.062 1.017 ... 0.97  1.014 1.012]
  [1.005 0.972 1.028 ... 1.024 1.007 0.971]]

 [[0.963 1.004 1.008 ... 0.995 0.991 1.007]
  [1.025 1.01  1.04  ... 1.033 1.023 0.961]
  [0.975 0.999 1.032 ... 1.039 0.99  0.968]
  ...
  [1.047 1.023 1.012 ... 0.992 0.986 1.016]
  [0.99  1.062 1.017 ... 0.97  1.014 1.012]
  [1.005 0.972 1.028 ... 1.024 1.007 0.971]]]","[[[0.         0.         0.04195665 ... 0.06338256 0.         0.00761663]
  [0.         0.03884412 0.         ... 0.         0.03324684 0.        ]
  [0.02363937 0.         0.07447621 ... 0.05446189 0.         0.        ]
  ...
  [0.         0.06623402 0.         ... 0.         0.00314792 0.01490665]
  [0.01665434 0.         0.05453246 ... 0.05221376 0.         0.        ]
  [0.         0.02327598 0.         ... 0.         0.03384365 0.        ]]

 [[0.00693051 0.05565232 0.         ... 0.         0.06617655 0.        ]
  [0.03310897 0.         0.07708574 ... 0.08507865 0.         0.03116505]
  [0.         0.08669741 0.         ... 0.         0.0459793  0.0274728 ]
  ...
  [0.06527552 0.         0.10901111 ... 0.07437327 0.00128807 0.        ]
  [0.         0.05910455 0.         ... 0.         0.04728215 0.01315113]
  [0.03099381 0.         0.06715795 ... 0.09091752 0.         0.03346445]]]","[[0. 0. 0. ... 0. 0. 0.]
 [0. 0. 0. ... 0. 0. 0.]
 [0. 0. 0. ... 0. 0. 0.]
 ...
 [0. 0. 0. ... 0. 0. 0.]
 [0. 0. 0. ... 0. 0. 0.]
 [0. 0. 0. ... 0. 0. 0.]]","[[0. 0. 0. ... 0. 0. 0.]
 [0. 0. 0. ... 0. 0. 0.]
 [0. 0. 0. ... 0. 0. 0.]
 ...
 [0. 0. 0. ... 0. 0. 0.]
 [0. 0. 0. ... 0. 0. 0.]
 [0. 0. 0. ... 0. 0. 0.]]"
0.8,0.03,4,1000.0,20,62.36787415663128,0.30415067920346633,0.49384299205562354,"[[[0.963 1.004 1.008 ... 0.995 0.991 1.007]
  [1.025 1.01  1.04  ... 1.033 1.023 0.961]
  [0.975 0.999 1.032 ... 1.039 0.99  0.968]
  ...
  [1.047 1.023 1.012 ... 0.992 0.986 1.016]
  [0.99  1.062 1.017 ... 0.97  1.014 1.012]
  [1.005 0.972 1.028 ... 1.024 1.007 0.971]]

 [[0.963 1.004 1.008 ... 0.995 0.991 1.007]
  [1.025 1.01  1.04  ... 1.033 1.023 0.961]
  [0.975 0.999 1.032 ... 1.039 0.99  0.968]
  ...
  [1.047 1.023 1.012 ... 0.992 0.986 1.016]
  [0.99  1.062 1.017 ... 0.97  1.014 1.012]
  [1.005 0.972 1.028 ... 1.024 1.007 0.971]]]","[[[0.10167013 0.         0.26537954 ... 0.09742039 0.         0.        ]
  [0.         0.16413009 0.         ... 0.         0.03156194 0.01117539]
  [0.06025358 0.         0.18807965 ... 0.07196454 0.         0.        ]
  ...
  [0.         0.23682346 0.         ... 0.         0.05332809 0.03324422]
  [0.12782588 0.         0.31180686 ... 0.13178992 0.         0.        ]
  [0.         0.20638945 0.         ... 0.         0.04005042 0.02494816]]

 [[0.         0.2380526  0.         ... 0.         0.06354877 0.05158376]
  [0.11933108 0.         0.2750023  ... 0.11007891 0.         0.        ]
  [0.         0.16799541 0.         ... 0.         0.05657893 0.03781425]
  ...
  [0.17020482 0.         0.382566   ... 0.19716758 0.         0.        ]
  [0.         0.26645568 0.         ... 0.         0.07521289 0.05807929]
  [0.15987771 0.         0.34735032 ... 0.15136051 0.         0.        ]]]","[[0. 0. 0. ... 0. 0. 0.]
 [0. 0. 0. ... 0. 0. 0.]
 [0. 0. 0. ... 0. 0. 0.]
 ...
 [0. 0. 0. ... 0. 0. 0.]
 [0. 0. 0. ... 0. 0. 0.]
 [0. 0. 0. ... 0. 0. 0.]]","[[0. 0. 0. ... 0. 0. 0.]
 [0. 0. 0. ... 0. 0. 0.]
 [0. 0. 0. ... 0. 0. 0.]
 ...
 [0. 0. 0. ... 0. 0. 0.]
 [0. 0. 0. ... 0. 0. 0.]
 [0. 0. 0. ... 0. 0. 0.]]"
0.8,0.03,4,1000.0,30,106.52035278162217,0.2388128828690484,0.4931972081891209,"[[[0.963 1.004 1.008 ... 0.995 0.991 1.007]
  [1.025 1.01  1.04  ... 1.033 1.023 0.961]
  [0.975 0.999 1.032 ... 1.039 0.99  0.968]
  ...
  [1.047 1.023 1.012 ... 0.992 0.986 1.016]
  [0.99  1.062 1.017 ... 0.97  1.014 1.012]
  [1.005 0.972 1.028 ... 1.024 1.007 0.971]]

 [[0.963 1.004 1.008 ... 0.995 0.991 1.007]
  [1.025 1.01  1.04  ... 1.033 1.023 0.961]
  [0.975 0.999 1.032 ... 1.039 0.99  0.968]
  ...
  [1.047 1.023 1.012 ... 0.992 0.986 1.016]
  [0.99  1.062 1.017 ... 0.97  1.014 1.012]
  [1.005 0.972 1.028 ... 1.024 1.007 0.971]]]","[[[0.25254788 0.         0.3300636  ... 0.         0.14364305 0.        ]
  [0.         0.28187977 0.         ... 0.11308167 0.         0.19896751]
  [0.2229653  0.         0.25768778 ... 0.         0.16040263 0.        ]
  ...
  [0.         0.31169169 0.         ... 0.         0.         0.15623556]
  [0.25066758 0.         0.36627346 ... 0.         0.10031609 0.        ]
  [0.         0.30964623 0.         ... 0.0568907  0.         0.19102153]]

 [[0.         0.36123848 0.         ... 0.11827392 0.         0.25015082]
  [0.29470444 0.         0.34860818 ... 0.         0.19586063 0.        ]
  [0.         0.3018646  0.         ... 0.15541068 0.         0.24985105]
  ...
  [0.28172697 0.         0.43113992 ... 0.03456373 0.09754392 0.        ]
  [0.         0.36647519 0.         ... 0.0454165  0.         0.22083086]
  [0.31346825 0.         0.41336157 ... 0.         0.16232998 0.        ]]]","[[0. 0. 0. ... 0. 0. 0.]
 [0. 0. 0. ... 0. 0. 0.]
 [0. 0. 0. ... 0. 0. 0.]
 ...
 [0. 0. 0. ... 0. 0. 0.]
 [0. 0. 0. ... 0. 0. 0.]
 [0. 0. 0. ... 0. 0. 0.]]","[[0. 0. 0. ... 0. 0. 0.]
 [0. 0. 0. ... 0. 0. 0.]
 [0. 0. 0. ... 0. 0. 0.]
 ...
 [0. 0. 0. ... 0. 0. 0.]
 [0. 0. 0. ... 0. 0. 0.]
 [0. 0. 0. ... 0. 0. 0.]]"
0.8,0.03,4,10000.0,10,206.06635440760473,0.1656686823494256,0.5070560964620019,"[[[0.9884 1.0011 1.0026 ... 0.9985 0.9971 1.0023]
  [1.0079 1.0031 1.0127 ... 1.0103 1.0073 1.0034]
  [0.9921 0.9997 1.0102 ... 1.0123 0.997  0.9901]
  ...
  [1.0149 1.0074 1.0039 ... 0.9974 0.9957 1.0051]
  [0.9968 1.0195 1.0053 ... 0.9904 1.0046 1.0037]
  [1.0015 0.9911 1.0088 ... 1.0076 1.0021 0.9909]]

 [[0.9884 1.0011 1.0026 ... 0.9985 0.9971 1.0023]
  [1.0079 1.0031 1.0127 ... 1.0103 1.0073 1.0034]
  [0.9921 0.9997 1.0102 ... 1.0123 0.997  0.9901]
  ...
  [1.0149 1.0074 1.0039 ... 0.9974 0.9957 1.0051]
  [0.9968 1.0195 1.0053 ... 0.9904 1.0046 1.0037]
  [1.0015 0.9911 1.0088 ... 1.0076 1.0021 0.9909]]]","[[[0.00843437 0.         0.         ... 0.         0.02515996 0.        ]
  [0.         0.00533308 0.         ... 0.0342578  0.         0.03090437]
  [0.03201473 0.         0.0044175  ... 0.         0.04534462 0.        ]
  ...
  [0.         0.01184315 0.         ... 0.02472534 0.         0.03072809]
  [0.01142442 0.         0.         ... 0.         0.0250928  0.        ]
  [0.         0.         0.00588908 ... 0.02175226 0.         0.01665564]]

 [[0.         0.02302219 0.03151618 ... 0.05596815 0.         0.0515641 ]
  [0.04896963 0.         0.01179697 ... 0.         0.06568192 0.        ]
  [0.         0.05037967 0.00066804 ... 0.07472761 0.         0.07811561]
  ...
  [0.05191899 0.         0.02354488 ... 0.         0.06332984 0.        ]
  [0.         0.02318775 0.0257961  ... 0.05314408 0.         0.05158418]
  [0.03676245 0.01530803 0.         ... 0.         0.0530533  0.        ]]]","[[0. 0. 0. ... 0. 0. 0.]
 [0. 0. 0. ... 0. 0. 0.]
 [0. 0. 0. ... 0. 0. 0.]
 ...
 [0. 0. 0. ... 0. 0. 0.]
 [0. 0. 0. ... 0. 0. 0.]
 [0. 0. 0. ... 0. 0. 0.]]","[[0. 0. 0. ... 0. 0. 0.]
 [0. 0. 0. ... 0. 0. 0.]
 [0. 0. 0. ... 0. 0. 0.]
 ...
 [0. 0. 0. ... 0. 0. 0.]
 [0. 0. 0. ... 0. 0. 0.]
 [0. 0. 0. ... 0. 0. 0.]]"
0.8,0.03,4,10000.0,20,66.63904108737219,0.30415067920346633,0.5068337752853859,"[[[0.9884 1.0011 1.0026 ... 0.9985 0.9971 1.0023]
  [1.0079 1.0031 1.0127 ... 1.0103 1.0073 1.0034]
  [0.9921 0.9997 1.0102 ... 1.0123 0.997  0.9901]
  ...
  [1.0149 1.0074 1.0039 ... 0.9974 0.9957 1.0051]
  [0.9968 1.0195 1.0053 ... 0.9904 1.0046 1.0037]
  [1.0015 0.9911 1.0088 ... 1.0076 1.0021 0.9909]]

 [[0.9884 1.0011 1.0026 ... 0.9985 0.9971 1.0023]
  [1.0079 1.0031 1.0127 ... 1.0103 1.0073 1.0034]
  [0.9921 0.9997 1.0102 ... 1.0123 0.997  0.9901]
  ...
  [1.0149 1.0074 1.0039 ... 0.9974 0.9957 1.0051]
  [0.9968 1.0195 1.0053 ... 0.9904 1.0046 1.0037]
  [1.0015 0.9911 1.0088 ... 1.0076 1.0021 0.9909]]]","[[[0.00974761 0.         0.10217014 ... 0.0712514  0.         0.01013943]
  [0.         0.03788357 0.         ... 0.         0.06020288 0.        ]
  [0.         0.         0.06084105 ... 0.09271987 0.         0.04432511]
  ...
  [0.         0.09740418 0.         ... 0.         0.00818795 0.01233938]
  [0.04200513 0.         0.12758675 ... 0.0517464  0.         0.        ]
  [0.         0.07209912 0.         ... 0.         0.03250849 0.        ]]

 [[0.         0.09258618 0.         ... 0.         0.08003027 0.        ]
  [0.01876786 0.         0.11953163 ... 0.1172407  0.         0.05774222]
  [0.04042617 0.04369402 0.         ... 0.         0.11219239 0.        ]
  ...
  [0.08759291 0.         0.17770297 ... 0.07857547 0.         0.        ]
  [0.         0.12199976 0.         ... 0.         0.05002251 0.02723504]
  [0.06013512 0.         0.15767641 ... 0.09654611 0.         0.02366201]]]","[[0. 0. 0. ... 0. 0. 0.]
 [0. 0. 0. ... 0. 0. 0.]
 [0. 0. 0. ... 0. 0. 0.]
 ...
 [0. 0. 0. ... 0. 0. 0.]
 [0. 0. 0. ... 0. 0. 0.]
 [0. 0. 0. ... 0. 0. 0.]]","[[0. 0. 0. ... 0. 0. 0.]
 [0. 0. 0. ... 0. 0. 0.]
 [0. 0. 0. ... 0. 0. 0.]
 ...
 [0. 0. 0. ... 0. 0. 0.]
 [0. 0. 0. ... 0. 0. 0.]
 [0. 0. 0. ... 0. 0. 0.]]"
0.8,0.03,4,10000.0,30,113.44830617338255,0.2388128828690484,0.5097420534078079,"[[[0.9884 1.0011 1.0026 ... 0.9985 0.9971 1.0023]
  [1.0079 1.0031 1.0127 ... 1.0103 1.0073 1.0034]
  [0.9921 0.9997 1.0102 ... 1.0123 0.997  0.9901]
  ...
  [1.0149 1.0074 1.0039 ... 0.9974 0.9957 1.0051]
  [0.9968 1.0195 1.0053 ... 0.9904 1.0046 1.0037]
  [1.0015 0.9911 1.0088 ... 1.0076 1.0021 0.9909]]

 [[0.9884 1.0011 1.0026 ... 0.9985 0.9971 1.0023]
  [1.0079 1.0031 1.0127 ... 1.0103 1.0073 1.0034]
  [0.9921 0.9997 1.0102 ... 1.0123 0.997  0.9901]
  ...
  [1.0149 1.0074 1.0039 ... 0.9974 0.9957 1.0051]
  [0.9968 1.0195 1.0053 ... 0.9904 1.0046 1.0037]
  [1.0015 0.9911 1.0088 ... 1.0076 1.0021 0.9909]]]","[[[0.12558376 0.         0.12898333 ... 0.         0.0853463  0.        ]
  [0.         0.137023   0.         ... 0.07924574 0.         0.12559313]
  [0.13781854 0.         0.1217363  ... 0.         0.11714287 0.        ]
  ...
  [0.         0.11172618 0.         ... 0.         0.         0.05815418]
  [0.10208937 0.         0.12689871 ... 0.         0.04219664 0.        ]
  [0.         0.12630641 0.         ... 0.03008124 0.         0.09314088]]

 [[0.         0.17694435 0.         ... 0.08900788 0.         0.15138804]
  [0.17777304 0.         0.16684589 ... 0.         0.14315006 0.        ]
  [0.         0.17835102 0.         ... 0.13216665 0.         0.17839864]
  ...
  [0.12468702 0.         0.16443086 ... 0.03395054 0.04873193 0.        ]
  [0.         0.15809554 0.         ... 0.03071146 0.         0.11204349]
  [0.1570331  0.         0.17009984 ... 0.         0.09927304 0.        ]]]","[[0. 0. 0. ... 0. 0. 0.]
 [0. 0. 0. ... 0. 0. 0.]
 [0. 0. 0. ... 0. 0. 0.]
 ...
 [0. 0. 0. ... 0. 0. 0.]
 [0. 0. 0. ... 0. 0. 0.]
 [0. 0. 0. ... 0. 0. 0.]]","[[0. 0. 0. ... 0. 0. 0.]
 [0. 0. 0. ... 0. 0. 0.]
 [0. 0. 0. ... 0. 0. 0.]
 ...
 [0. 0. 0. ... 0. 0. 0.]
 [0. 0. 0. ... 0. 0. 0.]
 [0. 0. 0. ... 0. 0. 0.]]"
0.8,0.03,4,100000.0,10,204.6786017043904,0.1656686823494256,0.5047570248443182,"[[[0.99634 1.00036 1.00084 ... 0.99954 0.99909 1.00071]
  [1.00251 1.00098 1.00401 ... 1.00324 1.0023  0.99612]
  [0.9975  0.99989 1.00321 ... 1.00388 0.99905 0.99687]
  ...
  [1.0047  1.00233 1.00125 ... 0.99917 0.99864 1.00161]
  [0.999   1.00618 1.00168 ... 0.99697 0.99763 1.00116]
  [1.00046 0.99718 1.00279 ... 1.0024  1.00065 0.99712]]

 [[0.99634 1.00036 1.00084 ... 0.99954 0.99909 1.00071]
  [1.00251 1.00098 1.00401 ... 1.00324 1.0023  0.99612]
  [0.9975  0.99989 1.00321 ... 1.00388 0.99905 0.99687]
  ...
  [1.0047  1.00233 1.00125 ... 0.99917 0.99864 1.00161]
  [0.999   1.00618 1.00168 ... 0.99697 0.99763 1.00116]
  [1.00046 0.99718 1.00279 ... 1.0024  1.00065 0.99712]]]","[[[0.         0.05908908 0.         ... 0.         0.00414335 0.        ]
  [0.01266796 0.         0.0709229  ... 0.03485343 0.         0.        ]
  [0.         0.01522479 0.         ... 0.         0.03444194 0.        ]
  ...
  [0.0240601  0.         0.0797801  ... 0.02120679 0.         0.        ]
  [0.         0.06561183 0.         ... 0.         0.         0.00604039]
  [0.03623891 0.         0.09816427 ... 0.01754569 0.         0.        ]]

 [[0.06111575 0.         0.12836508 ... 0.0547097  0.00096756 0.00568807]
  [0.         0.07456452 0.         ... 0.         0.04740706 0.01275373]
  [0.0168125  0.         0.0753911  ... 0.08262379 0.         0.04552356]
  ...
  [0.         0.08630942 0.         ... 0.         0.03406073 0.02498873]
  [0.06722951 0.         0.13384381 ... 0.04756577 0.0083819  0.        ]
  [0.         0.10430569 0.         ... 0.         0.02588959 0.03682018]]]","[[0. 0. 0. ... 0. 0. 0.]
 [0. 0. 0. ... 0. 0. 0.]
 [0. 0. 0. ... 0. 0. 0.]
 ...
 [0. 0. 0. ... 0. 0. 0.]
 [0. 0. 0. ... 0. 0. 0.]
 [0. 0. 0. ... 0. 0. 0.]]","[[0. 0. 0. ... 0. 0. 0.]
 [0. 0. 0. ... 0. 0. 0.]
 [0. 0. 0. ... 0. 0. 0.]
 ...
 [0. 0. 0. ... 0. 0. 0.]
 [0. 0. 0. ... 0. 0. 0.]
 [0. 0. 0. ... 0. 0. 0.]]"
0.8,0.03,4,100000.0,20,67.56658936959391,0.30415067920346633,0.5096549196857033,"[[[0.99634 1.00036 1.00084 ... 0.99954 0.99909 1.00071]
  [1.00251 1.00098 1.00401 ... 1.00324 1.0023  0.99612]
  [0.9975  0.99989 1.00321 ... 1.00388 0.99905 0.99687]
  ...
  [1.0047  1.00233 1.00125 ... 0.99917 0.99864 1.00161]
  [0.999   1.00618 1.00168 ... 0.99697 0.99763 1.00116]
  [1.00046 0.99718 1.00279 ... 1.0024  1.00065 0.99712]]

 [[0.99634 1.00036 1.00084 ... 0.99954 0.9991  1.00071]
  [1.00251 1.00098 1.00401 ... 1.00324 1.0023  0.99612]
  [0.9975  0.99989 1.00321 ... 1.00388 0.99905 0.99687]
  ...
  [1.0047  1.00233 1.00125 ... 0.99917 0.99864 1.00161]
  [0.999   1.00618 1.00327 ... 0.99697 0.99763 1.00116]
  [1.00046 0.99718 1.00279 ... 1.0024  1.00065 0.99712]]]","[[[0.         0.00895673 0.01122561 ... 0.11400514 0.         0.07875432]
  [0.06105609 0.         0.         ... 0.         0.11113783 0.        ]
  [0.         0.03589883 0.         ... 0.12201875 0.         0.09921328]
  ...
  [0.         0.01589987 0.         ... 0.         0.05376131 0.        ]
  [0.         0.         0.03586047 ... 0.09053903 0.         0.04703423]
  [0.03192847 0.         0.         ... 0.         0.08899112 0.        ]]

 [[0.08210217 0.         0.         ... 0.         0.14251821 0.        ]
  [0.         0.05457391 0.02599952 ... 0.16225751 0.         0.1308789 ]
  [0.11015603 0.         0.02247109 ... 0.         0.15923298 0.        ]
  ...
  [0.00928304 0.         0.08182161 ... 0.11174401 0.         0.05923339]
  [0.04588398 0.02754961 0.         ... 0.         0.11088486 0.        ]
  [0.         0.0238731  0.05419403 ... 0.14518333 0.         0.10105088]]]","[[0. 0. 0. ... 0. 0. 0.]
 [0. 0. 0. ... 0. 0. 0.]
 [0. 0. 0. ... 0. 0. 0.]
 ...
 [0. 0. 0. ... 0. 0. 0.]
 [0. 0. 0. ... 0. 0. 0.]
 [0. 0. 0. ... 0. 0. 0.]]","[[0. 0. 0. ... 0. 0. 0.]
 [0. 0. 0. ... 0. 0. 0.]
 [0. 0. 0. ... 0. 0. 0.]
 ...
 [0. 0. 0. ... 0. 0. 0.]
 [0. 0. 0. ... 0. 0. 0.]
 [0. 0. 0. ... 0. 0. 0.]]"
0.8,0.03,4,100000.0,30,116.60991256438734,0.2388128828690484,0.5172923767751385,"[[[0.99634 1.00036 1.00084 ... 0.99954 0.9991  1.00071]
  [1.00251 1.00098 1.00401 ... 1.00324 1.0023  0.99612]
  [0.9975  0.99989 1.00321 ... 1.00388 0.99905 0.99687]
  ...
  [1.0047  1.00233 1.00125 ... 0.99917 0.99864 1.00161]
  [0.999   1.00618 1.00327 ... 0.99697 0.99763 1.00116]
  [1.00046 0.99718 1.00279 ... 1.0024  1.00065 0.99712]]

 [[0.99634 1.00036 1.00084 ... 0.99954 0.9991  1.00071]
  [1.00251 1.00098 1.00401 ... 1.00324 1.0023  0.99612]
  [0.9975  0.99989 1.00321 ... 1.00388 0.99905 0.99687]
  ...
  [1.0047  1.00233 1.00125 ... 0.99917 0.99864 1.00161]
  [0.999   1.00618 1.00168 ... 0.99697 0.99763 1.00116]
  [1.00046 0.99718 1.00279 ... 1.0024  1.00065 0.99712]]]","[[[0.03696097 0.         0.01406728 ... 0.         0.03655634 0.        ]
  [0.         0.03225509 0.         ... 0.04420124 0.         0.04906099]
  [0.04982519 0.         0.01581285 ... 0.         0.06064158 0.        ]
  ...
  [0.         0.02709991 0.         ... 0.         0.         0.01710787]
  [0.02692477 0.         0.01738289 ... 0.         0.01192612 0.        ]
  [0.         0.02581287 0.         ... 0.01280341 0.         0.03038264]]

 [[0.         0.06029076 0.         ... 0.05977741 0.         0.07275546]
  [0.07673981 0.         0.04355434 ... 0.         0.08284273 0.        ]
  [0.         0.06828578 0.         ... 0.09182436 0.         0.09415065]
  ...
  [0.05536895 0.         0.05351848 ... 0.02266601 0.03165044 0.        ]
  [0.         0.05540174 0.         ... 0.02564716 0.         0.05322749]
  [0.06344306 0.         0.044518   ... 0.         0.05482551 0.        ]]]","[[0. 0. 0. ... 0. 0. 0.]
 [0. 0. 0. ... 0. 0. 0.]
 [0. 0. 0. ... 0. 0. 0.]
 ...
 [0. 0. 0. ... 0. 0. 0.]
 [0. 0. 0. ... 0. 0. 0.]
 [0. 0. 0. ... 0. 0. 0.]]","[[0. 0. 0. ... 0. 0. 0.]
 [0. 0. 0. ... 0. 0. 0.]
 [0. 0. 0. ... 0. 0. 0.]
 ...
 [0. 0. 0. ... 0. 0. 0.]
 [0. 0. 0. ... 0. 0. 0.]
 [0. 0. 0. ... 0. 0. 0.]]"
0.8,0.03,6,1000.0,10,197.403460217157,0.1656686823494256,0.49270439380336223,"[[[0.963 1.004 1.008 ... 0.995 0.991 1.007]
  [1.025 1.01  1.04  ... 1.033 1.023 0.961]
  [0.975 0.999 1.032 ... 1.039 0.99  0.968]
  ...
  [1.047 1.023 1.012 ... 0.992 0.986 1.016]
  [0.99  1.062 1.017 ... 0.97  1.014 1.012]
  [1.005 0.972 1.028 ... 1.024 1.007 0.971]]

 [[0.963 1.004 1.008 ... 0.995 0.991 1.007]
  [1.025 1.01  1.04  ... 1.033 1.023 0.961]
  [0.975 0.999 1.032 ... 1.039 0.99  0.968]
  ...
  [1.047 1.023 1.012 ... 0.992 0.986 1.016]
  [0.99  1.062 1.017 ... 0.97  1.014 1.012]
  [1.005 0.972 1.028 ... 1.024 1.007 0.971]]]","[[[0.         0.         0.04195665 ... 0.06338256 0.         0.00761663]
  [0.         0.03884412 0.         ... 0.         0.03324684 0.        ]
  [0.02363937 0.         0.07447621 ... 0.05446189 0.         0.        ]
  ...
  [0.         0.06623402 0.         ... 0.         0.00314792 0.01490665]
  [0.01665434 0.         0.05453246 ... 0.05221376 0.         0.        ]
  [0.         0.02327598 0.         ... 0.         0.03384365 0.        ]]

 [[0.00693051 0.05565232 0.         ... 0.         0.06617655 0.        ]
  [0.03310897 0.         0.07708574 ... 0.08507865 0.         0.03116505]
  [0.         0.08669741 0.         ... 0.         0.0459793  0.0274728 ]
  ...
  [0.06527552 0.         0.10901111 ... 0.07437327 0.00128807 0.        ]
  [0.         0.05910455 0.         ... 0.         0.04728215 0.01315113]
  [0.03099381 0.         0.06715795 ... 0.09091752 0.         0.03346445]]]","[[0. 0. 0. ... 0. 0. 0.]
 [0. 0. 0. ... 0. 0. 0.]
 [0. 0. 0. ... 0. 0. 0.]
 ...
 [0. 0. 0. ... 0. 0. 0.]
 [0. 0. 0. ... 0. 0. 0.]
 [0. 0. 0. ... 0. 0. 0.]]","[[0. 0. 0. ... 0. 0. 0.]
 [0. 0. 0. ... 0. 0. 0.]
 [0. 0. 0. ... 0. 0. 0.]
 ...
 [0. 0. 0. ... 0. 0. 0.]
 [0. 0. 0. ... 0. 0. 0.]
 [0. 0. 0. ... 0. 0. 0.]]"
0.8,0.03,6,1000.0,20,62.36787415663128,0.30415067920346633,0.49384299205562354,"[[[0.963 1.004 1.008 ... 0.995 0.991 1.007]
  [1.025 1.01  1.04  ... 1.033 1.023 0.961]
  [0.975 0.999 1.032 ... 1.039 0.99  0.968]
  ...
  [1.047 1.023 1.012 ... 0.992 0.986 1.016]
  [0.99  1.062 1.017 ... 0.97  1.014 1.012]
  [1.005 0.972 1.028 ... 1.024 1.007 0.971]]

 [[0.963 1.004 1.008 ... 0.995 0.991 1.007]
  [1.025 1.01  1.04  ... 1.033 1.023 0.961]
  [0.975 0.999 1.032 ... 1.039 0.99  0.968]
  ...
  [1.047 1.023 1.012 ... 0.992 0.986 1.016]
  [0.99  1.062 1.017 ... 0.97  1.014 1.012]
  [1.005 0.972 1.028 ... 1.024 1.007 0.971]]]","[[[0.10167013 0.         0.26537954 ... 0.09742039 0.         0.        ]
  [0.         0.16413009 0.         ... 0.         0.03156194 0.01117539]
  [0.06025358 0.         0.18807965 ... 0.07196454 0.         0.        ]
  ...
  [0.         0.23682346 0.         ... 0.         0.05332809 0.03324422]
  [0.12782588 0.         0.31180686 ... 0.13178992 0.         0.        ]
  [0.         0.20638945 0.         ... 0.         0.04005042 0.02494816]]

 [[0.         0.2380526  0.         ... 0.         0.06354877 0.05158376]
  [0.11933108 0.         0.2750023  ... 0.11007891 0.         0.        ]
  [0.         0.16799541 0.         ... 0.         0.05657893 0.03781425]
  ...
  [0.17020482 0.         0.382566   ... 0.19716758 0.         0.        ]
  [0.         0.26645568 0.         ... 0.         0.07521289 0.05807929]
  [0.15987771 0.         0.34735032 ... 0.15136051 0.         0.        ]]]","[[0. 0. 0. ... 0. 0. 0.]
 [0. 0. 0. ... 0. 0. 0.]
 [0. 0. 0. ... 0. 0. 0.]
 ...
 [0. 0. 0. ... 0. 0. 0.]
 [0. 0. 0. ... 0. 0. 0.]
 [0. 0. 0. ... 0. 0. 0.]]","[[0. 0. 0. ... 0. 0. 0.]
 [0. 0. 0. ... 0. 0. 0.]
 [0. 0. 0. ... 0. 0. 0.]
 ...
 [0. 0. 0. ... 0. 0. 0.]
 [0. 0. 0. ... 0. 0. 0.]
 [0. 0. 0. ... 0. 0. 0.]]"
0.8,0.03,6,1000.0,30,106.52035278162217,0.2388128828690484,0.4931972081891209,"[[[0.963 1.004 1.008 ... 0.995 0.991 1.007]
  [1.025 1.01  1.04  ... 1.033 1.023 0.961]
  [0.975 0.999 1.032 ... 1.039 0.99  0.968]
  ...
  [1.047 1.023 1.012 ... 0.992 0.986 1.016]
  [0.99  1.062 1.017 ... 0.97  1.014 1.012]
  [1.005 0.972 1.028 ... 1.024 1.007 0.971]]

 [[0.963 1.004 1.008 ... 0.995 0.991 1.007]
  [1.025 1.01  1.04  ... 1.033 1.023 0.961]
  [0.975 0.999 1.032 ... 1.039 0.99  0.968]
  ...
  [1.047 1.023 1.012 ... 0.992 0.986 1.016]
  [0.99  1.062 1.017 ... 0.97  1.014 1.012]
  [1.005 0.972 1.028 ... 1.024 1.007 0.971]]]","[[[0.25254788 0.         0.3300636  ... 0.         0.14364305 0.        ]
  [0.         0.28187977 0.         ... 0.11308167 0.         0.19896751]
  [0.2229653  0.         0.25768778 ... 0.         0.16040263 0.        ]
  ...
  [0.         0.31169169 0.         ... 0.         0.         0.15623556]
  [0.25066758 0.         0.36627346 ... 0.         0.10031609 0.        ]
  [0.         0.30964623 0.         ... 0.0568907  0.         0.19102153]]

 [[0.         0.36123848 0.         ... 0.11827392 0.         0.25015082]
  [0.29470444 0.         0.34860818 ... 0.         0.19586063 0.        ]
  [0.         0.3018646  0.         ... 0.15541068 0.         0.24985105]
  ...
  [0.28172697 0.         0.43113992 ... 0.03456373 0.09754392 0.        ]
  [0.         0.36647519 0.         ... 0.0454165  0.         0.22083086]
  [0.31346825 0.         0.41336157 ... 0.         0.16232998 0.        ]]]","[[0. 0. 0. ... 0. 0. 0.]
 [0. 0. 0. ... 0. 0. 0.]
 [0. 0. 0. ... 0. 0. 0.]
 ...
 [0. 0. 0. ... 0. 0. 0.]
 [0. 0. 0. ... 0. 0. 0.]
 [0. 0. 0. ... 0. 0. 0.]]","[[0. 0. 0. ... 0. 0. 0.]
 [0. 0. 0. ... 0. 0. 0.]
 [0. 0. 0. ... 0. 0. 0.]
 ...
 [0. 0. 0. ... 0. 0. 0.]
 [0. 0. 0. ... 0. 0. 0.]
 [0. 0. 0. ... 0. 0. 0.]]"
0.8,0.03,6,10000.0,10,206.06635440760473,0.1656686823494256,0.5070560964620019,"[[[0.9884 1.0011 1.0026 ... 0.9985 0.9971 1.0023]
  [1.0079 1.0031 1.0127 ... 1.0103 1.0073 1.0034]
  [0.9921 0.9997 1.0102 ... 1.0123 0.997  0.9901]
  ...
  [1.0149 1.0074 1.0039 ... 0.9974 0.9957 1.0051]
  [0.9968 1.0195 1.0053 ... 0.9904 1.0046 1.0037]
  [1.0015 0.9911 1.0088 ... 1.0076 1.0021 0.9909]]

 [[0.9884 1.0011 1.0026 ... 0.9985 0.9971 1.0023]
  [1.0079 1.0031 1.0127 ... 1.0103 1.0073 1.0034]
  [0.9921 0.9997 1.0102 ... 1.0123 0.997  0.9901]
  ...
  [1.0149 1.0074 1.0039 ... 0.9974 0.9957 1.0051]
  [0.9968 1.0195 1.0053 ... 0.9904 1.0046 1.0037]
  [1.0015 0.9911 1.0088 ... 1.0076 1.0021 0.9909]]]","[[[0.00843437 0.         0.         ... 0.         0.02515996 0.        ]
  [0.         0.00533308 0.         ... 0.0342578  0.         0.03090437]
  [0.03201473 0.         0.0044175  ... 0.         0.04534462 0.        ]
  ...
  [0.         0.01184315 0.         ... 0.02472534 0.         0.03072809]
  [0.01142442 0.         0.         ... 0.         0.0250928  0.        ]
  [0.         0.         0.00588908 ... 0.02175226 0.         0.01665564]]

 [[0.         0.02302219 0.03151618 ... 0.05596815 0.         0.0515641 ]
  [0.04896963 0.         0.01179697 ... 0.         0.06568192 0.        ]
  [0.         0.05037967 0.00066804 ... 0.07472761 0.         0.07811561]
  ...
  [0.05191899 0.         0.02354488 ... 0.         0.06332984 0.        ]
  [0.         0.02318775 0.0257961  ... 0.05314408 0.         0.05158418]
  [0.03676245 0.01530803 0.         ... 0.         0.0530533  0.        ]]]","[[0. 0. 0. ... 0. 0. 0.]
 [0. 0. 0. ... 0. 0. 0.]
 [0. 0. 0. ... 0. 0. 0.]
 ...
 [0. 0. 0. ... 0. 0. 0.]
 [0. 0. 0. ... 0. 0. 0.]
 [0. 0. 0. ... 0. 0. 0.]]","[[0. 0. 0. ... 0. 0. 0.]
 [0. 0. 0. ... 0. 0. 0.]
 [0. 0. 0. ... 0. 0. 0.]
 ...
 [0. 0. 0. ... 0. 0. 0.]
 [0. 0. 0. ... 0. 0. 0.]
 [0. 0. 0. ... 0. 0. 0.]]"
0.8,0.03,6,10000.0,20,66.63904108737219,0.30415067920346633,0.5068337752853859,"[[[0.9884 1.0011 1.0026 ... 0.9985 0.9971 1.0023]
  [1.0079 1.0031 1.0127 ... 1.0103 1.0073 1.0034]
  [0.9921 0.9997 1.0102 ... 1.0123 0.997  0.9901]
  ...
  [1.0149 1.0074 1.0039 ... 0.9974 0.9957 1.0051]
  [0.9968 1.0195 1.0053 ... 0.9904 1.0046 1.0037]
  [1.0015 0.9911 1.0088 ... 1.0076 1.0021 0.9909]]

 [[0.9884 1.0011 1.0026 ... 0.9985 0.9971 1.0023]
  [1.0079 1.0031 1.0127 ... 1.0103 1.0073 1.0034]
  [0.9921 0.9997 1.0102 ... 1.0123 0.997  0.9901]
  ...
  [1.0149 1.0074 1.0039 ... 0.9974 0.9957 1.0051]
  [0.9968 1.0195 1.0053 ... 0.9904 1.0046 1.0037]
  [1.0015 0.9911 1.0088 ... 1.0076 1.0021 0.9909]]]","[[[0.00974761 0.         0.10217014 ... 0.0712514  0.         0.01013943]
  [0.         0.03788357 0.         ... 0.         0.06020288 0.        ]
  [0.         0.         0.06084105 ... 0.09271987 0.         0.04432511]
  ...
  [0.         0.09740418 0.         ... 0.         0.00818795 0.01233938]
  [0.04200513 0.         0.12758675 ... 0.0517464  0.         0.        ]
  [0.         0.07209912 0.         ... 0.         0.03250849 0.        ]]

 [[0.         0.09258618 0.         ... 0.         0.08003027 0.        ]
  [0.01876786 0.         0.11953163 ... 0.1172407  0.         0.05774222]
  [0.04042617 0.04369402 0.         ... 0.         0.11219239 0.        ]
  ...
  [0.08759291 0.         0.17770297 ... 0.07857547 0.         0.        ]
  [0.         0.12199976 0.         ... 0.         0.05002251 0.02723504]
  [0.06013512 0.         0.15767641 ... 0.09654611 0.         0.02366201]]]","[[0. 0. 0. ... 0. 0. 0.]
 [0. 0. 0. ... 0. 0. 0.]
 [0. 0. 0. ... 0. 0. 0.]
 ...
 [0. 0. 0. ... 0. 0. 0.]
 [0. 0. 0. ... 0. 0. 0.]
 [0. 0. 0. ... 0. 0. 0.]]","[[0. 0. 0. ... 0. 0. 0.]
 [0. 0. 0. ... 0. 0. 0.]
 [0. 0. 0. ... 0. 0. 0.]
 ...
 [0. 0. 0. ... 0. 0. 0.]
 [0. 0. 0. ... 0. 0. 0.]
 [0. 0. 0. ... 0. 0. 0.]]"
0.8,0.03,6,10000.0,30,113.44830617338255,0.2388128828690484,0.5097420534078079,"[[[0.9884 1.0011 1.0026 ... 0.9985 0.9971 1.0023]
  [1.0079 1.0031 1.0127 ... 1.0103 1.0073 1.0034]
  [0.9921 0.9997 1.0102 ... 1.0123 0.997  0.9901]
  ...
  [1.0149 1.0074 1.0039 ... 0.9974 0.9957 1.0051]
  [0.9968 1.0195 1.0053 ... 0.9904 1.0046 1.0037]
  [1.0015 0.9911 1.0088 ... 1.0076 1.0021 0.9909]]

 [[0.9884 1.0011 1.0026 ... 0.9985 0.9971 1.0023]
  [1.0079 1.0031 1.0127 ... 1.0103 1.0073 1.0034]
  [0.9921 0.9997 1.0102 ... 1.0123 0.997  0.9901]
  ...
  [1.0149 1.0074 1.0039 ... 0.9974 0.9957 1.0051]
  [0.9968 1.0195 1.0053 ... 0.9904 1.0046 1.0037]
  [1.0015 0.9911 1.0088 ... 1.0076 1.0021 0.9909]]]","[[[0.12558376 0.         0.12898333 ... 0.         0.0853463  0.        ]
  [0.         0.137023   0.         ... 0.07924574 0.         0.12559313]
  [0.13781854 0.         0.1217363  ... 0.         0.11714287 0.        ]
  ...
  [0.         0.11172618 0.         ... 0.         0.         0.05815418]
  [0.10208937 0.         0.12689871 ... 0.         0.04219664 0.        ]
  [0.         0.12630641 0.         ... 0.03008124 0.         0.09314088]]

 [[0.         0.17694435 0.         ... 0.08900788 0.         0.15138804]
  [0.17777304 0.         0.16684589 ... 0.         0.14315006 0.        ]
  [0.         0.17835102 0.         ... 0.13216665 0.         0.17839864]
  ...
  [0.12468702 0.         0.16443086 ... 0.03395054 0.04873193 0.        ]
  [0.         0.15809554 0.         ... 0.03071146 0.         0.11204349]
  [0.1570331  0.         0.17009984 ... 0.         0.09927304 0.        ]]]","[[0. 0. 0. ... 0. 0. 0.]
 [0. 0. 0. ... 0. 0. 0.]
 [0. 0. 0. ... 0. 0. 0.]
 ...
 [0. 0. 0. ... 0. 0. 0.]
 [0. 0. 0. ... 0. 0. 0.]
 [0. 0. 0. ... 0. 0. 0.]]","[[0. 0. 0. ... 0. 0. 0.]
 [0. 0. 0. ... 0. 0. 0.]
 [0. 0. 0. ... 0. 0. 0.]
 ...
 [0. 0. 0. ... 0. 0. 0.]
 [0. 0. 0. ... 0. 0. 0.]
 [0. 0. 0. ... 0. 0. 0.]]"
0.8,0.03,6,100000.0,10,204.6786017043904,0.1656686823494256,0.5047570248443182,"[[[0.99634 1.00036 1.00084 ... 0.99954 0.99909 1.00071]
  [1.00251 1.00098 1.00401 ... 1.00324 1.0023  0.99612]
  [0.9975  0.99989 1.00321 ... 1.00388 0.99905 0.99687]
  ...
  [1.0047  1.00233 1.00125 ... 0.99917 0.99864 1.00161]
  [0.999   1.00618 1.00168 ... 0.99697 0.99763 1.00116]
  [1.00046 0.99718 1.00279 ... 1.0024  1.00065 0.99712]]

 [[0.99634 1.00036 1.00084 ... 0.99954 0.99909 1.00071]
  [1.00251 1.00098 1.00401 ... 1.00324 1.0023  0.99612]
  [0.9975  0.99989 1.00321 ... 1.00388 0.99905 0.99687]
  ...
  [1.0047  1.00233 1.00125 ... 0.99917 0.99864 1.00161]
  [0.999   1.00618 1.00168 ... 0.99697 0.99763 1.00116]
  [1.00046 0.99718 1.00279 ... 1.0024  1.00065 0.99712]]]","[[[0.         0.05908908 0.         ... 0.         0.00414335 0.        ]
  [0.01266796 0.         0.0709229  ... 0.03485343 0.         0.        ]
  [0.         0.01522479 0.         ... 0.         0.03444194 0.        ]
  ...
  [0.0240601  0.         0.0797801  ... 0.02120679 0.         0.        ]
  [0.         0.06561183 0.         ... 0.         0.         0.00604039]
  [0.03623891 0.         0.09816427 ... 0.01754569 0.         0.        ]]

 [[0.06111575 0.         0.12836508 ... 0.0547097  0.00096756 0.00568807]
  [0.         0.07456452 0.         ... 0.         0.04740706 0.01275373]
  [0.0168125  0.         0.0753911  ... 0.08262379 0.         0.04552356]
  ...
  [0.         0.08630942 0.         ... 0.         0.03406073 0.02498873]
  [0.06722951 0.         0.13384381 ... 0.04756577 0.0083819  0.        ]
  [0.         0.10430569 0.         ... 0.         0.02588959 0.03682018]]]","[[0. 0. 0. ... 0. 0. 0.]
 [0. 0. 0. ... 0. 0. 0.]
 [0. 0. 0. ... 0. 0. 0.]
 ...
 [0. 0. 0. ... 0. 0. 0.]
 [0. 0. 0. ... 0. 0. 0.]
 [0. 0. 0. ... 0. 0. 0.]]","[[0. 0. 0. ... 0. 0. 0.]
 [0. 0. 0. ... 0. 0. 0.]
 [0. 0. 0. ... 0. 0. 0.]
 ...
 [0. 0. 0. ... 0. 0. 0.]
 [0. 0. 0. ... 0. 0. 0.]
 [0. 0. 0. ... 0. 0. 0.]]"
0.8,0.03,6,100000.0,20,67.56658936959391,0.30415067920346633,0.5096549196857033,"[[[0.99634 1.00036 1.00084 ... 0.99954 0.99909 1.00071]
  [1.00251 1.00098 1.00401 ... 1.00324 1.0023  0.99612]
  [0.9975  0.99989 1.00321 ... 1.00388 0.99905 0.99687]
  ...
  [1.0047  1.00233 1.00125 ... 0.99917 0.99864 1.00161]
  [0.999   1.00618 1.00168 ... 0.99697 0.99763 1.00116]
  [1.00046 0.99718 1.00279 ... 1.0024  1.00065 0.99712]]

 [[0.99634 1.00036 1.00084 ... 0.99954 0.9991  1.00071]
  [1.00251 1.00098 1.00401 ... 1.00324 1.0023  0.99612]
  [0.9975  0.99989 1.00321 ... 1.00388 0.99905 0.99687]
  ...
  [1.0047  1.00233 1.00125 ... 0.99917 0.99864 1.00161]
  [0.999   1.00618 1.00327 ... 0.99697 0.99763 1.00116]
  [1.00046 0.99718 1.00279 ... 1.0024  1.00065 0.99712]]]","[[[0.         0.00895673 0.01122561 ... 0.11400514 0.         0.07875432]
  [0.06105609 0.         0.         ... 0.         0.11113783 0.        ]
  [0.         0.03589883 0.         ... 0.12201875 0.         0.09921328]
  ...
  [0.         0.01589987 0.         ... 0.         0.05376131 0.        ]
  [0.         0.         0.03586047 ... 0.09053903 0.         0.04703423]
  [0.03192847 0.         0.         ... 0.         0.08899112 0.        ]]

 [[0.08210217 0.         0.         ... 0.         0.14251821 0.        ]
  [0.         0.05457391 0.02599952 ... 0.16225751 0.         0.1308789 ]
  [0.11015603 0.         0.02247109 ... 0.         0.15923298 0.        ]
  ...
  [0.00928304 0.         0.08182161 ... 0.11174401 0.         0.05923339]
  [0.04588398 0.02754961 0.         ... 0.         0.11088486 0.        ]
  [0.         0.0238731  0.05419403 ... 0.14518333 0.         0.10105088]]]","[[0. 0. 0. ... 0. 0. 0.]
 [0. 0. 0. ... 0. 0. 0.]
 [0. 0. 0. ... 0. 0. 0.]
 ...
 [0. 0. 0. ... 0. 0. 0.]
 [0. 0. 0. ... 0. 0. 0.]
 [0. 0. 0. ... 0. 0. 0.]]","[[0. 0. 0. ... 0. 0. 0.]
 [0. 0. 0. ... 0. 0. 0.]
 [0. 0. 0. ... 0. 0. 0.]
 ...
 [0. 0. 0. ... 0. 0. 0.]
 [0. 0. 0. ... 0. 0. 0.]
 [0. 0. 0. ... 0. 0. 0.]]"
0.8,0.03,6,100000.0,30,116.60991256438734,0.2388128828690484,0.5172923767751385,"[[[0.99634 1.00036 1.00084 ... 0.99954 0.9991  1.00071]
  [1.00251 1.00098 1.00401 ... 1.00324 1.0023  0.99612]
  [0.9975  0.99989 1.00321 ... 1.00388 0.99905 0.99687]
  ...
  [1.0047  1.00233 1.00125 ... 0.99917 0.99864 1.00161]
  [0.999   1.00618 1.00327 ... 0.99697 0.99763 1.00116]
  [1.00046 0.99718 1.00279 ... 1.0024  1.00065 0.99712]]

 [[0.99634 1.00036 1.00084 ... 0.99954 0.9991  1.00071]
  [1.00251 1.00098 1.00401 ... 1.00324 1.0023  0.99612]
  [0.9975  0.99989 1.00321 ... 1.00388 0.99905 0.99687]
  ...
  [1.0047  1.00233 1.00125 ... 0.99917 0.99864 1.00161]
  [0.999   1.00618 1.00168 ... 0.99697 0.99763 1.00116]
  [1.00046 0.99718 1.00279 ... 1.0024  1.00065 0.99712]]]","[[[0.03696097 0.         0.01406728 ... 0.         0.03655634 0.        ]
  [0.         0.03225509 0.         ... 0.04420124 0.         0.04906099]
  [0.04982519 0.         0.01581285 ... 0.         0.06064158 0.        ]
  ...
  [0.         0.02709991 0.         ... 0.         0.         0.01710787]
  [0.02692477 0.         0.01738289 ... 0.         0.01192612 0.        ]
  [0.         0.02581287 0.         ... 0.01280341 0.         0.03038264]]

 [[0.         0.06029076 0.         ... 0.05977741 0.         0.07275546]
  [0.07673981 0.         0.04355434 ... 0.         0.08284273 0.        ]
  [0.         0.06828578 0.         ... 0.09182436 0.         0.09415065]
  ...
  [0.05536895 0.         0.05351848 ... 0.02266601 0.03165044 0.        ]
  [0.         0.05540174 0.         ... 0.02564716 0.         0.05322749]
  [0.06344306 0.         0.044518   ... 0.         0.05482551 0.        ]]]","[[0. 0. 0. ... 0. 0. 0.]
 [0. 0. 0. ... 0. 0. 0.]
 [0. 0. 0. ... 0. 0. 0.]
 ...
 [0. 0. 0. ... 0. 0. 0.]
 [0. 0. 0. ... 0. 0. 0.]
 [0. 0. 0. ... 0. 0. 0.]]","[[0. 0. 0. ... 0. 0. 0.]
 [0. 0. 0. ... 0. 0. 0.]
 [0. 0. 0. ... 0. 0. 0.]
 ...
 [0. 0. 0. ... 0. 0. 0.]
 [0. 0. 0. ... 0. 0. 0.]
 [0. 0. 0. ... 0. 0. 0.]]"
0.8,0.05,2,1000.0,10,197.40346021715703,0.16566868234942558,0.49270439380336223,"[[[0.963 1.004 1.008 ... 0.995 0.991 1.007]
  [1.025 1.01  1.04  ... 1.033 1.023 0.961]
  [0.975 0.999 1.032 ... 1.039 0.99  0.968]
  ...
  [1.047 1.023 1.012 ... 0.992 0.986 1.016]
  [0.99  1.062 1.017 ... 0.97  1.014 1.012]
  [1.005 0.972 1.028 ... 1.024 1.007 0.971]]

 [[0.963 1.004 1.008 ... 0.995 0.991 1.007]
  [1.025 1.01  1.04  ... 1.033 1.023 0.961]
  [0.975 0.999 1.032 ... 1.039 0.99  0.968]
  ...
  [1.047 1.023 1.012 ... 0.992 0.986 1.016]
  [0.99  1.062 1.017 ... 0.97  1.014 1.012]
  [1.005 0.972 1.028 ... 1.024 1.007 0.971]]]","[[[0.         0.         0.04195665 ... 0.06338256 0.         0.00761663]
  [0.         0.03884412 0.         ... 0.         0.03324684 0.        ]
  [0.02363937 0.         0.07447621 ... 0.05446189 0.         0.        ]
  ...
  [0.         0.06623402 0.         ... 0.         0.00314792 0.01490665]
  [0.01665434 0.         0.05453246 ... 0.05221376 0.         0.        ]
  [0.         0.02327598 0.         ... 0.         0.03384365 0.        ]]

 [[0.00693051 0.05565232 0.         ... 0.         0.06617655 0.        ]
  [0.03310897 0.         0.07708574 ... 0.08507865 0.         0.03116505]
  [0.         0.08669741 0.         ... 0.         0.0459793  0.0274728 ]
  ...
  [0.06527552 0.         0.10901111 ... 0.07437327 0.00128807 0.        ]
  [0.         0.05910455 0.         ... 0.         0.04728215 0.01315113]
  [0.03099381 0.         0.06715795 ... 0.09091752 0.         0.03346445]]]","[[0. 0. 0. ... 0. 0. 0.]
 [0. 0. 0. ... 0. 0. 0.]
 [0. 0. 0. ... 0. 0. 0.]
 ...
 [0. 0. 0. ... 0. 0. 0.]
 [0. 0. 0. ... 0. 0. 0.]
 [0. 0. 0. ... 0. 0. 0.]]","[[0. 0. 0. ... 0. 0. 0.]
 [0. 0. 0. ... 0. 0. 0.]
 [0. 0. 0. ... 0. 0. 0.]
 ...
 [0. 0. 0. ... 0. 0. 0.]
 [0. 0. 0. ... 0. 0. 0.]
 [0. 0. 0. ... 0. 0. 0.]]"
0.8,0.05,2,1000.0,20,62.36787415663126,0.3041506792034664,0.49384299205562354,"[[[0.963 1.004 1.008 ... 0.995 0.991 1.007]
  [1.025 1.01  1.04  ... 1.033 1.023 0.961]
  [0.975 0.999 1.032 ... 1.039 0.99  0.968]
  ...
  [1.047 1.023 1.012 ... 0.992 0.986 1.016]
  [0.99  1.062 1.017 ... 0.97  1.014 1.012]
  [1.005 0.972 1.028 ... 1.024 1.007 0.971]]

 [[0.963 1.004 1.008 ... 0.995 0.991 1.007]
  [1.025 1.01  1.04  ... 1.033 1.023 0.961]
  [0.975 0.999 1.032 ... 1.039 0.99  0.968]
  ...
  [1.047 1.023 1.012 ... 0.992 0.986 1.016]
  [0.99  1.062 1.017 ... 0.97  1.014 1.012]
  [1.005 0.972 1.028 ... 1.024 1.007 0.971]]]","[[[0.10167013 0.         0.26537954 ... 0.09742039 0.         0.        ]
  [0.         0.16413009 0.         ... 0.         0.03156194 0.01117539]
  [0.06025358 0.         0.18807965 ... 0.07196454 0.         0.        ]
  ...
  [0.         0.23682346 0.         ... 0.         0.05332809 0.03324422]
  [0.12782588 0.         0.31180686 ... 0.13178992 0.         0.        ]
  [0.         0.20638945 0.         ... 0.         0.04005042 0.02494816]]

 [[0.         0.2380526  0.         ... 0.         0.06354877 0.05158376]
  [0.11933108 0.         0.2750023  ... 0.11007891 0.         0.        ]
  [0.         0.16799541 0.         ... 0.         0.05657893 0.03781425]
  ...
  [0.17020482 0.         0.382566   ... 0.19716758 0.         0.        ]
  [0.         0.26645568 0.         ... 0.         0.07521289 0.05807929]
  [0.15987771 0.         0.34735032 ... 0.15136051 0.         0.        ]]]","[[0. 0. 0. ... 0. 0. 0.]
 [0. 0. 0. ... 0. 0. 0.]
 [0. 0. 0. ... 0. 0. 0.]
 ...
 [0. 0. 0. ... 0. 0. 0.]
 [0. 0. 0. ... 0. 0. 0.]
 [0. 0. 0. ... 0. 0. 0.]]","[[0. 0. 0. ... 0. 0. 0.]
 [0. 0. 0. ... 0. 0. 0.]
 [0. 0. 0. ... 0. 0. 0.]
 ...
 [0. 0. 0. ... 0. 0. 0.]
 [0. 0. 0. ... 0. 0. 0.]
 [0. 0. 0. ... 0. 0. 0.]]"
0.8,0.05,2,1000.0,30,106.52035278162215,0.23881288286904842,0.4931972081891209,"[[[0.963 1.004 1.008 ... 0.995 0.991 1.007]
  [1.025 1.01  1.04  ... 1.033 1.023 0.961]
  [0.975 0.999 1.032 ... 1.039 0.99  0.968]
  ...
  [1.047 1.023 1.012 ... 0.992 0.986 1.016]
  [0.99  1.062 1.017 ... 0.97  1.014 1.012]
  [1.005 0.972 1.028 ... 1.024 1.007 0.971]]

 [[0.963 1.004 1.008 ... 0.995 0.991 1.007]
  [1.025 1.01  1.04  ... 1.033 1.023 0.961]
  [0.975 0.999 1.032 ... 1.039 0.99  0.968]
  ...
  [1.047 1.023 1.012 ... 0.992 0.986 1.016]
  [0.99  1.062 1.017 ... 0.97  1.014 1.012]
  [1.005 0.972 1.028 ... 1.024 1.007 0.971]]]","[[[0.25254788 0.         0.3300636  ... 0.         0.14364305 0.        ]
  [0.         0.28187977 0.         ... 0.11308167 0.         0.19896751]
  [0.2229653  0.         0.25768778 ... 0.         0.16040263 0.        ]
  ...
  [0.         0.31169169 0.         ... 0.         0.         0.15623556]
  [0.25066758 0.         0.36627346 ... 0.         0.10031609 0.        ]
  [0.         0.30964623 0.         ... 0.0568907  0.         0.19102153]]

 [[0.         0.36123848 0.         ... 0.11827392 0.         0.25015082]
  [0.29470444 0.         0.34860818 ... 0.         0.19586063 0.        ]
  [0.         0.3018646  0.         ... 0.15541068 0.         0.24985105]
  ...
  [0.28172697 0.         0.43113992 ... 0.03456373 0.09754392 0.        ]
  [0.         0.36647519 0.         ... 0.0454165  0.         0.22083086]
  [0.31346825 0.         0.41336157 ... 0.         0.16232998 0.        ]]]","[[0. 0. 0. ... 0. 0. 0.]
 [0. 0. 0. ... 0. 0. 0.]
 [0. 0. 0. ... 0. 0. 0.]
 ...
 [0. 0. 0. ... 0. 0. 0.]
 [0. 0. 0. ... 0. 0. 0.]
 [0. 0. 0. ... 0. 0. 0.]]","[[0. 0. 0. ... 0. 0. 0.]
 [0. 0. 0. ... 0. 0. 0.]
 [0. 0. 0. ... 0. 0. 0.]
 ...
 [0. 0. 0. ... 0. 0. 0.]
 [0. 0. 0. ... 0. 0. 0.]
 [0. 0. 0. ... 0. 0. 0.]]"
0.8,0.05,2,10000.0,10,206.0663544076048,0.16566868234942558,0.5070560964620019,"[[[0.9884 1.0011 1.0026 ... 0.9985 0.9971 1.0023]
  [1.0079 1.0031 1.0127 ... 1.0103 1.0073 1.0034]
  [0.9921 0.9997 1.0102 ... 1.0123 0.997  0.9901]
  ...
  [1.0149 1.0074 1.0039 ... 0.9974 0.9957 1.0051]
  [0.9968 1.0195 1.0053 ... 0.9904 1.0046 1.0037]
  [1.0015 0.9911 1.0088 ... 1.0076 1.0021 0.9909]]

 [[0.9884 1.0011 1.0026 ... 0.9985 0.9971 1.0023]
  [1.0079 1.0031 1.0127 ... 1.0103 1.0073 1.0034]
  [0.9921 0.9997 1.0102 ... 1.0123 0.997  0.9901]
  ...
  [1.0149 1.0074 1.0039 ... 0.9974 0.9957 1.0051]
  [0.9968 1.0195 1.0053 ... 0.9904 1.0046 1.0037]
  [1.0015 0.9911 1.0088 ... 1.0076 1.0021 0.9909]]]","[[[0.00843437 0.         0.         ... 0.         0.02515996 0.        ]
  [0.         0.00533308 0.         ... 0.0342578  0.         0.03090437]
  [0.03201473 0.         0.0044175  ... 0.         0.04534462 0.        ]
  ...
  [0.         0.01184315 0.         ... 0.02472534 0.         0.03072809]
  [0.01142442 0.         0.         ... 0.         0.0250928  0.        ]
  [0.         0.         0.00588908 ... 0.02175226 0.         0.01665564]]

 [[0.         0.02302219 0.03151618 ... 0.05596815 0.         0.0515641 ]
  [0.04896963 0.         0.01179697 ... 0.         0.06568192 0.        ]
  [0.         0.05037967 0.00066804 ... 0.07472761 0.         0.07811561]
  ...
  [0.05191899 0.         0.02354488 ... 0.         0.06332984 0.        ]
  [0.         0.02318775 0.0257961  ... 0.05314408 0.         0.05158418]
  [0.03676245 0.01530803 0.         ... 0.         0.0530533  0.        ]]]","[[0. 0. 0. ... 0. 0. 0.]
 [0. 0. 0. ... 0. 0. 0.]
 [0. 0. 0. ... 0. 0. 0.]
 ...
 [0. 0. 0. ... 0. 0. 0.]
 [0. 0. 0. ... 0. 0. 0.]
 [0. 0. 0. ... 0. 0. 0.]]","[[0. 0. 0. ... 0. 0. 0.]
 [0. 0. 0. ... 0. 0. 0.]
 [0. 0. 0. ... 0. 0. 0.]
 ...
 [0. 0. 0. ... 0. 0. 0.]
 [0. 0. 0. ... 0. 0. 0.]
 [0. 0. 0. ... 0. 0. 0.]]"
0.8,0.05,2,10000.0,20,66.63904108737216,0.3041506792034664,0.5068337752853859,"[[[0.9884 1.0011 1.0026 ... 0.9985 0.9971 1.0023]
  [1.0079 1.0031 1.0127 ... 1.0103 1.0073 1.0034]
  [0.9921 0.9997 1.0102 ... 1.0123 0.997  0.9901]
  ...
  [1.0149 1.0074 1.0039 ... 0.9974 0.9957 1.0051]
  [0.9968 1.0195 1.0053 ... 0.9904 1.0046 1.0037]
  [1.0015 0.9911 1.0088 ... 1.0076 1.0021 0.9909]]

 [[0.9884 1.0011 1.0026 ... 0.9985 0.9971 1.0023]
  [1.0079 1.0031 1.0127 ... 1.0103 1.0073 1.0034]
  [0.9921 0.9997 1.0102 ... 1.0123 0.997  0.9901]
  ...
  [1.0149 1.0074 1.0039 ... 0.9974 0.9957 1.0051]
  [0.9968 1.0195 1.0053 ... 0.9904 1.0046 1.0037]
  [1.0015 0.9911 1.0088 ... 1.0076 1.0021 0.9909]]]","[[[0.00974761 0.         0.10217014 ... 0.0712514  0.         0.01013943]
  [0.         0.03788357 0.         ... 0.         0.06020288 0.        ]
  [0.         0.         0.06084105 ... 0.09271987 0.         0.04432511]
  ...
  [0.         0.09740418 0.         ... 0.         0.00818795 0.01233938]
  [0.04200513 0.         0.12758675 ... 0.0517464  0.         0.        ]
  [0.         0.07209912 0.         ... 0.         0.03250849 0.        ]]

 [[0.         0.09258618 0.         ... 0.         0.08003027 0.        ]
  [0.01876786 0.         0.11953163 ... 0.1172407  0.         0.05774222]
  [0.04042617 0.04369402 0.         ... 0.         0.11219239 0.        ]
  ...
  [0.08759291 0.         0.17770297 ... 0.07857547 0.         0.        ]
  [0.         0.12199976 0.         ... 0.         0.05002251 0.02723504]
  [0.06013512 0.         0.15767641 ... 0.09654611 0.         0.02366201]]]","[[0. 0. 0. ... 0. 0. 0.]
 [0. 0. 0. ... 0. 0. 0.]
 [0. 0. 0. ... 0. 0. 0.]
 ...
 [0. 0. 0. ... 0. 0. 0.]
 [0. 0. 0. ... 0. 0. 0.]
 [0. 0. 0. ... 0. 0. 0.]]","[[0. 0. 0. ... 0. 0. 0.]
 [0. 0. 0. ... 0. 0. 0.]
 [0. 0. 0. ... 0. 0. 0.]
 ...
 [0. 0. 0. ... 0. 0. 0.]
 [0. 0. 0. ... 0. 0. 0.]
 [0. 0. 0. ... 0. 0. 0.]]"
0.8,0.05,2,10000.0,30,113.44830617338252,0.23881288286904842,0.5097420534078079,"[[[0.9884 1.0011 1.0026 ... 0.9985 0.9971 1.0023]
  [1.0079 1.0031 1.0127 ... 1.0103 1.0073 1.0034]
  [0.9921 0.9997 1.0102 ... 1.0123 0.997  0.9901]
  ...
  [1.0149 1.0074 1.0039 ... 0.9974 0.9957 1.0051]
  [0.9968 1.0195 1.0053 ... 0.9904 1.0046 1.0037]
  [1.0015 0.9911 1.0088 ... 1.0076 1.0021 0.9909]]

 [[0.9884 1.0011 1.0026 ... 0.9985 0.9971 1.0023]
  [1.0079 1.0031 1.0127 ... 1.0103 1.0073 1.0034]
  [0.9921 0.9997 1.0102 ... 1.0123 0.997  0.9901]
  ...
  [1.0149 1.0074 1.0039 ... 0.9974 0.9957 1.0051]
  [0.9968 1.0195 1.0053 ... 0.9904 1.0046 1.0037]
  [1.0015 0.9911 1.0088 ... 1.0076 1.0021 0.9909]]]","[[[0.12558376 0.         0.12898333 ... 0.         0.0853463  0.        ]
  [0.         0.137023   0.         ... 0.07924574 0.         0.12559313]
  [0.13781854 0.         0.1217363  ... 0.         0.11714287 0.        ]
  ...
  [0.         0.11172618 0.         ... 0.         0.         0.05815418]
  [0.10208937 0.         0.12689871 ... 0.         0.04219664 0.        ]
  [0.         0.12630641 0.         ... 0.03008124 0.         0.09314088]]

 [[0.         0.17694435 0.         ... 0.08900788 0.         0.15138804]
  [0.17777304 0.         0.16684589 ... 0.         0.14315006 0.        ]
  [0.         0.17835102 0.         ... 0.13216665 0.         0.17839864]
  ...
  [0.12468702 0.         0.16443086 ... 0.03395054 0.04873193 0.        ]
  [0.         0.15809554 0.         ... 0.03071146 0.         0.11204349]
  [0.1570331  0.         0.17009984 ... 0.         0.09927304 0.        ]]]","[[0. 0. 0. ... 0. 0. 0.]
 [0. 0. 0. ... 0. 0. 0.]
 [0. 0. 0. ... 0. 0. 0.]
 ...
 [0. 0. 0. ... 0. 0. 0.]
 [0. 0. 0. ... 0. 0. 0.]
 [0. 0. 0. ... 0. 0. 0.]]","[[0. 0. 0. ... 0. 0. 0.]
 [0. 0. 0. ... 0. 0. 0.]
 [0. 0. 0. ... 0. 0. 0.]
 ...
 [0. 0. 0. ... 0. 0. 0.]
 [0. 0. 0. ... 0. 0. 0.]
 [0. 0. 0. ... 0. 0. 0.]]"
0.8,0.05,2,100000.0,10,204.67860170439045,0.16566868234942558,0.5047570248443182,"[[[0.99634 1.00036 1.00084 ... 0.99954 0.99909 1.00071]
  [1.00251 1.00098 1.00401 ... 1.00324 1.0023  0.99612]
  [0.9975  0.99989 1.00321 ... 1.00388 0.99905 0.99687]
  ...
  [1.0047  1.00233 1.00125 ... 0.99917 0.99864 1.00161]
  [0.999   1.00618 1.00168 ... 0.99697 0.99763 1.00116]
  [1.00046 0.99718 1.00279 ... 1.0024  1.00065 0.99712]]

 [[0.99634 1.00036 1.00084 ... 0.99954 0.99909 1.00071]
  [1.00251 1.00098 1.00401 ... 1.00324 1.0023  0.99612]
  [0.9975  0.99989 1.00321 ... 1.00388 0.99905 0.99687]
  ...
  [1.0047  1.00233 1.00125 ... 0.99917 0.99864 1.00161]
  [0.999   1.00618 1.00168 ... 0.99697 0.99763 1.00116]
  [1.00046 0.99718 1.00279 ... 1.0024  1.00065 0.99712]]]","[[[0.         0.05908908 0.         ... 0.         0.00414335 0.        ]
  [0.01266796 0.         0.0709229  ... 0.03485343 0.         0.        ]
  [0.         0.01522479 0.         ... 0.         0.03444194 0.        ]
  ...
  [0.0240601  0.         0.0797801  ... 0.02120679 0.         0.        ]
  [0.         0.06561183 0.         ... 0.         0.         0.00604039]
  [0.03623891 0.         0.09816427 ... 0.01754569 0.         0.        ]]

 [[0.06111575 0.         0.12836508 ... 0.0547097  0.00096756 0.00568807]
  [0.         0.07456452 0.         ... 0.         0.04740706 0.01275373]
  [0.0168125  0.         0.0753911  ... 0.08262379 0.         0.04552356]
  ...
  [0.         0.08630942 0.         ... 0.         0.03406073 0.02498873]
  [0.06722951 0.         0.13384381 ... 0.04756577 0.0083819  0.        ]
  [0.         0.10430569 0.         ... 0.         0.02588959 0.03682018]]]","[[0. 0. 0. ... 0. 0. 0.]
 [0. 0. 0. ... 0. 0. 0.]
 [0. 0. 0. ... 0. 0. 0.]
 ...
 [0. 0. 0. ... 0. 0. 0.]
 [0. 0. 0. ... 0. 0. 0.]
 [0. 0. 0. ... 0. 0. 0.]]","[[0. 0. 0. ... 0. 0. 0.]
 [0. 0. 0. ... 0. 0. 0.]
 [0. 0. 0. ... 0. 0. 0.]
 ...
 [0. 0. 0. ... 0. 0. 0.]
 [0. 0. 0. ... 0. 0. 0.]
 [0. 0. 0. ... 0. 0. 0.]]"
0.8,0.05,2,100000.0,20,67.56658936959388,0.3041506792034664,0.5096549196857033,"[[[0.99634 1.00036 1.00084 ... 0.99954 0.99909 1.00071]
  [1.00251 1.00098 1.00401 ... 1.00324 1.0023  0.99612]
  [0.9975  0.99989 1.00321 ... 1.00388 0.99905 0.99687]
  ...
  [1.0047  1.00233 1.00125 ... 0.99917 0.99864 1.00161]
  [0.999   1.00618 1.00168 ... 0.99697 0.99763 1.00116]
  [1.00046 0.99718 1.00279 ... 1.0024  1.00065 0.99712]]

 [[0.99634 1.00036 1.00084 ... 0.99954 0.9991  1.00071]
  [1.00251 1.00098 1.00401 ... 1.00324 1.0023  0.99612]
  [0.9975  0.99989 1.00321 ... 1.00388 0.99905 0.99687]
  ...
  [1.0047  1.00233 1.00125 ... 0.99917 0.99864 1.00161]
  [0.999   1.00618 1.00327 ... 0.99697 0.99763 1.00116]
  [1.00046 0.99718 1.00279 ... 1.0024  1.00065 0.99712]]]","[[[0.         0.00895673 0.01122561 ... 0.11400514 0.         0.07875432]
  [0.06105609 0.         0.         ... 0.         0.11113783 0.        ]
  [0.         0.03589883 0.         ... 0.12201875 0.         0.09921328]
  ...
  [0.         0.01589987 0.         ... 0.         0.05376131 0.        ]
  [0.         0.         0.03586047 ... 0.09053903 0.         0.04703423]
  [0.03192847 0.         0.         ... 0.         0.08899112 0.        ]]

 [[0.08210217 0.         0.         ... 0.         0.14251821 0.        ]
  [0.         0.05457391 0.02599952 ... 0.16225751 0.         0.1308789 ]
  [0.11015603 0.         0.02247109 ... 0.         0.15923298 0.        ]
  ...
  [0.00928304 0.         0.08182161 ... 0.11174401 0.         0.05923339]
  [0.04588398 0.02754961 0.         ... 0.         0.11088486 0.        ]
  [0.         0.0238731  0.05419403 ... 0.14518333 0.         0.10105088]]]","[[0. 0. 0. ... 0. 0. 0.]
 [0. 0. 0. ... 0. 0. 0.]
 [0. 0. 0. ... 0. 0. 0.]
 ...
 [0. 0. 0. ... 0. 0. 0.]
 [0. 0. 0. ... 0. 0. 0.]
 [0. 0. 0. ... 0. 0. 0.]]","[[0. 0. 0. ... 0. 0. 0.]
 [0. 0. 0. ... 0. 0. 0.]
 [0. 0. 0. ... 0. 0. 0.]
 ...
 [0. 0. 0. ... 0. 0. 0.]
 [0. 0. 0. ... 0. 0. 0.]
 [0. 0. 0. ... 0. 0. 0.]]"
0.8,0.05,2,100000.0,30,116.60991256438732,0.23881288286904842,0.5172923767751385,"[[[0.99634 1.00036 1.00084 ... 0.99954 0.9991  1.00071]
  [1.00251 1.00098 1.00401 ... 1.00324 1.0023  0.99612]
  [0.9975  0.99989 1.00321 ... 1.00388 0.99905 0.99687]
  ...
  [1.0047  1.00233 1.00125 ... 0.99917 0.99864 1.00161]
  [0.999   1.00618 1.00327 ... 0.99697 0.99763 1.00116]
  [1.00046 0.99718 1.00279 ... 1.0024  1.00065 0.99712]]

 [[0.99634 1.00036 1.00084 ... 0.99954 0.9991  1.00071]
  [1.00251 1.00098 1.00401 ... 1.00324 1.0023  0.99612]
  [0.9975  0.99989 1.00321 ... 1.00388 0.99905 0.99687]
  ...
  [1.0047  1.00233 1.00125 ... 0.99917 0.99864 1.00161]
  [0.999   1.00618 1.00168 ... 0.99697 0.99763 1.00116]
  [1.00046 0.99718 1.00279 ... 1.0024  1.00065 0.99712]]]","[[[0.03696097 0.         0.01406728 ... 0.         0.03655634 0.        ]
  [0.         0.03225509 0.         ... 0.04420124 0.         0.04906099]
  [0.04982519 0.         0.01581285 ... 0.         0.06064158 0.        ]
  ...
  [0.         0.02709991 0.         ... 0.         0.         0.01710787]
  [0.02692477 0.         0.01738289 ... 0.         0.01192612 0.        ]
  [0.         0.02581287 0.         ... 0.01280341 0.         0.03038264]]

 [[0.         0.06029076 0.         ... 0.05977741 0.         0.07275546]
  [0.07673981 0.         0.04355434 ... 0.         0.08284273 0.        ]
  [0.         0.06828578 0.         ... 0.09182436 0.         0.09415065]
  ...
  [0.05536895 0.         0.05351848 ... 0.02266601 0.03165044 0.        ]
  [0.         0.05540174 0.         ... 0.02564716 0.         0.05322749]
  [0.06344306 0.         0.044518   ... 0.         0.05482551 0.        ]]]","[[0. 0. 0. ... 0. 0. 0.]
 [0. 0. 0. ... 0. 0. 0.]
 [0. 0. 0. ... 0. 0. 0.]
 ...
 [0. 0. 0. ... 0. 0. 0.]
 [0. 0. 0. ... 0. 0. 0.]
 [0. 0. 0. ... 0. 0. 0.]]","[[0. 0. 0. ... 0. 0. 0.]
 [0. 0. 0. ... 0. 0. 0.]
 [0. 0. 0. ... 0. 0. 0.]
 ...
 [0. 0. 0. ... 0. 0. 0.]
 [0. 0. 0. ... 0. 0. 0.]
 [0. 0. 0. ... 0. 0. 0.]]"
0.8,0.05,4,1000.0,10,197.40346021715703,0.16566868234942558,0.49270439380336223,"[[[0.963 1.004 1.008 ... 0.995 0.991 1.007]
  [1.025 1.01  1.04  ... 1.033 1.023 0.961]
  [0.975 0.999 1.032 ... 1.039 0.99  0.968]
  ...
  [1.047 1.023 1.012 ... 0.992 0.986 1.016]
  [0.99  1.062 1.017 ... 0.97  1.014 1.012]
  [1.005 0.972 1.028 ... 1.024 1.007 0.971]]

 [[0.963 1.004 1.008 ... 0.995 0.991 1.007]
  [1.025 1.01  1.04  ... 1.033 1.023 0.961]
  [0.975 0.999 1.032 ... 1.039 0.99  0.968]
  ...
  [1.047 1.023 1.012 ... 0.992 0.986 1.016]
  [0.99  1.062 1.017 ... 0.97  1.014 1.012]
  [1.005 0.972 1.028 ... 1.024 1.007 0.971]]]","[[[0.         0.         0.04195665 ... 0.06338256 0.         0.00761663]
  [0.         0.03884412 0.         ... 0.         0.03324684 0.        ]
  [0.02363937 0.         0.07447621 ... 0.05446189 0.         0.        ]
  ...
  [0.         0.06623402 0.         ... 0.         0.00314792 0.01490665]
  [0.01665434 0.         0.05453246 ... 0.05221376 0.         0.        ]
  [0.         0.02327598 0.         ... 0.         0.03384365 0.        ]]

 [[0.00693051 0.05565232 0.         ... 0.         0.06617655 0.        ]
  [0.03310897 0.         0.07708574 ... 0.08507865 0.         0.03116505]
  [0.         0.08669741 0.         ... 0.         0.0459793  0.0274728 ]
  ...
  [0.06527552 0.         0.10901111 ... 0.07437327 0.00128807 0.        ]
  [0.         0.05910455 0.         ... 0.         0.04728215 0.01315113]
  [0.03099381 0.         0.06715795 ... 0.09091752 0.         0.03346445]]]","[[0. 0. 0. ... 0. 0. 0.]
 [0. 0. 0. ... 0. 0. 0.]
 [0. 0. 0. ... 0. 0. 0.]
 ...
 [0. 0. 0. ... 0. 0. 0.]
 [0. 0. 0. ... 0. 0. 0.]
 [0. 0. 0. ... 0. 0. 0.]]","[[0. 0. 0. ... 0. 0. 0.]
 [0. 0. 0. ... 0. 0. 0.]
 [0. 0. 0. ... 0. 0. 0.]
 ...
 [0. 0. 0. ... 0. 0. 0.]
 [0. 0. 0. ... 0. 0. 0.]
 [0. 0. 0. ... 0. 0. 0.]]"
0.8,0.05,4,1000.0,20,62.36787415663126,0.3041506792034664,0.49384299205562354,"[[[0.963 1.004 1.008 ... 0.995 0.991 1.007]
  [1.025 1.01  1.04  ... 1.033 1.023 0.961]
  [0.975 0.999 1.032 ... 1.039 0.99  0.968]
  ...
  [1.047 1.023 1.012 ... 0.992 0.986 1.016]
  [0.99  1.062 1.017 ... 0.97  1.014 1.012]
  [1.005 0.972 1.028 ... 1.024 1.007 0.971]]

 [[0.963 1.004 1.008 ... 0.995 0.991 1.007]
  [1.025 1.01  1.04  ... 1.033 1.023 0.961]
  [0.975 0.999 1.032 ... 1.039 0.99  0.968]
  ...
  [1.047 1.023 1.012 ... 0.992 0.986 1.016]
  [0.99  1.062 1.017 ... 0.97  1.014 1.012]
  [1.005 0.972 1.028 ... 1.024 1.007 0.971]]]","[[[0.10167013 0.         0.26537954 ... 0.09742039 0.         0.        ]
  [0.         0.16413009 0.         ... 0.         0.03156194 0.01117539]
  [0.06025358 0.         0.18807965 ... 0.07196454 0.         0.        ]
  ...
  [0.         0.23682346 0.         ... 0.         0.05332809 0.03324422]
  [0.12782588 0.         0.31180686 ... 0.13178992 0.         0.        ]
  [0.         0.20638945 0.         ... 0.         0.04005042 0.02494816]]

 [[0.         0.2380526  0.         ... 0.         0.06354877 0.05158376]
  [0.11933108 0.         0.2750023  ... 0.11007891 0.         0.        ]
  [0.         0.16799541 0.         ... 0.         0.05657893 0.03781425]
  ...
  [0.17020482 0.         0.382566   ... 0.19716758 0.         0.        ]
  [0.         0.26645568 0.         ... 0.         0.07521289 0.05807929]
  [0.15987771 0.         0.34735032 ... 0.15136051 0.         0.        ]]]","[[0. 0. 0. ... 0. 0. 0.]
 [0. 0. 0. ... 0. 0. 0.]
 [0. 0. 0. ... 0. 0. 0.]
 ...
 [0. 0. 0. ... 0. 0. 0.]
 [0. 0. 0. ... 0. 0. 0.]
 [0. 0. 0. ... 0. 0. 0.]]","[[0. 0. 0. ... 0. 0. 0.]
 [0. 0. 0. ... 0. 0. 0.]
 [0. 0. 0. ... 0. 0. 0.]
 ...
 [0. 0. 0. ... 0. 0. 0.]
 [0. 0. 0. ... 0. 0. 0.]
 [0. 0. 0. ... 0. 0. 0.]]"
0.8,0.05,4,1000.0,30,106.52035278162215,0.23881288286904842,0.4931972081891209,"[[[0.963 1.004 1.008 ... 0.995 0.991 1.007]
  [1.025 1.01  1.04  ... 1.033 1.023 0.961]
  [0.975 0.999 1.032 ... 1.039 0.99  0.968]
  ...
  [1.047 1.023 1.012 ... 0.992 0.986 1.016]
  [0.99  1.062 1.017 ... 0.97  1.014 1.012]
  [1.005 0.972 1.028 ... 1.024 1.007 0.971]]

 [[0.963 1.004 1.008 ... 0.995 0.991 1.007]
  [1.025 1.01  1.04  ... 1.033 1.023 0.961]
  [0.975 0.999 1.032 ... 1.039 0.99  0.968]
  ...
  [1.047 1.023 1.012 ... 0.992 0.986 1.016]
  [0.99  1.062 1.017 ... 0.97  1.014 1.012]
  [1.005 0.972 1.028 ... 1.024 1.007 0.971]]]","[[[0.25254788 0.         0.3300636  ... 0.         0.14364305 0.        ]
  [0.         0.28187977 0.         ... 0.11308167 0.         0.19896751]
  [0.2229653  0.         0.25768778 ... 0.         0.16040263 0.        ]
  ...
  [0.         0.31169169 0.         ... 0.         0.         0.15623556]
  [0.25066758 0.         0.36627346 ... 0.         0.10031609 0.        ]
  [0.         0.30964623 0.         ... 0.0568907  0.         0.19102153]]

 [[0.         0.36123848 0.         ... 0.11827392 0.         0.25015082]
  [0.29470444 0.         0.34860818 ... 0.         0.19586063 0.        ]
  [0.         0.3018646  0.         ... 0.15541068 0.         0.24985105]
  ...
  [0.28172697 0.         0.43113992 ... 0.03456373 0.09754392 0.        ]
  [0.         0.36647519 0.         ... 0.0454165  0.         0.22083086]
  [0.31346825 0.         0.41336157 ... 0.         0.16232998 0.        ]]]","[[0. 0. 0. ... 0. 0. 0.]
 [0. 0. 0. ... 0. 0. 0.]
 [0. 0. 0. ... 0. 0. 0.]
 ...
 [0. 0. 0. ... 0. 0. 0.]
 [0. 0. 0. ... 0. 0. 0.]
 [0. 0. 0. ... 0. 0. 0.]]","[[0. 0. 0. ... 0. 0. 0.]
 [0. 0. 0. ... 0. 0. 0.]
 [0. 0. 0. ... 0. 0. 0.]
 ...
 [0. 0. 0. ... 0. 0. 0.]
 [0. 0. 0. ... 0. 0. 0.]
 [0. 0. 0. ... 0. 0. 0.]]"
0.8,0.05,4,10000.0,10,206.0663544076048,0.16566868234942558,0.5070560964620019,"[[[0.9884 1.0011 1.0026 ... 0.9985 0.9971 1.0023]
  [1.0079 1.0031 1.0127 ... 1.0103 1.0073 1.0034]
  [0.9921 0.9997 1.0102 ... 1.0123 0.997  0.9901]
  ...
  [1.0149 1.0074 1.0039 ... 0.9974 0.9957 1.0051]
  [0.9968 1.0195 1.0053 ... 0.9904 1.0046 1.0037]
  [1.0015 0.9911 1.0088 ... 1.0076 1.0021 0.9909]]

 [[0.9884 1.0011 1.0026 ... 0.9985 0.9971 1.0023]
  [1.0079 1.0031 1.0127 ... 1.0103 1.0073 1.0034]
  [0.9921 0.9997 1.0102 ... 1.0123 0.997  0.9901]
  ...
  [1.0149 1.0074 1.0039 ... 0.9974 0.9957 1.0051]
  [0.9968 1.0195 1.0053 ... 0.9904 1.0046 1.0037]
  [1.0015 0.9911 1.0088 ... 1.0076 1.0021 0.9909]]]","[[[0.00843437 0.         0.         ... 0.         0.02515996 0.        ]
  [0.         0.00533308 0.         ... 0.0342578  0.         0.03090437]
  [0.03201473 0.         0.0044175  ... 0.         0.04534462 0.        ]
  ...
  [0.         0.01184315 0.         ... 0.02472534 0.         0.03072809]
  [0.01142442 0.         0.         ... 0.         0.0250928  0.        ]
  [0.         0.         0.00588908 ... 0.02175226 0.         0.01665564]]

 [[0.         0.02302219 0.03151618 ... 0.05596815 0.         0.0515641 ]
  [0.04896963 0.         0.01179697 ... 0.         0.06568192 0.        ]
  [0.         0.05037967 0.00066804 ... 0.07472761 0.         0.07811561]
  ...
  [0.05191899 0.         0.02354488 ... 0.         0.06332984 0.        ]
  [0.         0.02318775 0.0257961  ... 0.05314408 0.         0.05158418]
  [0.03676245 0.01530803 0.         ... 0.         0.0530533  0.        ]]]","[[0. 0. 0. ... 0. 0. 0.]
 [0. 0. 0. ... 0. 0. 0.]
 [0. 0. 0. ... 0. 0. 0.]
 ...
 [0. 0. 0. ... 0. 0. 0.]
 [0. 0. 0. ... 0. 0. 0.]
 [0. 0. 0. ... 0. 0. 0.]]","[[0. 0. 0. ... 0. 0. 0.]
 [0. 0. 0. ... 0. 0. 0.]
 [0. 0. 0. ... 0. 0. 0.]
 ...
 [0. 0. 0. ... 0. 0. 0.]
 [0. 0. 0. ... 0. 0. 0.]
 [0. 0. 0. ... 0. 0. 0.]]"
0.8,0.05,4,10000.0,20,66.63904108737216,0.3041506792034664,0.5068337752853859,"[[[0.9884 1.0011 1.0026 ... 0.9985 0.9971 1.0023]
  [1.0079 1.0031 1.0127 ... 1.0103 1.0073 1.0034]
  [0.9921 0.9997 1.0102 ... 1.0123 0.997  0.9901]
  ...
  [1.0149 1.0074 1.0039 ... 0.9974 0.9957 1.0051]
  [0.9968 1.0195 1.0053 ... 0.9904 1.0046 1.0037]
  [1.0015 0.9911 1.0088 ... 1.0076 1.0021 0.9909]]

 [[0.9884 1.0011 1.0026 ... 0.9985 0.9971 1.0023]
  [1.0079 1.0031 1.0127 ... 1.0103 1.0073 1.0034]
  [0.9921 0.9997 1.0102 ... 1.0123 0.997  0.9901]
  ...
  [1.0149 1.0074 1.0039 ... 0.9974 0.9957 1.0051]
  [0.9968 1.0195 1.0053 ... 0.9904 1.0046 1.0037]
  [1.0015 0.9911 1.0088 ... 1.0076 1.0021 0.9909]]]","[[[0.00974761 0.         0.10217014 ... 0.0712514  0.         0.01013943]
  [0.         0.03788357 0.         ... 0.         0.06020288 0.        ]
  [0.         0.         0.06084105 ... 0.09271987 0.         0.04432511]
  ...
  [0.         0.09740418 0.         ... 0.         0.00818795 0.01233938]
  [0.04200513 0.         0.12758675 ... 0.0517464  0.         0.        ]
  [0.         0.07209912 0.         ... 0.         0.03250849 0.        ]]

 [[0.         0.09258618 0.         ... 0.         0.08003027 0.        ]
  [0.01876786 0.         0.11953163 ... 0.1172407  0.         0.05774222]
  [0.04042617 0.04369402 0.         ... 0.         0.11219239 0.        ]
  ...
  [0.08759291 0.         0.17770297 ... 0.07857547 0.         0.        ]
  [0.         0.12199976 0.         ... 0.         0.05002251 0.02723504]
  [0.06013512 0.         0.15767641 ... 0.09654611 0.         0.02366201]]]","[[0. 0. 0. ... 0. 0. 0.]
 [0. 0. 0. ... 0. 0. 0.]
 [0. 0. 0. ... 0. 0. 0.]
 ...
 [0. 0. 0. ... 0. 0. 0.]
 [0. 0. 0. ... 0. 0. 0.]
 [0. 0. 0. ... 0. 0. 0.]]","[[0. 0. 0. ... 0. 0. 0.]
 [0. 0. 0. ... 0. 0. 0.]
 [0. 0. 0. ... 0. 0. 0.]
 ...
 [0. 0. 0. ... 0. 0. 0.]
 [0. 0. 0. ... 0. 0. 0.]
 [0. 0. 0. ... 0. 0. 0.]]"
0.8,0.05,4,10000.0,30,113.44830617338252,0.23881288286904842,0.5097420534078079,"[[[0.9884 1.0011 1.0026 ... 0.9985 0.9971 1.0023]
  [1.0079 1.0031 1.0127 ... 1.0103 1.0073 1.0034]
  [0.9921 0.9997 1.0102 ... 1.0123 0.997  0.9901]
  ...
  [1.0149 1.0074 1.0039 ... 0.9974 0.9957 1.0051]
  [0.9968 1.0195 1.0053 ... 0.9904 1.0046 1.0037]
  [1.0015 0.9911 1.0088 ... 1.0076 1.0021 0.9909]]

 [[0.9884 1.0011 1.0026 ... 0.9985 0.9971 1.0023]
  [1.0079 1.0031 1.0127 ... 1.0103 1.0073 1.0034]
  [0.9921 0.9997 1.0102 ... 1.0123 0.997  0.9901]
  ...
  [1.0149 1.0074 1.0039 ... 0.9974 0.9957 1.0051]
  [0.9968 1.0195 1.0053 ... 0.9904 1.0046 1.0037]
  [1.0015 0.9911 1.0088 ... 1.0076 1.0021 0.9909]]]","[[[0.12558376 0.         0.12898333 ... 0.         0.0853463  0.        ]
  [0.         0.137023   0.         ... 0.07924574 0.         0.12559313]
  [0.13781854 0.         0.1217363  ... 0.         0.11714287 0.        ]
  ...
  [0.         0.11172618 0.         ... 0.         0.         0.05815418]
  [0.10208937 0.         0.12689871 ... 0.         0.04219664 0.        ]
  [0.         0.12630641 0.         ... 0.03008124 0.         0.09314088]]

 [[0.         0.17694435 0.         ... 0.08900788 0.         0.15138804]
  [0.17777304 0.         0.16684589 ... 0.         0.14315006 0.        ]
  [0.         0.17835102 0.         ... 0.13216665 0.         0.17839864]
  ...
  [0.12468702 0.         0.16443086 ... 0.03395054 0.04873193 0.        ]
  [0.         0.15809554 0.         ... 0.03071146 0.         0.11204349]
  [0.1570331  0.         0.17009984 ... 0.         0.09927304 0.        ]]]","[[0. 0. 0. ... 0. 0. 0.]
 [0. 0. 0. ... 0. 0. 0.]
 [0. 0. 0. ... 0. 0. 0.]
 ...
 [0. 0. 0. ... 0. 0. 0.]
 [0. 0. 0. ... 0. 0. 0.]
 [0. 0. 0. ... 0. 0. 0.]]","[[0. 0. 0. ... 0. 0. 0.]
 [0. 0. 0. ... 0. 0. 0.]
 [0. 0. 0. ... 0. 0. 0.]
 ...
 [0. 0. 0. ... 0. 0. 0.]
 [0. 0. 0. ... 0. 0. 0.]
 [0. 0. 0. ... 0. 0. 0.]]"
0.8,0.05,4,100000.0,10,204.67860170439045,0.16566868234942558,0.5047570248443182,"[[[0.99634 1.00036 1.00084 ... 0.99954 0.99909 1.00071]
  [1.00251 1.00098 1.00401 ... 1.00324 1.0023  0.99612]
  [0.9975  0.99989 1.00321 ... 1.00388 0.99905 0.99687]
  ...
  [1.0047  1.00233 1.00125 ... 0.99917 0.99864 1.00161]
  [0.999   1.00618 1.00168 ... 0.99697 0.99763 1.00116]
  [1.00046 0.99718 1.00279 ... 1.0024  1.00065 0.99712]]

 [[0.99634 1.00036 1.00084 ... 0.99954 0.99909 1.00071]
  [1.00251 1.00098 1.00401 ... 1.00324 1.0023  0.99612]
  [0.9975  0.99989 1.00321 ... 1.00388 0.99905 0.99687]
  ...
  [1.0047  1.00233 1.00125 ... 0.99917 0.99864 1.00161]
  [0.999   1.00618 1.00168 ... 0.99697 0.99763 1.00116]
  [1.00046 0.99718 1.00279 ... 1.0024  1.00065 0.99712]]]","[[[0.         0.05908908 0.         ... 0.         0.00414335 0.        ]
  [0.01266796 0.         0.0709229  ... 0.03485343 0.         0.        ]
  [0.         0.01522479 0.         ... 0.         0.03444194 0.        ]
  ...
  [0.0240601  0.         0.0797801  ... 0.02120679 0.         0.        ]
  [0.         0.06561183 0.         ... 0.         0.         0.00604039]
  [0.03623891 0.         0.09816427 ... 0.01754569 0.         0.        ]]

 [[0.06111575 0.         0.12836508 ... 0.0547097  0.00096756 0.00568807]
  [0.         0.07456452 0.         ... 0.         0.04740706 0.01275373]
  [0.0168125  0.         0.0753911  ... 0.08262379 0.         0.04552356]
  ...
  [0.         0.08630942 0.         ... 0.         0.03406073 0.02498873]
  [0.06722951 0.         0.13384381 ... 0.04756577 0.0083819  0.        ]
  [0.         0.10430569 0.         ... 0.         0.02588959 0.03682018]]]","[[0. 0. 0. ... 0. 0. 0.]
 [0. 0. 0. ... 0. 0. 0.]
 [0. 0. 0. ... 0. 0. 0.]
 ...
 [0. 0. 0. ... 0. 0. 0.]
 [0. 0. 0. ... 0. 0. 0.]
 [0. 0. 0. ... 0. 0. 0.]]","[[0. 0. 0. ... 0. 0. 0.]
 [0. 0. 0. ... 0. 0. 0.]
 [0. 0. 0. ... 0. 0. 0.]
 ...
 [0. 0. 0. ... 0. 0. 0.]
 [0. 0. 0. ... 0. 0. 0.]
 [0. 0. 0. ... 0. 0. 0.]]"
0.8,0.05,4,100000.0,20,67.56658936959388,0.3041506792034664,0.5096549196857033,"[[[0.99634 1.00036 1.00084 ... 0.99954 0.99909 1.00071]
  [1.00251 1.00098 1.00401 ... 1.00324 1.0023  0.99612]
  [0.9975  0.99989 1.00321 ... 1.00388 0.99905 0.99687]
  ...
  [1.0047  1.00233 1.00125 ... 0.99917 0.99864 1.00161]
  [0.999   1.00618 1.00168 ... 0.99697 0.99763 1.00116]
  [1.00046 0.99718 1.00279 ... 1.0024  1.00065 0.99712]]

 [[0.99634 1.00036 1.00084 ... 0.99954 0.9991  1.00071]
  [1.00251 1.00098 1.00401 ... 1.00324 1.0023  0.99612]
  [0.9975  0.99989 1.00321 ... 1.00388 0.99905 0.99687]
  ...
  [1.0047  1.00233 1.00125 ... 0.99917 0.99864 1.00161]
  [0.999   1.00618 1.00327 ... 0.99697 0.99763 1.00116]
  [1.00046 0.99718 1.00279 ... 1.0024  1.00065 0.99712]]]","[[[0.         0.00895673 0.01122561 ... 0.11400514 0.         0.07875432]
  [0.06105609 0.         0.         ... 0.         0.11113783 0.        ]
  [0.         0.03589883 0.         ... 0.12201875 0.         0.09921328]
  ...
  [0.         0.01589987 0.         ... 0.         0.05376131 0.        ]
  [0.         0.         0.03586047 ... 0.09053903 0.         0.04703423]
  [0.03192847 0.         0.         ... 0.         0.08899112 0.        ]]

 [[0.08210217 0.         0.         ... 0.         0.14251821 0.        ]
  [0.         0.05457391 0.02599952 ... 0.16225751 0.         0.1308789 ]
  [0.11015603 0.         0.02247109 ... 0.         0.15923298 0.        ]
  ...
  [0.00928304 0.         0.08182161 ... 0.11174401 0.         0.05923339]
  [0.04588398 0.02754961 0.         ... 0.         0.11088486 0.        ]
  [0.         0.0238731  0.05419403 ... 0.14518333 0.         0.10105088]]]","[[0. 0. 0. ... 0. 0. 0.]
 [0. 0. 0. ... 0. 0. 0.]
 [0. 0. 0. ... 0. 0. 0.]
 ...
 [0. 0. 0. ... 0. 0. 0.]
 [0. 0. 0. ... 0. 0. 0.]
 [0. 0. 0. ... 0. 0. 0.]]","[[0. 0. 0. ... 0. 0. 0.]
 [0. 0. 0. ... 0. 0. 0.]
 [0. 0. 0. ... 0. 0. 0.]
 ...
 [0. 0. 0. ... 0. 0. 0.]
 [0. 0. 0. ... 0. 0. 0.]
 [0. 0. 0. ... 0. 0. 0.]]"
0.8,0.05,4,100000.0,30,116.60991256438732,0.23881288286904842,0.5172923767751385,"[[[0.99634 1.00036 1.00084 ... 0.99954 0.9991  1.00071]
  [1.00251 1.00098 1.00401 ... 1.00324 1.0023  0.99612]
  [0.9975  0.99989 1.00321 ... 1.00388 0.99905 0.99687]
  ...
  [1.0047  1.00233 1.00125 ... 0.99917 0.99864 1.00161]
  [0.999   1.00618 1.00327 ... 0.99697 0.99763 1.00116]
  [1.00046 0.99718 1.00279 ... 1.0024  1.00065 0.99712]]

 [[0.99634 1.00036 1.00084 ... 0.99954 0.9991  1.00071]
  [1.00251 1.00098 1.00401 ... 1.00324 1.0023  0.99612]
  [0.9975  0.99989 1.00321 ... 1.00388 0.99905 0.99687]
  ...
  [1.0047  1.00233 1.00125 ... 0.99917 0.99864 1.00161]
  [0.999   1.00618 1.00168 ... 0.99697 0.99763 1.00116]
  [1.00046 0.99718 1.00279 ... 1.0024  1.00065 0.99712]]]","[[[0.03696097 0.         0.01406728 ... 0.         0.03655634 0.        ]
  [0.         0.03225509 0.         ... 0.04420124 0.         0.04906099]
  [0.04982519 0.         0.01581285 ... 0.         0.06064158 0.        ]
  ...
  [0.         0.02709991 0.         ... 0.         0.         0.01710787]
  [0.02692477 0.         0.01738289 ... 0.         0.01192612 0.        ]
  [0.         0.02581287 0.         ... 0.01280341 0.         0.03038264]]

 [[0.         0.06029076 0.         ... 0.05977741 0.         0.07275546]
  [0.07673981 0.         0.04355434 ... 0.         0.08284273 0.        ]
  [0.         0.06828578 0.         ... 0.09182436 0.         0.09415065]
  ...
  [0.05536895 0.         0.05351848 ... 0.02266601 0.03165044 0.        ]
  [0.         0.05540174 0.         ... 0.02564716 0.         0.05322749]
  [0.06344306 0.         0.044518   ... 0.         0.05482551 0.        ]]]","[[0. 0. 0. ... 0. 0. 0.]
 [0. 0. 0. ... 0. 0. 0.]
 [0. 0. 0. ... 0. 0. 0.]
 ...
 [0. 0. 0. ... 0. 0. 0.]
 [0. 0. 0. ... 0. 0. 0.]
 [0. 0. 0. ... 0. 0. 0.]]","[[0. 0. 0. ... 0. 0. 0.]
 [0. 0. 0. ... 0. 0. 0.]
 [0. 0. 0. ... 0. 0. 0.]
 ...
 [0. 0. 0. ... 0. 0. 0.]
 [0. 0. 0. ... 0. 0. 0.]
 [0. 0. 0. ... 0. 0. 0.]]"
0.8,0.05,6,1000.0,10,197.40346021715703,0.16566868234942558,0.49270439380336223,"[[[0.963 1.004 1.008 ... 0.995 0.991 1.007]
  [1.025 1.01  1.04  ... 1.033 1.023 0.961]
  [0.975 0.999 1.032 ... 1.039 0.99  0.968]
  ...
  [1.047 1.023 1.012 ... 0.992 0.986 1.016]
  [0.99  1.062 1.017 ... 0.97  1.014 1.012]
  [1.005 0.972 1.028 ... 1.024 1.007 0.971]]

 [[0.963 1.004 1.008 ... 0.995 0.991 1.007]
  [1.025 1.01  1.04  ... 1.033 1.023 0.961]
  [0.975 0.999 1.032 ... 1.039 0.99  0.968]
  ...
  [1.047 1.023 1.012 ... 0.992 0.986 1.016]
  [0.99  1.062 1.017 ... 0.97  1.014 1.012]
  [1.005 0.972 1.028 ... 1.024 1.007 0.971]]]","[[[0.         0.         0.04195665 ... 0.06338256 0.         0.00761663]
  [0.         0.03884412 0.         ... 0.         0.03324684 0.        ]
  [0.02363937 0.         0.07447621 ... 0.05446189 0.         0.        ]
  ...
  [0.         0.06623402 0.         ... 0.         0.00314792 0.01490665]
  [0.01665434 0.         0.05453246 ... 0.05221376 0.         0.        ]
  [0.         0.02327598 0.         ... 0.         0.03384365 0.        ]]

 [[0.00693051 0.05565232 0.         ... 0.         0.06617655 0.        ]
  [0.03310897 0.         0.07708574 ... 0.08507865 0.         0.03116505]
  [0.         0.08669741 0.         ... 0.         0.0459793  0.0274728 ]
  ...
  [0.06527552 0.         0.10901111 ... 0.07437327 0.00128807 0.        ]
  [0.         0.05910455 0.         ... 0.         0.04728215 0.01315113]
  [0.03099381 0.         0.06715795 ... 0.09091752 0.         0.03346445]]]","[[0. 0. 0. ... 0. 0. 0.]
 [0. 0. 0. ... 0. 0. 0.]
 [0. 0. 0. ... 0. 0. 0.]
 ...
 [0. 0. 0. ... 0. 0. 0.]
 [0. 0. 0. ... 0. 0. 0.]
 [0. 0. 0. ... 0. 0. 0.]]","[[0. 0. 0. ... 0. 0. 0.]
 [0. 0. 0. ... 0. 0. 0.]
 [0. 0. 0. ... 0. 0. 0.]
 ...
 [0. 0. 0. ... 0. 0. 0.]
 [0. 0. 0. ... 0. 0. 0.]
 [0. 0. 0. ... 0. 0. 0.]]"
0.8,0.05,6,1000.0,20,62.36787415663126,0.3041506792034664,0.49384299205562354,"[[[0.963 1.004 1.008 ... 0.995 0.991 1.007]
  [1.025 1.01  1.04  ... 1.033 1.023 0.961]
  [0.975 0.999 1.032 ... 1.039 0.99  0.968]
  ...
  [1.047 1.023 1.012 ... 0.992 0.986 1.016]
  [0.99  1.062 1.017 ... 0.97  1.014 1.012]
  [1.005 0.972 1.028 ... 1.024 1.007 0.971]]

 [[0.963 1.004 1.008 ... 0.995 0.991 1.007]
  [1.025 1.01  1.04  ... 1.033 1.023 0.961]
  [0.975 0.999 1.032 ... 1.039 0.99  0.968]
  ...
  [1.047 1.023 1.012 ... 0.992 0.986 1.016]
  [0.99  1.062 1.017 ... 0.97  1.014 1.012]
  [1.005 0.972 1.028 ... 1.024 1.007 0.971]]]","[[[0.10167013 0.         0.26537954 ... 0.09742039 0.         0.        ]
  [0.         0.16413009 0.         ... 0.         0.03156194 0.01117539]
  [0.06025358 0.         0.18807965 ... 0.07196454 0.         0.        ]
  ...
  [0.         0.23682346 0.         ... 0.         0.05332809 0.03324422]
  [0.12782588 0.         0.31180686 ... 0.13178992 0.         0.        ]
  [0.         0.20638945 0.         ... 0.         0.04005042 0.02494816]]

 [[0.         0.2380526  0.         ... 0.         0.06354877 0.05158376]
  [0.11933108 0.         0.2750023  ... 0.11007891 0.         0.        ]
  [0.         0.16799541 0.         ... 0.         0.05657893 0.03781425]
  ...
  [0.17020482 0.         0.382566   ... 0.19716758 0.         0.        ]
  [0.         0.26645568 0.         ... 0.         0.07521289 0.05807929]
  [0.15987771 0.         0.34735032 ... 0.15136051 0.         0.        ]]]","[[0. 0. 0. ... 0. 0. 0.]
 [0. 0. 0. ... 0. 0. 0.]
 [0. 0. 0. ... 0. 0. 0.]
 ...
 [0. 0. 0. ... 0. 0. 0.]
 [0. 0. 0. ... 0. 0. 0.]
 [0. 0. 0. ... 0. 0. 0.]]","[[0. 0. 0. ... 0. 0. 0.]
 [0. 0. 0. ... 0. 0. 0.]
 [0. 0. 0. ... 0. 0. 0.]
 ...
 [0. 0. 0. ... 0. 0. 0.]
 [0. 0. 0. ... 0. 0. 0.]
 [0. 0. 0. ... 0. 0. 0.]]"
0.8,0.05,6,1000.0,30,106.52035278162215,0.23881288286904842,0.4931972081891209,"[[[0.963 1.004 1.008 ... 0.995 0.991 1.007]
  [1.025 1.01  1.04  ... 1.033 1.023 0.961]
  [0.975 0.999 1.032 ... 1.039 0.99  0.968]
  ...
  [1.047 1.023 1.012 ... 0.992 0.986 1.016]
  [0.99  1.062 1.017 ... 0.97  1.014 1.012]
  [1.005 0.972 1.028 ... 1.024 1.007 0.971]]

 [[0.963 1.004 1.008 ... 0.995 0.991 1.007]
  [1.025 1.01  1.04  ... 1.033 1.023 0.961]
  [0.975 0.999 1.032 ... 1.039 0.99  0.968]
  ...
  [1.047 1.023 1.012 ... 0.992 0.986 1.016]
  [0.99  1.062 1.017 ... 0.97  1.014 1.012]
  [1.005 0.972 1.028 ... 1.024 1.007 0.971]]]","[[[0.25254788 0.         0.3300636  ... 0.         0.14364305 0.        ]
  [0.         0.28187977 0.         ... 0.11308167 0.         0.19896751]
  [0.2229653  0.         0.25768778 ... 0.         0.16040263 0.        ]
  ...
  [0.         0.31169169 0.         ... 0.         0.         0.15623556]
  [0.25066758 0.         0.36627346 ... 0.         0.10031609 0.        ]
  [0.         0.30964623 0.         ... 0.0568907  0.         0.19102153]]

 [[0.         0.36123848 0.         ... 0.11827392 0.         0.25015082]
  [0.29470444 0.         0.34860818 ... 0.         0.19586063 0.        ]
  [0.         0.3018646  0.         ... 0.15541068 0.         0.24985105]
  ...
  [0.28172697 0.         0.43113992 ... 0.03456373 0.09754392 0.        ]
  [0.         0.36647519 0.         ... 0.0454165  0.         0.22083086]
  [0.31346825 0.         0.41336157 ... 0.         0.16232998 0.        ]]]","[[0. 0. 0. ... 0. 0. 0.]
 [0. 0. 0. ... 0. 0. 0.]
 [0. 0. 0. ... 0. 0. 0.]
 ...
 [0. 0. 0. ... 0. 0. 0.]
 [0. 0. 0. ... 0. 0. 0.]
 [0. 0. 0. ... 0. 0. 0.]]","[[0. 0. 0. ... 0. 0. 0.]
 [0. 0. 0. ... 0. 0. 0.]
 [0. 0. 0. ... 0. 0. 0.]
 ...
 [0. 0. 0. ... 0. 0. 0.]
 [0. 0. 0. ... 0. 0. 0.]
 [0. 0. 0. ... 0. 0. 0.]]"
0.8,0.05,6,10000.0,10,206.0663544076048,0.16566868234942558,0.5070560964620019,"[[[0.9884 1.0011 1.0026 ... 0.9985 0.9971 1.0023]
  [1.0079 1.0031 1.0127 ... 1.0103 1.0073 1.0034]
  [0.9921 0.9997 1.0102 ... 1.0123 0.997  0.9901]
  ...
  [1.0149 1.0074 1.0039 ... 0.9974 0.9957 1.0051]
  [0.9968 1.0195 1.0053 ... 0.9904 1.0046 1.0037]
  [1.0015 0.9911 1.0088 ... 1.0076 1.0021 0.9909]]

 [[0.9884 1.0011 1.0026 ... 0.9985 0.9971 1.0023]
  [1.0079 1.0031 1.0127 ... 1.0103 1.0073 1.0034]
  [0.9921 0.9997 1.0102 ... 1.0123 0.997  0.9901]
  ...
  [1.0149 1.0074 1.0039 ... 0.9974 0.9957 1.0051]
  [0.9968 1.0195 1.0053 ... 0.9904 1.0046 1.0037]
  [1.0015 0.9911 1.0088 ... 1.0076 1.0021 0.9909]]]","[[[0.00843437 0.         0.         ... 0.         0.02515996 0.        ]
  [0.         0.00533308 0.         ... 0.0342578  0.         0.03090437]
  [0.03201473 0.         0.0044175  ... 0.         0.04534462 0.        ]
  ...
  [0.         0.01184315 0.         ... 0.02472534 0.         0.03072809]
  [0.01142442 0.         0.         ... 0.         0.0250928  0.        ]
  [0.         0.         0.00588908 ... 0.02175226 0.         0.01665564]]

 [[0.         0.02302219 0.03151618 ... 0.05596815 0.         0.0515641 ]
  [0.04896963 0.         0.01179697 ... 0.         0.06568192 0.        ]
  [0.         0.05037967 0.00066804 ... 0.07472761 0.         0.07811561]
  ...
  [0.05191899 0.         0.02354488 ... 0.         0.06332984 0.        ]
  [0.         0.02318775 0.0257961  ... 0.05314408 0.         0.05158418]
  [0.03676245 0.01530803 0.         ... 0.         0.0530533  0.        ]]]","[[0. 0. 0. ... 0. 0. 0.]
 [0. 0. 0. ... 0. 0. 0.]
 [0. 0. 0. ... 0. 0. 0.]
 ...
 [0. 0. 0. ... 0. 0. 0.]
 [0. 0. 0. ... 0. 0. 0.]
 [0. 0. 0. ... 0. 0. 0.]]","[[0. 0. 0. ... 0. 0. 0.]
 [0. 0. 0. ... 0. 0. 0.]
 [0. 0. 0. ... 0. 0. 0.]
 ...
 [0. 0. 0. ... 0. 0. 0.]
 [0. 0. 0. ... 0. 0. 0.]
 [0. 0. 0. ... 0. 0. 0.]]"
0.8,0.05,6,10000.0,20,66.63904108737216,0.3041506792034664,0.5068337752853859,"[[[0.9884 1.0011 1.0026 ... 0.9985 0.9971 1.0023]
  [1.0079 1.0031 1.0127 ... 1.0103 1.0073 1.0034]
  [0.9921 0.9997 1.0102 ... 1.0123 0.997  0.9901]
  ...
  [1.0149 1.0074 1.0039 ... 0.9974 0.9957 1.0051]
  [0.9968 1.0195 1.0053 ... 0.9904 1.0046 1.0037]
  [1.0015 0.9911 1.0088 ... 1.0076 1.0021 0.9909]]

 [[0.9884 1.0011 1.0026 ... 0.9985 0.9971 1.0023]
  [1.0079 1.0031 1.0127 ... 1.0103 1.0073 1.0034]
  [0.9921 0.9997 1.0102 ... 1.0123 0.997  0.9901]
  ...
  [1.0149 1.0074 1.0039 ... 0.9974 0.9957 1.0051]
  [0.9968 1.0195 1.0053 ... 0.9904 1.0046 1.0037]
  [1.0015 0.9911 1.0088 ... 1.0076 1.0021 0.9909]]]","[[[0.00974761 0.         0.10217014 ... 0.0712514  0.         0.01013943]
  [0.         0.03788357 0.         ... 0.         0.06020288 0.        ]
  [0.         0.         0.06084105 ... 0.09271987 0.         0.04432511]
  ...
  [0.         0.09740418 0.         ... 0.         0.00818795 0.01233938]
  [0.04200513 0.         0.12758675 ... 0.0517464  0.         0.        ]
  [0.         0.07209912 0.         ... 0.         0.03250849 0.        ]]

 [[0.         0.09258618 0.         ... 0.         0.08003027 0.        ]
  [0.01876786 0.         0.11953163 ... 0.1172407  0.         0.05774222]
  [0.04042617 0.04369402 0.         ... 0.         0.11219239 0.        ]
  ...
  [0.08759291 0.         0.17770297 ... 0.07857547 0.         0.        ]
  [0.         0.12199976 0.         ... 0.         0.05002251 0.02723504]
  [0.06013512 0.         0.15767641 ... 0.09654611 0.         0.02366201]]]","[[0. 0. 0. ... 0. 0. 0.]
 [0. 0. 0. ... 0. 0. 0.]
 [0. 0. 0. ... 0. 0. 0.]
 ...
 [0. 0. 0. ... 0. 0. 0.]
 [0. 0. 0. ... 0. 0. 0.]
 [0. 0. 0. ... 0. 0. 0.]]","[[0. 0. 0. ... 0. 0. 0.]
 [0. 0. 0. ... 0. 0. 0.]
 [0. 0. 0. ... 0. 0. 0.]
 ...
 [0. 0. 0. ... 0. 0. 0.]
 [0. 0. 0. ... 0. 0. 0.]
 [0. 0. 0. ... 0. 0. 0.]]"
0.8,0.05,6,10000.0,30,113.44830617338252,0.23881288286904842,0.5097420534078079,"[[[0.9884 1.0011 1.0026 ... 0.9985 0.9971 1.0023]
  [1.0079 1.0031 1.0127 ... 1.0103 1.0073 1.0034]
  [0.9921 0.9997 1.0102 ... 1.0123 0.997  0.9901]
  ...
  [1.0149 1.0074 1.0039 ... 0.9974 0.9957 1.0051]
  [0.9968 1.0195 1.0053 ... 0.9904 1.0046 1.0037]
  [1.0015 0.9911 1.0088 ... 1.0076 1.0021 0.9909]]

 [[0.9884 1.0011 1.0026 ... 0.9985 0.9971 1.0023]
  [1.0079 1.0031 1.0127 ... 1.0103 1.0073 1.0034]
  [0.9921 0.9997 1.0102 ... 1.0123 0.997  0.9901]
  ...
  [1.0149 1.0074 1.0039 ... 0.9974 0.9957 1.0051]
  [0.9968 1.0195 1.0053 ... 0.9904 1.0046 1.0037]
  [1.0015 0.9911 1.0088 ... 1.0076 1.0021 0.9909]]]","[[[0.12558376 0.         0.12898333 ... 0.         0.0853463  0.        ]
  [0.         0.137023   0.         ... 0.07924574 0.         0.12559313]
  [0.13781854 0.         0.1217363  ... 0.         0.11714287 0.        ]
  ...
  [0.         0.11172618 0.         ... 0.         0.         0.05815418]
  [0.10208937 0.         0.12689871 ... 0.         0.04219664 0.        ]
  [0.         0.12630641 0.         ... 0.03008124 0.         0.09314088]]

 [[0.         0.17694435 0.         ... 0.08900788 0.         0.15138804]
  [0.17777304 0.         0.16684589 ... 0.         0.14315006 0.        ]
  [0.         0.17835102 0.         ... 0.13216665 0.         0.17839864]
  ...
  [0.12468702 0.         0.16443086 ... 0.03395054 0.04873193 0.        ]
  [0.         0.15809554 0.         ... 0.03071146 0.         0.11204349]
  [0.1570331  0.         0.17009984 ... 0.         0.09927304 0.        ]]]","[[0. 0. 0. ... 0. 0. 0.]
 [0. 0. 0. ... 0. 0. 0.]
 [0. 0. 0. ... 0. 0. 0.]
 ...
 [0. 0. 0. ... 0. 0. 0.]
 [0. 0. 0. ... 0. 0. 0.]
 [0. 0. 0. ... 0. 0. 0.]]","[[0. 0. 0. ... 0. 0. 0.]
 [0. 0. 0. ... 0. 0. 0.]
 [0. 0. 0. ... 0. 0. 0.]
 ...
 [0. 0. 0. ... 0. 0. 0.]
 [0. 0. 0. ... 0. 0. 0.]
 [0. 0. 0. ... 0. 0. 0.]]"
0.8,0.05,6,100000.0,10,204.67860170439045,0.16566868234942558,0.5047570248443182,"[[[0.99634 1.00036 1.00084 ... 0.99954 0.99909 1.00071]
  [1.00251 1.00098 1.00401 ... 1.00324 1.0023  0.99612]
  [0.9975  0.99989 1.00321 ... 1.00388 0.99905 0.99687]
  ...
  [1.0047  1.00233 1.00125 ... 0.99917 0.99864 1.00161]
  [0.999   1.00618 1.00168 ... 0.99697 0.99763 1.00116]
  [1.00046 0.99718 1.00279 ... 1.0024  1.00065 0.99712]]

 [[0.99634 1.00036 1.00084 ... 0.99954 0.99909 1.00071]
  [1.00251 1.00098 1.00401 ... 1.00324 1.0023  0.99612]
  [0.9975  0.99989 1.00321 ... 1.00388 0.99905 0.99687]
  ...
  [1.0047  1.00233 1.00125 ... 0.99917 0.99864 1.00161]
  [0.999   1.00618 1.00168 ... 0.99697 0.99763 1.00116]
  [1.00046 0.99718 1.00279 ... 1.0024  1.00065 0.99712]]]","[[[0.         0.05908908 0.         ... 0.         0.00414335 0.        ]
  [0.01266796 0.         0.0709229  ... 0.03485343 0.         0.        ]
  [0.         0.01522479 0.         ... 0.         0.03444194 0.        ]
  ...
  [0.0240601  0.         0.0797801  ... 0.02120679 0.         0.        ]
  [0.         0.06561183 0.         ... 0.         0.         0.00604039]
  [0.03623891 0.         0.09816427 ... 0.01754569 0.         0.        ]]

 [[0.06111575 0.         0.12836508 ... 0.0547097  0.00096756 0.00568807]
  [0.         0.07456452 0.         ... 0.         0.04740706 0.01275373]
  [0.0168125  0.         0.0753911  ... 0.08262379 0.         0.04552356]
  ...
  [0.         0.08630942 0.         ... 0.         0.03406073 0.02498873]
  [0.06722951 0.         0.13384381 ... 0.04756577 0.0083819  0.        ]
  [0.         0.10430569 0.         ... 0.         0.02588959 0.03682018]]]","[[0. 0. 0. ... 0. 0. 0.]
 [0. 0. 0. ... 0. 0. 0.]
 [0. 0. 0. ... 0. 0. 0.]
 ...
 [0. 0. 0. ... 0. 0. 0.]
 [0. 0. 0. ... 0. 0. 0.]
 [0. 0. 0. ... 0. 0. 0.]]","[[0. 0. 0. ... 0. 0. 0.]
 [0. 0. 0. ... 0. 0. 0.]
 [0. 0. 0. ... 0. 0. 0.]
 ...
 [0. 0. 0. ... 0. 0. 0.]
 [0. 0. 0. ... 0. 0. 0.]
 [0. 0. 0. ... 0. 0. 0.]]"
0.8,0.05,6,100000.0,20,67.56658936959388,0.3041506792034664,0.5096549196857033,"[[[0.99634 1.00036 1.00084 ... 0.99954 0.99909 1.00071]
  [1.00251 1.00098 1.00401 ... 1.00324 1.0023  0.99612]
  [0.9975  0.99989 1.00321 ... 1.00388 0.99905 0.99687]
  ...
  [1.0047  1.00233 1.00125 ... 0.99917 0.99864 1.00161]
  [0.999   1.00618 1.00168 ... 0.99697 0.99763 1.00116]
  [1.00046 0.99718 1.00279 ... 1.0024  1.00065 0.99712]]

 [[0.99634 1.00036 1.00084 ... 0.99954 0.9991  1.00071]
  [1.00251 1.00098 1.00401 ... 1.00324 1.0023  0.99612]
  [0.9975  0.99989 1.00321 ... 1.00388 0.99905 0.99687]
  ...
  [1.0047  1.00233 1.00125 ... 0.99917 0.99864 1.00161]
  [0.999   1.00618 1.00327 ... 0.99697 0.99763 1.00116]
  [1.00046 0.99718 1.00279 ... 1.0024  1.00065 0.99712]]]","[[[0.         0.00895673 0.01122561 ... 0.11400514 0.         0.07875432]
  [0.06105609 0.         0.         ... 0.         0.11113783 0.        ]
  [0.         0.03589883 0.         ... 0.12201875 0.         0.09921328]
  ...
  [0.         0.01589987 0.         ... 0.         0.05376131 0.        ]
  [0.         0.         0.03586047 ... 0.09053903 0.         0.04703423]
  [0.03192847 0.         0.         ... 0.         0.08899112 0.        ]]

 [[0.08210217 0.         0.         ... 0.         0.14251821 0.        ]
  [0.         0.05457391 0.02599952 ... 0.16225751 0.         0.1308789 ]
  [0.11015603 0.         0.02247109 ... 0.         0.15923298 0.        ]
  ...
  [0.00928304 0.         0.08182161 ... 0.11174401 0.         0.05923339]
  [0.04588398 0.02754961 0.         ... 0.         0.11088486 0.        ]
  [0.         0.0238731  0.05419403 ... 0.14518333 0.         0.10105088]]]","[[0. 0. 0. ... 0. 0. 0.]
 [0. 0. 0. ... 0. 0. 0.]
 [0. 0. 0. ... 0. 0. 0.]
 ...
 [0. 0. 0. ... 0. 0. 0.]
 [0. 0. 0. ... 0. 0. 0.]
 [0. 0. 0. ... 0. 0. 0.]]","[[0. 0. 0. ... 0. 0. 0.]
 [0. 0. 0. ... 0. 0. 0.]
 [0. 0. 0. ... 0. 0. 0.]
 ...
 [0. 0. 0. ... 0. 0. 0.]
 [0. 0. 0. ... 0. 0. 0.]
 [0. 0. 0. ... 0. 0. 0.]]"
0.8,0.05,6,100000.0,30,116.60991256438732,0.23881288286904842,0.5172923767751385,"[[[0.99634 1.00036 1.00084 ... 0.99954 0.9991  1.00071]
  [1.00251 1.00098 1.00401 ... 1.00324 1.0023  0.99612]
  [0.9975  0.99989 1.00321 ... 1.00388 0.99905 0.99687]
  ...
  [1.0047  1.00233 1.00125 ... 0.99917 0.99864 1.00161]
  [0.999   1.00618 1.00327 ... 0.99697 0.99763 1.00116]
  [1.00046 0.99718 1.00279 ... 1.0024  1.00065 0.99712]]

 [[0.99634 1.00036 1.00084 ... 0.99954 0.9991  1.00071]
  [1.00251 1.00098 1.00401 ... 1.00324 1.0023  0.99612]
  [0.9975  0.99989 1.00321 ... 1.00388 0.99905 0.99687]
  ...
  [1.0047  1.00233 1.00125 ... 0.99917 0.99864 1.00161]
  [0.999   1.00618 1.00168 ... 0.99697 0.99763 1.00116]
  [1.00046 0.99718 1.00279 ... 1.0024  1.00065 0.99712]]]","[[[0.03696097 0.         0.01406728 ... 0.         0.03655634 0.        ]
  [0.         0.03225509 0.         ... 0.04420124 0.         0.04906099]
  [0.04982519 0.         0.01581285 ... 0.         0.06064158 0.        ]
  ...
  [0.         0.02709991 0.         ... 0.         0.         0.01710787]
  [0.02692477 0.         0.01738289 ... 0.         0.01192612 0.        ]
  [0.         0.02581287 0.         ... 0.01280341 0.         0.03038264]]

 [[0.         0.06029076 0.         ... 0.05977741 0.         0.07275546]
  [0.07673981 0.         0.04355434 ... 0.         0.08284273 0.        ]
  [0.         0.06828578 0.         ... 0.09182436 0.         0.09415065]
  ...
  [0.05536895 0.         0.05351848 ... 0.02266601 0.03165044 0.        ]
  [0.         0.05540174 0.         ... 0.02564716 0.         0.05322749]
  [0.06344306 0.         0.044518   ... 0.         0.05482551 0.        ]]]","[[0. 0. 0. ... 0. 0. 0.]
 [0. 0. 0. ... 0. 0. 0.]
 [0. 0. 0. ... 0. 0. 0.]
 ...
 [0. 0. 0. ... 0. 0. 0.]
 [0. 0. 0. ... 0. 0. 0.]
 [0. 0. 0. ... 0. 0. 0.]]","[[0. 0. 0. ... 0. 0. 0.]
 [0. 0. 0. ... 0. 0. 0.]
 [0. 0. 0. ... 0. 0. 0.]
 ...
 [0. 0. 0. ... 0. 0. 0.]
 [0. 0. 0. ... 0. 0. 0.]
 [0. 0. 0. ... 0. 0. 0.]]"
