energies,R,det_dx,fom,Fgt,Fmd,imgs,bmis,gt_bmi1,gt_bmi2
"(15, 20)",0.0,2e-06,67.13506883190988,0.32246530314097877,0.5389526063637017,"[[[0.99634 1.00036 1.00084 ... 0.99764 0.99716 0.99708]
  [1.00714 1.00165 1.00371 ... 1.00385 1.00282 0.99895]
  [1.00128 1.00137 0.99854 ... 1.00292 1.00197 1.00158]
  ...
  [1.00564 1.00328 1.00021 ... 0.99429 1.00379 0.99897]
  [0.99994 1.00521 0.99761 ... 1.00104 0.99716 0.99237]
  [0.99947 0.9931  0.99916 ... 0.99946 0.99954 0.99725]]

 [[0.99634 1.00036 1.00084 ... 0.99764 0.99716 0.99708]
  [1.00714 1.00165 1.00371 ... 1.00385 1.00282 0.99895]
  [1.00128 1.00137 0.99854 ... 1.00292 1.00197 1.00158]
  ...
  [1.00564 1.00328 1.00021 ... 0.99428 1.00379 0.99897]
  [0.99994 1.00521 0.99761 ... 1.00104 0.99716 0.99237]
  [0.99947 0.9931  0.99916 ... 0.99946 0.99954 0.99725]]]","[[[0.00940914 0.         0.         ... 0.0060631  0.00729801 0.00750386]
  [0.         0.         0.         ... 0.         0.         0.00269584]
  [0.         0.         0.00374929 ... 0.         0.         0.        ]
  ...
  [0.         0.         0.         ... 0.01473682 0.         0.00264456]
  [0.0001541  0.         0.00614037 ... 0.         0.00729801 0.01965417]
  [0.00136046 0.01776729 0.00215649 ... 0.00138617 0.00118081 0.00706641]]

 [[0.         0.00155311 0.00362287 ... 0.         0.         0.        ]
  [0.03070079 0.00711392 0.01597962 ... 0.01658125 0.01215155 0.        ]
  [0.00551954 0.0059074  0.         ... 0.01258191 0.0084926  0.00681245]
  ...
  [0.02426909 0.01413059 0.00090615 ... 0.         0.01632348 0.        ]
  [0.         0.02242364 0.         ... 0.00448522 0.         0.        ]
  [0.         0.         0.         ... 0.         0.         0.        ]]]","[[0. 0. 0. ... 0. 0. 0.]
 [0. 0. 0. ... 0. 0. 0.]
 [0. 0. 0. ... 0. 0. 0.]
 ...
 [0. 0. 0. ... 0. 0. 0.]
 [0. 0. 0. ... 0. 0. 0.]
 [0. 0. 0. ... 0. 0. 0.]]","[[0. 0. 0. ... 0. 0. 0.]
 [0. 0. 0. ... 0. 0. 0.]
 [0. 0. 0. ... 0. 0. 0.]
 ...
 [0. 0. 0. ... 0. 0. 0.]
 [0. 0. 0. ... 0. 0. 0.]
 [0. 0. 0. ... 0. 0. 0.]]"
"(20, 25)",0.0,2e-06,20.83791811410215,0.32246530314097877,0.3896603589558872,"[[[0.99634 1.00036 1.00084 ... 0.99764 0.99716 0.99708]
  [1.00714 1.00165 1.00371 ... 1.00385 1.00282 0.99895]
  [1.00128 1.00137 0.99854 ... 1.00292 1.00197 1.00158]
  ...
  [1.00564 1.00328 1.00021 ... 0.99428 1.00379 0.99897]
  [0.99994 1.00521 0.99761 ... 1.00104 0.99716 0.99237]
  [0.99947 0.9931  0.99916 ... 0.99946 0.99954 0.99725]]

 [[0.99663 1.005   1.00213 ... 0.99737 0.99716 0.99991]
  [0.99782 1.00557 0.99449 ... 1.00152 1.00146 1.00319]
  [1.0008  0.99935 0.99389 ... 1.00292 0.99919 1.00111]
  ...
  [0.99843 0.99921 1.00517 ... 1.00252 1.00166 1.00167]
  [0.99856 1.00428 1.00105 ... 1.00459 0.99319 0.99237]
  [1.00123 0.99788 0.9959  ... 1.00525 1.00045 1.00426]]]","[[[0.00884238 0.         0.         ... 0.00822648 0.00810413 0.        ]
  [0.03102889 0.         0.04037124 ... 0.00187296 0.         0.        ]
  [0.         0.00724127 0.02992031 ... 0.         0.00972379 0.        ]
  ...
  [0.023679   0.0130999  0.         ... 0.         0.00094251 0.        ]
  [0.00779161 0.         0.         ... 0.         0.03011758 0.02182528]
  [0.         0.         0.02042845 ... 0.         0.         0.        ]]

 [[0.         0.0449696  0.01606364 ... 0.         0.         0.01246284]
  [0.         0.04440581 0.         ... 0.         0.00082129 0.03454212]
  [0.00165349 0.         0.         ... 0.01398176 0.         0.00318394]
  ...
  [0.         0.         0.04723218 ... 0.04961686 0.         0.02028127]
  [0.         0.01626816 0.02069329 ... 0.03806553 0.         0.        ]
  [0.01389888 0.01166857 0.         ... 0.05138878 0.00629773 0.05225181]]]","[[0. 0. 0. ... 0. 0. 0.]
 [0. 0. 0. ... 0. 0. 0.]
 [0. 0. 0. ... 0. 0. 0.]
 ...
 [0. 0. 0. ... 0. 0. 0.]
 [0. 0. 0. ... 0. 0. 0.]
 [0. 0. 0. ... 0. 0. 0.]]","[[0. 0. 0. ... 0. 0. 0.]
 [0. 0. 0. ... 0. 0. 0.]
 [0. 0. 0. ... 0. 0. 0.]
 ...
 [0. 0. 0. ... 0. 0. 0.]
 [0. 0. 0. ... 0. 0. 0.]
 [0. 0. 0. ... 0. 0. 0.]]"
"(25, 30)",0.0,2e-06,18.121301145853042,0.32246530314097877,0.38090021181404343,"[[[0.99663 1.005   1.00213 ... 0.99737 0.99716 0.99991]
  [0.99782 1.00557 0.99449 ... 1.00152 1.00146 1.00319]
  [1.0008  0.99935 0.99389 ... 1.00292 0.99919 1.00111]
  ...
  [0.99843 0.99921 1.00517 ... 1.00252 1.00166 1.00167]
  [0.99856 1.00428 1.00105 ... 1.00459 0.99319 0.99237]
  [1.00123 0.99788 0.9959  ... 1.00525 1.00045 1.00426]]

 [[0.99663 1.005   1.00213 ... 0.99737 0.99716 0.99991]
  [0.99782 1.00557 0.99449 ... 1.00152 1.00146 1.00319]
  [1.0008  0.99935 0.99389 ... 1.00292 0.99919 1.00111]
  ...
  [0.99843 0.99921 1.00517 ... 1.00251 1.00379 1.00167]
  [0.99856 1.00428 1.00105 ... 1.00459 0.99319 0.99237]
  [1.00123 0.99788 0.9959  ... 1.00525 1.00045 1.00426]]]","[[[0.02986096 0.         0.         ... 0.02329535 0.02515798 0.00079611]
  [0.01930494 0.         0.04887558 ... 0.         0.         0.        ]
  [0.         0.00575155 0.05421451 ... 0.         0.00716827 0.        ]
  ...
  [0.01389883 0.00699097 0.         ... 0.         0.         0.        ]
  [0.01274715 0.         0.         ... 0.         0.06044692 0.06775317]
  [0.         0.01877337 0.03634305 ... 0.         0.         0.        ]]

 [[0.         0.07490315 0.03195502 ... 0.         0.         0.        ]
  [0.         0.08341931 0.         ... 0.02281079 0.02190983 0.04783204]
  [0.01200998 0.         0.         ... 0.04378937 0.         0.01666029]
  ...
  [0.         0.         0.07744319 ... 0.03746379 0.09586948 0.02505939]
  [0.         0.06413974 0.01576075 ... 0.06877571 0.         0.        ]
  [0.018461   0.         0.         ... 0.07863823 0.00675696 0.06384025]]]","[[0. 0. 0. ... 0. 0. 0.]
 [0. 0. 0. ... 0. 0. 0.]
 [0. 0. 0. ... 0. 0. 0.]
 ...
 [0. 0. 0. ... 0. 0. 0.]
 [0. 0. 0. ... 0. 0. 0.]
 [0. 0. 0. ... 0. 0. 0.]]","[[0. 0. 0. ... 0. 0. 0.]
 [0. 0. 0. ... 0. 0. 0.]
 [0. 0. 0. ... 0. 0. 0.]
 ...
 [0. 0. 0. ... 0. 0. 0.]
 [0. 0. 0. ... 0. 0. 0.]
 [0. 0. 0. ... 0. 0. 0.]]"
"(30, 35)",0.0,2e-06,13.202100708520314,0.32246530314097877,0.3650374972116861,"[[[0.99663 1.005   1.00213 ... 0.99737 0.99716 0.99991]
  [0.99782 1.00557 0.99449 ... 1.00152 1.00146 1.00319]
  [1.0008  0.99935 0.99389 ... 1.00292 0.99919 1.00111]
  ...
  [0.99843 0.99921 1.00517 ... 1.00251 1.00379 1.00167]
  [0.99856 1.00428 1.00105 ... 1.00459 0.99319 0.99237]
  [1.00123 0.99788 0.9959  ... 1.00525 1.00045 1.00426]]

 [[0.99663 1.005   1.00213 ... 0.99737 0.99716 0.99991]
  [0.99782 1.00557 0.99449 ... 1.00152 1.00146 1.00319]
  [1.0008  0.99935 0.99389 ... 1.00292 0.99919 1.00111]
  ...
  [0.99843 0.99921 1.00517 ... 1.00252 1.00166 1.00167]
  [0.99856 1.00428 1.00105 ... 1.00459 0.99319 0.99237]
  [1.00123 0.99788 0.9959  ... 1.00525 1.00045 1.00426]]]","[[[ 0.         10.20781668  4.35481818 ...  0.          0.
    0.        ]
  [ 0.         11.36840314  0.         ...  3.10863504  2.985852
    6.51854625]
  [ 1.63669617  0.          0.         ...  5.96761241  0.
    2.27044112]
  ...
  [ 0.          0.         10.55397569 ...  5.18193533  0.
    3.41507973]
  [ 0.          8.74097243  2.14785195 ...  9.37276654  0.
    0.        ]
  [ 2.51584484  0.          0.         ... 10.71683582  0.92081214
    8.70015766]]

 [[11.8192004   0.          0.         ...  9.22049003  9.95773044
    0.31515924]
  [ 7.6410653   0.         19.34529933 ...  0.          0.
    0.        ]
  [ 0.          2.27654753 21.45848255 ...  0.          2.83730038
    0.        ]
  ...
  [ 5.50129289  2.76711805  0.         ...  0.          5.43521357
    0.        ]
  [ 5.04544807  0.          0.         ...  0.         23.92530109
   26.8171586 ]
  [ 0.          7.43066684 14.38484832 ...  0.          0.
    0.        ]]]","[[0. 0. 0. ... 0. 0. 0.]
 [0. 0. 0. ... 0. 0. 0.]
 [0. 0. 0. ... 0. 0. 0.]
 ...
 [0. 0. 0. ... 0. 0. 0.]
 [0. 0. 0. ... 0. 0. 0.]
 [0. 0. 0. ... 0. 0. 0.]]","[[0. 0. 0. ... 0. 0. 0.]
 [0. 0. 0. ... 0. 0. 0.]
 [0. 0. 0. ... 0. 0. 0.]
 ...
 [0. 0. 0. ... 0. 0. 0.]
 [0. 0. 0. ... 0. 0. 0.]
 [0. 0. 0. ... 0. 0. 0.]]"
"(15, 20)",0.0,5e-06,78.729771774308,0.32246530314097877,0.5763415003552018,"[[[0.99634 1.00036 1.00084 ... 0.99954 0.99909 1.00071]
  [1.00251 1.00098 1.00401 ... 1.00324 1.0023  0.99612]
  [0.9975  0.99989 1.00321 ... 1.00388 0.99905 0.99687]
  ...
  [1.0047  1.00233 1.00125 ... 0.99917 0.99864 1.00161]
  [0.999   1.00618 1.00327 ... 0.99697 0.99763 1.00116]
  [1.00046 0.99718 1.00279 ... 1.0024  1.00065 0.99712]]

 [[0.99634 1.00036 1.00084 ... 0.99954 0.9991  1.00071]
  [1.00251 1.00098 1.00401 ... 1.00324 1.0023  0.99612]
  [0.9975  0.99989 1.00321 ... 1.00388 0.99905 0.99687]
  ...
  [1.0047  1.00233 1.00125 ... 0.99917 0.99864 1.00161]
  [0.999   1.00618 1.00168 ... 0.99697 0.99763 1.00116]
  [1.00046 0.99718 1.00279 ... 1.0024  1.00065 0.99712]]]","[[[0.00940912 0.         0.         ... 0.00118079 0.00229387 0.        ]
  [0.         0.         0.         ... 0.         0.         0.00997579]
  [0.00642322 0.00028225 0.         ... 0.         0.00243891 0.00804446]
  ...
  [0.         0.         0.         ... 0.00213072 0.00349224 0.        ]
  [0.00256735 0.         0.         ... 0.007787   0.00608881 0.        ]
  [0.         0.0072466  0.         ... 0.         0.         0.0074009 ]]

 [[0.         0.00155315 0.0036229  ... 0.         0.         0.00306264]
  [0.01081719 0.00422679 0.01726892 ... 0.01395836 0.00991348 0.        ]
  [0.         0.         0.01382916 ... 0.01671041 0.         0.        ]
  ...
  [0.02023343 0.01004231 0.00539062 ... 0.         0.         0.00694195]
  [0.         0.02658572 0.00279503 ... 0.         0.         0.00500274]
  [0.00198457 0.         0.01202232 ... 0.01034406 0.00280408 0.        ]]]","[[0. 0. 0. ... 0. 0. 0.]
 [0. 0. 0. ... 0. 0. 0.]
 [0. 0. 0. ... 0. 0. 0.]
 ...
 [0. 0. 0. ... 0. 0. 0.]
 [0. 0. 0. ... 0. 0. 0.]
 [0. 0. 0. ... 0. 0. 0.]]","[[0. 0. 0. ... 0. 0. 0.]
 [0. 0. 0. ... 0. 0. 0.]
 [0. 0. 0. ... 0. 0. 0.]
 ...
 [0. 0. 0. ... 0. 0. 0.]
 [0. 0. 0. ... 0. 0. 0.]
 [0. 0. 0. ... 0. 0. 0.]]"
"(20, 25)",0.0,5e-06,31.052414325547915,0.32246530314097877,0.42259856512844957,"[[[0.99634 1.00036 1.00084 ... 0.99954 0.9991  1.00071]
  [1.00251 1.00098 1.00401 ... 1.00324 1.0023  0.99612]
  [0.9975  0.99989 1.00321 ... 1.00388 0.99905 0.99687]
  ...
  [1.0047  1.00233 1.00125 ... 0.99917 0.99864 1.00161]
  [0.999   1.00618 1.00168 ... 0.99697 0.99763 1.00116]
  [1.00046 0.99718 1.00279 ... 1.0024  1.00065 0.99712]]

 [[0.99634 1.00036 1.00084 ... 0.99954 0.9991  1.00071]
  [1.00251 1.00098 1.00401 ... 1.00324 1.0023  0.99612]
  [0.9975  0.99989 1.00321 ... 1.00388 0.99905 0.99687]
  ...
  [1.0047  1.00233 1.00125 ... 0.99918 0.99864 1.00161]
  [0.999   1.00618 1.00168 ... 0.99697 0.99763 1.00116]
  [1.00046 0.99718 1.00279 ... 1.0024  1.00065 0.99712]]]","[[[0.01044848 0.         0.         ... 0.00131115 0.00256564 0.        ]
  [0.         0.         0.         ... 0.         0.         0.01107775]
  [0.00713273 0.00031337 0.         ... 0.         0.00270827 0.00893306]
  ...
  [0.         0.         0.         ... 0.00231078 0.003878   0.        ]
  [0.00285091 0.         0.         ... 0.0086472  0.00676141 0.        ]
  [0.         0.00804707 0.         ... 0.         0.         0.00821843]]

 [[0.         0.00172604 0.00402607 ... 0.         0.         0.00340346]
  [0.01202067 0.00469711 0.01919016 ... 0.01551132 0.01101645 0.        ]
  [0.         0.         0.01536772 ... 0.01856953 0.         0.        ]
  ...
  [0.02248441 0.01115958 0.00599042 ... 0.         0.         0.00771428]
  [0.         0.02954342 0.00804929 ... 0.         0.         0.00555935]
  [0.00220544 0.         0.01335991 ... 0.01149491 0.00311611 0.        ]]]","[[0. 0. 0. ... 0. 0. 0.]
 [0. 0. 0. ... 0. 0. 0.]
 [0. 0. 0. ... 0. 0. 0.]
 ...
 [0. 0. 0. ... 0. 0. 0.]
 [0. 0. 0. ... 0. 0. 0.]
 [0. 0. 0. ... 0. 0. 0.]]","[[0. 0. 0. ... 0. 0. 0.]
 [0. 0. 0. ... 0. 0. 0.]
 [0. 0. 0. ... 0. 0. 0.]
 ...
 [0. 0. 0. ... 0. 0. 0.]
 [0. 0. 0. ... 0. 0. 0.]
 [0. 0. 0. ... 0. 0. 0.]]"
"(25, 30)",0.0,5e-06,20.80207661096397,0.32246530314097877,0.3895447825441424,"[[[0.99634 1.00036 1.00084 ... 0.99954 0.9991  1.00071]
  [1.00251 1.00098 1.00401 ... 1.00324 1.0023  0.99612]
  [0.9975  0.99989 1.00321 ... 1.00388 0.99905 0.99687]
  ...
  [1.0047  1.00233 1.00125 ... 0.99918 0.99864 1.00161]
  [0.999   1.00618 1.00168 ... 0.99697 0.99763 1.00116]
  [1.00046 0.99718 1.00279 ... 1.0024  1.00065 0.99712]]

 [[0.99634 1.00036 1.00084 ... 0.99954 0.99909 1.00071]
  [1.00251 1.00098 1.00401 ... 1.00324 1.0023  0.99611]
  [0.9975  0.99989 1.00321 ... 1.00388 0.99905 0.99687]
  ...
  [1.0047  1.00233 1.00125 ... 0.99917 0.99864 1.00161]
  [0.999   1.00618 1.00168 ... 0.99697 0.99763 1.00116]
  [1.00046 0.99718 1.00279 ... 1.0024  1.00065 0.99712]]]","[[[0.03243569 0.         0.         ... 0.00407027 0.00816101 0.        ]
  [0.         0.         0.         ... 0.         0.         0.03458497]
  [0.02214248 0.0009728  0.         ... 0.         0.00840741 0.02773134]
  ...
  [0.         0.         0.         ... 0.00745281 0.01203862 0.        ]
  [0.0088502  0.         0.         ... 0.02684386 0.02098971 0.        ]
  [0.         0.02498088 0.         ... 0.         0.         0.0255128 ]]

 [[0.         0.00540579 0.01260915 ... 0.         0.         0.01065927]
  [0.0376474  0.01471085 0.0601014  ... 0.0485797  0.03450227 0.        ]
  [0.         0.         0.04812999 ... 0.05815766 0.         0.        ]
  ...
  [0.07041869 0.0349506  0.01876133 ... 0.         0.         0.02416029]
  [0.         0.09252666 0.02520946 ... 0.         0.         0.0174113 ]
  [0.00690723 0.         0.04184166 ... 0.03600079 0.00975937 0.        ]]]","[[0. 0. 0. ... 0. 0. 0.]
 [0. 0. 0. ... 0. 0. 0.]
 [0. 0. 0. ... 0. 0. 0.]
 ...
 [0. 0. 0. ... 0. 0. 0.]
 [0. 0. 0. ... 0. 0. 0.]
 [0. 0. 0. ... 0. 0. 0.]]","[[0. 0. 0. ... 0. 0. 0.]
 [0. 0. 0. ... 0. 0. 0.]
 [0. 0. 0. ... 0. 0. 0.]
 ...
 [0. 0. 0. ... 0. 0. 0.]
 [0. 0. 0. ... 0. 0. 0.]
 [0. 0. 0. ... 0. 0. 0.]]"
"(30, 35)",0.0,5e-06,11.525076687216586,0.32246530314097877,0.359629676617642,"[[[0.99634 1.00036 1.00084 ... 0.99954 0.99909 1.00071]
  [1.00251 1.00098 1.00401 ... 1.00324 1.0023  0.99611]
  [0.9975  0.99989 1.00321 ... 1.00388 0.99905 0.99687]
  ...
  [1.0047  1.00233 1.00125 ... 0.99917 0.99864 1.00161]
  [0.999   1.00618 1.00168 ... 0.99697 0.99763 1.00116]
  [1.00046 0.99718 1.00279 ... 1.0024  1.00065 0.99712]]

 [[0.99634 1.00036 1.00084 ... 0.99954 0.99909 1.00071]
  [1.00251 1.00098 1.00401 ... 1.00324 1.0023  0.99612]
  [0.9975  0.99989 1.00321 ... 1.00388 0.99905 0.99687]
  ...
  [1.0047  1.00233 1.00125 ... 0.99917 0.99864 1.00161]
  [0.999   1.00618 1.00327 ... 0.99697 0.99763 1.00116]
  [1.00046 0.99718 1.00279 ... 1.0024  1.00065 0.99712]]]","[[[ 0.          0.73669895  1.71837934 ...  0.          0.
    1.45264699]
  [ 5.13060597  2.00479707  8.1906524  ...  6.62046542  4.70198313
    0.        ]
  [ 0.          0.          6.55917892 ...  7.92575519  0.
    0.        ]
  ...
  [ 9.59669255  4.76308212  2.55679978 ...  0.          0.
    3.2925723 ]
  [ 0.         12.60958104 11.58889217 ...  0.          0.
    2.37281548]
  [ 0.94131413  0.          5.70220369 ...  4.90620513  1.33000728
    0.        ]]

 [[12.8382494   0.          0.         ...  1.61104802  3.18754381
    0.        ]
  [ 0.          0.          0.         ...  0.          0.
   13.55856467]
  [ 8.76413035  0.38504665  0.         ...  0.          3.32771101
   10.97623878]
  ...
  [ 0.          0.          0.         ...  2.90723211  4.76495998
    0.        ]
  [ 3.50297575  0.          0.         ... 10.62496581  8.3078601
    0.        ]
  [ 0.          9.88758714  0.         ...  0.          0.
   10.09813118]]]","[[0. 0. 0. ... 0. 0. 0.]
 [0. 0. 0. ... 0. 0. 0.]
 [0. 0. 0. ... 0. 0. 0.]
 ...
 [0. 0. 0. ... 0. 0. 0.]
 [0. 0. 0. ... 0. 0. 0.]
 [0. 0. 0. ... 0. 0. 0.]]","[[0. 0. 0. ... 0. 0. 0.]
 [0. 0. 0. ... 0. 0. 0.]
 [0. 0. 0. ... 0. 0. 0.]
 ...
 [0. 0. 0. ... 0. 0. 0.]
 [0. 0. 0. ... 0. 0. 0.]
 [0. 0. 0. ... 0. 0. 0.]]"
"(15, 20)",0.0,1e-05,99.62616701071624,0.32246530314097877,0.6437251245998227,"[[[0.99634 1.00331 1.00546 ... 1.00241 0.99942 0.99813]
  [1.00188 0.99234 0.99694 ... 0.9995  0.99515 1.00071]
  [1.00212 0.9967  0.99803 ... 1.00014 1.00265 1.00057]
  ...
  [0.99166 1.0008  1.0015  ... 1.00301 1.00128 1.00001]
  [0.99704 0.9982  0.99533 ... 0.99651 0.99427 1.00279]
  [1.00227 0.99509 1.00119 ... 0.9978  0.99516 0.99835]]

 [[0.99634 1.00331 1.00546 ... 1.00241 0.99942 0.99813]
  [1.00188 0.99234 0.99694 ... 0.9995  0.99515 1.00071]
  [1.00212 0.9967  0.99803 ... 1.00014 1.00265 1.00057]
  ...
  [0.99166 1.0008  1.0015  ... 1.00301 1.00129 1.00001]
  [0.99704 0.9982  0.99533 ... 0.99651 0.99427 1.00279]
  [1.00227 1.0056  1.00119 ... 0.9978  0.99516 0.99835]]]","[[[9.40905240e-03 0.00000000e+00 0.00000000e+00 ... 0.00000000e+00
   1.48874670e-03 4.80294654e-03]
  [0.00000000e+00 1.97315950e-02 7.86411365e-03 ... 1.28338168e-03
   1.24755653e-02 0.00000000e+00]
  [0.00000000e+00 8.48200179e-03 5.06007845e-03 ... 0.00000000e+00
   0.00000000e+00 0.00000000e+00]
  ...
  [2.14906747e-02 0.00000000e+00 0.00000000e+00 ... 0.00000000e+00
   0.00000000e+00 0.00000000e+00]
  [7.60685576e-03 4.62304966e-03 1.20116040e-02 ... 8.97112635e-03
   1.47457313e-02 0.00000000e+00]
  [0.00000000e+00 0.00000000e+00 0.00000000e+00 ... 5.65155017e-03
   1.24499041e-02 4.23741890e-03]]

 [[0.00000000e+00 1.42594681e-02 2.34968088e-02 ... 1.03872927e-02
   0.00000000e+00 0.00000000e+00]
  [8.10512754e-03 0.00000000e+00 0.00000000e+00 ... 0.00000000e+00
   0.00000000e+00 3.06276097e-03]
  [9.13857448e-03 0.00000000e+00 0.00000000e+00 ... 6.03919694e-04
   1.14201846e-02 2.45924827e-03]
  ...
  [0.00000000e+00 3.45084451e-03 6.46797418e-03 ... 1.29692899e-02
   5.59088424e-03 4.32403718e-05]
  [0.00000000e+00 0.00000000e+00 0.00000000e+00 ... 0.00000000e+00
   0.00000000e+00 1.20224321e-02]
  [9.78426002e-03 5.35637081e-02 5.13181025e-03 ... 0.00000000e+00
   0.00000000e+00 0.00000000e+00]]]","[[0. 0. 0. ... 0. 0. 0.]
 [0. 0. 0. ... 0. 0. 0.]
 [0. 0. 0. ... 0. 0. 0.]
 ...
 [0. 0. 0. ... 0. 0. 0.]
 [0. 0. 0. ... 0. 0. 0.]
 [0. 0. 0. ... 0. 0. 0.]]","[[0. 0. 0. ... 0. 0. 0.]
 [0. 0. 0. ... 0. 0. 0.]
 [0. 0. 0. ... 0. 0. 0.]
 ...
 [0. 0. 0. ... 0. 0. 0.]
 [0. 0. 0. ... 0. 0. 0.]
 [0. 0. 0. ... 0. 0. 0.]]"
"(20, 25)",0.0,1e-05,25.97309684417085,0.32246530314097877,0.4062195286146343,"[[[0.99634 1.00331 1.00546 ... 1.00241 0.99942 0.99813]
  [1.00188 0.99234 0.99694 ... 0.9995  0.99515 1.00071]
  [1.00212 0.9967  0.99803 ... 1.00014 1.00265 1.00057]
  ...
  [0.99166 1.0008  1.0015  ... 1.00301 1.00129 1.00001]
  [0.99704 0.9982  0.99533 ... 0.99651 0.99427 1.00279]
  [1.00227 1.0056  1.00119 ... 0.9978  0.99516 0.99835]]

 [[0.99634 1.00036 1.00084 ... 1.00533 0.99911 1.00172]
  [0.99927 1.00081 0.99975 ... 0.99954 0.9991  1.00071]
  [1.00251 1.00098 1.00401 ... 0.99794 1.00004 1.00057]
  ...
  [0.99869 1.00448 1.00334 ... 0.99405 1.0027  1.00121]
  [1.0042  0.99693 1.00043 ... 0.99507 1.00558 0.99501]
  [1.00227 0.99906 0.99865 ... 1.0019  0.99962 0.99473]]]","[[[0.01044852 0.00683222 0.00989808 ... 0.         0.00336518 0.        ]
  [0.00904204 0.         0.         ... 0.00120441 0.         0.        ]
  [0.         0.         0.         ... 0.01175255 0.00684153 0.        ]
  ...
  [0.         0.         0.         ... 0.04095149 0.         0.        ]
  [0.         0.01215895 0.         ... 0.01794221 0.         0.03503941]
  [0.         0.02009216 0.01062811 ... 0.         0.         0.0247508 ]]

 [[0.         0.         0.         ... 0.03872337 0.         0.0245741 ]
  [0.         0.04254975 0.01160645 ... 0.         0.01370493 0.00340339]
  [0.01379052 0.02419179 0.04636839 ... 0.         0.         0.00273273]
  ...
  [0.02585258 0.03813266 0.02434018 ... 0.         0.01933152 0.01125446]
  [0.05265215 0.         0.02531336 ... 0.         0.07814174 0.        ]
  [0.01087265 0.         0.         ... 0.02775771 0.0185217  0.        ]]]","[[0. 0. 0. ... 0. 0. 0.]
 [0. 0. 0. ... 0. 0. 0.]
 [0. 0. 0. ... 0. 0. 0.]
 ...
 [0. 0. 0. ... 0. 0. 0.]
 [0. 0. 0. ... 0. 0. 0.]
 [0. 0. 0. ... 0. 0. 0.]]","[[0. 0. 0. ... 0. 0. 0.]
 [0. 0. 0. ... 0. 0. 0.]
 [0. 0. 0. ... 0. 0. 0.]
 ...
 [0. 0. 0. ... 0. 0. 0.]
 [0. 0. 0. ... 0. 0. 0.]
 [0. 0. 0. ... 0. 0. 0.]]"
"(25, 30)",0.0,1e-05,19.974532833414145,0.32246530314097877,0.386876240993242,"[[[0.99634 1.00036 1.00084 ... 1.00533 0.99911 1.00172]
  [0.99927 1.00081 0.99975 ... 0.99954 0.9991  1.00071]
  [1.00251 1.00098 1.00401 ... 0.99794 1.00004 1.00057]
  ...
  [0.99869 1.00448 1.00334 ... 0.99405 1.0027  1.00121]
  [1.0042  0.99693 1.00043 ... 0.99507 1.00558 0.99501]
  [1.00227 0.99906 0.99865 ... 1.0019  0.99962 0.99473]]

 [[0.99634 1.00331 1.00546 ... 1.00241 0.99942 0.99813]
  [1.00188 0.99234 0.99694 ... 0.9995  0.99515 1.00071]
  [1.00212 0.9967  0.99803 ... 1.00014 1.00265 1.00057]
  ...
  [0.99166 1.0008  1.0015  ... 1.00301 1.00128 1.00001]
  [0.99704 0.9982  0.99533 ... 0.99651 0.99427 1.00279]
  [1.00227 1.0056  1.00119 ... 0.9978  0.99516 0.99835]]]","[[[0.03243563 0.         0.         ... 0.00996974 0.00179763 0.05514596]
  [0.         0.1593727  0.0573629  ... 0.00485428 0.08558544 0.        ]
  [0.         0.07529683 0.08165312 ... 0.         0.         0.        ]
  ...
  [0.1500124  0.03237575 0.00647012 ... 0.         0.00391741 0.01280112]
  [0.10313417 0.00225321 0.09634093 ... 0.01538231 0.17240656 0.        ]
  [0.         0.         0.         ... 0.06355716 0.09098207 0.        ]]

 [[0.         0.10376848 0.16645823 ... 0.         0.         0.        ]
  [0.0761711  0.         0.         ... 0.         0.         0.01065937]
  [0.02465184 0.         0.         ... 0.04259088 0.08767042 0.00855887]
  ...
  [0.         0.         0.         ... 0.21012754 0.         0.        ]
  [0.         0.         0.         ... 0.         0.         0.1850493 ]
  [0.03405223 0.20383745 0.06456547 ... 0.         0.         0.0419926 ]]]","[[0. 0. 0. ... 0. 0. 0.]
 [0. 0. 0. ... 0. 0. 0.]
 [0. 0. 0. ... 0. 0. 0.]
 ...
 [0. 0. 0. ... 0. 0. 0.]
 [0. 0. 0. ... 0. 0. 0.]
 [0. 0. 0. ... 0. 0. 0.]]","[[0. 0. 0. ... 0. 0. 0.]
 [0. 0. 0. ... 0. 0. 0.]
 [0. 0. 0. ... 0. 0. 0.]
 ...
 [0. 0. 0. ... 0. 0. 0.]
 [0. 0. 0. ... 0. 0. 0.]
 [0. 0. 0. ... 0. 0. 0.]]"
"(30, 35)",0.0,1e-05,10.848361851955566,0.32246530314097877,0.3574475060727176,"[[[0.99634 1.00331 1.00546 ... 1.00241 0.99942 0.99813]
  [1.00188 0.99234 0.99694 ... 0.9995  0.99515 1.00071]
  [1.00212 0.9967  0.99803 ... 1.00014 1.00265 1.00057]
  ...
  [0.99166 1.0008  1.0015  ... 1.00301 1.00128 1.00001]
  [0.99704 0.9982  0.99533 ... 0.99651 0.99427 1.00279]
  [1.00227 1.0056  1.00119 ... 0.9978  0.99516 0.99835]]

 [[0.99634 1.00331 1.00546 ... 1.00241 0.99942 0.99813]
  [1.00188 0.99234 0.99694 ... 0.9995  0.99515 1.00071]
  [1.00212 0.9967  0.99803 ... 1.00014 1.00265 1.00057]
  ...
  [0.99166 1.0008  1.0015  ... 1.00301 1.00129 1.00001]
  [0.99704 0.9982  0.99533 ... 0.99651 0.99427 1.00279]
  [1.00227 1.0056  1.00119 ... 0.9978  0.99516 0.99835]]]","[[[0.00000000e+00 6.76319692e+00 1.11444412e+01 ... 4.92662831e+00
   0.00000000e+00 0.00000000e+00]
  [3.84421175e+00 0.00000000e+00 0.00000000e+00 ... 0.00000000e+00
   0.00000000e+00 1.45262723e+00]
  [4.33436877e+00 0.00000000e+00 0.00000000e+00 ... 2.86405389e-01
   5.41652793e+00 1.16637707e+00]
  ...
  [0.00000000e+00 1.63669638e+00 3.06771182e+00 ... 6.15126984e+00
   2.66935326e+00 2.04813128e-02]
  [0.00000000e+00 0.00000000e+00 0.00000000e+00 ... 0.00000000e+00
   0.00000000e+00 5.70218362e+00]
  [4.64062288e+00 1.14293020e+01 2.43396538e+00 ... 0.00000000e+00
   0.00000000e+00 0.00000000e+00]]

 [[1.28382812e+01 0.00000000e+00 0.00000000e+00 ... 0.00000000e+00
   2.03139672e+00 6.55345494e+00]
  [0.00000000e+00 2.69229406e+01 1.07302919e+01 ... 1.75117581e+00
   1.70224198e+01 0.00000000e+00]
  [0.00000000e+00 1.15733738e+01 6.90431157e+00 ... 0.00000000e+00
   0.00000000e+00 0.00000000e+00]
  ...
  [2.93231178e+01 0.00000000e+00 0.00000000e+00 ... 0.00000000e+00
   0.00000000e+00 0.00000000e+00]
  [1.03792607e+01 6.30799930e+00 1.63893616e+01 ... 1.22407510e+01
   2.01199415e+01 0.00000000e+00]
  [0.00000000e+00 0.00000000e+00 0.00000000e+00 ... 7.71134605e+00
   1.69874024e+01 5.78181599e+00]]]","[[0. 0. 0. ... 0. 0. 0.]
 [0. 0. 0. ... 0. 0. 0.]
 [0. 0. 0. ... 0. 0. 0.]
 ...
 [0. 0. 0. ... 0. 0. 0.]
 [0. 0. 0. ... 0. 0. 0.]
 [0. 0. 0. ... 0. 0. 0.]]","[[0. 0. 0. ... 0. 0. 0.]
 [0. 0. 0. ... 0. 0. 0.]
 [0. 0. 0. ... 0. 0. 0.]
 ...
 [0. 0. 0. ... 0. 0. 0.]
 [0. 0. 0. ... 0. 0. 0.]
 [0. 0. 0. ... 0. 0. 0.]]"
"(15, 20)",0.01,2e-06,183.3517742944818,0.32246530314097877,0.9137111579340427,"[[[0.99634 1.00036 1.00084 ... 0.99764 0.99716 0.99708]
  [1.00714 1.00165 1.00371 ... 1.00385 1.00282 0.99895]
  [1.00128 1.00137 0.99854 ... 1.00292 1.00197 1.00158]
  ...
  [1.00564 1.00328 1.00021 ... 0.99429 1.00379 0.99897]
  [0.99994 1.00521 0.99761 ... 1.00104 0.99716 0.99237]
  [0.99947 0.9931  0.99916 ... 0.99946 0.99954 0.99725]]

 [[0.99634 1.00036 1.00084 ... 0.99764 0.99716 0.99708]
  [1.00714 1.00165 1.00371 ... 1.00385 1.00282 0.99895]
  [1.00128 1.00137 0.99854 ... 1.00292 1.00197 1.00158]
  ...
  [1.00564 1.00328 1.00021 ... 0.99429 1.00379 0.99897]
  [0.99994 1.00521 0.99761 ... 1.00104 0.99716 0.99237]
  [0.99947 0.9931  0.99916 ... 0.99946 0.99954 0.99725]]]","[[[0.00000000e+00 0.00000000e+00 0.00000000e+00 ... 0.00000000e+00
   0.00000000e+00 0.00000000e+00]
  [4.47455763e-04 0.00000000e+00 1.04514807e-04 ... 5.36181920e-05
   7.10944223e-05 0.00000000e+00]
  [0.00000000e+00 0.00000000e+00 0.00000000e+00 ... 6.40299798e-05
   0.00000000e+00 0.00000000e+00]
  ...
  [3.09380750e-04 0.00000000e+00 0.00000000e+00 ... 0.00000000e+00
   1.86914853e-04 0.00000000e+00]
  [0.00000000e+00 3.27599281e-04 0.00000000e+00 ... 0.00000000e+00
   0.00000000e+00 0.00000000e+00]
  [0.00000000e+00 0.00000000e+00 0.00000000e+00 ... 0.00000000e+00
   0.00000000e+00 0.00000000e+00]]

 [[6.79081420e-04 1.26381505e-04 2.26273233e-04 ... 5.30328428e-04
   5.14899587e-04 4.36975638e-04]
  [0.00000000e+00 2.88557557e-04 0.00000000e+00 ... 3.43707160e-05
   1.32324882e-05 4.51087782e-04]
  [2.76992607e-04 9.77600166e-05 3.87168556e-04 ... 1.65412512e-05
   1.62713614e-04 1.42239844e-04]
  ...
  [0.00000000e+00 2.72939235e-04 1.98541339e-04 ... 9.41656923e-04
   0.00000000e+00 5.03583223e-04]
  [4.54538780e-04 0.00000000e+00 6.34709434e-04 ... 1.14125289e-04
   5.99572408e-04 8.27232306e-04]
  [1.27672653e-04 9.81056300e-04 2.33480091e-04 ... 4.10915090e-04
   2.14220739e-04 5.04961137e-04]]]","[[0. 0. 0. ... 0. 0. 0.]
 [0. 0. 0. ... 0. 0. 0.]
 [0. 0. 0. ... 0. 0. 0.]
 ...
 [0. 0. 0. ... 0. 0. 0.]
 [0. 0. 0. ... 0. 0. 0.]
 [0. 0. 0. ... 0. 0. 0.]]","[[0. 0. 0. ... 0. 0. 0.]
 [0. 0. 0. ... 0. 0. 0.]
 [0. 0. 0. ... 0. 0. 0.]
 ...
 [0. 0. 0. ... 0. 0. 0.]
 [0. 0. 0. ... 0. 0. 0.]
 [0. 0. 0. ... 0. 0. 0.]]"
"(20, 25)",0.01,2e-06,66.4672114832389,0.32246530314097877,0.5367989981397605,"[[[0.99634 1.00036 1.00084 ... 0.99764 0.99716 0.99708]
  [1.00714 1.00165 1.00371 ... 1.00385 1.00282 0.99895]
  [1.00128 1.00137 0.99854 ... 1.00292 1.00197 1.00158]
  ...
  [1.00564 1.00328 1.00021 ... 0.99429 1.00379 0.99897]
  [0.99994 1.00521 0.99761 ... 1.00104 0.99716 0.99237]
  [0.99947 0.9931  0.99916 ... 0.99946 0.99954 0.99725]]

 [[0.99634 1.00036 1.00084 ... 0.99764 0.99716 0.99708]
  [1.00714 1.00165 1.00371 ... 1.00385 1.00282 0.99895]
  [1.00128 1.00137 0.99854 ... 1.00292 1.00197 1.00158]
  ...
  [1.00564 1.00328 1.00021 ... 0.99428 1.00379 0.99897]
  [0.99994 1.00521 0.99761 ... 1.00104 0.99716 0.99237]
  [0.99947 0.9931  0.99916 ... 0.99946 0.99954 0.99725]]]","[[[0.00000000e+00 0.00000000e+00 0.00000000e+00 ... 0.00000000e+00
   0.00000000e+00 0.00000000e+00]
  [6.14133279e-04 0.00000000e+00 0.00000000e+00 ... 0.00000000e+00
   0.00000000e+00 0.00000000e+00]
  [0.00000000e+00 0.00000000e+00 0.00000000e+00 ... 0.00000000e+00
   0.00000000e+00 0.00000000e+00]
  ...
  [3.42956358e-04 0.00000000e+00 0.00000000e+00 ... 0.00000000e+00
   7.21038761e-05 0.00000000e+00]
  [0.00000000e+00 3.54760208e-04 0.00000000e+00 ... 0.00000000e+00
   0.00000000e+00 0.00000000e+00]
  [0.00000000e+00 0.00000000e+00 0.00000000e+00 ... 0.00000000e+00
   0.00000000e+00 0.00000000e+00]]

 [[2.03010775e-03 9.04086646e-04 1.04418960e-03 ... 1.75159145e-03
   1.69718794e-03 1.58531377e-03]
  [0.00000000e+00 1.15681216e-03 5.27184381e-04 ... 6.12992136e-04
   6.28395710e-04 1.54357390e-03]
  [1.16311104e-03 8.53245583e-04 1.44790859e-03 ... 6.48634852e-04
   9.29993938e-04 9.28036789e-04]
  ...
  [2.42198235e-05 1.00942103e-03 1.00898602e-03 ... 2.54924678e-03
   3.28044066e-04 1.57021520e-03]
  [1.45915999e-03 1.90798540e-06 1.88039052e-03 ... 8.27120442e-04
   1.81678193e-03 2.44259329e-03]
  [9.14727943e-04 2.68217918e-03 1.12928788e-03 ... 1.41712915e-03
   1.07148473e-03 1.64828561e-03]]]","[[0. 0. 0. ... 0. 0. 0.]
 [0. 0. 0. ... 0. 0. 0.]
 [0. 0. 0. ... 0. 0. 0.]
 ...
 [0. 0. 0. ... 0. 0. 0.]
 [0. 0. 0. ... 0. 0. 0.]
 [0. 0. 0. ... 0. 0. 0.]]","[[0. 0. 0. ... 0. 0. 0.]
 [0. 0. 0. ... 0. 0. 0.]
 [0. 0. 0. ... 0. 0. 0.]
 ...
 [0. 0. 0. ... 0. 0. 0.]
 [0. 0. 0. ... 0. 0. 0.]
 [0. 0. 0. ... 0. 0. 0.]]"
"(25, 30)",0.01,2e-06,58.57503712649221,0.32246530314097877,0.5113494741758627,"[[[0.99634 1.00036 1.00084 ... 0.99764 0.99716 0.99708]
  [1.00714 1.00165 1.00371 ... 1.00385 1.00282 0.99895]
  [1.00128 1.00137 0.99854 ... 1.00292 1.00197 1.00158]
  ...
  [1.00564 1.00328 1.00021 ... 0.99428 1.00379 0.99897]
  [0.99994 1.00521 0.99761 ... 1.00104 0.99716 0.99237]
  [0.99947 0.9931  0.99916 ... 0.99946 0.99954 0.99725]]

 [[0.99663 1.005   1.00213 ... 0.99737 0.99716 0.99991]
  [0.99782 1.00557 0.99449 ... 1.00152 1.00146 1.00319]
  [1.0008  0.99935 0.99389 ... 1.00292 0.99919 1.00111]
  ...
  [0.99843 0.99921 1.00517 ... 1.00252 1.00166 1.00167]
  [0.99856 1.00428 1.00105 ... 1.00459 0.99319 0.99237]
  [1.00123 0.99788 0.9959  ... 1.00525 1.00045 1.00426]]]","[[[0.         0.00131728 0.         ... 0.         0.         0.        ]
  [0.         0.00298736 0.         ... 0.         0.         0.00219954]
  [0.         0.         0.         ... 0.         0.         0.        ]
  ...
  [0.         0.         0.0014159  ... 0.00449706 0.         0.00078089]
  [0.         0.         0.00021364 ... 0.0007742  0.         0.        ]
  [0.         0.00056711 0.         ... 0.00308868 0.         0.00393869]]

 [[0.00471228 0.         0.00241114 ... 0.0045897  0.00537    0.0027774 ]
  [0.01287434 0.         0.01270073 ... 0.00476309 0.00471402 0.        ]
  [0.00354343 0.00620135 0.00941848 ... 0.00282915 0.00690796 0.00430807]
  ...
  [0.01082063 0.00605204 0.         ... 0.         0.00550466 0.00047368]
  [0.00462607 0.00394565 0.00117174 ... 0.00046465 0.00922471 0.00682409]
  [0.00376168 0.00076652 0.00907412 ... 0.         0.00375394 0.        ]]]","[[0. 0. 0. ... 0. 0. 0.]
 [0. 0. 0. ... 0. 0. 0.]
 [0. 0. 0. ... 0. 0. 0.]
 ...
 [0. 0. 0. ... 0. 0. 0.]
 [0. 0. 0. ... 0. 0. 0.]
 [0. 0. 0. ... 0. 0. 0.]]","[[0. 0. 0. ... 0. 0. 0.]
 [0. 0. 0. ... 0. 0. 0.]
 [0. 0. 0. ... 0. 0. 0.]
 ...
 [0. 0. 0. ... 0. 0. 0.]
 [0. 0. 0. ... 0. 0. 0.]
 [0. 0. 0. ... 0. 0. 0.]]"
"(30, 35)",0.01,2e-06,100.0,0.32246530314097877,0.0,"[[[0.99663 1.005   1.00213 ... 0.99737 0.99716 0.99991]
  [0.99782 1.00557 0.99449 ... 1.00152 1.00146 1.00319]
  [1.0008  0.99935 0.99389 ... 1.00292 0.99919 1.00111]
  ...
  [0.99843 0.99921 1.00517 ... 1.00252 1.00166 1.00167]
  [0.99856 1.00428 1.00105 ... 1.00459 0.99319 0.99237]
  [1.00123 0.99788 0.9959  ... 1.00525 1.00045 1.00426]]

 [[0.99663 1.005   1.00213 ... 0.99737 0.99716 0.99991]
  [0.99782 1.00557 0.99449 ... 1.00152 1.00146 1.00319]
  [1.0008  0.99935 0.9939  ... 1.00292 0.99919 1.00111]
  ...
  [0.99843 0.99921 1.00517 ... 1.00252 1.00166 1.00167]
  [0.99856 1.00428 1.00105 ... 1.00459 0.99319 0.99237]
  [1.00124 0.99788 0.9959  ... 1.00525 1.00045 1.00426]]]","[[[0.         0.         0.         ... 0.         0.         0.        ]
  [0.         0.         0.         ... 0.         0.         0.        ]
  [0.         0.         0.         ... 0.         0.         0.        ]
  ...
  [0.         0.         0.         ... 0.         0.         0.        ]
  [0.         0.         0.         ... 0.         0.         0.        ]
  [0.         0.         0.         ... 0.         0.         0.        ]]

 [[0.1211658  0.11682078 0.11821345 ... 0.12060441 0.12086299 0.11947247]
  [0.12074522 0.11622614 0.12224282 ... 0.11837145 0.11851554 0.11741705]
  [0.11888654 0.11968524 0.12239465 ... 0.11762454 0.12001994 0.11884162]
  ...
  [0.1204198  0.11981821 0.11697486 ... 0.11794909 0.11842606 0.11826733]
  [0.12001332 0.11711956 0.11910827 ... 0.11694066 0.12295122 0.12321222]
  [0.11876666 0.12050783 0.12175035 ... 0.11656884 0.11901114 0.11676827]]]","[[0. 0. 0. ... 0. 0. 0.]
 [0. 0. 0. ... 0. 0. 0.]
 [0. 0. 0. ... 0. 0. 0.]
 ...
 [0. 0. 0. ... 0. 0. 0.]
 [0. 0. 0. ... 0. 0. 0.]
 [0. 0. 0. ... 0. 0. 0.]]","[[0. 0. 0. ... 0. 0. 0.]
 [0. 0. 0. ... 0. 0. 0.]
 [0. 0. 0. ... 0. 0. 0.]
 ...
 [0. 0. 0. ... 0. 0. 0.]
 [0. 0. 0. ... 0. 0. 0.]
 [0. 0. 0. ... 0. 0. 0.]]"
"(15, 20)",0.01,5e-06,196.30448505925935,0.32246530314097877,0.9554791559666568,"[[[0.99634 1.00036 1.00084 ... 0.99954 0.9991  1.00071]
  [1.00251 1.00098 1.00401 ... 1.00324 1.0023  0.99612]
  [0.9975  0.99989 1.00321 ... 1.00388 0.99905 0.99687]
  ...
  [1.0047  1.00233 1.00125 ... 0.99917 0.99864 1.00161]
  [0.999   1.00618 1.00168 ... 0.99697 0.99763 1.00116]
  [1.00046 0.99718 1.00279 ... 1.0024  1.00065 0.99712]]

 [[0.99634 1.00331 1.00546 ... 0.9995  0.99515 1.00071]
  [1.00212 0.9967  0.99803 ... 0.99863 0.99695 0.99612]
  [0.99934 1.00681 1.00434 ... 1.00388 0.99905 1.00418]
  ...
  [1.00668 1.0016  0.99544 ... 0.99917 0.99618 0.99838]
  [1.00439 1.00153 1.00327 ... 1.00167 1.00144 0.99923]
  [0.99808 0.99923 1.00062 ... 0.99865 0.99447 1.00383]]]","[[[0.00000000e+00 3.04386890e-04 5.83313544e-04 ... 0.00000000e+00
   0.00000000e+00 0.00000000e+00]
  [1.21475237e-05 0.00000000e+00 0.00000000e+00 ... 0.00000000e+00
   0.00000000e+00 0.00000000e+00]
  [0.00000000e+00 8.15250920e-04 2.98330673e-04 ... 1.52788556e-04
   0.00000000e+00 6.82070569e-04]
  ...
  [2.64711554e-04 0.00000000e+00 0.00000000e+00 ... 0.00000000e+00
   0.00000000e+00 0.00000000e+00]
  [4.27567564e-04 0.00000000e+00 2.45932464e-04 ... 1.55793636e-04
   1.36619678e-04 0.00000000e+00]
  [0.00000000e+00 0.00000000e+00 0.00000000e+00 ... 0.00000000e+00
   0.00000000e+00 5.51359331e-04]]

 [[4.08739526e-04 0.00000000e+00 0.00000000e+00 ... 2.52367732e-04
   7.62110036e-04 1.28087983e-04]
  [3.64476316e-05 6.86426058e-04 6.44248157e-04 ... 6.39581945e-04
   7.19856383e-04 3.85958462e-04]
  [6.30041081e-05 0.00000000e+00 0.00000000e+00 ... 0.00000000e+00
   2.13397257e-04 0.00000000e+00]
  ...
  [0.00000000e+00 2.88309285e-04 9.56996083e-04 ... 6.59631400e-04
   8.78776872e-04 7.88952452e-04]
  [0.00000000e+00 5.77547049e-04 0.00000000e+00 ... 0.00000000e+00
   0.00000000e+00 6.03062203e-04]
  [5.94220826e-04 8.62037458e-05 3.05846635e-04 ... 7.36301427e-04
   1.12319244e-03 0.00000000e+00]]]","[[0. 0. 0. ... 0. 0. 0.]
 [0. 0. 0. ... 0. 0. 0.]
 [0. 0. 0. ... 0. 0. 0.]
 ...
 [0. 0. 0. ... 0. 0. 0.]
 [0. 0. 0. ... 0. 0. 0.]
 [0. 0. 0. ... 0. 0. 0.]]","[[0. 0. 0. ... 0. 0. 0.]
 [0. 0. 0. ... 0. 0. 0.]
 [0. 0. 0. ... 0. 0. 0.]
 ...
 [0. 0. 0. ... 0. 0. 0.]
 [0. 0. 0. ... 0. 0. 0.]
 [0. 0. 0. ... 0. 0. 0.]]"
"(20, 25)",0.01,5e-06,85.6062950754988,0.32246530314097877,0.5985159020639468,"[[[0.99634 1.00331 1.00546 ... 0.9995  0.99515 1.00071]
  [1.00212 0.9967  0.99803 ... 0.99863 0.99695 0.99612]
  [0.99934 1.00681 1.00434 ... 1.00388 0.99905 1.00418]
  ...
  [1.00668 1.0016  0.99544 ... 0.99917 0.99618 0.99838]
  [1.00439 1.00153 1.00327 ... 1.00167 1.00144 0.99923]
  [0.99808 0.99923 1.00062 ... 0.99865 0.99447 1.00383]]

 [[0.99634 1.00036 1.00084 ... 0.99954 0.99909 1.00071]
  [1.00251 1.00098 1.00401 ... 1.00324 1.0023  0.99612]
  [0.9975  0.99989 1.00321 ... 1.00388 0.99905 0.99687]
  ...
  [1.0047  1.00233 1.00125 ... 0.99917 0.99864 1.00161]
  [0.999   1.00618 1.00327 ... 0.99697 0.99763 1.00116]
  [1.00046 0.99718 1.00279 ... 1.0024  1.00065 0.99712]]]","[[[0.00000000e+00 0.00000000e+00 0.00000000e+00 ... 0.00000000e+00
   3.69440056e-04 0.00000000e+00]
  [0.00000000e+00 5.04952960e-04 1.20566023e-03 ... 1.05982950e-03
   1.07525275e-03 0.00000000e+00]
  [0.00000000e+00 0.00000000e+00 0.00000000e+00 ... 0.00000000e+00
   0.00000000e+00 0.00000000e+00]
  ...
  [0.00000000e+00 0.00000000e+00 7.18669401e-04 ... 2.78072486e-05
   2.21706679e-04 5.94586398e-04]
  [0.00000000e+00 1.24932561e-03 0.00000000e+00 ... 0.00000000e+00
   0.00000000e+00 3.08774394e-04]
  [2.08458069e-04 0.00000000e+00 2.07783706e-04 ... 1.03527315e-03
   1.27656398e-03 0.00000000e+00]]

 [[1.36056333e-03 1.68655288e-03 2.18022074e-03 ... 6.21317364e-04
   0.00000000e+00 5.71200886e-04]
  [3.85340582e-04 0.00000000e+00 0.00000000e+00 ... 0.00000000e+00
   0.00000000e+00 1.31963125e-03]
  [1.69722709e-03 2.92022767e-03 1.01804886e-03 ... 2.83536884e-04
   8.92044470e-04 3.13331723e-03]
  ...
  [7.61986254e-04 7.12846060e-04 0.00000000e+00 ... 0.00000000e+00
   0.00000000e+00 0.00000000e+00]
  [2.45637845e-03 0.00000000e+00 9.70551241e-04 ... 1.68494060e-03
   1.67709246e-03 0.00000000e+00]
  [2.99896596e-05 2.01631384e-03 1.59254629e-04 ... 0.00000000e+00
   0.00000000e+00 2.82089638e-03]]]","[[0. 0. 0. ... 0. 0. 0.]
 [0. 0. 0. ... 0. 0. 0.]
 [0. 0. 0. ... 0. 0. 0.]
 ...
 [0. 0. 0. ... 0. 0. 0.]
 [0. 0. 0. ... 0. 0. 0.]
 [0. 0. 0. ... 0. 0. 0.]]","[[0. 0. 0. ... 0. 0. 0.]
 [0. 0. 0. ... 0. 0. 0.]
 [0. 0. 0. ... 0. 0. 0.]
 ...
 [0. 0. 0. ... 0. 0. 0.]
 [0. 0. 0. ... 0. 0. 0.]
 [0. 0. 0. ... 0. 0. 0.]]"
"(25, 30)",0.01,5e-06,74.67896563729236,0.32246530314097877,0.563279056065821,"[[[0.99634 1.00036 1.00084 ... 0.99954 0.99909 1.00071]
  [1.00251 1.00098 1.00401 ... 1.00324 1.0023  0.99612]
  [0.9975  0.99989 1.00321 ... 1.00388 0.99905 0.99687]
  ...
  [1.0047  1.00233 1.00125 ... 0.99917 0.99864 1.00161]
  [0.999   1.00618 1.00327 ... 0.99697 0.99763 1.00116]
  [1.00046 0.99718 1.00279 ... 1.0024  1.00065 0.99712]]

 [[0.99634 1.00036 1.00084 ... 0.99954 0.9991  1.00071]
  [1.00251 1.00098 1.00401 ... 1.00324 1.0023  0.99612]
  [0.9975  0.99989 1.00321 ... 1.00388 0.99905 0.99687]
  ...
  [1.0047  1.00233 1.00125 ... 0.99917 0.99864 1.00161]
  [0.999   1.00618 1.00168 ... 0.99697 0.99763 1.00116]
  [1.00046 0.99718 1.00279 ... 1.0024  1.00065 0.99712]]]","[[[0.         0.         0.         ... 0.         0.         0.        ]
  [0.         0.         0.         ... 0.         0.         0.        ]
  [0.         0.         0.         ... 0.         0.         0.        ]
  ...
  [0.         0.         0.         ... 0.         0.         0.        ]
  [0.         0.         0.         ... 0.         0.         0.        ]
  [0.         0.         0.         ... 0.         0.         0.        ]]

 [[0.00413081 0.00321348 0.00321602 ... 0.00298616 0.00318428 0.00280145]
  [0.00252284 0.00314319 0.00243116 ... 0.00218809 0.00242728 0.00409521]
  [0.00392312 0.00348505 0.00266506 ... 0.00208355 0.00335123 0.00394622]
  ...
  [0.0021709  0.00302179 0.00333102 ... 0.00270357 0.00311769 0.00266472]
  [0.0035962  0.00185892 0.0041421  ... 0.00334859 0.0033984  0.00270594]
  [0.00302038 0.00413462 0.0027318  ... 0.0020775  0.00266455 0.00376377]]]","[[0. 0. 0. ... 0. 0. 0.]
 [0. 0. 0. ... 0. 0. 0.]
 [0. 0. 0. ... 0. 0. 0.]
 ...
 [0. 0. 0. ... 0. 0. 0.]
 [0. 0. 0. ... 0. 0. 0.]
 [0. 0. 0. ... 0. 0. 0.]]","[[0. 0. 0. ... 0. 0. 0.]
 [0. 0. 0. ... 0. 0. 0.]
 [0. 0. 0. ... 0. 0. 0.]
 ...
 [0. 0. 0. ... 0. 0. 0.]
 [0. 0. 0. ... 0. 0. 0.]
 [0. 0. 0. ... 0. 0. 0.]]"
"(30, 35)",0.01,5e-06,100.0,0.32246530314097877,0.0,"[[[0.99634 1.00036 1.00084 ... 0.99954 0.9991  1.00071]
  [1.00251 1.00098 1.00401 ... 1.00324 1.0023  0.99612]
  [0.9975  0.99989 1.00321 ... 1.00388 0.99905 0.99687]
  ...
  [1.0047  1.00233 1.00125 ... 0.99917 0.99864 1.00161]
  [0.999   1.00618 1.00168 ... 0.99697 0.99763 1.00116]
  [1.00046 0.99718 1.00279 ... 1.0024  1.00065 0.99712]]

 [[0.99634 1.00036 1.00084 ... 0.99954 0.99909 1.00071]
  [1.00251 1.00098 1.00401 ... 1.00324 1.0023  0.99612]
  [0.9975  0.99989 1.00321 ... 1.00388 0.99905 0.99687]
  ...
  [1.0047  1.00233 1.00125 ... 0.99917 0.99864 1.00161]
  [0.999   1.00618 1.00327 ... 0.99697 0.99763 1.00116]
  [1.00046 0.99718 1.00279 ... 1.0024  1.00065 0.99712]]]","[[[0.         0.         0.         ... 0.         0.         0.        ]
  [0.         0.         0.         ... 0.         0.         0.        ]
  [0.         0.         0.         ... 0.         0.         0.        ]
  ...
  [0.         0.         0.         ... 0.         0.         0.        ]
  [0.         0.         0.         ... 0.         0.         0.        ]
  [0.         0.         0.         ... 0.         0.         0.        ]]

 [[0.18469776 0.18321826 0.18354816 ... 0.18254274 0.1829852  0.18240388]
  [0.18199914 0.18308656 0.18201882 ... 0.18118141 0.1816759  0.1845354 ]
  [0.18425078 0.18355557 0.18225168 ... 0.18097021 0.18316472 0.18423908]
  ...
  [0.18110987 0.18250465 0.18305506 ... 0.18203793 0.18273243 0.1819581 ]
  [0.18360831 0.18084449 0.1804391  ... 0.18316057 0.18327014 0.18214826]
  [0.18280532 0.18471428 0.18255025 ... 0.18105831 0.18209302 0.1839705 ]]]","[[0. 0. 0. ... 0. 0. 0.]
 [0. 0. 0. ... 0. 0. 0.]
 [0. 0. 0. ... 0. 0. 0.]
 ...
 [0. 0. 0. ... 0. 0. 0.]
 [0. 0. 0. ... 0. 0. 0.]
 [0. 0. 0. ... 0. 0. 0.]]","[[0. 0. 0. ... 0. 0. 0.]
 [0. 0. 0. ... 0. 0. 0.]
 [0. 0. 0. ... 0. 0. 0.]
 ...
 [0. 0. 0. ... 0. 0. 0.]
 [0. 0. 0. ... 0. 0. 0.]
 [0. 0. 0. ... 0. 0. 0.]]"
"(15, 20)",0.01,1e-05,209.33770164620705,0.32246530314097877,0.9975067573427779,"[[[0.99634 1.00036 1.00084 ... 1.00533 0.99911 1.00172]
  [0.99927 1.00081 0.99975 ... 0.99954 0.9991  1.00071]
  [1.00251 1.00098 1.00401 ... 0.99794 1.00004 1.00057]
  ...
  [0.99869 1.00448 1.00334 ... 0.99405 1.0027  1.00121]
  [1.0042  0.99693 1.00043 ... 0.99507 1.00558 0.99501]
  [1.00227 0.99906 0.99865 ... 1.0019  0.99962 0.99473]]

 [[0.99634 1.00036 1.00084 ... 1.00533 0.99911 1.00172]
  [0.99927 1.00081 0.99975 ... 0.99954 0.9991  1.00071]
  [1.00251 1.00098 1.00401 ... 0.99794 1.00004 1.00057]
  ...
  [0.99869 1.00448 1.00334 ... 0.99405 1.0027  1.00121]
  [1.0042  0.99693 1.00043 ... 0.99507 1.00558 0.99501]
  [1.00227 0.99906 0.99865 ... 1.0019  0.99962 0.99473]]]","[[[0.00072577 0.00089562 0.00092648 ... 0.0011322  0.00084643 0.00100563]
  [0.00082255 0.00086428 0.00077307 ... 0.0008954  0.000854   0.00091415]
  [0.00096953 0.00084799 0.00098383 ... 0.00083639 0.00091929 0.0009269 ]
  ...
  [0.000896   0.00113181 0.00100734 ... 0.00080762 0.00111046 0.00104004]
  [0.00112922 0.00073744 0.00092074 ... 0.0007905  0.00123953 0.00071011]
  [0.00103358 0.00086351 0.00087129 ... 0.00103896 0.00091764 0.00070529]]

 [[0.         0.         0.         ... 0.         0.         0.        ]
  [0.         0.         0.         ... 0.         0.         0.        ]
  [0.         0.         0.         ... 0.         0.         0.        ]
  ...
  [0.         0.         0.         ... 0.         0.         0.        ]
  [0.         0.         0.         ... 0.         0.         0.        ]
  [0.         0.         0.         ... 0.         0.         0.        ]]]","[[0. 0. 0. ... 0. 0. 0.]
 [0. 0. 0. ... 0. 0. 0.]
 [0. 0. 0. ... 0. 0. 0.]
 ...
 [0. 0. 0. ... 0. 0. 0.]
 [0. 0. 0. ... 0. 0. 0.]
 [0. 0. 0. ... 0. 0. 0.]]","[[0. 0. 0. ... 0. 0. 0.]
 [0. 0. 0. ... 0. 0. 0.]
 [0. 0. 0. ... 0. 0. 0.]
 ...
 [0. 0. 0. ... 0. 0. 0.]
 [0. 0. 0. ... 0. 0. 0.]
 [0. 0. 0. ... 0. 0. 0.]]"
"(20, 25)",0.01,1e-05,110.65780251327716,0.32246530314097877,0.6792983214645636,"[[[0.99634 1.00036 1.00084 ... 1.00533 0.99911 1.00172]
  [0.99927 1.00081 0.99975 ... 0.99954 0.9991  1.00071]
  [1.00251 1.00098 1.00401 ... 0.99794 1.00004 1.00057]
  ...
  [0.99869 1.00448 1.00334 ... 0.99405 1.0027  1.00121]
  [1.0042  0.99693 1.00043 ... 0.99507 1.00558 0.99501]
  [1.00227 0.99906 0.99865 ... 1.0019  0.99962 0.99473]]

 [[0.99634 1.00331 1.00546 ... 1.00241 0.99942 0.99813]
  [1.00188 0.99234 0.99694 ... 0.9995  0.99515 1.00071]
  [1.00212 0.9967  0.99803 ... 1.00014 1.00265 1.00057]
  ...
  [0.99166 1.0008  1.0015  ... 1.00301 1.00129 1.00001]
  [0.99704 0.9982  0.99533 ... 0.99651 0.99427 1.00279]
  [1.00227 1.0056  1.00119 ... 0.9978  0.99516 0.99835]]]","[[[0.         0.00086989 0.00126923 ... 0.         0.00030487 0.        ]
  [0.00097647 0.         0.         ... 0.         0.         0.00017721]
  [0.00015669 0.         0.         ... 0.         0.00069124 0.        ]
  ...
  [0.         0.         0.         ... 0.00162245 0.         0.        ]
  [0.         0.         0.         ... 0.         0.         0.00217453]
  [0.00017919 0.0016661  0.00011028 ... 0.         0.         0.0007946 ]]

 [[0.00037915 0.         0.         ... 0.00027065 0.         0.00067373]
  [0.         0.0023414  0.00046161 ... 0.0004877  0.00147573 0.        ]
  [0.         0.00067604 0.00052248 ... 0.00029153 0.         0.00020016]
  ...
  [0.00285849 0.00128436 0.00098733 ... 0.         0.00053526 0.00049874]
  [0.00201758 0.00013962 0.00232243 ... 0.00050883 0.00312875 0.        ]
  [0.         0.         0.00021243 ... 0.00101883 0.00102293 0.        ]]]","[[0. 0. 0. ... 0. 0. 0.]
 [0. 0. 0. ... 0. 0. 0.]
 [0. 0. 0. ... 0. 0. 0.]
 ...
 [0. 0. 0. ... 0. 0. 0.]
 [0. 0. 0. ... 0. 0. 0.]
 [0. 0. 0. ... 0. 0. 0.]]","[[0. 0. 0. ... 0. 0. 0.]
 [0. 0. 0. ... 0. 0. 0.]
 [0. 0. 0. ... 0. 0. 0.]
 ...
 [0. 0. 0. ... 0. 0. 0.]
 [0. 0. 0. ... 0. 0. 0.]
 [0. 0. 0. ... 0. 0. 0.]]"
"(25, 30)",0.01,1e-05,46.01886183035144,0.32246530314097877,0.4708601654442497,"[[[0.99634 1.00331 1.00546 ... 1.00241 0.99942 0.99813]
  [1.00188 0.99234 0.99694 ... 0.9995  0.99515 1.00071]
  [1.00212 0.9967  0.99803 ... 1.00014 1.00265 1.00057]
  ...
  [0.99166 1.0008  1.0015  ... 1.00301 1.00129 1.00001]
  [0.99704 0.9982  0.99533 ... 0.99651 0.99427 1.00279]
  [1.00227 1.0056  1.00119 ... 0.9978  0.99516 0.99835]]

 [[0.99634 1.00036 1.00084 ... 1.00533 0.99911 1.00172]
  [0.99927 1.00081 0.99975 ... 0.99954 0.9991  1.00071]
  [1.00251 1.00098 1.00401 ... 0.99794 1.00004 1.00057]
  ...
  [0.99869 1.00448 1.00334 ... 0.99405 1.0027  1.00121]
  [1.0042  0.99693 1.00043 ... 0.99507 1.00558 0.99501]
  [1.00227 0.99906 0.99865 ... 1.0019  0.99962 0.99473]]]","[[[0.         0.         0.         ... 0.         0.         0.        ]
  [0.         0.         0.         ... 0.         0.         0.        ]
  [0.         0.         0.         ... 0.         0.         0.        ]
  ...
  [0.00116762 0.00054621 0.         ... 0.         0.         0.        ]
  [0.0019241  0.         0.         ... 0.         0.00455577 0.        ]
  [0.         0.         0.         ... 0.         0.         0.        ]]

 [[0.00679316 0.00781687 0.00924935 ... 0.00356234 0.00668347 0.00352203]
  [0.00874669 0.00316214 0.0075785  ... 0.00651101 0.00460171 0.00651567]
  [0.00679784 0.00638005 0.00579123 ... 0.00842393 0.00832971 0.0067692 ]
  ...
  [0.         0.00078335 0.0026733  ... 0.0077695  0.00119819 0.00202733]
  [0.         0.00627017 0.0020054  ... 0.00531419 0.         0.00968798]
  [0.00440596 0.00882117 0.00697074 ... 0.00259038 0.00299538 0.0081376 ]]]","[[0. 0. 0. ... 0. 0. 0.]
 [0. 0. 0. ... 0. 0. 0.]
 [0. 0. 0. ... 0. 0. 0.]
 ...
 [0. 0. 0. ... 0. 0. 0.]
 [0. 0. 0. ... 0. 0. 0.]
 [0. 0. 0. ... 0. 0. 0.]]","[[0. 0. 0. ... 0. 0. 0.]
 [0. 0. 0. ... 0. 0. 0.]
 [0. 0. 0. ... 0. 0. 0.]
 ...
 [0. 0. 0. ... 0. 0. 0.]
 [0. 0. 0. ... 0. 0. 0.]
 [0. 0. 0. ... 0. 0. 0.]]"
"(30, 35)",0.01,1e-05,100.0,0.32246530314097877,0.0,"[[[0.99634 1.00036 1.00084 ... 1.00533 0.99911 1.00172]
  [0.99927 1.00081 0.99975 ... 0.99954 0.9991  1.00071]
  [1.00251 1.00098 1.00401 ... 0.99794 1.00004 1.00057]
  ...
  [0.99869 1.00448 1.00334 ... 0.99405 1.0027  1.00121]
  [1.0042  0.99693 1.00043 ... 0.99507 1.00558 0.99501]
  [1.00227 0.99906 0.99865 ... 1.0019  0.99962 0.99473]]

 [[0.99634 1.00331 1.00546 ... 1.00241 0.99942 0.99813]
  [1.00188 0.99234 0.99694 ... 0.9995  0.99515 1.00071]
  [1.00212 0.9967  0.99803 ... 1.00014 1.00265 1.00057]
  ...
  [0.99166 1.0008  1.0015  ... 1.00301 1.00129 1.00001]
  [0.99704 0.9982  0.99533 ... 0.99651 0.99427 1.00279]
  [1.00227 1.0056  1.00119 ... 0.9978  0.99516 0.99835]]]","[[[0.         0.         0.         ... 0.         0.         0.        ]
  [0.         0.         0.         ... 0.         0.         0.        ]
  [0.         0.         0.         ... 0.         0.         0.        ]
  ...
  [0.         0.         0.         ... 0.         0.         0.        ]
  [0.         0.         0.         ... 0.         0.         0.        ]
  [0.         0.         0.         ... 0.         0.         0.        ]]

 [[0.63593594 0.63012554 0.62738721 ... 0.6375916  0.6340147  0.63894425]
  [0.62902108 0.64415134 0.63528441 ... 0.6353685  0.6402584  0.63314212]
  [0.63197502 0.63630343 0.63632469 ... 0.63199305 0.62938648 0.63302824]
  ...
  [0.6496966  0.64254304 0.64017564 ... 0.63160939 0.64152821 0.64068858]
  [0.64623658 0.63621879 0.64488779 ... 0.63938776 0.65266957 0.62711524]
  [0.63533766 0.62736176 0.63367303 ... 0.64203643 0.64222098 0.63215765]]]","[[0. 0. 0. ... 0. 0. 0.]
 [0. 0. 0. ... 0. 0. 0.]
 [0. 0. 0. ... 0. 0. 0.]
 ...
 [0. 0. 0. ... 0. 0. 0.]
 [0. 0. 0. ... 0. 0. 0.]
 [0. 0. 0. ... 0. 0. 0.]]","[[0. 0. 0. ... 0. 0. 0.]
 [0. 0. 0. ... 0. 0. 0.]
 [0. 0. 0. ... 0. 0. 0.]
 ...
 [0. 0. 0. ... 0. 0. 0.]
 [0. 0. 0. ... 0. 0. 0.]
 [0. 0. 0. ... 0. 0. 0.]]"
"(15, 20)",0.05,2e-06,69.68954320823703,0.32246530314097877,0.5471898999049837,"[[[0.99634 1.00036 1.00084 ... 0.99764 0.99716 0.99708]
  [1.00714 1.00165 1.00371 ... 1.00385 1.00282 0.99895]
  [1.00128 1.00137 0.99854 ... 1.00292 1.00197 1.00158]
  ...
  [1.00564 1.00328 1.00021 ... 0.99429 1.00379 0.99897]
  [0.99994 1.00521 0.99761 ... 1.00104 0.99716 0.99237]
  [0.99947 0.9931  0.99916 ... 0.99946 0.99954 0.99725]]

 [[0.99663 1.005   1.00213 ... 0.99737 0.99716 0.99991]
  [0.99782 1.00557 0.99449 ... 1.00152 1.00146 1.00319]
  [1.0008  0.99935 0.9939  ... 1.00292 0.99919 1.00111]
  ...
  [0.99843 0.99921 1.00518 ... 1.00252 1.00166 1.00167]
  [0.99856 1.00428 1.00105 ... 1.00459 0.99319 0.99237]
  [1.00124 0.99788 0.9959  ... 1.00525 1.00045 1.00426]]]","[[[0.         0.00217357 0.00209862 ... 0.03356904 0.05990491 0.        ]
  [0.00946521 0.         0.         ... 0.         0.         0.        ]
  [0.03173454 0.02638552 0.         ... 0.         0.         0.        ]
  ...
  [0.00914262 0.         0.0076793  ... 0.01385567 0.         0.01878364]
  [0.05086044 0.         0.         ... 0.         0.         0.        ]
  [0.01820322 0.03419592 0.         ... 0.02921367 0.01410562 0.        ]]

 [[0.03733569 0.         0.         ... 0.         0.         0.03852551]
  [0.         0.00629335 0.03473051 ... 0.05911072 0.00242298 0.00655142]
  [0.         0.         0.06382633 ... 0.01819289 0.01024325 0.00230832]
  ...
  [0.         0.07234363 0.         ... 0.         0.01119559 0.        ]
  [0.         0.00457963 0.04084123 ... 0.00600041 0.053467   0.02081505]
  [0.         0.         0.02609565 ... 0.         0.         0.05150745]]]","[[0. 0. 0. ... 0. 0. 0.]
 [0. 0. 0. ... 0. 0. 0.]
 [0. 0. 0. ... 0. 0. 0.]
 ...
 [0. 0. 0. ... 0. 0. 0.]
 [0. 0. 0. ... 0. 0. 0.]
 [0. 0. 0. ... 0. 0. 0.]]","[[0. 0. 0. ... 0. 0. 0.]
 [0. 0. 0. ... 0. 0. 0.]
 [0. 0. 0. ... 0. 0. 0.]
 ...
 [0. 0. 0. ... 0. 0. 0.]
 [0. 0. 0. ... 0. 0. 0.]
 [0. 0. 0. ... 0. 0. 0.]]"
"(20, 25)",0.05,2e-06,47.14695821288318,0.32246530314097877,0.4744978848639031,"[[[0.99663 1.005   1.00213 ... 0.99737 0.99716 0.99991]
  [0.99782 1.00557 0.99449 ... 1.00152 1.00146 1.00319]
  [1.0008  0.99935 0.9939  ... 1.00292 0.99919 1.00111]
  ...
  [0.99843 0.99921 1.00518 ... 1.00252 1.00166 1.00167]
  [0.99856 1.00428 1.00105 ... 1.00459 0.99319 0.99237]
  [1.00124 0.99788 0.9959  ... 1.00525 1.00045 1.00426]]

 [[0.99634 1.00036 1.00084 ... 0.99764 0.99716 0.99708]
  [1.00714 1.00165 1.00371 ... 1.00385 1.00282 0.99895]
  [1.00128 1.00137 0.99854 ... 1.00292 1.00197 1.00158]
  ...
  [1.00564 1.00328 1.00021 ... 0.99429 1.00379 0.99897]
  [0.99994 1.00521 0.99761 ... 1.00104 0.99716 0.99237]
  [0.99947 0.9931  0.99916 ... 0.99946 0.99954 0.99725]]]","[[[0.32461409 0.         0.         ... 0.28616463 0.29496592 0.08593194]
  [0.0742889  0.24158027 0.08235856 ... 0.         0.         0.        ]
  [0.         0.         0.         ... 0.         0.15813739 0.        ]
  ...
  [0.27884595 0.         0.         ... 0.41704032 0.         0.15899389]
  [0.49229577 0.         0.33282542 ... 0.43593275 0.         0.        ]
  [0.19044378 0.         0.         ... 0.22535692 0.         0.        ]]

 [[0.         0.19427253 0.12294179 ... 0.         0.         0.        ]
  [0.         0.         0.         ... 0.08702726 0.0696398  0.43443375]
  [0.12113459 0.02410826 0.33685845 ... 0.13466692 0.         0.24623385]
  ...
  [0.         0.4349374  0.10688244 ... 0.         0.0561676  0.        ]
  [0.         0.13775364 0.         ... 0.         0.44664111 0.21737526]
  [0.         0.56641049 0.12053571 ... 0.         0.29583255 0.29851814]]]","[[0. 0. 0. ... 0. 0. 0.]
 [0. 0. 0. ... 0. 0. 0.]
 [0. 0. 0. ... 0. 0. 0.]
 ...
 [0. 0. 0. ... 0. 0. 0.]
 [0. 0. 0. ... 0. 0. 0.]
 [0. 0. 0. ... 0. 0. 0.]]","[[0. 0. 0. ... 0. 0. 0.]
 [0. 0. 0. ... 0. 0. 0.]
 [0. 0. 0. ... 0. 0. 0.]
 ...
 [0. 0. 0. ... 0. 0. 0.]
 [0. 0. 0. ... 0. 0. 0.]
 [0. 0. 0. ... 0. 0. 0.]]"
"(25, 30)",0.05,2e-06,48.09133818418154,0.32246530314097877,0.477543182601153,"[[[0.99634 1.00036 1.00084 ... 0.99764 0.99716 0.99708]
  [1.00714 1.00165 1.00371 ... 1.00385 1.00282 0.99895]
  [1.00128 1.00137 0.99854 ... 1.00292 1.00197 1.00158]
  ...
  [1.00564 1.00328 1.00021 ... 0.99429 1.00379 0.99897]
  [0.99994 1.00521 0.99761 ... 1.00104 0.99716 0.99237]
  [0.99947 0.9931  0.99916 ... 0.99946 0.99954 0.99725]]

 [[0.99634 1.00036 1.00084 ... 0.99764 0.99716 0.99708]
  [1.00714 1.00165 1.00371 ... 1.00385 1.00282 0.99895]
  [1.00128 1.00137 0.99854 ... 1.00292 1.00197 1.00158]
  ...
  [1.00564 1.00328 1.00021 ... 0.99428 1.00379 0.99897]
  [0.99994 1.00521 0.99761 ... 1.00104 0.99716 0.99237]
  [0.99947 0.9931  0.99916 ... 0.99946 0.99954 0.99725]]]","[[[0.09038301 0.         0.06549748 ... 0.17724016 0.         0.        ]
  [0.0113919  0.         0.         ... 0.         0.12060144 0.13196395]
  [0.         0.26697391 0.06709166 ... 0.         0.01195596 0.        ]
  ...
  [0.         0.06989722 0.08572793 ... 0.         0.         0.        ]
  [0.07381537 0.         0.         ... 0.05642669 0.0766171  0.1521937 ]
  [0.14825042 0.         0.15319824 ... 0.15201075 0.         0.        ]]

 [[0.         0.12137728 0.         ... 0.         0.0711974  0.09777453]
  [0.         0.14311065 0.16994235 ... 0.16147851 0.         0.        ]
  [0.11947764 0.         0.         ... 0.12585158 0.         0.17509093]
  ...
  [0.05600211 0.         0.         ... 0.04940013 0.06746715 0.09845979]
  [0.         0.29537016 0.06574574 ... 0.         0.         0.        ]
  [0.         0.04830913 0.         ... 0.         0.21962205 0.18439091]]]","[[0. 0. 0. ... 0. 0. 0.]
 [0. 0. 0. ... 0. 0. 0.]
 [0. 0. 0. ... 0. 0. 0.]
 ...
 [0. 0. 0. ... 0. 0. 0.]
 [0. 0. 0. ... 0. 0. 0.]
 [0. 0. 0. ... 0. 0. 0.]]","[[0. 0. 0. ... 0. 0. 0.]
 [0. 0. 0. ... 0. 0. 0.]
 [0. 0. 0. ... 0. 0. 0.]
 ...
 [0. 0. 0. ... 0. 0. 0.]
 [0. 0. 0. ... 0. 0. 0.]
 [0. 0. 0. ... 0. 0. 0.]]"
"(30, 35)",0.05,2e-06,65.56063784753326,0.32246530314097877,0.11105499356477137,"[[[0.99634 1.00036 1.00084 ... 0.99764 0.99716 0.99708]
  [1.00714 1.00165 1.00371 ... 1.00385 1.00282 0.99895]
  [1.00128 1.00137 0.99854 ... 1.00292 1.00197 1.00158]
  ...
  [1.00564 1.00328 1.00021 ... 0.99428 1.00379 0.99897]
  [0.99994 1.00521 0.99761 ... 1.00104 0.99716 0.99237]
  [0.99947 0.9931  0.99916 ... 0.99946 0.99954 0.99725]]

 [[0.99634 1.00036 1.00084 ... 0.99764 0.99716 0.99708]
  [1.00714 1.00165 1.00371 ... 1.00385 1.00282 0.99895]
  [1.00128 1.00137 0.99854 ... 1.00292 1.00197 1.00158]
  ...
  [1.00564 1.00328 1.00021 ... 0.99428 1.00379 0.99897]
  [0.99994 1.00521 0.99761 ... 1.00104 0.99716 0.99237]
  [0.99947 0.9931  0.99916 ... 0.99946 0.99954 0.99725]]]","[[[0.         0.24025064 0.         ... 0.         0.         0.        ]
  [0.         0.08957965 0.         ... 0.14065238 0.08100901 0.        ]
  [0.         0.         0.21731522 ... 0.         0.         0.06534509]
  ...
  [0.         0.28449509 0.         ... 0.         0.         0.        ]
  [0.05571978 0.20959705 0.         ... 0.13542567 0.         0.        ]
  [0.         0.         0.         ... 0.         0.         0.26086454]]

 [[0.33814228 0.         0.15911986 ... 0.15842798 0.13442217 0.49367427]
  [0.14366893 0.         0.74113497 ... 0.         0.00609493 0.52726592]
  [0.35795498 0.85304867 0.         ... 0.62518868 0.73816665 0.02357949]
  ...
  [0.69799797 0.         0.46789865 ... 0.19644796 0.33732487 0.88758944]
  [0.03432354 0.         0.5293351  ... 0.         0.10010932 0.18606778]
  [0.52399901 0.94066382 0.18813184 ... 0.81207075 0.62730963 0.        ]]]","[[0. 0. 0. ... 0. 0. 0.]
 [0. 0. 0. ... 0. 0. 0.]
 [0. 0. 0. ... 0. 0. 0.]
 ...
 [0. 0. 0. ... 0. 0. 0.]
 [0. 0. 0. ... 0. 0. 0.]
 [0. 0. 0. ... 0. 0. 0.]]","[[0. 0. 0. ... 0. 0. 0.]
 [0. 0. 0. ... 0. 0. 0.]
 [0. 0. 0. ... 0. 0. 0.]
 ...
 [0. 0. 0. ... 0. 0. 0.]
 [0. 0. 0. ... 0. 0. 0.]
 [0. 0. 0. ... 0. 0. 0.]]"
"(15, 20)",0.05,5e-06,160.18759600380085,0.32246530314097877,0.8390147201888816,"[[[0.99634 1.00036 1.00084 ... 0.99954 0.9991  1.00071]
  [1.00251 1.00098 1.00401 ... 1.00324 1.0023  0.99612]
  [0.9975  0.99989 1.00321 ... 1.00388 0.99905 0.99687]
  ...
  [1.0047  1.00233 1.00125 ... 0.99917 0.99864 1.00161]
  [0.999   1.00618 1.00168 ... 0.99697 0.99763 1.00116]
  [1.00046 0.99718 1.00279 ... 1.0024  1.00065 0.99712]]

 [[0.99634 1.00036 1.00084 ... 0.99954 0.99909 1.00071]
  [1.00251 1.00098 1.00401 ... 1.00324 1.0023  0.99612]
  [0.9975  0.99989 1.00321 ... 1.00388 0.99905 0.99687]
  ...
  [1.0047  1.00233 1.00125 ... 0.99917 0.99864 1.00161]
  [0.999   1.00618 1.00168 ... 0.99697 0.99763 1.00116]
  [1.00046 0.99718 1.00279 ... 1.0024  1.00065 0.99712]]]","[[[0.         0.         0.         ... 0.         0.         0.        ]
  [0.         0.         0.         ... 0.         0.         0.        ]
  [0.         0.         0.         ... 0.         0.         0.        ]
  ...
  [0.         0.         0.         ... 0.         0.         0.        ]
  [0.         0.         0.         ... 0.         0.         0.        ]
  [0.         0.         0.         ... 0.         0.         0.        ]]

 [[0.00245679 0.00198894 0.00222878 ... 0.00207586 0.00217889 0.00191503]
  [0.0018077  0.00210168 0.00181615 ... 0.00183848 0.00183841 0.00240512]
  [0.002264   0.00214097 0.00187973 ... 0.00176264 0.00212663 0.00225476]
  ...
  [0.00179617 0.0021204  0.002054   ... 0.00205549 0.00218219 0.00201641]
  [0.00231685 0.00160962 0.00216807 ... 0.00225113 0.00226497 0.00194377]
  [0.0019573  0.00245331 0.00187918 ... 0.00184879 0.00196516 0.00235867]]]","[[0. 0. 0. ... 0. 0. 0.]
 [0. 0. 0. ... 0. 0. 0.]
 [0. 0. 0. ... 0. 0. 0.]
 ...
 [0. 0. 0. ... 0. 0. 0.]
 [0. 0. 0. ... 0. 0. 0.]
 [0. 0. 0. ... 0. 0. 0.]]","[[0. 0. 0. ... 0. 0. 0.]
 [0. 0. 0. ... 0. 0. 0.]
 [0. 0. 0. ... 0. 0. 0.]
 ...
 [0. 0. 0. ... 0. 0. 0.]
 [0. 0. 0. ... 0. 0. 0.]
 [0. 0. 0. ... 0. 0. 0.]]"
"(20, 25)",0.05,5e-06,59.13834326200951,0.32246530314097877,0.5131659410133703,"[[[0.99634 1.00036 1.00084 ... 0.99954 0.99909 1.00071]
  [1.00251 1.00098 1.00401 ... 1.00324 1.0023  0.99612]
  [0.9975  0.99989 1.00321 ... 1.00388 0.99905 0.99687]
  ...
  [1.0047  1.00233 1.00125 ... 0.99917 0.99864 1.00161]
  [0.999   1.00618 1.00168 ... 0.99697 0.99763 1.00116]
  [1.00046 0.99718 1.00279 ... 1.0024  1.00065 0.99712]]

 [[0.99634 1.00331 1.00546 ... 0.9995  0.99515 1.00071]
  [1.00212 0.9967  0.99803 ... 1.00114 0.99695 0.99612]
  [0.99934 1.00681 0.99807 ... 1.00388 0.99905 1.00418]
  ...
  [1.00668 1.0016  0.99543 ... 0.99917 0.99618 0.99838]
  [1.00439 1.00153 1.00327 ... 1.00167 1.00144 0.99923]
  [0.99808 0.99923 1.00062 ... 0.99865 0.99447 1.00383]]]","[[[0.         0.         0.         ... 0.         0.         0.        ]
  [0.         0.         0.         ... 0.         0.         0.        ]
  [0.         0.         0.         ... 0.         0.         0.        ]
  ...
  [0.         0.         0.         ... 0.         0.         0.        ]
  [0.         0.         0.         ... 0.         0.         0.        ]
  [0.         0.         0.         ... 0.         0.         0.        ]]

 [[0.00732033 0.00513145 0.00408973 ... 0.00653079 0.00847876 0.00651966]
  [0.00619064 0.00886101 0.00854882 ... 0.00742278 0.00862255 0.00750079]
  [0.00677993 0.002842   0.00869822 ... 0.00558717 0.00728091 0.00347614]
  ...
  [0.00495805 0.00638932 0.00942243 ... 0.0077566  0.00823036 0.00804883]
  [0.00406088 0.00838571 0.00479488 ... 0.00500936 0.00502745 0.00802242]
  [0.00823286 0.00587555 0.00780803 ... 0.00826582 0.00989177 0.00357794]]]","[[0. 0. 0. ... 0. 0. 0.]
 [0. 0. 0. ... 0. 0. 0.]
 [0. 0. 0. ... 0. 0. 0.]
 ...
 [0. 0. 0. ... 0. 0. 0.]
 [0. 0. 0. ... 0. 0. 0.]
 [0. 0. 0. ... 0. 0. 0.]]","[[0. 0. 0. ... 0. 0. 0.]
 [0. 0. 0. ... 0. 0. 0.]
 [0. 0. 0. ... 0. 0. 0.]
 ...
 [0. 0. 0. ... 0. 0. 0.]
 [0. 0. 0. ... 0. 0. 0.]
 [0. 0. 0. ... 0. 0. 0.]]"
"(25, 30)",0.05,5e-06,75.2467919129235,0.32246530314097877,0.565110098786849,"[[[0.99634 1.00331 1.00546 ... 0.9995  0.99515 1.00071]
  [1.00212 0.9967  0.99803 ... 1.00114 0.99695 0.99612]
  [0.99934 1.00681 0.99807 ... 1.00388 0.99905 1.00418]
  ...
  [1.00668 1.0016  0.99543 ... 0.99917 0.99618 0.99838]
  [1.00439 1.00153 1.00327 ... 1.00167 1.00144 0.99923]
  [0.99808 0.99923 1.00062 ... 0.99865 0.99447 1.00383]]

 [[0.99634 1.00036 1.00084 ... 0.99954 0.99909 1.00071]
  [1.00251 1.00098 1.00401 ... 1.00324 1.0023  0.99612]
  [0.9975  0.99989 1.00321 ... 1.00388 0.99905 0.99687]
  ...
  [1.0047  1.00233 1.00125 ... 0.99917 0.99864 1.00161]
  [0.999   1.00618 1.00168 ... 0.99697 0.99763 1.00116]
  [1.00046 0.99718 1.00279 ... 1.0024  1.00065 0.99712]]]","[[[0.         0.         0.         ... 0.         0.         0.        ]
  [0.         0.         0.         ... 0.         0.         0.        ]
  [0.         0.         0.         ... 0.         0.         0.        ]
  ...
  [0.         0.         0.         ... 0.         0.         0.        ]
  [0.         0.00090319 0.         ... 0.         0.         0.        ]
  [0.         0.         0.         ... 0.         0.00015661 0.        ]]

 [[0.00889386 0.0092011  0.01118032 ... 0.00782969 0.00547505 0.00677635]
  [0.00632533 0.00425981 0.00271135 ... 0.00489409 0.00312349 0.00865291]
  [0.00887173 0.01323749 0.00302205 ... 0.00690541 0.00728377 0.01353573]
  ...
  [0.00749792 0.00724954 0.00294293 ... 0.00610571 0.00588916 0.00468288]
  [0.01227929 0.00153702 0.0097409  ... 0.01128054 0.01101902 0.00469015]
  [0.00456812 0.0106251  0.00439592 ... 0.00370141 0.00226696 0.01358771]]]","[[0. 0. 0. ... 0. 0. 0.]
 [0. 0. 0. ... 0. 0. 0.]
 [0. 0. 0. ... 0. 0. 0.]
 ...
 [0. 0. 0. ... 0. 0. 0.]
 [0. 0. 0. ... 0. 0. 0.]
 [0. 0. 0. ... 0. 0. 0.]]","[[0. 0. 0. ... 0. 0. 0.]
 [0. 0. 0. ... 0. 0. 0.]
 [0. 0. 0. ... 0. 0. 0.]
 ...
 [0. 0. 0. ... 0. 0. 0.]
 [0. 0. 0. ... 0. 0. 0.]
 [0. 0. 0. ... 0. 0. 0.]]"
"(30, 35)",0.05,5e-06,100.0,0.32246530314097877,0.0,"[[[0.99634 1.00036 1.00084 ... 0.99954 0.99909 1.00071]
  [1.00251 1.00098 1.00401 ... 1.00324 1.0023  0.99612]
  [0.9975  0.99989 1.00321 ... 1.00388 0.99905 0.99687]
  ...
  [1.0047  1.00233 1.00125 ... 0.99917 0.99864 1.00161]
  [0.999   1.00618 1.00168 ... 0.99697 0.99763 1.00116]
  [1.00046 0.99718 1.00279 ... 1.0024  1.00065 0.99712]]

 [[0.99634 1.00036 1.00084 ... 0.99954 0.9991  1.00071]
  [1.00251 1.00098 1.00401 ... 1.00324 1.0023  0.99612]
  [0.9975  0.99989 1.00321 ... 1.00388 0.99905 0.99687]
  ...
  [1.0047  1.00233 1.00125 ... 0.99917 0.99864 1.00161]
  [0.999   1.00618 1.00168 ... 0.99697 0.99763 1.00116]
  [1.00046 0.99718 1.00279 ... 1.0024  1.00065 0.99712]]]","[[[0.         0.         0.         ... 0.         0.         0.        ]
  [0.         0.         0.         ... 0.         0.         0.        ]
  [0.         0.         0.         ... 0.         0.         0.        ]
  ...
  [0.         0.         0.         ... 0.         0.         0.        ]
  [0.         0.         0.         ... 0.         0.         0.        ]
  [0.         0.         0.         ... 0.         0.         0.        ]]

 [[0.45658625 0.45413855 0.45443918 ... 0.4547785  0.45511322 0.45383467]
  [0.45303293 0.45430191 0.45268562 ... 0.45313324 0.45330679 0.45659612]
  [0.45577767 0.45480487 0.45300605 ... 0.45276906 0.4550768  0.45595918]
  ...
  [0.45229768 0.45388731 0.45389016 ... 0.45450921 0.45507392 0.45376587]
  [0.45543912 0.45131431 0.45416602 ... 0.45580813 0.45564239 0.45370026]
  [0.45391593 0.45630245 0.45306828 ... 0.45320785 0.45400718 0.45610075]]]","[[0. 0. 0. ... 0. 0. 0.]
 [0. 0. 0. ... 0. 0. 0.]
 [0. 0. 0. ... 0. 0. 0.]
 ...
 [0. 0. 0. ... 0. 0. 0.]
 [0. 0. 0. ... 0. 0. 0.]
 [0. 0. 0. ... 0. 0. 0.]]","[[0. 0. 0. ... 0. 0. 0.]
 [0. 0. 0. ... 0. 0. 0.]
 [0. 0. 0. ... 0. 0. 0.]
 ...
 [0. 0. 0. ... 0. 0. 0.]
 [0. 0. 0. ... 0. 0. 0.]
 [0. 0. 0. ... 0. 0. 0.]]"
"(15, 20)",0.05,1e-05,209.88203022352639,0.32246530314097877,0.9992620281397138,"[[[0.99634 1.00036 1.00084 ... 1.00533 0.99911 1.00172]
  [0.99927 1.00081 0.99975 ... 0.99954 0.9991  1.00071]
  [1.00251 1.00098 1.00401 ... 0.99794 1.00004 1.00057]
  ...
  [0.99869 1.00448 1.00334 ... 0.99405 1.0027  1.00121]
  [1.0042  0.99693 1.00043 ... 0.99507 1.00558 0.99501]
  [1.00227 0.99906 0.99865 ... 1.0019  0.99962 0.99835]]

 [[0.99634 1.00331 1.00546 ... 1.00241 0.99942 0.99813]
  [1.00188 0.99234 0.99694 ... 0.9995  0.99515 1.00071]
  [1.00212 0.9967  0.99803 ... 1.00014 1.00265 1.00057]
  ...
  [0.99166 1.0008  1.0015  ... 1.00301 1.00129 1.00001]
  [0.99704 0.9982  0.99533 ... 0.99651 0.99427 1.00279]
  [1.00227 1.0056  1.00119 ... 0.9978  0.99516 0.99835]]]","[[[0.00077413 0.00136793 0.00159396 ... 0.00096709 0.00104879 0.00065862]
  [0.00135867 0.         0.00069155 ... 0.00101454 0.00047693 0.001084  ]
  [0.00114611 0.00062242 0.00060596 ... 0.00122693 0.00143455 0.00108275]
  ...
  [0.         0.0005816  0.00073621 ... 0.00166131 0.00082417 0.00075233]
  [0.00019144 0.0008914  0.00020177 ... 0.00082753 0.         0.00169312]
  [0.00106357 0.00167804 0.00111132 ... 0.00058357 0.00042067 0.00088117]]

 [[0.         0.         0.         ... 0.         0.         0.        ]
  [0.         0.         0.         ... 0.         0.         0.        ]
  [0.         0.         0.         ... 0.         0.         0.        ]
  ...
  [0.         0.         0.         ... 0.         0.         0.        ]
  [0.         0.         0.         ... 0.         0.         0.        ]
  [0.         0.         0.         ... 0.         0.         0.        ]]]","[[0. 0. 0. ... 0. 0. 0.]
 [0. 0. 0. ... 0. 0. 0.]
 [0. 0. 0. ... 0. 0. 0.]
 ...
 [0. 0. 0. ... 0. 0. 0.]
 [0. 0. 0. ... 0. 0. 0.]
 [0. 0. 0. ... 0. 0. 0.]]","[[0. 0. 0. ... 0. 0. 0.]
 [0. 0. 0. ... 0. 0. 0.]
 [0. 0. 0. ... 0. 0. 0.]
 ...
 [0. 0. 0. ... 0. 0. 0.]
 [0. 0. 0. ... 0. 0. 0.]
 [0. 0. 0. ... 0. 0. 0.]]"
"(20, 25)",0.05,1e-05,72.67764136000645,0.32246530314097877,0.5568254796682369,"[[[0.99634 1.00331 1.00546 ... 1.00241 0.99942 0.99813]
  [1.00188 0.99234 0.99694 ... 0.9995  0.99515 1.00071]
  [1.00212 0.9967  0.99803 ... 1.00014 1.00265 1.00057]
  ...
  [0.99166 1.0008  1.0015  ... 1.00301 1.00129 1.00001]
  [0.99704 0.9982  0.99533 ... 0.99651 0.99427 1.00279]
  [1.00227 1.0056  1.00119 ... 0.9978  0.99516 0.99835]]

 [[0.99634 1.00036 1.00084 ... 1.00533 0.99911 1.00172]
  [0.99927 1.00081 0.99975 ... 0.99954 0.99909 1.00071]
  [1.00251 1.00098 1.00401 ... 0.99794 1.00004 1.00057]
  ...
  [0.99869 1.00448 1.00334 ... 0.99405 1.0027  1.00121]
  [1.0042  0.99693 1.00043 ... 0.99507 1.00558 0.99501]
  [1.00227 0.99906 0.99865 ... 1.0019  0.99962 0.99835]]]","[[[0.         0.         0.         ... 0.         0.         0.        ]
  [0.         0.         0.         ... 0.         0.         0.        ]
  [0.         0.         0.         ... 0.         0.         0.        ]
  ...
  [0.         0.         0.         ... 0.         0.         0.        ]
  [0.         0.         0.         ... 0.         0.         0.        ]
  [0.         0.         0.         ... 0.         0.         0.        ]]

 [[0.00665575 0.00686868 0.00734414 ... 0.00471139 0.00646052 0.00492686]
  [0.0071334  0.00404973 0.00595478 ... 0.00632936 0.00533524 0.00614705]
  [0.00594921 0.00540107 0.00466027 ... 0.00724845 0.00707105 0.00624486]
  ...
  [0.00414867 0.00413792 0.00497361 ... 0.00879464 0.00491239 0.00514877]
  [0.00331194 0.00681231 0.00451164 ... 0.00694614 0.0020051  0.00878207]
  [0.00564218 0.00778411 0.00683222 ... 0.00471014 0.00498686 0.0062197 ]]]","[[0. 0. 0. ... 0. 0. 0.]
 [0. 0. 0. ... 0. 0. 0.]
 [0. 0. 0. ... 0. 0. 0.]
 ...
 [0. 0. 0. ... 0. 0. 0.]
 [0. 0. 0. ... 0. 0. 0.]
 [0. 0. 0. ... 0. 0. 0.]]","[[0. 0. 0. ... 0. 0. 0.]
 [0. 0. 0. ... 0. 0. 0.]
 [0. 0. 0. ... 0. 0. 0.]
 ...
 [0. 0. 0. ... 0. 0. 0.]
 [0. 0. 0. ... 0. 0. 0.]
 [0. 0. 0. ... 0. 0. 0.]]"
"(25, 30)",0.05,1e-05,63.14838671330173,0.32246530314097877,0.5260969397846648,"[[[0.99634 1.00036 1.00084 ... 1.00533 0.99911 1.00172]
  [0.99927 1.00081 0.99975 ... 0.99954 0.99909 1.00071]
  [1.00251 1.00098 1.00401 ... 0.99794 1.00004 1.00057]
  ...
  [0.99869 1.00448 1.00334 ... 0.99405 1.0027  1.00121]
  [1.0042  0.99693 1.00043 ... 0.99507 1.00558 0.99501]
  [1.00227 0.99906 0.99865 ... 1.0019  0.99962 0.99835]]

 [[0.99634 1.00036 1.00084 ... 1.00533 0.99911 1.00172]
  [0.99927 1.00081 0.99975 ... 0.99954 0.9991  1.00071]
  [1.00251 1.00098 1.00401 ... 0.99794 1.00004 1.00057]
  ...
  [0.99869 1.00448 1.00334 ... 0.99405 1.0027  1.00121]
  [1.0042  0.99693 1.00043 ... 0.99507 1.00558 0.99501]
  [1.00227 0.99906 0.99865 ... 1.0019  0.99962 0.99835]]]","[[[0.         0.         0.         ... 0.         0.         0.        ]
  [0.         0.         0.         ... 0.         0.         0.        ]
  [0.         0.         0.         ... 0.         0.         0.        ]
  ...
  [0.         0.         0.         ... 0.         0.         0.        ]
  [0.         0.         0.         ... 0.         0.         0.        ]
  [0.         0.         0.         ... 0.         0.         0.        ]]

 [[0.0099777  0.00898271 0.00900899 ... 0.00762447 0.00922848 0.00847924]
  [0.00934563 0.00902357 0.00952421 ... 0.0092382  0.00932118 0.0089091 ]
  [0.008632   0.00916173 0.00846023 ... 0.00980156 0.00920087 0.00906877]
  ...
  [0.00894021 0.00750539 0.00804901 ... 0.01002561 0.00781123 0.00817896]
  [0.00760472 0.00969509 0.00881843 ... 0.00997479 0.00715461 0.01005171]
  [0.00826449 0.00917858 0.00939193 ... 0.00832273 0.00893651 0.00923554]]]","[[0. 0. 0. ... 0. 0. 0.]
 [0. 0. 0. ... 0. 0. 0.]
 [0. 0. 0. ... 0. 0. 0.]
 ...
 [0. 0. 0. ... 0. 0. 0.]
 [0. 0. 0. ... 0. 0. 0.]
 [0. 0. 0. ... 0. 0. 0.]]","[[0. 0. 0. ... 0. 0. 0.]
 [0. 0. 0. ... 0. 0. 0.]
 [0. 0. 0. ... 0. 0. 0.]
 ...
 [0. 0. 0. ... 0. 0. 0.]
 [0. 0. 0. ... 0. 0. 0.]
 [0. 0. 0. ... 0. 0. 0.]]"
"(30, 35)",0.05,1e-05,100.0,0.32246530314097877,0.0,"[[[0.99634 1.00036 1.00084 ... 1.00533 0.99911 1.00172]
  [0.99927 1.00081 0.99975 ... 0.99954 0.9991  1.00071]
  [1.00251 1.00098 1.00401 ... 0.99794 1.00004 1.00057]
  ...
  [0.99869 1.00448 1.00334 ... 0.99405 1.0027  1.00121]
  [1.0042  0.99693 1.00043 ... 0.99507 1.00558 0.99501]
  [1.00227 0.99906 0.99865 ... 1.0019  0.99962 0.99835]]

 [[0.99634 1.00036 1.00084 ... 1.00533 0.99911 1.00172]
  [0.99927 1.00081 0.99975 ... 0.99954 0.9991  1.00071]
  [1.00251 1.00098 1.00401 ... 0.99794 1.00004 1.00057]
  ...
  [0.99869 1.00448 1.00334 ... 0.99405 1.0027  1.00121]
  [1.0042  0.99693 1.00043 ... 0.99507 1.00558 0.99501]
  [1.00227 0.99906 0.99865 ... 1.0019  0.99962 0.99835]]]","[[[0.         0.         0.         ... 0.         0.         0.        ]
  [0.         0.         0.         ... 0.         0.         0.        ]
  [0.         0.         0.         ... 0.         0.         0.        ]
  ...
  [0.         0.         0.         ... 0.         0.         0.        ]
  [0.         0.         0.         ... 0.         0.         0.        ]
  [0.         0.         0.         ... 0.         0.         0.        ]]

 [[0.12254156 0.12070874 0.12016956 ... 0.11899104 0.12158592 0.12027536]
  [0.12139173 0.1206273  0.12112611 ... 0.12150216 0.12162078 0.1208312 ]
  [0.12008849 0.12075177 0.11936624 ... 0.12229603 0.12126853 0.12096194]
  ...
  [0.12130151 0.1186239  0.11920674 ... 0.12344102 0.11975722 0.12022123]
  [0.11890514 0.1221134  0.12038312 ... 0.12324925 0.11849559 0.12314849]
  [0.11986779 0.12112921 0.12116274 ... 0.12028364 0.12126658 0.12165992]]]","[[0. 0. 0. ... 0. 0. 0.]
 [0. 0. 0. ... 0. 0. 0.]
 [0. 0. 0. ... 0. 0. 0.]
 ...
 [0. 0. 0. ... 0. 0. 0.]
 [0. 0. 0. ... 0. 0. 0.]
 [0. 0. 0. ... 0. 0. 0.]]","[[0. 0. 0. ... 0. 0. 0.]
 [0. 0. 0. ... 0. 0. 0.]
 [0. 0. 0. ... 0. 0. 0.]
 ...
 [0. 0. 0. ... 0. 0. 0.]
 [0. 0. 0. ... 0. 0. 0.]
 [0. 0. 0. ... 0. 0. 0.]]"
"(15, 20)",0.1,2e-06,52.02974625310772,0.32246530314097877,0.4902431821195446,"[[[0.99634 1.00036 1.00084 ... 0.99764 0.99716 0.99708]
  [1.00714 1.00165 1.00371 ... 1.00385 1.00282 0.99895]
  [1.00128 1.00137 0.99854 ... 1.00292 1.00197 1.00158]
  ...
  [1.00564 1.00328 1.00021 ... 0.99428 1.00379 0.99897]
  [0.99994 1.00521 0.99761 ... 1.00104 0.99716 0.99237]
  [0.99947 0.9931  0.99916 ... 0.99946 0.99954 0.99725]]

 [[0.99663 1.005   1.00213 ... 0.99737 0.99716 0.99991]
  [0.99782 1.00557 0.99449 ... 1.00152 1.00146 1.00319]
  [1.0008  0.99935 0.9939  ... 1.00292 0.99919 1.00111]
  ...
  [0.99843 0.99921 1.00518 ... 1.00252 1.00166 1.00167]
  [0.99856 1.00428 1.00105 ... 1.00459 0.99319 0.99237]
  [1.00124 0.99788 0.9959  ... 1.00525 1.00045 1.00426]]]","[[[0.         0.         0.         ... 0.         0.0222999  0.        ]
  [0.         0.01737446 0.29977871 ... 0.04132178 0.21517302 0.        ]
  [0.         0.22026805 0.54316071 ... 0.40575876 0.43814803 0.        ]
  ...
  [0.         0.16849452 0.31613964 ... 0.03433668 0.01119874 0.        ]
  [0.1570453  0.32301662 0.26061122 ... 0.13370323 0.18527037 0.11593073]
  [0.02105529 0.03418565 0.         ... 0.         0.13122051 0.08830115]]

 [[0.31247856 0.21205738 0.15550336 ... 0.21150691 0.         0.13568303]
  [0.31907867 0.         0.         ... 0.         0.         0.11356609]
  [0.20534    0.         0.         ... 0.         0.         0.01815623]
  ...
  [0.19964519 0.         0.         ... 0.         0.         0.22591179]
  [0.         0.         0.         ... 0.         0.         0.        ]
  [0.         0.         0.10359755 ... 0.02582016 0.         0.        ]]]","[[0. 0. 0. ... 0. 0. 0.]
 [0. 0. 0. ... 0. 0. 0.]
 [0. 0. 0. ... 0. 0. 0.]
 ...
 [0. 0. 0. ... 0. 0. 0.]
 [0. 0. 0. ... 0. 0. 0.]
 [0. 0. 0. ... 0. 0. 0.]]","[[0. 0. 0. ... 0. 0. 0.]
 [0. 0. 0. ... 0. 0. 0.]
 [0. 0. 0. ... 0. 0. 0.]
 ...
 [0. 0. 0. ... 0. 0. 0.]
 [0. 0. 0. ... 0. 0. 0.]
 [0. 0. 0. ... 0. 0. 0.]]"
"(20, 25)",0.1,2e-06,46.83924136882872,0.32246530314097877,0.47350560480990705,"[[[0.99663 1.005   1.00213 ... 0.99737 0.99716 0.99991]
  [0.99782 1.00557 0.99449 ... 1.00152 1.00146 1.00319]
  [1.0008  0.99935 0.9939  ... 1.00292 0.99919 1.00111]
  ...
  [0.99843 0.99921 1.00518 ... 1.00252 1.00166 1.00167]
  [0.99856 1.00428 1.00105 ... 1.00459 0.99319 0.99237]
  [1.00124 0.99788 0.9959  ... 1.00525 1.00045 1.00426]]

 [[0.99634 1.00036 1.00084 ... 0.99764 0.99716 0.99708]
  [1.00714 1.00165 1.00371 ... 1.00385 1.00282 0.99895]
  [1.00128 1.00137 0.99854 ... 1.00292 1.00197 1.00158]
  ...
  [1.00564 1.00328 1.00021 ... 0.99428 1.00379 0.99897]
  [0.99994 1.00521 0.99761 ... 1.00104 0.99716 0.99237]
  [0.99947 0.9931  0.99916 ... 0.99946 0.99954 0.99725]]]","[[[0.54960677 0.         0.         ... 0.         1.63681766 1.95708941]
  [0.         0.         0.33922713 ... 1.04229775 0.02143658 0.        ]
  [0.         1.49131816 1.94489969 ... 0.43093686 0.         0.        ]
  ...
  [0.         1.57839788 2.15037583 ... 1.66710205 0.         0.        ]
  [0.05232475 1.16630801 0.77685907 ... 0.         0.         0.        ]
  [1.14063532 0.         0.         ... 0.         0.65453691 1.71400184]]

 [[0.         1.56075769 2.15959893 ... 0.01085344 0.         0.        ]
  [0.89948754 0.26952797 0.         ... 0.         0.         0.91152745]
  [0.86771049 0.         0.         ... 0.         2.02363368 2.78192967]
  ...
  [1.2905715  0.         0.         ... 0.         0.97964482 2.88811388]
  [0.         0.         0.         ... 0.47744403 1.21949579 1.26240152]
  [0.         0.59138589 1.8854357  ... 1.40482605 0.         0.        ]]]","[[0. 0. 0. ... 0. 0. 0.]
 [0. 0. 0. ... 0. 0. 0.]
 [0. 0. 0. ... 0. 0. 0.]
 ...
 [0. 0. 0. ... 0. 0. 0.]
 [0. 0. 0. ... 0. 0. 0.]
 [0. 0. 0. ... 0. 0. 0.]]","[[0. 0. 0. ... 0. 0. 0.]
 [0. 0. 0. ... 0. 0. 0.]
 [0. 0. 0. ... 0. 0. 0.]
 ...
 [0. 0. 0. ... 0. 0. 0.]
 [0. 0. 0. ... 0. 0. 0.]
 [0. 0. 0. ... 0. 0. 0.]]"
"(25, 30)",0.1,2e-06,47.59249480491705,0.32246530314097877,0.4759345857860091,"[[[0.99634 1.00036 1.00084 ... 0.99764 0.99716 0.99708]
  [1.00714 1.00165 1.00371 ... 1.00385 1.00282 0.99895]
  [1.00128 1.00137 0.99854 ... 1.00292 1.00197 1.00158]
  ...
  [1.00564 1.00328 1.00021 ... 0.99428 1.00379 0.99897]
  [0.99994 1.00521 0.99761 ... 1.00104 0.99716 0.99237]
  [0.99947 0.9931  0.99916 ... 0.99946 0.99954 0.99725]]

 [[0.99634 1.00036 1.00084 ... 0.99764 0.99716 0.99708]
  [1.00714 1.00165 1.00371 ... 1.00385 1.00282 0.99895]
  [1.00128 1.00137 0.99854 ... 1.00292 1.00197 1.00158]
  ...
  [1.00564 1.00328 1.00021 ... 0.99428 1.00379 0.99897]
  [0.99994 1.00521 0.99761 ... 1.00104 0.99716 0.99237]
  [0.99947 0.9931  0.99916 ... 0.99946 0.99954 0.99725]]]","[[[0.47933716 0.         0.         ... 0.         0.24233025 0.99465999]
  [0.         0.         0.         ... 0.         0.03250598 0.75127885]
  [0.         0.         0.57032111 ... 0.         0.         0.08093908]
  ...
  [0.         0.07976495 0.         ... 0.75981941 0.54929145 0.        ]
  [0.         0.167632   0.35409599 ... 0.14874998 0.         0.        ]
  [0.12121501 0.42330866 0.70529289 ... 0.         0.         0.        ]]

 [[0.         0.4237061  0.43006261 ... 0.46170004 0.         0.        ]
  [0.12875218 1.18748329 0.77700114 ... 0.82810122 0.         0.        ]
  [0.49344941 0.40013123 0.         ... 0.77093119 0.2470883  0.        ]
  ...
  [0.31964079 0.         0.60643564 ... 0.         0.         0.38602794]
  [0.72059099 0.         0.         ... 0.         0.32654928 1.04329687]
  [0.         0.         0.         ... 0.18992461 0.2667215  0.07992461]]]","[[0. 0. 0. ... 0. 0. 0.]
 [0. 0. 0. ... 0. 0. 0.]
 [0. 0. 0. ... 0. 0. 0.]
 ...
 [0. 0. 0. ... 0. 0. 0.]
 [0. 0. 0. ... 0. 0. 0.]
 [0. 0. 0. ... 0. 0. 0.]]","[[0. 0. 0. ... 0. 0. 0.]
 [0. 0. 0. ... 0. 0. 0.]
 [0. 0. 0. ... 0. 0. 0.]
 ...
 [0. 0. 0. ... 0. 0. 0.]
 [0. 0. 0. ... 0. 0. 0.]
 [0. 0. 0. ... 0. 0. 0.]]"
"(30, 35)",0.1,2e-06,38.532513661549594,0.32246530314097877,0.1982113161544238,"[[[0.99634 1.00036 1.00084 ... 0.99764 0.99716 0.99708]
  [1.00714 1.00165 1.00371 ... 1.00385 1.00282 0.99895]
  [1.00128 1.00137 0.99854 ... 1.00292 1.00197 1.00158]
  ...
  [1.00564 1.00328 1.00021 ... 0.99428 1.00379 0.99897]
  [0.99994 1.00521 0.99761 ... 1.00104 0.99716 0.99237]
  [0.99947 0.9931  0.99916 ... 0.99946 0.99954 0.99725]]

 [[0.99634 1.00036 1.00084 ... 0.99764 0.99716 0.99708]
  [1.00714 1.00165 1.00371 ... 1.00385 1.00282 0.99895]
  [1.00128 1.00137 0.99854 ... 1.00292 1.00197 1.00158]
  ...
  [1.00564 1.00328 1.00021 ... 0.99429 1.00379 0.99897]
  [0.99994 1.00521 0.99761 ... 1.00104 0.99716 0.99237]
  [0.99947 0.9931  0.99916 ... 0.99946 0.99954 0.99725]]]","[[[0.36091907 0.01671919 0.         ... 0.55571582 0.         0.        ]
  [0.41170732 0.7938561  0.         ... 0.86071973 0.         0.        ]
  [0.33363083 0.73332932 0.         ... 1.16834102 0.         0.        ]
  ...
  [0.60239917 0.         0.         ... 0.06927288 0.         0.        ]
  [0.02179977 0.         0.         ... 0.         0.         0.        ]
  [0.04727502 0.         0.         ... 0.32288728 0.         0.        ]]

 [[0.         0.17879944 1.69906768 ... 0.         0.41065155 1.16859341]
  [0.         0.         1.66611662 ... 0.         1.23247878 2.31001011]
  [0.         0.         1.14884147 ... 0.         1.101839   2.21047765]
  ...
  [0.         0.23946757 1.62586831 ... 0.12012873 1.25979656 1.24110697]
  [0.17312797 0.9022743  1.18174985 ... 0.35318933 1.06664892 1.07333894]
  [0.14468524 0.92794381 1.23853486 ... 0.         0.21680836 0.64336937]]]","[[0. 0. 0. ... 0. 0. 0.]
 [0. 0. 0. ... 0. 0. 0.]
 [0. 0. 0. ... 0. 0. 0.]
 ...
 [0. 0. 0. ... 0. 0. 0.]
 [0. 0. 0. ... 0. 0. 0.]
 [0. 0. 0. ... 0. 0. 0.]]","[[0. 0. 0. ... 0. 0. 0.]
 [0. 0. 0. ... 0. 0. 0.]
 [0. 0. 0. ... 0. 0. 0.]
 ...
 [0. 0. 0. ... 0. 0. 0.]
 [0. 0. 0. ... 0. 0. 0.]
 [0. 0. 0. ... 0. 0. 0.]]"
"(15, 20)",0.1,5e-06,73.64471008863191,0.32246530314097877,0.5599439407755806,"[[[0.99634 1.00036 1.00084 ... 0.99954 0.99909 1.00071]
  [1.00251 1.00098 1.00401 ... 1.00324 1.0023  0.99612]
  [0.9975  0.99989 1.00321 ... 1.00388 0.99905 0.99687]
  ...
  [1.0047  1.00233 1.00125 ... 0.99917 0.99864 1.00161]
  [0.999   1.00618 1.00168 ... 0.99697 0.99763 1.00116]
  [1.00046 0.99718 1.00279 ... 1.0024  1.00065 0.99712]]

 [[0.99634 1.00036 1.00084 ... 0.99954 0.9991  1.00071]
  [1.00251 1.00098 1.00401 ... 1.00324 1.0023  0.99612]
  [0.9975  0.99989 1.00321 ... 1.00388 0.99905 0.99687]
  ...
  [1.0047  1.00233 1.00125 ... 0.99917 0.99864 1.00161]
  [0.999   1.00618 1.00168 ... 0.99697 0.99763 1.00116]
  [1.00046 0.99718 1.00279 ... 1.0024  1.00065 0.99712]]]","[[[0.02168153 0.         0.02705972 ... 0.05879236 0.         0.        ]
  [0.         0.06486573 0.         ... 0.         0.00536398 0.02866637]
  [0.08842083 0.         0.08038841 ... 0.02255692 0.01730868 0.        ]
  ...
  [0.03187769 0.         0.02917354 ... 0.         0.03552627 0.        ]
  [0.         0.01828529 0.         ... 0.05956561 0.         0.03399108]
  [0.00410832 0.00152537 0.         ... 0.         0.04441243 0.        ]]

 [[0.         0.03958015 0.         ... 0.         0.03640782 0.00280771]
  [0.06600894 0.         0.06438097 ... 0.05092869 0.         0.        ]
  [0.         0.11184033 0.         ... 0.         0.         0.07064761]
  ...
  [0.         0.03850999 0.         ... 0.04728042 0.         0.04086444]
  [0.03064909 0.         0.02204379 ... 0.         0.05690367 0.        ]
  [0.         0.         0.0054041  ... 0.07770846 0.         0.02852075]]]","[[0. 0. 0. ... 0. 0. 0.]
 [0. 0. 0. ... 0. 0. 0.]
 [0. 0. 0. ... 0. 0. 0.]
 ...
 [0. 0. 0. ... 0. 0. 0.]
 [0. 0. 0. ... 0. 0. 0.]
 [0. 0. 0. ... 0. 0. 0.]]","[[0. 0. 0. ... 0. 0. 0.]
 [0. 0. 0. ... 0. 0. 0.]
 [0. 0. 0. ... 0. 0. 0.]
 ...
 [0. 0. 0. ... 0. 0. 0.]
 [0. 0. 0. ... 0. 0. 0.]
 [0. 0. 0. ... 0. 0. 0.]]"
"(20, 25)",0.1,5e-06,51.61711673145333,0.32246530314097877,0.4889125950816926,"[[[0.99634 1.00036 1.00084 ... 0.99954 0.9991  1.00071]
  [1.00251 1.00098 1.00401 ... 1.00324 1.0023  0.99612]
  [0.9975  0.99989 1.00321 ... 1.00388 0.99905 0.99687]
  ...
  [1.0047  1.00233 1.00125 ... 0.99917 0.99864 1.00161]
  [0.999   1.00618 1.00168 ... 0.99697 0.99763 1.00116]
  [1.00046 0.99718 1.00279 ... 1.0024  1.00065 0.99712]]

 [[0.99634 1.00036 1.00084 ... 0.99954 0.99909 1.00071]
  [1.00251 1.00098 1.00401 ... 1.00324 1.0023  0.99612]
  [0.9975  0.99989 1.00321 ... 1.00388 0.99905 0.99687]
  ...
  [1.0047  1.00233 1.00125 ... 0.99917 0.99864 1.00161]
  [0.999   1.00618 1.00168 ... 0.99697 0.99763 1.00116]
  [1.00046 0.99718 1.00279 ... 1.0024  1.00065 0.99712]]]","[[[0.         0.         0.02572059 ... 0.06996844 0.         0.0309136 ]
  [0.01378715 0.         0.         ... 0.         0.0491275  0.        ]
  [0.         0.002921   0.00059188 ... 0.05298376 0.         0.03043212]
  ...
  [0.         0.03205246 0.         ... 0.         0.04482737 0.        ]
  [0.         0.         0.04775269 ... 0.07486941 0.         0.0230147 ]
  [0.00184754 0.01356229 0.         ... 0.         0.0527169  0.        ]]

 [[0.02285178 0.01876116 0.         ... 0.         0.07143947 0.        ]
  [0.         0.00713215 0.02693309 ... 0.08252677 0.         0.04948781]
  [0.03282256 0.         0.00194442 ... 0.         0.0615912  0.        ]
  ...
  [0.01709495 0.         0.07611845 ... 0.09366647 0.         0.03051546]
  [0.00738995 0.03790237 0.         ... 0.         0.06989511 0.        ]
  [0.00052169 0.         0.05434187 ... 0.09584278 0.         0.04468687]]]","[[0. 0. 0. ... 0. 0. 0.]
 [0. 0. 0. ... 0. 0. 0.]
 [0. 0. 0. ... 0. 0. 0.]
 ...
 [0. 0. 0. ... 0. 0. 0.]
 [0. 0. 0. ... 0. 0. 0.]
 [0. 0. 0. ... 0. 0. 0.]]","[[0. 0. 0. ... 0. 0. 0.]
 [0. 0. 0. ... 0. 0. 0.]
 [0. 0. 0. ... 0. 0. 0.]
 ...
 [0. 0. 0. ... 0. 0. 0.]
 [0. 0. 0. ... 0. 0. 0.]
 [0. 0. 0. ... 0. 0. 0.]]"
"(25, 30)",0.1,5e-06,73.19421322159417,0.32246530314097877,0.5584912446876468,"[[[0.99634 1.00036 1.00084 ... 0.99954 0.99909 1.00071]
  [1.00251 1.00098 1.00401 ... 1.00324 1.0023  0.99612]
  [0.9975  0.99989 1.00321 ... 1.00388 0.99905 0.99687]
  ...
  [1.0047  1.00233 1.00125 ... 0.99917 0.99864 1.00161]
  [0.999   1.00618 1.00168 ... 0.99697 0.99763 1.00116]
  [1.00046 0.99718 1.00279 ... 1.0024  1.00065 0.99712]]

 [[0.99634 1.00036 1.00084 ... 0.99954 0.99909 1.00071]
  [1.00251 1.00098 1.00401 ... 1.00324 1.0023  0.99611]
  [0.9975  0.99989 1.00321 ... 1.00388 0.99905 0.99687]
  ...
  [1.0047  1.00233 1.00125 ... 0.99917 0.99864 1.00161]
  [0.999   1.00618 1.00168 ... 0.99697 0.99763 1.00116]
  [1.00046 0.99718 1.00279 ... 1.0024  1.00065 0.99712]]]","[[[0.         0.         0.         ... 0.         0.         0.        ]
  [0.         0.         0.         ... 0.         0.         0.        ]
  [0.         0.         0.         ... 0.         0.         0.        ]
  ...
  [0.         0.         0.         ... 0.         0.         0.        ]
  [0.         0.         0.         ... 0.         0.         0.        ]
  [0.         0.         0.         ... 0.         0.         0.        ]]

 [[0.01249309 0.00611707 0.01173891 ... 0.0079867  0.01081296 0.00629776]
  [0.0059102  0.01026715 0.00605525 ... 0.00904376 0.0065206  0.01191756]
  [0.01075732 0.0082012  0.00856796 ... 0.0064745  0.01035695 0.00859984]
  ...
  [0.00644586 0.00978709 0.00704652 ... 0.00863841 0.00905127 0.00875971]
  [0.01126327 0.0045521  0.01057855 ... 0.0092289  0.01052554 0.00688389]
  [0.0062638  0.01228434 0.00563166 ... 0.00861392 0.00720235 0.01158612]]]","[[0. 0. 0. ... 0. 0. 0.]
 [0. 0. 0. ... 0. 0. 0.]
 [0. 0. 0. ... 0. 0. 0.]
 ...
 [0. 0. 0. ... 0. 0. 0.]
 [0. 0. 0. ... 0. 0. 0.]
 [0. 0. 0. ... 0. 0. 0.]]","[[0. 0. 0. ... 0. 0. 0.]
 [0. 0. 0. ... 0. 0. 0.]
 [0. 0. 0. ... 0. 0. 0.]
 ...
 [0. 0. 0. ... 0. 0. 0.]
 [0. 0. 0. ... 0. 0. 0.]
 [0. 0. 0. ... 0. 0. 0.]]"
"(30, 35)",0.1,5e-06,100.0,0.32246530314097877,0.0,"[[[0.99634 1.00036 1.00084 ... 0.99954 0.99909 1.00071]
  [1.00251 1.00098 1.00401 ... 1.00324 1.0023  0.99611]
  [0.9975  0.99989 1.00321 ... 1.00388 0.99905 0.99687]
  ...
  [1.0047  1.00233 1.00125 ... 0.99917 0.99864 1.00161]
  [0.999   1.00618 1.00168 ... 0.99697 0.99763 1.00116]
  [1.00046 0.99718 1.00279 ... 1.0024  1.00065 0.99712]]

 [[0.99634 1.00036 1.00084 ... 0.99954 0.99909 1.00071]
  [1.00251 1.00098 1.00401 ... 1.00324 1.0023  0.99612]
  [0.9975  0.99989 1.00321 ... 1.00388 0.99905 0.99687]
  ...
  [1.0047  1.00233 1.00125 ... 0.99917 0.99864 1.00161]
  [0.999   1.00618 1.00168 ... 0.99697 0.99763 1.00116]
  [1.00046 0.99718 1.00279 ... 1.0024  1.00065 0.99712]]]","[[[0.         0.         0.         ... 0.         0.         0.        ]
  [0.         0.         0.         ... 0.         0.         0.        ]
  [0.         0.         0.         ... 0.         0.         0.        ]
  ...
  [0.         0.         0.         ... 0.         0.         0.        ]
  [0.         0.         0.         ... 0.         0.         0.        ]
  [0.         0.         0.         ... 0.         0.         0.        ]]

 [[0.48179191 0.47662489 0.47909828 ... 0.47825921 0.47965082 0.47620657]
  [0.47540015 0.47878375 0.4756833  ... 0.47694985 0.47613708 0.48143118]
  [0.4798849  0.47851664 0.47652962 ... 0.47606973 0.47904012 0.47935592]
  ...
  [0.47510252 0.47875999 0.4765418  ... 0.47791909 0.47877357 0.4777404 ]
  [0.48062015 0.47314611 0.47919708 ... 0.47951184 0.48001855 0.47631758]
  [0.47608548 0.48166184 0.47552461 ... 0.47684627 0.4769337  0.48105999]]]","[[0. 0. 0. ... 0. 0. 0.]
 [0. 0. 0. ... 0. 0. 0.]
 [0. 0. 0. ... 0. 0. 0.]
 ...
 [0. 0. 0. ... 0. 0. 0.]
 [0. 0. 0. ... 0. 0. 0.]
 [0. 0. 0. ... 0. 0. 0.]]","[[0. 0. 0. ... 0. 0. 0.]
 [0. 0. 0. ... 0. 0. 0.]
 [0. 0. 0. ... 0. 0. 0.]
 ...
 [0. 0. 0. ... 0. 0. 0.]
 [0. 0. 0. ... 0. 0. 0.]
 [0. 0. 0. ... 0. 0. 0.]]"
"(15, 20)",0.1,1e-05,209.38313601922272,0.32246530314097877,0.9976532674314532,"[[[0.99634 1.00331 1.00546 ... 1.00241 0.99942 0.99813]
  [1.00188 0.99234 0.99694 ... 0.9995  0.99515 1.00071]
  [1.00212 0.9967  0.99803 ... 1.00014 1.00265 1.00057]
  ...
  [0.99166 1.0008  1.0015  ... 1.00301 1.00128 1.00001]
  [0.99704 0.9982  0.99533 ... 0.99651 0.99427 1.00279]
  [1.00227 1.0056  1.00119 ... 0.9978  0.99516 0.99835]]

 [[0.99634 1.00331 1.00546 ... 1.00241 0.99942 0.99813]
  [1.00188 0.99234 0.99694 ... 0.9995  0.99515 1.00071]
  [1.00212 0.9967  0.99803 ... 1.00014 1.00265 1.00057]
  ...
  [0.99166 1.0008  1.0015  ... 1.00301 1.00129 1.00001]
  [0.99704 0.9982  0.99533 ... 0.99651 0.99427 1.00279]
  [1.00227 0.99509 1.00119 ... 0.9978  0.99516 0.99835]]]","[[[1.78233940e-04 6.75773699e-04 7.21493434e-04 ... 5.62479271e-04
   3.92817916e-04 3.21722365e-04]
  [5.55897159e-04 0.00000000e+00 2.37535910e-04 ... 3.89962285e-04
   1.14883722e-04 4.64284417e-04]
  [5.44816055e-04 2.61090970e-04 3.47668767e-04 ... 3.96194908e-04
   6.03197905e-04 4.49509266e-04]
  ...
  [0.00000000e+00 3.83704023e-04 4.08906981e-04 ... 5.43104177e-04
   4.29232047e-04 3.53225030e-04]
  [2.00810474e-04 3.37416559e-04 7.64832349e-05 ... 1.53882151e-04
   3.84817620e-05 5.71829851e-04]
  [5.99409388e-04 0.00000000e+00 4.96141330e-04 ... 2.85453280e-04
   1.32327637e-04 2.89675792e-04]]

 [[0.00000000e+00 0.00000000e+00 0.00000000e+00 ... 0.00000000e+00
   0.00000000e+00 0.00000000e+00]
  [0.00000000e+00 0.00000000e+00 0.00000000e+00 ... 0.00000000e+00
   0.00000000e+00 0.00000000e+00]
  [0.00000000e+00 0.00000000e+00 0.00000000e+00 ... 0.00000000e+00
   0.00000000e+00 0.00000000e+00]
  ...
  [0.00000000e+00 0.00000000e+00 0.00000000e+00 ... 0.00000000e+00
   0.00000000e+00 0.00000000e+00]
  [0.00000000e+00 0.00000000e+00 0.00000000e+00 ... 0.00000000e+00
   0.00000000e+00 0.00000000e+00]
  [0.00000000e+00 6.10209126e-04 0.00000000e+00 ... 0.00000000e+00
   0.00000000e+00 0.00000000e+00]]]","[[0. 0. 0. ... 0. 0. 0.]
 [0. 0. 0. ... 0. 0. 0.]
 [0. 0. 0. ... 0. 0. 0.]
 ...
 [0. 0. 0. ... 0. 0. 0.]
 [0. 0. 0. ... 0. 0. 0.]
 [0. 0. 0. ... 0. 0. 0.]]","[[0. 0. 0. ... 0. 0. 0.]
 [0. 0. 0. ... 0. 0. 0.]
 [0. 0. 0. ... 0. 0. 0.]
 ...
 [0. 0. 0. ... 0. 0. 0.]
 [0. 0. 0. ... 0. 0. 0.]
 [0. 0. 0. ... 0. 0. 0.]]"
"(20, 25)",0.1,1e-05,68.61836156446465,0.32246530314097877,0.5437357107702026,"[[[0.99634 1.00331 1.00546 ... 1.00241 0.99942 0.99813]
  [1.00188 0.99234 0.99694 ... 0.9995  0.99515 1.00071]
  [1.00212 0.9967  0.99803 ... 1.00014 1.00265 1.00057]
  ...
  [0.99166 1.0008  1.0015  ... 1.00301 1.00129 1.00001]
  [0.99704 0.9982  0.99533 ... 0.99651 0.99427 1.00279]
  [1.00227 0.99509 1.00119 ... 0.9978  0.99516 0.99835]]

 [[0.99634 1.00036 1.00084 ... 1.00533 0.99911 1.00172]
  [0.99927 1.00081 0.99975 ... 0.99954 0.99909 1.00071]
  [1.00251 1.00098 1.00401 ... 0.99794 1.00004 1.00057]
  ...
  [0.99869 1.00448 1.00334 ... 0.99405 1.0027  1.00121]
  [1.0042  0.99693 1.00043 ... 0.99507 1.00558 0.99501]
  [1.00227 0.99906 0.99865 ... 1.0019  0.99962 0.99835]]]","[[[0.         0.         0.         ... 0.         0.         0.        ]
  [0.         0.         0.         ... 0.         0.         0.        ]
  [0.         0.         0.         ... 0.         0.         0.        ]
  ...
  [0.         0.         0.         ... 0.         0.         0.        ]
  [0.         0.         0.         ... 0.         0.         0.        ]
  [0.         0.         0.         ... 0.         0.         0.        ]]

 [[0.00874634 0.00906083 0.0094093  ... 0.00663148 0.00855015 0.00688194]
  [0.00920908 0.00578486 0.00787837 ... 0.00831262 0.00724216 0.00812837]
  [0.00784176 0.00727857 0.00637285 ... 0.00919811 0.00910237 0.0081919 ]
  ...
  [0.00628187 0.00612613 0.0071181  ... 0.01125786 0.00710014 0.00725249]
  [0.00521814 0.00924887 0.00650797 ... 0.00923895 0.00383048 0.01125653]
  [0.00784669 0.00702948 0.0090512  ... 0.00668478 0.0070589  0.00827228]]]","[[0. 0. 0. ... 0. 0. 0.]
 [0. 0. 0. ... 0. 0. 0.]
 [0. 0. 0. ... 0. 0. 0.]
 ...
 [0. 0. 0. ... 0. 0. 0.]
 [0. 0. 0. ... 0. 0. 0.]
 [0. 0. 0. ... 0. 0. 0.]]","[[0. 0. 0. ... 0. 0. 0.]
 [0. 0. 0. ... 0. 0. 0.]
 [0. 0. 0. ... 0. 0. 0.]
 ...
 [0. 0. 0. ... 0. 0. 0.]
 [0. 0. 0. ... 0. 0. 0.]
 [0. 0. 0. ... 0. 0. 0.]]"
"(25, 30)",0.1,1e-05,57.37852084231676,0.32246530314097877,0.5074911243129652,"[[[0.99634 1.00036 1.00084 ... 1.00533 0.99911 1.00172]
  [0.99927 1.00081 0.99975 ... 0.99954 0.99909 1.00071]
  [1.00251 1.00098 1.00401 ... 0.99794 1.00004 1.00057]
  ...
  [0.99869 1.00448 1.00334 ... 0.99405 1.0027  1.00121]
  [1.0042  0.99693 1.00043 ... 0.99507 1.00558 0.99501]
  [1.00227 0.99906 0.99865 ... 1.0019  0.99962 0.99835]]

 [[0.99634 1.00036 1.00084 ... 1.00533 0.99911 1.00172]
  [0.99927 1.00081 0.99975 ... 0.99954 0.99909 1.00071]
  [1.00251 1.00098 1.00401 ... 0.99794 1.00004 1.00057]
  ...
  [0.99869 1.00448 1.00334 ... 0.99405 1.0027  1.00121]
  [1.0042  0.99693 1.00043 ... 0.99507 1.00558 0.99501]
  [1.00227 0.99906 0.99865 ... 1.0019  0.99962 0.99835]]]","[[[0.         0.         0.         ... 0.         0.         0.        ]
  [0.         0.         0.         ... 0.         0.         0.        ]
  [0.         0.         0.         ... 0.         0.         0.        ]
  ...
  [0.         0.         0.         ... 0.         0.         0.        ]
  [0.         0.         0.         ... 0.         0.         0.        ]
  [0.         0.         0.         ... 0.         0.         0.        ]]

 [[0.01156465 0.0104196  0.01035835 ... 0.00915679 0.01085918 0.01000318]
  [0.01082266 0.01036967 0.01086983 ... 0.01079708 0.0108841  0.01040273]
  [0.00998992 0.01048762 0.00963283 ... 0.01133823 0.01068385 0.01051454]
  ...
  [0.01084976 0.00904053 0.00956703 ... 0.0119356  0.00959111 0.00991243]
  [0.00912282 0.01138161 0.01027066 ... 0.01185911 0.00876391 0.01190306]
  [0.00983198 0.01069841 0.0108455  ... 0.00995492 0.0106287  0.01088563]]]","[[0. 0. 0. ... 0. 0. 0.]
 [0. 0. 0. ... 0. 0. 0.]
 [0. 0. 0. ... 0. 0. 0.]
 ...
 [0. 0. 0. ... 0. 0. 0.]
 [0. 0. 0. ... 0. 0. 0.]
 [0. 0. 0. ... 0. 0. 0.]]","[[0. 0. 0. ... 0. 0. 0.]
 [0. 0. 0. ... 0. 0. 0.]
 [0. 0. 0. ... 0. 0. 0.]
 ...
 [0. 0. 0. ... 0. 0. 0.]
 [0. 0. 0. ... 0. 0. 0.]
 [0. 0. 0. ... 0. 0. 0.]]"
"(30, 35)",0.1,1e-05,100.0,0.32246530314097877,0.0,"[[[0.99634 1.00036 1.00084 ... 1.00533 0.99911 1.00172]
  [0.99927 1.00081 0.99975 ... 0.99954 0.99909 1.00071]
  [1.00251 1.00098 1.00401 ... 0.99794 1.00004 1.00057]
  ...
  [0.99869 1.00448 1.00334 ... 0.99405 1.0027  1.00121]
  [1.0042  0.99693 1.00043 ... 0.99507 1.00558 0.99501]
  [1.00227 0.99906 0.99865 ... 1.0019  0.99962 0.99835]]

 [[0.99634 1.00331 1.00546 ... 1.00241 0.99942 0.99813]
  [1.00188 0.99234 0.99694 ... 0.9995  0.99515 1.00071]
  [1.00212 0.9967  0.99803 ... 1.00014 1.00265 1.00057]
  ...
  [0.99166 1.0008  1.0015  ... 1.00301 1.00129 1.00001]
  [0.99704 0.9982  0.99533 ... 0.99651 0.99427 1.00279]
  [1.00227 1.0056  1.00119 ... 0.9978  0.99516 0.99835]]]","[[[0.         0.         0.         ... 0.         0.         0.        ]
  [0.         0.         0.         ... 0.         0.         0.        ]
  [0.         0.         0.         ... 0.         0.         0.        ]
  ...
  [0.         0.         0.         ... 0.         0.         0.        ]
  [0.         0.         0.         ... 0.         0.         0.        ]
  [0.         0.         0.         ... 0.         0.         0.        ]]

 [[0.78294673 0.77595343 0.7729262  ... 0.78368201 0.7806022  0.78641296]
  [0.77642842 0.79516177 0.78539516 ... 0.78156769 0.788534   0.78072214]
  [0.78051067 0.78710306 0.78846607 ... 0.77858055 0.77617613 0.7808336 ]
  ...
  [0.79407706 0.78595429 0.7831106  ... 0.7692125  0.78294503 0.78340106]
  [0.79215795 0.77999277 0.79025689 ... 0.78140945 0.79874679 0.76942767]
  [0.78027979 0.77086245 0.77810738 ... 0.78739947 0.78875418 0.78207332]]]","[[0. 0. 0. ... 0. 0. 0.]
 [0. 0. 0. ... 0. 0. 0.]
 [0. 0. 0. ... 0. 0. 0.]
 ...
 [0. 0. 0. ... 0. 0. 0.]
 [0. 0. 0. ... 0. 0. 0.]
 [0. 0. 0. ... 0. 0. 0.]]","[[0. 0. 0. ... 0. 0. 0.]
 [0. 0. 0. ... 0. 0. 0.]
 [0. 0. 0. ... 0. 0. 0.]
 ...
 [0. 0. 0. ... 0. 0. 0.]
 [0. 0. 0. ... 0. 0. 0.]
 [0. 0. 0. ... 0. 0. 0.]]"
"(15, 20)",0.15,2e-06,54.85792198023513,0.32246530314097877,0.4993630675513856,"[[[0.99663 1.005   1.00213 ... 0.99737 0.99716 0.99991]
  [0.99782 1.00557 0.99449 ... 1.00152 1.00146 1.00319]
  [1.0008  0.99935 0.99389 ... 1.00292 0.99919 1.00111]
  ...
  [0.99843 0.99921 1.00518 ... 1.00251 1.00379 1.00167]
  [0.99856 1.00428 1.00105 ... 1.00459 0.99319 0.99237]
  [1.00123 0.99788 0.99916 ... 1.00525 1.00045 1.00426]]

 [[0.99634 1.00036 1.00084 ... 0.99764 0.99716 0.99708]
  [1.00714 1.00165 1.00371 ... 1.00385 1.00282 0.99895]
  [1.00128 1.00137 0.99854 ... 1.00292 1.00197 1.00158]
  ...
  [1.00564 1.00328 1.00021 ... 0.99428 1.00379 0.99897]
  [0.99994 1.00521 0.99761 ... 1.00104 0.99716 0.99237]
  [0.99947 0.9931  0.99916 ... 0.99946 0.99954 0.99725]]]","[[[0.11289355 0.23878169 0.05995678 ... 0.10218519 0.         0.        ]
  [0.         0.03272471 0.03460393 ... 0.00932408 0.         0.        ]
  [0.         0.         0.02021608 ... 0.         0.08556642 0.        ]
  ...
  [0.03381409 0.32934107 0.22404658 ... 0.         0.         0.        ]
  [0.12357878 0.43259945 0.24036849 ... 0.01383944 0.         0.        ]
  [0.17637471 0.39475388 0.14041683 ... 0.10165841 0.         0.        ]]

 [[0.         0.         0.         ... 0.         0.11655709 0.11133013]
  [0.03967288 0.         0.         ... 0.         0.03626695 0.08054708]
  [0.18474773 0.16810991 0.         ... 0.02581101 0.         0.02233413]
  ...
  [0.         0.         0.         ... 0.02680746 0.46240039 0.42447367]
  [0.         0.         0.         ... 0.         0.42415177 0.36679934]
  [0.         0.         0.         ... 0.         0.25554194 0.21264665]]]","[[0. 0. 0. ... 0. 0. 0.]
 [0. 0. 0. ... 0. 0. 0.]
 [0. 0. 0. ... 0. 0. 0.]
 ...
 [0. 0. 0. ... 0. 0. 0.]
 [0. 0. 0. ... 0. 0. 0.]
 [0. 0. 0. ... 0. 0. 0.]]","[[0. 0. 0. ... 0. 0. 0.]
 [0. 0. 0. ... 0. 0. 0.]
 [0. 0. 0. ... 0. 0. 0.]
 ...
 [0. 0. 0. ... 0. 0. 0.]
 [0. 0. 0. ... 0. 0. 0.]
 [0. 0. 0. ... 0. 0. 0.]]"
"(20, 25)",0.15,2e-06,47.57634266915587,0.32246530314097877,0.4758825007524631,"[[[0.99634 1.00036 1.00084 ... 0.99764 0.99716 0.99708]
  [1.00714 1.00165 1.00371 ... 1.00385 1.00282 0.99895]
  [1.00128 1.00137 0.99854 ... 1.00292 1.00197 1.00158]
  ...
  [1.00564 1.00328 1.00021 ... 0.99428 1.00379 0.99897]
  [0.99994 1.00521 0.99761 ... 1.00104 0.99716 0.99237]
  [0.99947 0.9931  0.99916 ... 0.99946 0.99954 0.99725]]

 [[0.99663 1.005   1.00213 ... 0.99737 0.99716 0.99991]
  [0.99782 1.00557 0.99449 ... 1.00152 1.00146 1.00319]
  [1.0008  0.99935 0.99389 ... 1.00292 0.99919 1.00111]
  ...
  [0.99843 0.99921 1.00517 ... 1.00252 1.00166 1.00167]
  [0.99856 1.00428 1.00105 ... 1.00459 0.99319 0.99237]
  [1.00123 0.99788 0.9959  ... 0.99946 1.00045 1.00426]]]","[[[0.00000000e+00 0.00000000e+00 2.48918342e-01 ... 5.75356386e-01
   1.43967654e+00 5.82541035e-01]
  [0.00000000e+00 0.00000000e+00 8.25035047e-01 ... 9.35317470e-01
   1.57055537e+00 6.99084812e-01]
  [0.00000000e+00 0.00000000e+00 1.01781375e+00 ... 3.54646835e-01
   7.02165888e-01 7.96426559e-05]
  ...
  [0.00000000e+00 0.00000000e+00 2.38667158e-01 ... 0.00000000e+00
   6.93808283e-01 8.11989365e-01]
  [0.00000000e+00 0.00000000e+00 2.30514611e-01 ... 0.00000000e+00
   3.93245708e-01 1.50384413e-01]
  [0.00000000e+00 0.00000000e+00 1.48636532e-02 ... 0.00000000e+00
   7.05916344e-01 8.56532111e-02]]

 [[9.32554170e-01 1.00799898e+00 0.00000000e+00 ... 0.00000000e+00
   0.00000000e+00 0.00000000e+00]
  [5.15588269e-01 3.17557747e-01 0.00000000e+00 ... 0.00000000e+00
   0.00000000e+00 0.00000000e+00]
  [7.78717024e-01 1.76934489e-01 0.00000000e+00 ... 0.00000000e+00
   0.00000000e+00 2.10887601e-03]
  ...
  [9.21257488e-02 5.86576807e-01 0.00000000e+00 ... 4.17805305e-01
   0.00000000e+00 0.00000000e+00]
  [1.03173314e+00 1.17613083e+00 0.00000000e+00 ... 6.59862973e-01
   0.00000000e+00 0.00000000e+00]
  [1.38412073e+00 1.47006211e+00 0.00000000e+00 ... 2.66838229e-01
   0.00000000e+00 0.00000000e+00]]]","[[0. 0. 0. ... 0. 0. 0.]
 [0. 0. 0. ... 0. 0. 0.]
 [0. 0. 0. ... 0. 0. 0.]
 ...
 [0. 0. 0. ... 0. 0. 0.]
 [0. 0. 0. ... 0. 0. 0.]
 [0. 0. 0. ... 0. 0. 0.]]","[[0. 0. 0. ... 0. 0. 0.]
 [0. 0. 0. ... 0. 0. 0.]
 [0. 0. 0. ... 0. 0. 0.]
 ...
 [0. 0. 0. ... 0. 0. 0.]
 [0. 0. 0. ... 0. 0. 0.]
 [0. 0. 0. ... 0. 0. 0.]]"
"(25, 30)",0.15,2e-06,46.86587033497824,0.32246530314097877,0.4735914739863244,"[[[0.99663 1.005   1.00213 ... 0.99737 0.99716 0.99991]
  [0.99782 1.00557 0.99449 ... 1.00152 1.00146 1.00319]
  [1.0008  0.99935 0.99389 ... 1.00292 0.99919 1.00111]
  ...
  [0.99843 0.99921 1.00517 ... 1.00252 1.00166 1.00167]
  [0.99856 1.00428 1.00105 ... 1.00459 0.99319 0.99237]
  [1.00123 0.99788 0.9959  ... 0.99946 1.00045 1.00426]]

 [[0.99634 1.00036 1.00084 ... 0.99764 0.99716 0.99708]
  [1.00714 1.00165 1.00371 ... 1.00385 1.00282 0.99895]
  [1.00128 1.00137 0.99854 ... 1.00292 1.00197 1.00158]
  ...
  [1.00564 1.00328 1.00021 ... 0.99428 1.00379 0.99897]
  [0.99994 1.00521 0.99761 ... 1.00104 0.99716 0.99237]
  [0.99947 0.9931  0.99916 ... 0.99946 0.99954 0.99725]]]","[[[0.         0.         0.         ... 0.         0.         0.        ]
  [0.         0.         0.         ... 0.         0.         0.        ]
  [0.         0.         1.10650427 ... 0.         3.93616284 3.69658773]
  ...
  [0.         0.1418715  0.         ... 0.         0.         0.        ]
  [4.60788641 4.08602074 0.95767252 ... 5.08237123 3.09539036 3.06869701]
  [3.80603278 3.38035606 1.62678175 ... 4.51512964 3.7184116  3.47818584]]

 [[3.35260187 2.32557719 0.31549811 ... 3.57328844 3.12453383 3.14768006]
  [6.2314346  5.38138532 0.91624195 ... 6.60208884 4.35365009 4.34122004]
  [0.75386304 2.52161799 0.         ... 0.09017464 0.         0.        ]
  ...
  [0.76006534 0.         2.57530384 ... 1.82648027 5.61540168 4.8652993 ]
  [0.         0.         0.         ... 0.         0.         0.        ]
  [0.         0.         0.         ... 0.         0.         0.        ]]]","[[0. 0. 0. ... 0. 0. 0.]
 [0. 0. 0. ... 0. 0. 0.]
 [0. 0. 0. ... 0. 0. 0.]
 ...
 [0. 0. 0. ... 0. 0. 0.]
 [0. 0. 0. ... 0. 0. 0.]
 [0. 0. 0. ... 0. 0. 0.]]","[[0. 0. 0. ... 0. 0. 0.]
 [0. 0. 0. ... 0. 0. 0.]
 [0. 0. 0. ... 0. 0. 0.]
 ...
 [0. 0. 0. ... 0. 0. 0.]
 [0. 0. 0. ... 0. 0. 0.]
 [0. 0. 0. ... 0. 0. 0.]]"
"(30, 35)",0.15,2e-06,99.54632959316356,0.32246530314097877,0.0014629296526660269,"[[[0.99634 1.00036 1.00084 ... 0.99764 0.99716 0.99708]
  [1.00714 1.00165 1.00371 ... 1.00385 1.00282 0.99895]
  [1.00128 1.00137 0.99854 ... 1.00292 1.00197 1.00158]
  ...
  [1.00564 1.00328 1.00021 ... 0.99428 1.00379 0.99897]
  [0.99994 1.00521 0.99761 ... 1.00104 0.99716 0.99237]
  [0.99947 0.9931  0.99916 ... 0.99946 0.99954 0.99725]]

 [[0.99663 1.005   1.00213 ... 0.99737 0.99716 0.99991]
  [0.99782 1.00557 0.99449 ... 1.00152 1.00146 1.00319]
  [1.0008  0.99935 0.9939  ... 1.00292 0.99919 1.00111]
  ...
  [0.99843 0.99921 1.00518 ... 1.00252 1.00166 1.00167]
  [0.99856 1.00428 1.00105 ... 1.00459 0.99319 0.99237]
  [1.00124 0.99788 0.9959  ... 1.00525 1.00045 1.00426]]]","[[[0.         0.         0.         ... 0.         0.         0.        ]
  [0.         0.         0.         ... 0.         0.         0.        ]
  [0.         0.         0.         ... 0.         0.         0.        ]
  ...
  [0.         0.         0.         ... 0.         0.         0.        ]
  [0.         0.         0.         ... 0.         0.         0.        ]
  [0.         0.         0.         ... 0.         0.         0.        ]]

 [[1.16539481 1.16023768 1.26097154 ... 0.85478497 0.83465357 1.03411699]
  [1.69363092 1.39384726 0.87481019 ... 0.92821595 0.73905362 1.27846187]
  [1.7485322  1.22188361 0.51019745 ... 0.98942543 0.68960827 1.31159164]
  ...
  [1.14333553 1.12517904 1.11431125 ... 1.24685481 1.44601763 1.36353736]
  [0.73321014 0.63000855 0.95696327 ... 1.50448404 1.6475653  1.2713595 ]
  [0.67503318 0.70195849 1.19852933 ... 1.15580861 1.24691761 1.01155145]]]","[[0. 0. 0. ... 0. 0. 0.]
 [0. 0. 0. ... 0. 0. 0.]
 [0. 0. 0. ... 0. 0. 0.]
 ...
 [0. 0. 0. ... 0. 0. 0.]
 [0. 0. 0. ... 0. 0. 0.]
 [0. 0. 0. ... 0. 0. 0.]]","[[0. 0. 0. ... 0. 0. 0.]
 [0. 0. 0. ... 0. 0. 0.]
 [0. 0. 0. ... 0. 0. 0.]
 ...
 [0. 0. 0. ... 0. 0. 0.]
 [0. 0. 0. ... 0. 0. 0.]
 [0. 0. 0. ... 0. 0. 0.]]"
"(15, 20)",0.15,5e-06,68.95579485321234,0.32246530314097877,0.5448238160476614,"[[[0.99634 1.00036 1.00084 ... 0.99954 0.99909 1.00071]
  [1.00251 1.00098 1.00401 ... 1.00324 1.0023  0.99612]
  [0.9975  0.99989 1.00321 ... 1.00388 0.99905 0.99687]
  ...
  [1.0047  1.00233 1.00125 ... 0.99917 0.99864 1.00161]
  [0.999   1.00618 1.00168 ... 0.99697 0.99763 1.00116]
  [1.00046 0.99718 1.00279 ... 1.0024  1.00065 0.99712]]

 [[0.99634 1.00036 1.00084 ... 0.99954 0.99909 1.00071]
  [1.00251 1.00098 1.00401 ... 1.00324 1.0023  0.99612]
  [0.9975  0.99989 1.00321 ... 1.00388 0.99905 0.99687]
  ...
  [1.0047  1.00233 1.00125 ... 0.99917 0.99864 1.00161]
  [0.999   1.00618 1.00168 ... 0.99697 0.99763 1.00116]
  [1.00046 0.99718 1.00279 ... 1.0024  1.00065 0.99712]]]","[[[0.07612994 0.01828418 0.03856448 ... 0.         0.         0.        ]
  [0.         0.         0.01901927 ... 0.         0.16501719 0.00278313]
  [0.08101395 0.         0.00154375 ... 0.00346209 0.         0.        ]
  ...
  [0.         0.         0.         ... 0.03924788 0.06826619 0.05446872]
  [0.         0.12186324 0.02824464 ... 0.         0.         0.01575135]
  [0.         0.         0.         ... 0.09552117 0.05923147 0.05104245]]

 [[0.         0.         0.         ... 0.07328576 0.07994586 0.08246204]
  [0.03732601 0.0556953  0.         ... 0.06616502 0.         0.        ]
  [0.         0.0075128  0.         ... 0.         0.11010067 0.07194607]
  ...
  [0.03317223 0.07282808 0.11818066 ... 0.         0.         0.        ]
  [0.04229799 0.         0.         ... 0.00867042 0.14979806 0.        ]
  [0.03458845 0.08384201 0.02748276 ... 0.         0.         0.        ]]]","[[0. 0. 0. ... 0. 0. 0.]
 [0. 0. 0. ... 0. 0. 0.]
 [0. 0. 0. ... 0. 0. 0.]
 ...
 [0. 0. 0. ... 0. 0. 0.]
 [0. 0. 0. ... 0. 0. 0.]
 [0. 0. 0. ... 0. 0. 0.]]","[[0. 0. 0. ... 0. 0. 0.]
 [0. 0. 0. ... 0. 0. 0.]
 [0. 0. 0. ... 0. 0. 0.]
 ...
 [0. 0. 0. ... 0. 0. 0.]
 [0. 0. 0. ... 0. 0. 0.]
 [0. 0. 0. ... 0. 0. 0.]]"
"(20, 25)",0.15,5e-06,50.19014857295064,0.32246530314097877,0.48431111788365167,"[[[0.99634 1.00036 1.00084 ... 0.99954 0.99909 1.00071]
  [1.00251 1.00098 1.00401 ... 1.00324 1.0023  0.99612]
  [0.9975  0.99989 1.00321 ... 1.00388 0.99905 0.99687]
  ...
  [1.0047  1.00233 1.00125 ... 0.99917 0.99864 1.00161]
  [0.999   1.00618 1.00168 ... 0.99697 0.99763 1.00116]
  [1.00046 0.99718 1.00279 ... 1.0024  1.00065 0.99712]]

 [[0.99634 1.00036 1.00084 ... 0.99954 0.9991  1.00071]
  [1.00251 1.00098 1.00401 ... 1.00324 1.0023  0.99612]
  [0.9975  0.99989 1.00321 ... 1.00388 0.99905 0.99687]
  ...
  [1.0047  1.00233 1.00125 ... 0.99917 0.99864 1.00161]
  [0.999   1.00618 1.00168 ... 0.99697 0.99763 1.00116]
  [1.00046 0.99718 1.00279 ... 1.0024  1.00065 0.99712]]]","[[[0.03342173 0.         0.12621289 ... 0.10300007 0.         0.05686347]
  [0.03715885 0.         0.         ... 0.         0.31028998 0.        ]
  [0.03083014 0.03513788 0.         ... 0.07833713 0.         0.05610542]
  ...
  [0.05502286 0.         0.20486554 ... 0.26278608 0.         0.05317287]
  [0.03213976 0.14870431 0.         ... 0.         0.20726409 0.        ]
  [0.         0.         0.         ... 0.13331028 0.         0.09335568]]

 [[0.         0.04319802 0.         ... 0.         0.20829239 0.        ]
  [0.         0.05541132 0.04083682 ... 0.24444505 0.         0.20357878]
  [0.         0.         0.07913973 ... 0.         0.2246663  0.        ]
  ...
  [0.         0.27062898 0.         ... 0.         0.1459729  0.        ]
  [0.         0.         0.17559763 ... 0.37652343 0.         0.1832707 ]
  [0.10295711 0.02798966 0.04142582 ... 0.         0.07843684 0.        ]]]","[[0. 0. 0. ... 0. 0. 0.]
 [0. 0. 0. ... 0. 0. 0.]
 [0. 0. 0. ... 0. 0. 0.]
 ...
 [0. 0. 0. ... 0. 0. 0.]
 [0. 0. 0. ... 0. 0. 0.]
 [0. 0. 0. ... 0. 0. 0.]]","[[0. 0. 0. ... 0. 0. 0.]
 [0. 0. 0. ... 0. 0. 0.]
 [0. 0. 0. ... 0. 0. 0.]
 ...
 [0. 0. 0. ... 0. 0. 0.]
 [0. 0. 0. ... 0. 0. 0.]
 [0. 0. 0. ... 0. 0. 0.]]"
"(25, 30)",0.15,5e-06,52.364773230873475,0.32246530314097877,0.491323527879001,"[[[0.99634 1.00036 1.00084 ... 0.99954 0.9991  1.00071]
  [1.00251 1.00098 1.00401 ... 1.00324 1.0023  0.99612]
  [0.9975  0.99989 1.00321 ... 1.00388 0.99905 0.99687]
  ...
  [1.0047  1.00233 1.00125 ... 0.99917 0.99864 1.00161]
  [0.999   1.00618 1.00168 ... 0.99697 0.99763 1.00116]
  [1.00046 0.99718 1.00279 ... 1.0024  1.00065 0.99712]]

 [[0.99634 1.00036 1.00084 ... 0.99954 0.99909 1.00071]
  [1.00251 1.00098 1.00401 ... 1.00324 1.0023  0.99612]
  [0.9975  0.99989 1.00321 ... 1.00388 0.99905 0.99687]
  ...
  [1.0047  1.00233 1.00125 ... 0.99917 0.99864 1.00161]
  [0.999   1.00618 1.00327 ... 0.99697 0.99763 1.00116]
  [1.00046 0.99718 1.00279 ... 1.0024  1.00065 0.99712]]]","[[[0.10153335 0.         0.         ... 0.         0.21634753 0.        ]
  [0.         0.         0.0414401  ... 0.09227452 0.         0.18794218]
  [0.         0.06428454 0.         ... 0.         0.16644084 0.        ]
  ...
  [0.         0.         0.09544719 ... 0.         0.         0.1608954 ]
  [0.01352993 0.09399758 0.         ... 0.06887258 0.13781747 0.        ]
  [0.         0.         0.07844839 ... 0.         0.         0.18281164]]

 [[0.         0.01593446 0.04593107 ... 0.03444777 0.         0.25661221]
  [0.08916342 0.01439895 0.         ... 0.         0.26158651 0.        ]
  [0.03092474 0.         0.10195873 ... 0.13853272 0.         0.10910924]
  ...
  [0.02494589 0.1097403  0.         ... 0.01642442 0.20664517 0.        ]
  [0.         0.         0.14469784 ... 0.         0.         0.1764712 ]
  [0.08055832 0.05562828 0.         ... 0.06725538 0.19511255 0.        ]]]","[[0. 0. 0. ... 0. 0. 0.]
 [0. 0. 0. ... 0. 0. 0.]
 [0. 0. 0. ... 0. 0. 0.]
 ...
 [0. 0. 0. ... 0. 0. 0.]
 [0. 0. 0. ... 0. 0. 0.]
 [0. 0. 0. ... 0. 0. 0.]]","[[0. 0. 0. ... 0. 0. 0.]
 [0. 0. 0. ... 0. 0. 0.]
 [0. 0. 0. ... 0. 0. 0.]
 ...
 [0. 0. 0. ... 0. 0. 0.]
 [0. 0. 0. ... 0. 0. 0.]
 [0. 0. 0. ... 0. 0. 0.]]"
"(30, 35)",0.15,5e-06,78.70811725601331,0.32246530314097877,0.06865893423481846,"[[[0.99634 1.00036 1.00084 ... 0.99954 0.99909 1.00071]
  [1.00251 1.00098 1.00401 ... 1.00324 1.0023  0.99612]
  [0.9975  0.99989 1.00321 ... 1.00388 0.99905 0.99687]
  ...
  [1.0047  1.00233 1.00125 ... 0.99917 0.99864 1.00161]
  [0.999   1.00618 1.00327 ... 0.99697 0.99763 1.00116]
  [1.00046 0.99718 1.00279 ... 1.0024  1.00065 0.99712]]

 [[0.99634 1.00036 1.00084 ... 0.99954 0.99909 1.00071]
  [1.00251 1.00098 1.00401 ... 1.00324 1.0023  0.99612]
  [0.9975  0.99989 1.00321 ... 1.00388 0.99905 0.99687]
  ...
  [1.0047  1.00233 1.00125 ... 0.99917 0.99864 1.00161]
  [0.999   1.00618 1.00327 ... 0.99697 0.99763 1.00116]
  [1.00046 0.99718 1.00279 ... 1.0024  1.00065 0.99712]]]","[[[0.         0.         0.         ... 0.         0.         0.        ]
  [0.2300112  0.         0.         ... 0.         0.21019371 0.        ]
  [0.         0.05754407 0.         ... 0.27572369 0.         0.61862203]
  ...
  [0.         0.         0.         ... 0.29639276 0.         0.        ]
  [0.         0.         0.03126458 ... 0.         0.05010602 0.        ]
  [0.         0.         0.         ... 0.23825524 0.         0.        ]]

 [[1.16251079 0.71905461 0.48668105 ... 1.02095193 0.96063812 0.39304413]
  [0.01957818 1.2031823  0.81103235 ... 1.20065776 0.04170092 1.70410893]
  [1.79887852 0.21213627 0.93983626 ... 0.         1.92654043 0.        ]
  ...
  [0.6450852  0.81811597 1.10128189 ... 0.         1.21135948 0.77443713]
  [0.71651705 1.02431594 0.2414702  ... 1.81589462 0.22041326 1.00191655]
  [0.78227384 0.60018377 1.33311196 ... 0.01035556 1.15273658 0.75365472]]]","[[0. 0. 0. ... 0. 0. 0.]
 [0. 0. 0. ... 0. 0. 0.]
 [0. 0. 0. ... 0. 0. 0.]
 ...
 [0. 0. 0. ... 0. 0. 0.]
 [0. 0. 0. ... 0. 0. 0.]
 [0. 0. 0. ... 0. 0. 0.]]","[[0. 0. 0. ... 0. 0. 0.]
 [0. 0. 0. ... 0. 0. 0.]
 [0. 0. 0. ... 0. 0. 0.]
 ...
 [0. 0. 0. ... 0. 0. 0.]
 [0. 0. 0. ... 0. 0. 0.]
 [0. 0. 0. ... 0. 0. 0.]]"
"(15, 20)",0.15,1e-05,209.82591202553732,0.32246530314097877,0.9990810664224511,"[[[0.99634 1.00331 1.00546 ... 1.00241 0.99942 0.99813]
  [1.00188 0.99234 0.99694 ... 0.9995  0.99515 1.00071]
  [1.00212 0.9967  0.99803 ... 1.00014 1.00265 1.00057]
  ...
  [0.99166 1.0008  1.0015  ... 1.00301 1.00128 1.00001]
  [0.99704 0.9982  0.99533 ... 0.99651 0.99427 1.00279]
  [1.00227 0.99509 1.00119 ... 0.99779 0.99516 0.99835]]

 [[0.99634 1.00331 1.00546 ... 1.00241 0.99942 0.99813]
  [1.00188 0.99234 0.99694 ... 0.9995  0.99515 1.00071]
  [1.00212 0.9967  0.99803 ... 1.00014 1.00265 1.00057]
  ...
  [0.99166 1.0008  1.0015  ... 1.00301 1.00129 1.00001]
  [0.99704 0.9982  0.99533 ... 0.99651 0.99427 1.00279]
  [1.00227 1.0056  1.00119 ... 0.9978  0.99516 0.99835]]]","[[[1.32703513e-04 5.42523243e-04 7.29938460e-04 ... 5.63795697e-04
   3.81084457e-04 2.96901345e-04]
  [5.44528227e-04 0.00000000e+00 1.88620789e-04 ... 3.70209382e-04
   7.02377962e-05 4.46633239e-04]
  [5.27519978e-04 2.18131176e-04 3.43599878e-04 ... 4.00968592e-04
   6.11563804e-04 4.29841030e-04]
  ...
  [0.00000000e+00 4.35399860e-04 4.12790253e-04 ... 5.81198055e-04
   4.39482400e-04 3.61945915e-04]
  [1.84398749e-04 1.99462179e-04 6.52566791e-05 ... 1.29316368e-04
   1.64494110e-05 5.78107181e-04]
  [4.63090035e-04 1.60426655e-03 3.48469477e-04 ... 2.89414407e-04
   8.90012485e-05 2.95596239e-04]]

 [[0.00000000e+00 0.00000000e+00 0.00000000e+00 ... 0.00000000e+00
   0.00000000e+00 0.00000000e+00]
  [0.00000000e+00 0.00000000e+00 0.00000000e+00 ... 0.00000000e+00
   0.00000000e+00 0.00000000e+00]
  [0.00000000e+00 0.00000000e+00 0.00000000e+00 ... 0.00000000e+00
   0.00000000e+00 0.00000000e+00]
  ...
  [2.79952081e-05 0.00000000e+00 0.00000000e+00 ... 0.00000000e+00
   0.00000000e+00 0.00000000e+00]
  [0.00000000e+00 0.00000000e+00 0.00000000e+00 ... 0.00000000e+00
   0.00000000e+00 0.00000000e+00]
  [0.00000000e+00 0.00000000e+00 0.00000000e+00 ... 0.00000000e+00
   0.00000000e+00 0.00000000e+00]]]","[[0. 0. 0. ... 0. 0. 0.]
 [0. 0. 0. ... 0. 0. 0.]
 [0. 0. 0. ... 0. 0. 0.]
 ...
 [0. 0. 0. ... 0. 0. 0.]
 [0. 0. 0. ... 0. 0. 0.]
 [0. 0. 0. ... 0. 0. 0.]]","[[0. 0. 0. ... 0. 0. 0.]
 [0. 0. 0. ... 0. 0. 0.]
 [0. 0. 0. ... 0. 0. 0.]
 ...
 [0. 0. 0. ... 0. 0. 0.]
 [0. 0. 0. ... 0. 0. 0.]
 [0. 0. 0. ... 0. 0. 0.]]"
"(20, 25)",0.15,1e-05,74.82295896673331,0.32246530314097877,0.5637433845921055,"[[[0.99634 1.00331 1.00546 ... 1.00241 0.99942 0.99813]
  [1.00188 0.99234 0.99694 ... 0.9995  0.99515 1.00071]
  [1.00212 0.9967  0.99803 ... 1.00014 1.00265 1.00057]
  ...
  [0.99166 1.0008  1.0015  ... 1.00301 1.00129 1.00001]
  [0.99704 0.9982  0.99533 ... 0.99651 0.99427 1.00279]
  [1.00227 1.0056  1.00119 ... 0.9978  0.99516 0.99835]]

 [[0.99634 1.00331 1.00546 ... 1.00241 0.99942 0.99813]
  [1.00188 0.99234 0.99694 ... 0.9995  0.99515 1.00071]
  [1.00212 0.9967  0.99803 ... 1.00014 1.00265 1.00057]
  ...
  [0.99166 1.0008  1.0015  ... 1.00301 1.00129 1.00001]
  [0.99704 0.9982  0.99533 ... 0.99651 0.99427 1.00279]
  [1.00227 0.99509 1.00119 ... 0.9978  0.99516 0.99835]]]","[[[0.         0.         0.         ... 0.         0.         0.        ]
  [0.         0.         0.         ... 0.         0.         0.        ]
  [0.         0.         0.         ... 0.         0.         0.        ]
  ...
  [0.         0.         0.         ... 0.         0.         0.        ]
  [0.         0.         0.         ... 0.         0.         0.        ]
  [0.         0.         0.         ... 0.         0.         0.        ]]

 [[0.00890796 0.00740082 0.0074296  ... 0.00794477 0.0083423  0.00848392]
  [0.00787922 0.00958809 0.00881398 ... 0.00845454 0.00917107 0.00816826]
  [0.00800073 0.00874327 0.00853141 ... 0.00854855 0.0078557  0.00827061]
  ...
  [0.00963097 0.00816252 0.00809085 ... 0.00782454 0.00809825 0.00824916]
  [0.00872308 0.00819499 0.00907297 ... 0.00897033 0.00921289 0.00769232]
  [0.00755595 0.01226219 0.0078742  ... 0.00863893 0.00898129 0.00857484]]]","[[0. 0. 0. ... 0. 0. 0.]
 [0. 0. 0. ... 0. 0. 0.]
 [0. 0. 0. ... 0. 0. 0.]
 ...
 [0. 0. 0. ... 0. 0. 0.]
 [0. 0. 0. ... 0. 0. 0.]
 [0. 0. 0. ... 0. 0. 0.]]","[[0. 0. 0. ... 0. 0. 0.]
 [0. 0. 0. ... 0. 0. 0.]
 [0. 0. 0. ... 0. 0. 0.]
 ...
 [0. 0. 0. ... 0. 0. 0.]
 [0. 0. 0. ... 0. 0. 0.]
 [0. 0. 0. ... 0. 0. 0.]]"
"(25, 30)",0.15,1e-05,78.60663332150884,0.32246530314097877,0.5759444215700998,"[[[0.99634 1.00331 1.00546 ... 1.00241 0.99942 0.99813]
  [1.00188 0.99234 0.99694 ... 0.9995  0.99515 1.00071]
  [1.00212 0.9967  0.99803 ... 1.00014 1.00265 1.00057]
  ...
  [0.99166 1.0008  1.0015  ... 1.00301 1.00129 1.00001]
  [0.99704 0.9982  0.99533 ... 0.99651 0.99427 1.00279]
  [1.00227 0.99509 1.00119 ... 0.9978  0.99516 0.99835]]

 [[0.99634 1.00331 1.00546 ... 1.00241 0.99942 0.99813]
  [1.00188 0.99234 0.99694 ... 0.9995  0.99515 1.00071]
  [1.00212 0.9967  0.99803 ... 1.00014 1.00265 1.00057]
  ...
  [0.99166 1.0008  1.0015  ... 1.00301 1.00128 1.00001]
  [0.99704 0.9982  0.99533 ... 0.99651 0.99427 1.00279]
  [1.00227 1.0056  1.00119 ... 0.9978  0.99516 0.99835]]]","[[[0.         0.         0.         ... 0.         0.         0.        ]
  [0.         0.         0.         ... 0.         0.         0.        ]
  [0.         0.         0.         ... 0.         0.         0.        ]
  ...
  [0.         0.         0.         ... 0.         0.         0.        ]
  [0.         0.         0.         ... 0.         0.         0.        ]
  [0.         0.0023753  0.         ... 0.         0.         0.        ]]

 [[0.01014942 0.00840946 0.00748994 ... 0.00832247 0.00911899 0.00947766]
  [0.00836765 0.01111032 0.00995    ... 0.00923233 0.01050042 0.00879879]
  [0.00842134 0.009884   0.00936879 ... 0.00904529 0.00813981 0.00885944]
  ...
  [0.01154731 0.00867931 0.00874205 ... 0.00817975 0.0087388  0.00901862]
  [0.0098804  0.00987682 0.01042699 ... 0.01018689 0.01069674 0.00815014]
  [0.00873097 0.00042709 0.00920785 ... 0.00957253 0.01041631 0.00939223]]]","[[0. 0. 0. ... 0. 0. 0.]
 [0. 0. 0. ... 0. 0. 0.]
 [0. 0. 0. ... 0. 0. 0.]
 ...
 [0. 0. 0. ... 0. 0. 0.]
 [0. 0. 0. ... 0. 0. 0.]
 [0. 0. 0. ... 0. 0. 0.]]","[[0. 0. 0. ... 0. 0. 0.]
 [0. 0. 0. ... 0. 0. 0.]
 [0. 0. 0. ... 0. 0. 0.]
 ...
 [0. 0. 0. ... 0. 0. 0.]
 [0. 0. 0. ... 0. 0. 0.]
 [0. 0. 0. ... 0. 0. 0.]]"
"(30, 35)",0.15,1e-05,100.0,0.32246530314097877,0.0,"[[[0.99634 1.00331 1.00546 ... 1.00241 0.99942 0.99813]
  [1.00188 0.99234 0.99694 ... 0.9995  0.99515 1.00071]
  [1.00212 0.9967  0.99803 ... 1.00014 1.00265 1.00057]
  ...
  [0.99166 1.0008  1.0015  ... 1.00301 1.00128 1.00001]
  [0.99704 0.9982  0.99533 ... 0.99651 0.99427 1.00279]
  [1.00227 1.0056  1.00119 ... 0.9978  0.99516 0.99835]]

 [[0.99634 1.00331 1.00546 ... 1.00241 0.99942 0.99813]
  [1.00188 0.99234 0.99694 ... 0.9995  0.99515 1.00071]
  [1.00212 0.9967  0.99803 ... 1.00014 1.00265 1.00057]
  ...
  [0.99166 1.0008  1.0015  ... 1.00301 1.00129 1.00001]
  [0.99704 0.9982  0.99533 ... 0.99651 0.99427 1.00279]
  [1.00227 1.0056  1.00119 ... 0.9978  0.99516 0.99835]]]","[[[0.         0.         0.         ... 0.         0.         0.        ]
  [0.         0.         0.         ... 0.         0.         0.        ]
  [0.         0.         0.         ... 0.         0.         0.        ]
  ...
  [0.         0.         0.         ... 0.         0.         0.        ]
  [0.         0.         0.         ... 0.         0.         0.        ]
  [0.         0.         0.         ... 0.         0.         0.        ]]

 [[0.34236144 0.3389291  0.33799235 ... 0.33939035 0.34070983 0.34125937]
  [0.33949051 0.34410988 0.34200467 ... 0.34085506 0.34296608 0.34021051]
  [0.33959847 0.34193141 0.34116727 ... 0.3407163  0.3391728  0.34033626]
  ...
  [0.3444678  0.33998786 0.33987274 ... 0.33901306 0.33987523 0.3404728 ]
  [0.34186222 0.34125594 0.34272522 ... 0.3423064  0.34319125 0.33897025]
  [0.3394245  0.3379506  0.34014265 ... 0.34142766 0.34271277 0.34127185]]]","[[0. 0. 0. ... 0. 0. 0.]
 [0. 0. 0. ... 0. 0. 0.]
 [0. 0. 0. ... 0. 0. 0.]
 ...
 [0. 0. 0. ... 0. 0. 0.]
 [0. 0. 0. ... 0. 0. 0.]
 [0. 0. 0. ... 0. 0. 0.]]","[[0. 0. 0. ... 0. 0. 0.]
 [0. 0. 0. ... 0. 0. 0.]
 [0. 0. 0. ... 0. 0. 0.]
 ...
 [0. 0. 0. ... 0. 0. 0.]
 [0. 0. 0. ... 0. 0. 0.]
 [0. 0. 0. ... 0. 0. 0.]]"
"(15, 20)",0.2,2e-06,51.644846549526996,0.32246530314097877,0.4890020141236043,"[[[0.99634 1.00036 1.00084 ... 0.99764 0.99716 0.99708]
  [1.00714 1.00165 1.00371 ... 1.00385 1.00282 0.99895]
  [1.00128 1.00137 0.99854 ... 1.00292 1.00197 1.00158]
  ...
  [1.00564 1.00328 1.00021 ... 0.99428 1.00379 0.99897]
  [0.99994 1.00521 0.99761 ... 1.00104 0.99716 0.99237]
  [0.99947 0.9931  0.99916 ... 0.99946 0.99954 0.99725]]

 [[0.99634 1.00036 1.00084 ... 0.99764 0.99716 0.99708]
  [1.00714 1.00165 1.00371 ... 1.00385 1.00282 0.99895]
  [1.00128 1.00137 0.99854 ... 1.00292 1.00197 1.00158]
  ...
  [1.00564 1.00328 1.00021 ... 0.99429 1.00379 0.99897]
  [0.99994 1.00521 0.99761 ... 1.00104 0.99716 0.99237]
  [0.99947 0.9931  0.99916 ... 0.99946 0.99954 0.99725]]]","[[[0.         0.         0.         ... 0.59501205 0.34485879 0.        ]
  [0.         0.         0.02554525 ... 0.60486705 0.34161321 0.        ]
  [0.         0.         0.30462087 ... 0.39945075 0.10888967 0.        ]
  ...
  [0.04822968 0.         0.00116277 ... 0.         0.         0.0300606 ]
  [0.         0.01350883 0.24265674 ... 0.         0.         0.        ]
  [0.         0.         0.15859379 ... 0.22623612 0.07302193 0.        ]]

 [[0.23776447 0.16467794 0.00474149 ... 0.         0.         0.01937978]
  [0.31823781 0.17502754 0.         ... 0.         0.         0.09585994]
  [0.40315996 0.04454666 0.         ... 0.         0.         0.32309454]
  ...
  [0.         0.07545478 0.         ... 0.77238237 0.32177017 0.        ]
  [0.09682531 0.         0.         ... 0.37212506 0.2794142  0.16285224]
  [0.17403831 0.05056216 0.         ... 0.         0.         0.10204461]]]","[[0. 0. 0. ... 0. 0. 0.]
 [0. 0. 0. ... 0. 0. 0.]
 [0. 0. 0. ... 0. 0. 0.]
 ...
 [0. 0. 0. ... 0. 0. 0.]
 [0. 0. 0. ... 0. 0. 0.]
 [0. 0. 0. ... 0. 0. 0.]]","[[0. 0. 0. ... 0. 0. 0.]
 [0. 0. 0. ... 0. 0. 0.]
 [0. 0. 0. ... 0. 0. 0.]
 ...
 [0. 0. 0. ... 0. 0. 0.]
 [0. 0. 0. ... 0. 0. 0.]
 [0. 0. 0. ... 0. 0. 0.]]"
"(20, 25)",0.2,2e-06,46.876926742813616,0.32246530314097877,0.47362712706536725,"[[[0.99634 1.00036 1.00084 ... 0.99764 0.99716 0.99708]
  [1.00714 1.00165 1.00371 ... 1.00385 1.00282 0.99895]
  [1.00128 1.00137 0.99854 ... 1.00292 1.00197 1.00158]
  ...
  [1.00564 1.00328 1.00021 ... 0.99429 1.00379 0.99897]
  [0.99994 1.00521 0.99761 ... 1.00104 0.99716 0.99237]
  [0.99947 0.9931  0.99916 ... 0.99946 0.99954 0.99725]]

 [[0.99634 1.00036 1.00084 ... 0.99764 0.99716 0.99708]
  [1.00714 1.00165 1.00371 ... 1.00385 1.00282 0.99895]
  [1.00128 1.00137 0.99854 ... 1.00292 1.00197 1.00158]
  ...
  [1.00564 1.00328 1.00021 ... 0.99428 1.00379 0.99897]
  [0.99994 1.00521 0.99761 ... 1.00104 0.99716 0.99237]
  [0.99947 0.9931  0.99916 ... 0.99946 0.99954 0.99725]]]","[[[0.         0.         0.         ... 0.         1.80516946 2.02535702]
  [0.         0.         0.         ... 0.         2.18381248 2.67426572]
  [1.34654364 0.22482672 1.47779847 ... 0.42977435 3.17490068 3.25127979]
  ...
  [2.28743576 0.         0.         ... 0.         4.45862366 6.33911794]
  [0.49839585 0.         0.         ... 0.         4.35458761 5.11125841]
  [0.         0.         0.         ... 0.         2.90811437 3.0135441 ]]

 [[2.13095961 6.19538769 5.34317643 ... 2.38761042 0.         0.        ]
  [0.1087144  2.69368822 1.40872613 ... 1.82146537 0.         0.        ]
  [0.         0.         0.         ... 0.         0.         0.        ]
  ...
  [0.         2.66519582 1.79641318 ... 1.58803173 0.         0.        ]
  [0.         4.81423402 4.24881979 ... 0.42871945 0.         0.        ]
  [1.88229395 6.99888528 6.50771122 ... 1.24534271 0.         0.        ]]]","[[0. 0. 0. ... 0. 0. 0.]
 [0. 0. 0. ... 0. 0. 0.]
 [0. 0. 0. ... 0. 0. 0.]
 ...
 [0. 0. 0. ... 0. 0. 0.]
 [0. 0. 0. ... 0. 0. 0.]
 [0. 0. 0. ... 0. 0. 0.]]","[[0. 0. 0. ... 0. 0. 0.]
 [0. 0. 0. ... 0. 0. 0.]
 [0. 0. 0. ... 0. 0. 0.]
 ...
 [0. 0. 0. ... 0. 0. 0.]
 [0. 0. 0. ... 0. 0. 0.]
 [0. 0. 0. ... 0. 0. 0.]]"
"(25, 30)",0.2,2e-06,48.10059105338211,0.32246530314097877,0.4775730198938699,"[[[0.99634 1.00036 1.00084 ... 0.99764 0.99716 0.99708]
  [1.00714 1.00165 1.00371 ... 1.00385 1.00282 0.99895]
  [1.00128 1.00137 0.99854 ... 1.00292 1.00197 1.00158]
  ...
  [1.00564 1.00328 1.00021 ... 0.99428 1.00379 0.99897]
  [0.99994 1.00521 0.99761 ... 1.00104 0.99716 0.99237]
  [0.99947 0.9931  0.99916 ... 0.99946 0.99954 0.99725]]

 [[0.99634 1.00036 1.00084 ... 0.99764 0.99716 0.99708]
  [1.00714 1.00165 1.00371 ... 1.00385 1.00282 0.99895]
  [1.00128 1.00137 0.99854 ... 1.00292 1.00197 1.00158]
  ...
  [1.00564 1.00328 1.00021 ... 0.99428 1.00379 0.99897]
  [0.99994 1.00521 0.99761 ... 1.00104 0.99716 0.99237]
  [0.99947 0.9931  0.99916 ... 0.99946 0.99954 0.99725]]]","[[[0.         0.         0.         ... 0.         0.         0.        ]
  [0.83956387 0.         0.         ... 0.         0.         1.31922885]
  [2.71527057 0.         0.         ... 0.         0.42782187 3.19086445]
  ...
  [1.06383889 0.40321922 0.17059876 ... 0.01490992 1.12211857 1.47374283]
  [1.12398556 0.69236179 0.87720722 ... 0.         0.20767843 1.11589354]
  [0.08650793 0.         0.         ... 0.         0.         0.10767556]]

 [[0.42154391 2.03871881 2.62784321 ... 1.56679758 1.21780556 0.05487881]
  [0.         1.6534743  3.11375541 ... 2.17262726 0.57352379 0.        ]
  [0.         0.13639421 2.02507736 ... 2.89800442 0.         0.        ]
  ...
  [0.         0.         0.         ... 0.         0.         0.        ]
  [0.         0.         0.         ... 1.02860384 0.         0.        ]
  [0.         0.64297923 0.51879189 ... 1.38366606 0.88630803 0.        ]]]","[[0. 0. 0. ... 0. 0. 0.]
 [0. 0. 0. ... 0. 0. 0.]
 [0. 0. 0. ... 0. 0. 0.]
 ...
 [0. 0. 0. ... 0. 0. 0.]
 [0. 0. 0. ... 0. 0. 0.]
 [0. 0. 0. ... 0. 0. 0.]]","[[0. 0. 0. ... 0. 0. 0.]
 [0. 0. 0. ... 0. 0. 0.]
 [0. 0. 0. ... 0. 0. 0.]
 ...
 [0. 0. 0. ... 0. 0. 0.]
 [0. 0. 0. ... 0. 0. 0.]
 [0. 0. 0. ... 0. 0. 0.]]"
"(30, 35)",0.2,2e-06,56.837056238526685,0.32246530314097877,0.1391855174450051,"[[[0.99634 1.00036 1.00084 ... 0.99764 0.99716 0.99708]
  [1.00714 1.00165 1.00371 ... 1.00385 1.00282 0.99895]
  [1.00128 1.00137 0.99854 ... 1.00292 1.00197 1.00158]
  ...
  [1.00564 1.00328 1.00021 ... 0.99428 1.00379 0.99897]
  [0.99994 1.00521 0.99761 ... 1.00104 0.99716 0.99237]
  [0.99947 0.9931  0.99916 ... 0.99946 0.99954 0.99725]]

 [[0.99663 1.005   1.00213 ... 0.99737 0.99716 0.99991]
  [0.99782 1.00557 0.99449 ... 1.00152 1.00146 1.00319]
  [1.0008  0.99935 0.99389 ... 1.00292 0.99919 1.00111]
  ...
  [0.99843 0.99921 1.00518 ... 1.00251 1.00379 1.00167]
  [0.99856 1.00428 1.00105 ... 1.00459 0.99319 0.99237]
  [1.00124 0.99788 0.99916 ... 0.99946 1.00045 1.00426]]]","[[[3.40512612 0.43481136 0.         ... 0.         0.         2.64974572]
  [2.09722666 0.         0.         ... 0.         0.         1.8381322 ]
  [0.         0.         0.         ... 0.         0.         0.        ]
  ...
  [0.         0.         1.90930728 ... 3.23580062 0.         0.        ]
  [0.         0.         1.6303929  ... 0.59892658 0.         0.        ]
  [0.92344029 0.72675259 0.         ... 0.         0.         0.        ]]

 [[0.         0.21879191 4.95723788 ... 5.19729543 1.63511279 0.        ]
  [0.         2.03196385 6.38312708 ... 4.31117995 1.83499487 0.        ]
  [1.86879364 3.16946133 4.31701771 ... 2.43261807 3.12486864 2.23503419]
  ...
  [8.01507638 3.42588546 0.         ... 0.         2.41833562 7.68213895]
  [4.87156564 1.61004649 0.         ... 0.03555693 2.99038875 5.5223322 ]
  [0.         0.         1.47702365 ... 3.63991082 2.44055709 0.85754719]]]","[[0. 0. 0. ... 0. 0. 0.]
 [0. 0. 0. ... 0. 0. 0.]
 [0. 0. 0. ... 0. 0. 0.]
 ...
 [0. 0. 0. ... 0. 0. 0.]
 [0. 0. 0. ... 0. 0. 0.]
 [0. 0. 0. ... 0. 0. 0.]]","[[0. 0. 0. ... 0. 0. 0.]
 [0. 0. 0. ... 0. 0. 0.]
 [0. 0. 0. ... 0. 0. 0.]
 ...
 [0. 0. 0. ... 0. 0. 0.]
 [0. 0. 0. ... 0. 0. 0.]
 [0. 0. 0. ... 0. 0. 0.]]"
"(15, 20)",0.2,5e-06,51.32529993808301,0.32246530314097877,0.48797158717433475,"[[[0.99634 1.00036 1.00084 ... 0.99954 0.99909 1.00071]
  [1.00251 1.00098 1.00401 ... 1.00324 1.0023  0.99612]
  [0.9975  0.99989 1.00321 ... 1.00388 0.99905 0.99687]
  ...
  [1.0047  1.00233 1.00125 ... 0.99918 0.99864 1.00161]
  [0.999   1.00618 1.00168 ... 0.99697 0.99763 1.00116]
  [1.00046 0.99718 1.00279 ... 1.0024  1.00065 0.99712]]

 [[0.99634 1.00036 1.00084 ... 0.99954 0.9991  1.00071]
  [1.00251 1.00098 1.00401 ... 1.00324 1.0023  0.99612]
  [0.9975  0.99989 1.00321 ... 1.00388 0.99905 0.99687]
  ...
  [1.0047  1.00233 1.00125 ... 0.99917 0.99864 1.00161]
  [0.999   1.00618 1.00168 ... 0.99697 0.99763 1.00116]
  [1.00046 0.99718 1.00279 ... 1.0024  1.00065 0.99712]]]","[[[1.11747959e-01 4.00068541e-02 0.00000000e+00 ... 0.00000000e+00
   2.68651229e-01 0.00000000e+00]
  [0.00000000e+00 2.08904274e-02 0.00000000e+00 ... 0.00000000e+00
   1.55621512e-01 0.00000000e+00]
  [1.84732737e-01 2.48510649e-01 0.00000000e+00 ... 0.00000000e+00
   2.77224220e-01 2.91625454e-01]
  ...
  [4.08348318e-01 1.24105128e-01 0.00000000e+00 ... 9.88427850e-03
   2.82385118e-01 2.09616032e-01]
  [0.00000000e+00 0.00000000e+00 1.71007428e-01 ... 0.00000000e+00
   1.21201351e-04 0.00000000e+00]
  [2.67183377e-01 0.00000000e+00 0.00000000e+00 ... 0.00000000e+00
   2.44062654e-01 5.27314379e-02]]

 [[0.00000000e+00 0.00000000e+00 1.00275844e-01 ... 1.78721665e-01
   0.00000000e+00 2.75863630e-01]
  [1.02912216e-01 0.00000000e+00 2.22511572e-01 ... 3.72716750e-01
   0.00000000e+00 3.59148721e-01]
  [0.00000000e+00 0.00000000e+00 2.83205099e-01 ... 1.36830159e-01
   0.00000000e+00 0.00000000e+00]
  ...
  [0.00000000e+00 0.00000000e+00 2.32418731e-01 ... 0.00000000e+00
   0.00000000e+00 0.00000000e+00]
  [1.98758473e-01 1.75992192e-01 0.00000000e+00 ... 1.14646788e-01
   0.00000000e+00 4.56328334e-01]
  [0.00000000e+00 4.44325509e-02 1.10466033e-01 ... 3.20538661e-01
   0.00000000e+00 0.00000000e+00]]]","[[0. 0. 0. ... 0. 0. 0.]
 [0. 0. 0. ... 0. 0. 0.]
 [0. 0. 0. ... 0. 0. 0.]
 ...
 [0. 0. 0. ... 0. 0. 0.]
 [0. 0. 0. ... 0. 0. 0.]
 [0. 0. 0. ... 0. 0. 0.]]","[[0. 0. 0. ... 0. 0. 0.]
 [0. 0. 0. ... 0. 0. 0.]
 [0. 0. 0. ... 0. 0. 0.]
 ...
 [0. 0. 0. ... 0. 0. 0.]
 [0. 0. 0. ... 0. 0. 0.]
 [0. 0. 0. ... 0. 0. 0.]]"
"(20, 25)",0.2,5e-06,48.339020016617866,0.32246530314097877,0.478341870572944,"[[[0.99634 1.00036 1.00084 ... 0.99954 0.9991  1.00071]
  [1.00251 1.00098 1.00401 ... 1.00324 1.0023  0.99612]
  [0.9975  0.99989 1.00321 ... 1.00388 0.99905 0.99687]
  ...
  [1.0047  1.00233 1.00125 ... 0.99917 0.99864 1.00161]
  [0.999   1.00618 1.00168 ... 0.99697 0.99763 1.00116]
  [1.00046 0.99718 1.00279 ... 1.0024  1.00065 0.99712]]

 [[0.99634 1.00036 1.00084 ... 0.99954 0.99909 1.00071]
  [1.00251 1.00098 1.00401 ... 1.00324 1.0023  0.99612]
  [0.9975  0.99989 1.00321 ... 1.00388 0.99905 0.99687]
  ...
  [1.0047  1.00233 1.00125 ... 0.99917 0.99864 1.00161]
  [0.999   1.00618 1.00327 ... 0.99697 0.99763 1.00116]
  [1.00046 0.99718 1.00279 ... 1.0024  1.00065 0.99712]]]","[[[0.         0.12957523 0.         ... 0.         0.56619156 0.26402892]
  [0.48385829 0.         0.22583778 ... 0.39697223 0.         0.        ]
  [0.74201376 0.         0.39312824 ... 0.         0.         0.        ]
  ...
  [0.30040018 0.71759272 0.         ... 0.         0.13846366 0.        ]
  [0.         0.         0.         ... 0.1379262  0.12494971 0.52317211]
  [0.         0.71263611 0.         ... 0.23299731 0.         0.30042303]]

 [[0.49599586 0.         0.06218041 ... 0.28896796 0.         0.        ]
  [0.         0.61100911 0.         ... 0.         0.09405532 0.6347343 ]
  [0.         0.30973908 0.         ... 0.01028447 0.32084949 0.05577674]
  ...
  [0.         0.         0.40711995 ... 0.28349138 0.         0.47600799]
  [0.62506859 0.36354771 0.21152501 ... 0.         0.         0.        ]
  [0.20468475 0.         0.30749104 ... 0.         1.09382754 0.        ]]]","[[0. 0. 0. ... 0. 0. 0.]
 [0. 0. 0. ... 0. 0. 0.]
 [0. 0. 0. ... 0. 0. 0.]
 ...
 [0. 0. 0. ... 0. 0. 0.]
 [0. 0. 0. ... 0. 0. 0.]
 [0. 0. 0. ... 0. 0. 0.]]","[[0. 0. 0. ... 0. 0. 0.]
 [0. 0. 0. ... 0. 0. 0.]
 [0. 0. 0. ... 0. 0. 0.]
 ...
 [0. 0. 0. ... 0. 0. 0.]
 [0. 0. 0. ... 0. 0. 0.]
 [0. 0. 0. ... 0. 0. 0.]]"
"(25, 30)",0.2,5e-06,47.2436652465955,0.32246530314097877,0.4748097314933222,"[[[0.99634 1.00036 1.00084 ... 0.99954 0.99909 1.00071]
  [1.00251 1.00098 1.00401 ... 1.00324 1.0023  0.99612]
  [0.9975  0.99989 1.00321 ... 1.00388 0.99905 0.99687]
  ...
  [1.0047  1.00233 1.00125 ... 0.99917 0.99864 1.00161]
  [0.999   1.00618 1.00327 ... 0.99697 0.99763 1.00116]
  [1.00046 0.99718 1.00279 ... 1.0024  1.00065 0.99712]]

 [[0.99634 1.00036 1.00084 ... 0.99954 0.99909 1.00071]
  [1.00251 1.00098 1.00401 ... 1.00324 1.0023  0.99612]
  [0.9975  0.99989 1.00321 ... 1.00388 0.99905 0.99687]
  ...
  [1.0047  1.00233 1.00125 ... 0.99917 0.99864 1.00161]
  [0.999   1.00618 1.00168 ... 0.99697 0.99763 1.00116]
  [1.00046 0.99718 1.00279 ... 1.0024  1.00065 0.99712]]]","[[[0.15760686 0.72626521 1.04459092 ... 2.02361897 0.         0.        ]
  [2.09512124 0.         0.         ... 0.         3.47079409 0.        ]
  [0.10947691 1.24108575 0.         ... 0.51554988 0.         0.        ]
  ...
  [3.34584186 0.         0.         ... 0.         1.60495758 0.        ]
  [0.         1.4334313  0.20313967 ... 0.         2.37092225 0.        ]
  [0.         0.         0.19545563 ... 0.79967241 0.         4.25398382]]

 [[0.         0.         0.         ... 0.         0.01036404 1.52694796]
  [0.         2.38676304 0.1228589  ... 4.24924476 0.         2.35338541]
  [0.         0.         1.75079996 ... 0.         0.88091747 0.21276951]
  ...
  [0.         2.06811688 1.48677517 ... 2.93472873 0.         2.64339585]
  [0.64959708 0.         0.         ... 0.200629   0.         2.22097467]
  [1.61636834 0.79614093 0.         ... 0.         4.18732501 0.        ]]]","[[0. 0. 0. ... 0. 0. 0.]
 [0. 0. 0. ... 0. 0. 0.]
 [0. 0. 0. ... 0. 0. 0.]
 ...
 [0. 0. 0. ... 0. 0. 0.]
 [0. 0. 0. ... 0. 0. 0.]
 [0. 0. 0. ... 0. 0. 0.]]","[[0. 0. 0. ... 0. 0. 0.]
 [0. 0. 0. ... 0. 0. 0.]
 [0. 0. 0. ... 0. 0. 0.]
 ...
 [0. 0. 0. ... 0. 0. 0.]
 [0. 0. 0. ... 0. 0. 0.]
 [0. 0. 0. ... 0. 0. 0.]]"
"(30, 35)",0.2,5e-06,6.223333535380867,0.32246530314097877,0.34253339449131887,"[[[0.99634 1.00036 1.00084 ... 0.99954 0.99909 1.00071]
  [1.00251 1.00098 1.00401 ... 1.00324 1.0023  0.99612]
  [0.9975  0.99989 1.00321 ... 1.00388 0.99905 0.99687]
  ...
  [1.0047  1.00233 1.00125 ... 0.99917 0.99864 1.00161]
  [0.999   1.00618 1.00168 ... 0.99697 0.99763 1.00116]
  [1.00046 0.99718 1.00279 ... 1.0024  1.00065 0.99712]]

 [[0.99634 1.00036 1.00084 ... 0.99954 0.99909 1.00071]
  [1.00251 1.00098 1.00401 ... 1.00324 1.0023  0.99612]
  [0.9975  0.99989 1.00321 ... 1.00388 0.99905 0.99687]
  ...
  [1.0047  1.00233 1.00125 ... 0.99917 0.99864 1.00161]
  [0.999   1.00618 1.00327 ... 0.99697 0.99763 1.00116]
  [1.00046 0.99718 1.00279 ... 1.0024  1.00065 0.99712]]]","[[[4.13933848 1.35037326 0.         ... 0.         0.         0.        ]
  [0.         0.         5.15295337 ... 0.         7.38932886 0.        ]
  [4.8216434  0.98076657 0.         ... 0.         0.         0.        ]
  ...
  [0.         0.         3.34469888 ... 0.         4.50242672 0.        ]
  [0.         4.46560331 0.         ... 0.74287719 0.         1.68687553]
  [0.         0.         0.         ... 3.95285894 0.34539201 2.9911598 ]]

 [[0.         0.         3.03441887 ... 4.84775673 4.74078337 3.18975439]
  [1.95739728 8.51287093 0.         ... 2.65682337 0.         4.25770779]
  [0.         0.         1.80700504 ... 3.99038607 6.17115236 3.07485262]
  ...
  [2.47982929 6.13442121 0.         ... 1.6119207  0.         2.78136497]
  [0.60696949 0.         6.2071067  ... 0.         8.75858505 0.        ]
  [8.87168855 0.50282319 2.69858292 ... 0.         0.03823567 0.        ]]]","[[0. 0. 0. ... 0. 0. 0.]
 [0. 0. 0. ... 0. 0. 0.]
 [0. 0. 0. ... 0. 0. 0.]
 ...
 [0. 0. 0. ... 0. 0. 0.]
 [0. 0. 0. ... 0. 0. 0.]
 [0. 0. 0. ... 0. 0. 0.]]","[[0. 0. 0. ... 0. 0. 0.]
 [0. 0. 0. ... 0. 0. 0.]
 [0. 0. 0. ... 0. 0. 0.]
 ...
 [0. 0. 0. ... 0. 0. 0.]
 [0. 0. 0. ... 0. 0. 0.]
 [0. 0. 0. ... 0. 0. 0.]]"
"(15, 20)",0.2,1e-05,207.97582497360725,0.32246530314097877,0.9931151776020727,"[[[0.99634 1.00331 1.00546 ... 1.00241 0.99942 0.99813]
  [1.00188 0.99234 0.99694 ... 0.9995  0.99515 1.00071]
  [1.00212 0.9967  0.99803 ... 1.00014 1.00265 1.00057]
  ...
  [0.99166 1.0008  1.0015  ... 1.00301 1.00128 1.00001]
  [0.99704 0.9982  0.99533 ... 0.99651 0.99427 1.00279]
  [1.00227 1.0056  1.00119 ... 0.9978  0.99516 0.99835]]

 [[0.99634 1.00036 1.00084 ... 1.00533 0.99911 1.00172]
  [0.99927 1.00081 0.99975 ... 0.99954 0.9991  1.00071]
  [1.00251 1.00098 1.00401 ... 0.99794 1.00004 1.00057]
  ...
  [0.99869 1.00448 1.00334 ... 0.99405 1.0027  1.00121]
  [1.0042  0.99693 1.00043 ... 0.99507 1.00558 0.99501]
  [1.00227 0.99906 0.99865 ... 1.0019  0.99962 0.99835]]]","[[[0.00000000e+00 0.00000000e+00 1.07611361e-05 ... 7.68248885e-04
   2.43088578e-05 6.56260217e-04]
  [0.00000000e+00 1.09805841e-03 2.47794604e-04 ... 2.02522112e-04
   5.30167187e-04 2.78289059e-04]
  [4.38947186e-04 4.92182804e-04 9.46723992e-04 ... 0.00000000e+00
   0.00000000e+00 2.58339837e-04]
  ...
  [6.04653704e-04 9.97213911e-04 4.87734738e-04 ... 0.00000000e+00
   4.77506086e-04 5.76001744e-04]
  [1.33941280e-03 0.00000000e+00 8.23426560e-04 ... 0.00000000e+00
   1.78571353e-03 0.00000000e+00]
  [3.46407437e-04 0.00000000e+00 0.00000000e+00 ... 7.56549850e-04
   4.56831639e-04 1.84920646e-04]]

 [[0.00000000e+00 0.00000000e+00 0.00000000e+00 ... 0.00000000e+00
   0.00000000e+00 0.00000000e+00]
  [6.11328156e-05 0.00000000e+00 0.00000000e+00 ... 0.00000000e+00
   0.00000000e+00 0.00000000e+00]
  [0.00000000e+00 0.00000000e+00 0.00000000e+00 ... 0.00000000e+00
   0.00000000e+00 0.00000000e+00]
  ...
  [0.00000000e+00 0.00000000e+00 0.00000000e+00 ... 8.10312884e-04
   0.00000000e+00 0.00000000e+00]
  [0.00000000e+00 2.75843780e-04 0.00000000e+00 ... 3.00870704e-04
   0.00000000e+00 1.12364869e-03]
  [0.00000000e+00 2.00548991e-04 0.00000000e+00 ... 0.00000000e+00
   0.00000000e+00 0.00000000e+00]]]","[[0. 0. 0. ... 0. 0. 0.]
 [0. 0. 0. ... 0. 0. 0.]
 [0. 0. 0. ... 0. 0. 0.]
 ...
 [0. 0. 0. ... 0. 0. 0.]
 [0. 0. 0. ... 0. 0. 0.]
 [0. 0. 0. ... 0. 0. 0.]]","[[0. 0. 0. ... 0. 0. 0.]
 [0. 0. 0. ... 0. 0. 0.]
 [0. 0. 0. ... 0. 0. 0.]
 ...
 [0. 0. 0. ... 0. 0. 0.]
 [0. 0. 0. ... 0. 0. 0.]
 [0. 0. 0. ... 0. 0. 0.]]"
"(20, 25)",0.2,1e-05,79.67760746419064,0.32246530314097877,0.5793979415858602,"[[[0.99634 1.00036 1.00084 ... 1.00533 0.99911 1.00172]
  [0.99927 1.00081 0.99975 ... 0.99954 0.9991  1.00071]
  [1.00251 1.00098 1.00401 ... 0.99794 1.00004 1.00057]
  ...
  [0.99869 1.00448 1.00334 ... 0.99405 1.0027  1.00121]
  [1.0042  0.99693 1.00043 ... 0.99507 1.00558 0.99501]
  [1.00227 0.99906 0.99865 ... 1.0019  0.99962 0.99835]]

 [[0.99634 1.00331 1.00546 ... 1.00241 0.99942 0.99813]
  [1.00188 0.99234 0.99694 ... 0.9995  0.99515 1.00071]
  [1.00212 0.9967  0.99803 ... 1.00014 1.00265 1.00057]
  ...
  [0.99166 1.0008  1.0015  ... 1.00301 1.00129 1.00001]
  [0.99704 0.9982  0.99533 ... 0.99651 0.99427 1.00279]
  [1.00227 0.99509 1.00119 ... 0.9978  0.99516 0.99835]]]","[[[0.         0.         0.         ... 0.         0.         0.        ]
  [0.         0.         0.         ... 0.         0.         0.        ]
  [0.         0.         0.         ... 0.         0.         0.        ]
  ...
  [0.         0.         0.         ... 0.         0.         0.        ]
  [0.         0.         0.         ... 0.         0.         0.        ]
  [0.         0.         0.         ... 0.         0.         0.        ]]

 [[0.00908804 0.00622038 0.00620397 ... 0.00861406 0.00794539 0.00949041]
  [0.00671992 0.01239176 0.00936172 ... 0.00838727 0.01050673 0.00811682]
  [0.00811013 0.0096099  0.00998461 ... 0.00793642 0.00667755 0.00824671]
  ...
  [0.0117129  0.00951224 0.00852239 ... 0.00505859 0.00846296 0.00884163]
  [0.01132287 0.00719263 0.01092982 ... 0.00838145 0.01302757 0.0046227 ]
  [0.00734191 0.01082453 0.00719459 ... 0.00981783 0.01007503 0.008732  ]]]","[[0. 0. 0. ... 0. 0. 0.]
 [0. 0. 0. ... 0. 0. 0.]
 [0. 0. 0. ... 0. 0. 0.]
 ...
 [0. 0. 0. ... 0. 0. 0.]
 [0. 0. 0. ... 0. 0. 0.]
 [0. 0. 0. ... 0. 0. 0.]]","[[0. 0. 0. ... 0. 0. 0.]
 [0. 0. 0. ... 0. 0. 0.]
 [0. 0. 0. ... 0. 0. 0.]
 ...
 [0. 0. 0. ... 0. 0. 0.]
 [0. 0. 0. ... 0. 0. 0.]
 [0. 0. 0. ... 0. 0. 0.]]"
"(25, 30)",0.2,1e-05,97.28644612588337,0.32246530314097877,0.6361803365558936,"[[[0.99634 1.00331 1.00546 ... 1.00241 0.99942 0.99813]
  [1.00188 0.99234 0.99694 ... 0.9995  0.99515 1.00071]
  [1.00212 0.9967  0.99803 ... 1.00014 1.00265 1.00057]
  ...
  [0.99166 1.0008  1.0015  ... 1.00301 1.00129 1.00001]
  [0.99704 0.9982  0.99533 ... 0.99651 0.99427 1.00279]
  [1.00227 0.99509 1.00119 ... 0.9978  0.99516 0.99835]]

 [[0.99634 1.00331 1.00546 ... 1.00241 0.99942 0.99813]
  [1.00188 0.99234 0.99694 ... 0.9995  0.99515 1.00071]
  [1.00212 0.9967  0.99803 ... 1.00014 1.00265 1.00057]
  ...
  [0.99166 1.0008  1.0015  ... 1.00301 1.00128 1.00001]
  [0.99704 0.9982  0.99533 ... 0.99651 0.99427 1.00279]
  [1.00227 1.0056  1.00119 ... 0.99779 0.99516 0.99835]]]","[[[0.         0.         0.         ... 0.         0.         0.        ]
  [0.         0.         0.         ... 0.         0.         0.        ]
  [0.         0.         0.         ... 0.         0.         0.        ]
  ...
  [0.         0.         0.         ... 0.         0.         0.        ]
  [0.         0.         0.         ... 0.         0.         0.        ]
  [0.         0.0037525  0.         ... 0.         0.         0.        ]]

 [[0.00867889 0.00697837 0.00581451 ... 0.00679648 0.00758706 0.00793919]
  [0.00681039 0.00964031 0.00852186 ... 0.00770713 0.00912937 0.0073214 ]
  [0.00693486 0.00843906 0.00780888 ... 0.00776856 0.00657951 0.00738198]
  ...
  [0.0100724  0.00693957 0.00713872 ... 0.00646575 0.00711568 0.00746055]
  [0.00828611 0.00846443 0.0088119  ... 0.00872612 0.00918722 0.00646669]
  [0.00730105 0.         0.00783622 ... 0.00799302 0.00895769 0.00784741]]]","[[0. 0. 0. ... 0. 0. 0.]
 [0. 0. 0. ... 0. 0. 0.]
 [0. 0. 0. ... 0. 0. 0.]
 ...
 [0. 0. 0. ... 0. 0. 0.]
 [0. 0. 0. ... 0. 0. 0.]
 [0. 0. 0. ... 0. 0. 0.]]","[[0. 0. 0. ... 0. 0. 0.]
 [0. 0. 0. ... 0. 0. 0.]
 [0. 0. 0. ... 0. 0. 0.]
 ...
 [0. 0. 0. ... 0. 0. 0.]
 [0. 0. 0. ... 0. 0. 0.]
 [0. 0. 0. ... 0. 0. 0.]]"
"(30, 35)",0.2,1e-05,100.0,0.32246530314097877,0.0,"[[[0.99634 1.00331 1.00546 ... 1.00241 0.99942 0.99813]
  [1.00188 0.99234 0.99694 ... 0.9995  0.99515 1.00071]
  [1.00212 0.9967  0.99803 ... 1.00014 1.00265 1.00057]
  ...
  [0.99166 1.0008  1.0015  ... 1.00301 1.00128 1.00001]
  [0.99704 0.9982  0.99533 ... 0.99651 0.99427 1.00279]
  [1.00227 1.0056  1.00119 ... 0.99779 0.99516 0.99835]]

 [[0.99634 1.00331 1.00546 ... 1.00241 0.99942 0.99813]
  [1.00188 0.99234 0.99694 ... 0.9995  0.99515 1.00071]
  [1.00212 0.9967  0.99803 ... 1.00014 1.00265 1.00057]
  ...
  [0.99166 1.0008  1.0015  ... 1.00301 1.00128 1.00001]
  [0.99704 0.9982  0.99533 ... 0.99651 0.99427 1.00279]
  [1.00227 0.99509 1.00119 ... 0.99779 0.99516 0.99835]]]","[[[0.         0.         0.         ... 0.         0.         0.        ]
  [0.         0.         0.         ... 0.         0.         0.        ]
  [0.         0.         0.         ... 0.         0.         0.        ]
  ...
  [0.         0.         0.         ... 0.         0.         0.        ]
  [0.         0.         0.         ... 0.         0.         0.        ]
  [0.         0.         0.         ... 0.         0.         0.        ]]

 [[0.52627139 0.52137523 0.52163648 ... 0.52302674 0.52440221 0.52489846]
  [0.52305274 0.52829041 0.52587302 ... 0.52453489 0.52680968 0.52390645]
  [0.5233193  0.52553835 0.52466587 ... 0.52455244 0.52274987 0.52406191]
  ...
  [0.52833011 0.5239723  0.52361136 ... 0.52257371 0.52358032 0.52414729]
  [0.52572766 0.52376395 0.5266413  ... 0.52610481 0.52702139 0.52250861]
  [0.52189456 0.54161292 0.52275986 ... 0.52518115 0.52631748 0.52532007]]]","[[0. 0. 0. ... 0. 0. 0.]
 [0. 0. 0. ... 0. 0. 0.]
 [0. 0. 0. ... 0. 0. 0.]
 ...
 [0. 0. 0. ... 0. 0. 0.]
 [0. 0. 0. ... 0. 0. 0.]
 [0. 0. 0. ... 0. 0. 0.]]","[[0. 0. 0. ... 0. 0. 0.]
 [0. 0. 0. ... 0. 0. 0.]
 [0. 0. 0. ... 0. 0. 0.]
 ...
 [0. 0. 0. ... 0. 0. 0.]
 [0. 0. 0. ... 0. 0. 0.]
 [0. 0. 0. ... 0. 0. 0.]]"
