seed,alpha,E1_keV,E2_keV,R_m,det_dx_m,thickness_m,mat_frac,fom,Fgt,Fmd,imgs,bmis,gt_bmi1,gt_bmi2,ssim1,ssim2
422,3,20.0,25.0,0.0,1e-05,0.01,0.2,42.271423504141126,0.2071748648379714,0.29475062934776225,"[[[0.9996266 1.0005372 1.0001258 ... 1.0000609 0.9997865 0.9997067]
  [1.0000114 0.9998779 0.9997412 ... 1.000152  1.0003355 1.000319 ]
  [1.000101  0.9998181 0.9998542 ... 1.0002918 1.000142  0.9999939]
  ...
  [0.999843  0.9999199 1.0005176 ... 0.9998116 0.9997498 1.0000064]
  [0.9998568 1.0004281 1.0003486 ... 0.9996346 1.000166  0.9997518]
  [1.0001237 0.9997881 0.9994706 ... 0.9997531 1.0003324 1.0002583]]

 [[0.9996631 1.0004995 1.0002134 ... 0.9997371 0.9997159 0.9999909]
  [0.999782  1.0005572 0.9994488 ... 1.0001519 1.0001456 1.0003186]
  [1.0000801 0.9999347 0.9993894 ... 1.0002918 0.9999193 1.0001109]
  ...
  [0.9998428 0.9999212 1.0005174 ... 1.0002514 1.0001655 1.0001667]
  [0.9998565 1.000428  1.0001051 ... 1.0004592 0.9993186 0.9992366]
  [1.0001236 0.9997881 0.9999162 ... 0.9999462 1.0000452 1.000426 ]]]","[[[4.31279679e-04 0.00000000e+00 0.00000000e+00 ... 8.06762620e-04
   4.98972201e-04 0.00000000e+00]
  [6.16727210e-04 0.00000000e+00 1.17590397e-03 ... 0.00000000e+00
   4.59427122e-05 0.00000000e+00]
  [0.00000000e+00 0.00000000e+00 1.49061684e-03 ... 0.00000000e+00
   4.12092407e-04 0.00000000e+00]
  ...
  [2.24184112e-04 1.10508682e-04 0.00000000e+00 ... 0.00000000e+00
   0.00000000e+00 0.00000000e+00]
  [2.04971797e-04 0.00000000e+00 1.74920256e-04 ... 0.00000000e+00
   2.10221550e-03 1.77590501e-03]
  [0.00000000e+00 3.01918303e-04 0.00000000e+00 ... 0.00000000e+00
   3.18723574e-04 0.00000000e+00]]

 [[0.00000000e+00 1.11165105e-03 7.10860816e-04 ... 0.00000000e+00
   0.00000000e+00 6.24733281e-04]
  [0.00000000e+00 2.88036612e-03 0.00000000e+00 ... 3.63860009e-04
   0.00000000e+00 7.63077387e-04]
  [1.44636643e-04 1.08632528e-04 0.00000000e+00 ... 6.99604065e-04
   0.00000000e+00 5.31827780e-04]
  ...
  [0.00000000e+00 0.00000000e+00 1.23960478e-03 ... 1.60319392e-03
   1.34232273e-03 7.63985163e-04]
  [0.00000000e+00 1.02561450e-03 0.00000000e+00 ... 2.97635037e-03
   0.00000000e+00 0.00000000e+00]
  [2.96127009e-04 0.00000000e+00 8.13041325e-04 ... 3.10204924e-04
   0.00000000e+00 1.40272381e-03]]]","[[0. 0. 0. ... 0. 0. 0.]
 [0. 0. 0. ... 0. 0. 0.]
 [0. 0. 0. ... 0. 0. 0.]
 ...
 [0. 0. 0. ... 0. 0. 0.]
 [0. 0. 0. ... 0. 0. 0.]
 [0. 0. 0. ... 0. 0. 0.]]","[[0. 0. 0. ... 0. 0. 0.]
 [0. 0. 0. ... 0. 0. 0.]
 [0. 0. 0. ... 0. 0. 0.]
 ...
 [0. 0. 0. ... 0. 0. 0.]
 [0. 0. 0. ... 0. 0. 0.]
 [0. 0. 0. ... 0. 0. 0.]]",0.11700819387045379,0.03953930766126911
422,3,20.0,25.0,0.0,1e-05,0.02,0.2,53.27396206308589,0.2071748648379714,0.31754512373600174,"[[[0.9996266 1.0005372 1.0001256 ... 1.000061  0.9997864 0.9997065]
  [1.0000112 0.9998774 0.9997408 ... 1.0001521 1.0003353 1.0003189]
  [1.0001009 0.999818  0.9993893 ... 1.0009698 1.0001419 0.9999936]
  ...
  [0.999843  0.9999198 1.0005174 ... 0.9998117 0.9997496 1.0000062]
  [0.9998566 1.0004278 1.0003482 ... 0.9996346 1.0001656 0.9997514]
  [1.0001236 0.9997879 0.9994703 ... 0.9997529 1.0003315 1.0002576]]

 [[0.9996631 1.0004992 1.000213  ... 0.9997368 0.9997156 0.9999908]
  [0.9997822 1.0001647 0.9994485 ... 1.0001518 1.0001453 1.0003185]
  [1.0000803 0.9999347 0.9993891 ... 0.999885  0.999919  1.0001107]
  ...
  [0.999843  0.9999213 1.0005174 ... 1.0002512 1.0001653 1.0001665]
  [0.9998567 1.0004278 1.0001047 ... 1.000459  0.9993182 0.9992362]
  [1.0001235 0.9997876 0.9999155 ... 0.9999455 1.0000447 1.0004256]]]","[[[4.31235119e-04 0.00000000e+00 0.00000000e+00 ... 8.07703443e-04
   4.99590364e-04 0.00000000e+00]
  [6.15871230e-04 0.00000000e+00 1.17612583e-03 ... 0.00000000e+00
   4.63980541e-05 0.00000000e+00]
  [0.00000000e+00 0.00000000e+00 8.70818149e-04 ... 1.61053429e-03
   4.12715182e-04 0.00000000e+00]
  ...
  [2.23643615e-04 1.09975756e-04 0.00000000e+00 ... 0.00000000e+00
   0.00000000e+00 0.00000000e+00]
  [2.03949036e-04 0.00000000e+00 1.75717660e-04 ... 0.00000000e+00
   2.10268637e-03 1.77628915e-03]
  [0.00000000e+00 3.02952221e-04 0.00000000e+00 ... 0.00000000e+00
   3.18880092e-04 0.00000000e+00]]

 [[0.00000000e+00 1.11061082e-03 7.09530820e-04 ... 0.00000000e+00
   0.00000000e+00 6.24941334e-04]
  [0.00000000e+00 1.04871580e-03 0.00000000e+00 ... 3.63098790e-04
   0.00000000e+00 7.62869612e-04]
  [1.46094875e-04 1.08844688e-04 0.00000000e+00 ... 0.00000000e+00
   0.00000000e+00 5.32021332e-04]
  ...
  [0.00000000e+00 0.00000000e+00 1.24021627e-03 ... 1.60187838e-03
   1.34224838e-03 7.64050785e-04]
  [0.00000000e+00 1.02567691e-03 0.00000000e+00 ... 2.97530550e-03
   0.00000000e+00 0.00000000e+00]
  [2.95916772e-04 0.00000000e+00 8.10447081e-04 ... 3.07754116e-04
   0.00000000e+00 1.40220105e-03]]]","[[0. 0. 0. ... 0. 0. 0.]
 [0. 0. 0. ... 0. 0. 0.]
 [0. 0. 0. ... 0. 0. 0.]
 ...
 [0. 0. 0. ... 0. 0. 0.]
 [0. 0. 0. ... 0. 0. 0.]
 [0. 0. 0. ... 0. 0. 0.]]","[[0. 0. 0. ... 0. 0. 0.]
 [0. 0. 0. ... 0. 0. 0.]
 [0. 0. 0. ... 0. 0. 0.]
 ...
 [0. 0. 0. ... 0. 0. 0.]
 [0. 0. 0. ... 0. 0. 0.]
 [0. 0. 0. ... 0. 0. 0.]]",0.27207780514785085,0.13360117395065052
422,3,20.0,25.0,0.0,1e-05,0.03,0.2,63.70925228747293,0.20717486483797143,0.3391644221538257,"[[[0.9996266 1.0005373 1.0001256 ... 1.0000608 0.9997862 0.9997066]
  [1.0000113 0.9998777 0.9997409 ... 1.0001519 1.0003352 1.0003189]
  [1.0001009 0.9998181 0.9993895 ... 1.0009696 1.0001419 0.9999938]
  ...
  [0.9990144 0.99992   1.0005174 ... 0.9998117 0.9997496 1.0000064]
  [0.9998566 1.000428  1.0003483 ... 0.9996346 1.0001657 0.9997516]
  [0.9991356 0.9997879 0.9994703 ... 0.9997529 1.0003318 1.0002578]]

 [[0.9996631 1.0004995 1.0002133 ... 0.9997369 0.9997159 0.9999908]
  [0.9997821 1.0005574 0.9994488 ... 1.0001515 1.0001456 1.0003186]
  [1.0000803 0.9999349 0.9993895 ... 0.9998848 0.9999192 1.0001107]
  ...
  [0.9998429 0.9999213 1.0005174 ... 1.0002513 1.0001655 1.0001667]
  [0.9998565 1.0004278 1.0001049 ... 1.000459  0.999716  1.000108 ]
  [1.0001235 0.999788  0.9999161 ... 0.9999459 1.0000451 1.0004259]]]","[[[4.31289020e-04 0.00000000e+00 0.00000000e+00 ... 8.07113196e-04
   4.98588280e-04 0.00000000e+00]
  [6.16417481e-04 0.00000000e+00 1.17551671e-03 ... 0.00000000e+00
   4.56412672e-05 0.00000000e+00]
  [0.00000000e+00 0.00000000e+00 8.70041839e-04 ... 1.61108303e-03
   4.12276707e-04 0.00000000e+00]
  ...
  [0.00000000e+00 1.10346904e-04 0.00000000e+00 ... 0.00000000e+00
   0.00000000e+00 0.00000000e+00]
  [2.04664269e-04 0.00000000e+00 1.75265979e-04 ... 0.00000000e+00
   1.00480817e-03 0.00000000e+00]
  [0.00000000e+00 3.02017202e-04 0.00000000e+00 ... 0.00000000e+00
   3.18267802e-04 0.00000000e+00]]

 [[0.00000000e+00 1.11136102e-03 7.10553379e-04 ... 0.00000000e+00
   0.00000000e+00 6.24572358e-04]
  [0.00000000e+00 2.88199989e-03 0.00000000e+00 ... 3.62431732e-04
   0.00000000e+00 7.63326876e-04]
  [1.45993112e-04 1.09723828e-04 0.00000000e+00 ... 0.00000000e+00
   0.00000000e+00 5.31516056e-04]
  ...
  [1.50899766e-03 0.00000000e+00 1.24013868e-03 ... 1.60234579e-03
   1.34270858e-03 7.63965659e-04]
  [0.00000000e+00 1.02531180e-03 0.00000000e+00 ... 2.97521375e-03
   0.00000000e+00 1.06966623e-03]
  [2.54414198e-03 0.00000000e+00 8.13146631e-04 ... 3.09331490e-04
   0.00000000e+00 1.40323448e-03]]]","[[0. 0. 0. ... 0. 0. 0.]
 [0. 0. 0. ... 0. 0. 0.]
 [0. 0. 0. ... 0. 0. 0.]
 ...
 [0. 0. 0. ... 0. 0. 0.]
 [0. 0. 0. ... 0. 0. 0.]
 [0. 0. 0. ... 0. 0. 0.]]","[[0. 0. 0. ... 0. 0. 0.]
 [0. 0. 0. ... 0. 0. 0.]
 [0. 0. 0. ... 0. 0. 0.]
 ...
 [0. 0. 0. ... 0. 0. 0.]
 [0. 0. 0. ... 0. 0. 0.]
 [0. 0. 0. ... 0. 0. 0.]]",0.36789979133853423,0.2265675681183449
422,3,20.0,25.0,0.05,1e-05,0.01,0.2,66.28740940578388,0.2071748648379714,0.3445057156789969,"[[[0.9996631 1.0004992 1.0002131 ... 0.9997368 0.9997156 0.9999902]
  [0.9997823 1.0001647 0.9994489 ... 1.0001518 1.0001454 1.0003184]
  [1.0000802 0.9999345 0.9993894 ... 0.9998848 0.9999191 1.0001105]
  ...
  [0.9998429 0.999921  1.0005172 ... 1.0002513 1.0001656 1.0001663]
  [0.9998563 1.0004276 1.000105  ... 1.0004591 0.9997161 1.000108 ]
  [1.0001233 0.9997875 0.9999162 ... 0.9999459 1.0000453 1.0004257]]

 [[0.9996631 1.0004995 1.0002133 ... 0.999737  0.9997158 0.9999907]
  [0.9997821 1.0001647 0.9994488 ... 1.000152  1.0001456 1.0003186]
  [1.0000803 0.9999348 0.9993894 ... 1.000292  0.9999192 1.000111 ]
  ...
  [0.999843  0.9999213 1.0005176 ... 1.0002517 1.0001656 1.0001669]
  [0.9998565 1.0004281 1.000105  ... 1.0004593 0.9997161 0.9982738]
  [1.000124  0.9997882 0.9999163 ... 0.9999461 1.0000452 1.0004259]]]","[[[0.00000000e+00 1.05233676e-05 0.00000000e+00 ... 0.00000000e+00
   0.00000000e+00 0.00000000e+00]
  [0.00000000e+00 0.00000000e+00 0.00000000e+00 ... 0.00000000e+00
   0.00000000e+00 0.00000000e+00]
  [0.00000000e+00 0.00000000e+00 0.00000000e+00 ... 4.00698811e-05
   0.00000000e+00 0.00000000e+00]
  ...
  [0.00000000e+00 0.00000000e+00 7.80118747e-06 ... 0.00000000e+00
   0.00000000e+00 4.32134917e-06]
  [0.00000000e+00 7.71800369e-06 0.00000000e+00 ... 8.76241011e-06
   0.00000000e+00 0.00000000e+00]
  [0.00000000e+00 0.00000000e+00 0.00000000e+00 ... 0.00000000e+00
   0.00000000e+00 2.18378659e-05]]

 [[5.37017598e-05 5.16874521e-07 2.49653188e-05 ... 4.69458959e-05
   4.78701390e-05 2.95153582e-05]
  [5.22077547e-05 2.48115563e-05 7.32894145e-05 ... 2.61270346e-05
   2.74802970e-05 1.45978007e-05]
  [3.87119489e-05 4.44861210e-05 7.83303736e-05 ... 0.00000000e+00
   5.23624885e-05 3.87429212e-05]
  ...
  [3.24686154e-05 3.85017252e-05 5.48365316e-06 ... 1.89866023e-05
   1.25036250e-05 7.83162084e-08]
  [2.05537773e-05 2.36136240e-06 3.46777628e-05 ... 1.66289079e-06
   3.14614906e-05 3.54998769e-04]
  [1.26265043e-05 4.78260788e-05 4.66890423e-05 ... 3.35404985e-05
   1.60444823e-05 0.00000000e+00]]]","[[0. 0. 0. ... 0. 0. 0.]
 [0. 0. 0. ... 0. 0. 0.]
 [0. 0. 0. ... 0. 0. 0.]
 ...
 [0. 0. 0. ... 0. 0. 0.]
 [0. 0. 0. ... 0. 0. 0.]
 [0. 0. 0. ... 0. 0. 0.]]","[[0. 0. 0. ... 0. 0. 0.]
 [0. 0. 0. ... 0. 0. 0.]
 [0. 0. 0. ... 0. 0. 0.]
 ...
 [0. 0. 0. ... 0. 0. 0.]
 [0. 0. 0. ... 0. 0. 0.]
 [0. 0. 0. ... 0. 0. 0.]]",0.5733063019869307,0.25666075742667727
422,3,20.0,25.0,0.05,1e-05,0.02,0.2,88.68424949388034,0.2071748648379714,0.39090633885948733,"[[[0.9996266 1.0005375 1.0001262 ... 1.000061  0.9997868 0.9997071]
  [1.0000114 0.999878  0.9997412 ... 1.000152  1.0003355 1.0003192]
  [1.0001011 0.9998183 0.9998544 ... 1.000292  1.0001421 0.9999938]
  ...
  [0.9998435 0.9999205 1.0005181 ... 0.9998118 0.9997499 1.0000069]
  [0.9998568 1.0004282 1.0003488 ... 1.0004591 1.0001659 0.9997517]
  [1.0001239 0.9997884 0.9994706 ... 0.999753  1.000332  1.0002578]]

 [[0.9996266 1.0005373 1.0001258 ... 1.000061  0.9997865 0.9997062]
  [1.0000112 0.9998777 0.9997408 ... 1.000152  1.0003353 1.0003186]
  [1.000101  0.9998182 0.9993896 ... 1.000292  1.0001421 0.9999939]
  ...
  [0.999843  0.9999204 1.0005178 ... 0.9998121 0.9997499 1.0000066]
  [0.9998566 1.0004281 1.0003484 ... 0.9996346 1.0001658 0.9997516]
  [1.0001237 0.999788  0.9994705 ... 0.999753  1.0003321 1.0002578]]]","[[[0.00000000e+00 3.19409453e-05 3.17792153e-06 ... 1.40975143e-05
   0.00000000e+00 0.00000000e+00]
  [5.34557055e-07 0.00000000e+00 0.00000000e+00 ... 1.53016693e-05
   2.23507223e-05 2.05828546e-05]
  [5.13588487e-06 0.00000000e+00 0.00000000e+00 ... 2.12752243e-05
   8.52311936e-06 0.00000000e+00]
  ...
  [0.00000000e+00 0.00000000e+00 2.09396412e-05 ... 3.73426395e-06
   0.00000000e+00 3.65242542e-06]
  [0.00000000e+00 2.09248349e-05 1.14485990e-05 ... 0.00000000e+00
   2.21681749e-05 0.00000000e+00]
  [7.80637928e-06 0.00000000e+00 0.00000000e+00 ... 2.55115618e-07
   2.92958569e-05 2.00405812e-05]]

 [[2.56066972e-05 0.00000000e+00 0.00000000e+00 ... 0.00000000e+00
   5.87838597e-06 1.59316806e-05]
  [0.00000000e+00 8.84965368e-06 1.97280563e-05 ... 0.00000000e+00
   0.00000000e+00 0.00000000e+00]
  [0.00000000e+00 7.98617980e-06 9.81606104e-05 ... 0.00000000e+00
   0.00000000e+00 4.23226688e-06]
  ...
  [1.46790481e-05 1.77294438e-05 0.00000000e+00 ... 0.00000000e+00
   1.96672221e-06 0.00000000e+00]
  [1.14278188e-05 0.00000000e+00 0.00000000e+00 ... 1.01761087e-04
   0.00000000e+00 1.12193952e-05]
  [0.00000000e+00 2.17890526e-05 4.71331503e-05 ... 0.00000000e+00
   0.00000000e+00 0.00000000e+00]]]","[[0. 0. 0. ... 0. 0. 0.]
 [0. 0. 0. ... 0. 0. 0.]
 [0. 0. 0. ... 0. 0. 0.]
 ...
 [0. 0. 0. ... 0. 0. 0.]
 [0. 0. 0. ... 0. 0. 0.]
 [0. 0. 0. ... 0. 0. 0.]]","[[0. 0. 0. ... 0. 0. 0.]
 [0. 0. 0. ... 0. 0. 0.]
 [0. 0. 0. ... 0. 0. 0.]
 ...
 [0. 0. 0. ... 0. 0. 0.]
 [0. 0. 0. ... 0. 0. 0.]
 [0. 0. 0. ... 0. 0. 0.]]",0.5771011676550193,0.28492947689542475
422,3,20.0,25.0,0.05,1e-05,0.03,0.2,111.96548097730242,0.20717486483797143,0.4391391987178823,"[[[0.9996631 1.0004989 1.0002129 ... 0.9997364 0.9997367 0.9999908]
  [0.9997821 1.0001644 0.9994487 ... 1.0001514 1.0001456 1.000319 ]
  [1.0000802 0.9999343 0.9993894 ... 1.0002913 0.9999191 1.0001109]
  ...
  [0.9998428 0.9999208 1.0005171 ... 1.000251  1.0001653 1.0001667]
  [0.9998562 1.0004275 1.0001049 ... 1.0004587 0.999716  0.9992366]
  [1.0001234 0.9997875 0.9999157 ... 0.9999454 1.000045  1.000426 ]]

 [[1.0009124 1.0000354 1.0000836 ... 0.9997636 0.9997155 0.9997079]
  [1.0000829 1.0001647 1.0003704 ... 1.0003846 1.0003934 0.9998942]
  [1.0001277 1.0001371 0.999854  ... 1.0002917 1.0001965 1.0001575]
  ...
  [1.0005637 1.000328  1.0000207 ... 0.9994283 1.0003783 0.9998969]
  [0.9999943 1.0005203 0.9997609 ... 1.0001034 0.999716  1.0001076]
  [0.9999466 0.9993099 0.9999161 ... 0.9999456 0.9999538 0.9997248]]]","[[[1.41798681e-04 0.00000000e+00 0.00000000e+00 ... 0.00000000e+00
   0.00000000e+00 0.00000000e+00]
  [0.00000000e+00 0.00000000e+00 6.27197911e-05 ... 0.00000000e+00
   0.00000000e+00 0.00000000e+00]
  [0.00000000e+00 0.00000000e+00 0.00000000e+00 ... 0.00000000e+00
   0.00000000e+00 0.00000000e+00]
  ...
  [6.27523883e-05 1.19480363e-05 0.00000000e+00 ... 0.00000000e+00
   5.60821813e-07 0.00000000e+00]
  [0.00000000e+00 0.00000000e+00 0.00000000e+00 ... 0.00000000e+00
   0.00000000e+00 5.50795500e-05]
  [0.00000000e+00 0.00000000e+00 0.00000000e+00 ... 0.00000000e+00
   0.00000000e+00 0.00000000e+00]]

 [[0.00000000e+00 1.53983166e-04 1.06073891e-04 ... 1.03371348e-04
   1.07682056e-04 1.46920350e-04]
  [6.25462189e-05 9.75174687e-05 0.00000000e+00 ... 4.24520870e-05
   3.87653787e-05 1.60217668e-04]
  [8.62513700e-05 6.86239266e-05 5.60224119e-05 ... 8.15977567e-05
   5.13037905e-05 8.32053007e-05]
  ...
  [0.00000000e+00 1.69800041e-05 1.34951660e-04 ... 2.21813328e-04
   2.69593693e-05 1.33613685e-04]
  [7.77173617e-05 3.63829107e-05 1.35561838e-04 ... 1.12236002e-04
   1.01887811e-04 0.00000000e+00]
  [1.14984047e-04 1.92543441e-04 8.26578182e-05 ... 8.41398614e-05
   9.22369560e-05 1.93164175e-04]]]","[[0. 0. 0. ... 0. 0. 0.]
 [0. 0. 0. ... 0. 0. 0.]
 [0. 0. 0. ... 0. 0. 0.]
 ...
 [0. 0. 0. ... 0. 0. 0.]
 [0. 0. 0. ... 0. 0. 0.]
 [0. 0. 0. ... 0. 0. 0.]]","[[0. 0. 0. ... 0. 0. 0.]
 [0. 0. 0. ... 0. 0. 0.]
 [0. 0. 0. ... 0. 0. 0.]
 ...
 [0. 0. 0. ... 0. 0. 0.]
 [0. 0. 0. ... 0. 0. 0.]
 [0. 0. 0. ... 0. 0. 0.]]",0.5784766722771509,0.3208194726757729
422,3,20.0,25.0,0.0,1e-05,0.01,0.30000000000000004,21.79017162778534,0.30989104116222754,0.37741683089060785,"[[[0.9996631 1.0004996 1.0002134 ... 0.9997368 0.999737  0.9999909]
  [0.9997821 1.0005574 0.9994488 ... 1.0001515 1.0001454 1.0003188]
  [1.0000803 0.999935  0.9993894 ... 0.9998848 0.9999192 1.000111 ]
  ...
  [0.9998426 0.9999211 1.0005172 ... 1.0002512 1.0001653 1.0001668]
  [0.9998563 1.000428  1.000105  ... 1.000459  0.9997161 0.9982738]
  [1.0001231 0.999788  0.999916  ... 0.999946  1.0000452 1.0004262]]

 [[0.9996266 1.0005374 1.0001255 ... 1.0000607 0.9997863 0.9997064]
  [1.0000113 0.9998778 0.9997408 ... 1.0001518 1.0003351 1.0003188]
  [1.0001011 0.9998184 0.9993894 ... 1.0002918 1.0001419 0.9999938]
  ...
  [0.9990146 0.9999202 1.0005175 ... 0.9998118 0.9997496 1.0000062]
  [0.9998565 1.0004281 1.0003482 ... 1.0004591 1.0001656 0.9997515]
  [1.0001237 0.9997882 0.9994703 ... 0.9997532 1.000332  1.0002582]]]","[[[5.80900348e-04 0.00000000e+00 0.00000000e+00 ... 0.00000000e+00
   2.38683991e-04 7.98040278e-04]
  [0.00000000e+00 1.08070749e-03 0.00000000e+00 ... 0.00000000e+00
   0.00000000e+00 0.00000000e+00]
  [0.00000000e+00 4.14355941e-04 8.70204184e-04 ... 0.00000000e+00
   0.00000000e+00 1.65174243e-04]
  ...
  [2.51002114e-03 1.14899605e-04 0.00000000e+00 ... 8.54320702e-04
   9.11547883e-04 2.05397067e-04]
  [2.04260735e-04 0.00000000e+00 0.00000000e+00 ... 0.00000000e+00
   0.00000000e+00 0.00000000e+00]
  [0.00000000e+00 3.01435477e-04 1.34981495e-03 ... 6.09020730e-04
   0.00000000e+00 0.00000000e+00]]

 [[0.00000000e+00 1.37404609e-03 1.01137338e-04 ... 8.82341546e-04
   0.00000000e+00 0.00000000e+00]
  [5.48685595e-04 0.00000000e+00 4.29323709e-05 ... 3.64373901e-04
   1.23464266e-03 7.64165646e-04]
  [2.89553003e-04 0.00000000e+00 0.00000000e+00 ... 1.62543000e-03
   8.46645336e-04 0.00000000e+00]
  ...
  [0.00000000e+00 0.00000000e+00 1.24096638e-03 ... 0.00000000e+00
   0.00000000e+00 0.00000000e+00]
  [0.00000000e+00 1.02643326e-03 1.38780719e-03 ... 1.10071201e-03
   1.41949826e-03 2.76893768e-03]
  [2.98032020e-04 0.00000000e+00 0.00000000e+00 ... 0.00000000e+00
   1.44820098e-03 2.37062898e-04]]]","[[0. 0. 0. ... 0. 0. 0.]
 [0. 0. 0. ... 0. 0. 0.]
 [0. 0. 0. ... 0. 0. 0.]
 ...
 [0. 0. 0. ... 0. 0. 0.]
 [0. 0. 0. ... 0. 0. 0.]
 [0. 0. 0. ... 0. 0. 0.]]","[[0. 0. 0. ... 0. 0. 0.]
 [0. 0. 0. ... 0. 0. 0.]
 [0. 0. 0. ... 0. 0. 0.]
 ...
 [0. 0. 0. ... 0. 0. 0.]
 [0. 0. 0. ... 0. 0. 0.]
 [0. 0. 0. ... 0. 0. 0.]]",0.11712263389978715,0.0419766342157435
422,3,20.0,25.0,0.0,1e-05,0.02,0.30000000000000004,33.539221204517744,0.30989104116222754,0.4138260829506102,"[[[0.9996266 1.0005372 1.0001256 ... 1.0000608 0.9997864 0.9997065]
  [1.0000113 0.9998777 0.9997409 ... 1.0001518 1.0003353 1.0003186]
  [1.0001011 0.9998182 0.9993895 ... 1.000292  1.0001419 0.9999937]
  ...
  [0.999843  0.9999201 1.0005176 ... 0.9998118 0.9997497 1.0000062]
  [0.9998568 1.0004282 1.0003484 ... 1.0004591 1.0001658 0.9997516]
  [1.0001237 0.9997882 0.9994704 ... 0.9997529 1.0003319 1.0002578]]

 [[0.9996266 1.0005373 1.0001256 ... 1.0000609 0.9997864 0.9997064]
  [1.0000114 0.999878  0.9997411 ... 1.0001523 1.0003355 1.0003189]
  [1.000101  0.9998183 0.9993896 ... 1.0002924 1.0001421 0.9999938]
  ...
  [0.999843  0.9999202 1.0005177 ... 0.9998117 0.9997497 1.0000062]
  [0.999857  1.0004283 1.0003484 ... 1.0004593 1.0001659 0.9997515]
  [1.0001239 0.9997884 0.9994706 ... 0.9997531 1.0003321 1.0002582]]]","[[[5.32160828e-04 0.00000000e+00 0.00000000e+00 ... 0.00000000e+00
   3.04416790e-04 4.18569938e-04]
  [0.00000000e+00 1.73469258e-04 3.68733565e-04 ... 0.00000000e+00
   0.00000000e+00 0.00000000e+00]
  [0.00000000e+00 2.58729893e-04 8.69901896e-04 ... 0.00000000e+00
   0.00000000e+00 8.69240888e-06]
  ...
  [2.23723415e-04 1.13658835e-04 0.00000000e+00 ... 2.68478284e-04
   3.56657297e-04 0.00000000e+00]
  [2.03525707e-04 0.00000000e+00 0.00000000e+00 ... 0.00000000e+00
   0.00000000e+00 3.54266833e-04]
  [0.00000000e+00 3.01290789e-04 7.54265796e-04 ... 3.51496087e-04
   0.00000000e+00 0.00000000e+00]]

 [[0.00000000e+00 1.28806353e-03 3.01198237e-04 ... 1.46282653e-04
   0.00000000e+00 0.00000000e+00]
  [2.76781993e-05 0.00000000e+00 0.00000000e+00 ... 3.66562363e-04
   8.04387953e-04 7.64945655e-04]
  [2.41768710e-04 0.00000000e+00 0.00000000e+00 ... 7.02050442e-04
   3.41177007e-04 0.00000000e+00]
  ...
  [0.00000000e+00 0.00000000e+00 1.24121023e-03 ... 0.00000000e+00
   0.00000000e+00 1.48274953e-05]
  [0.00000000e+00 1.02695144e-03 8.35254848e-04 ... 1.10150205e-03
   3.98057051e-04 0.00000000e+00]
  [2.97180108e-04 0.00000000e+00 0.00000000e+00 ... 0.00000000e+00
   7.96657714e-04 6.19776957e-04]]]","[[0. 0. 0. ... 0. 0. 0.]
 [0. 0. 0. ... 0. 0. 0.]
 [0. 0. 0. ... 0. 0. 0.]
 ...
 [0. 0. 0. ... 0. 0. 0.]
 [0. 0. 0. ... 0. 0. 0.]
 [0. 0. 0. ... 0. 0. 0.]]","[[0. 0. 0. ... 0. 0. 0.]
 [0. 0. 0. ... 0. 0. 0.]
 [0. 0. 0. ... 0. 0. 0.]
 ...
 [0. 0. 0. ... 0. 0. 0.]
 [0. 0. 0. ... 0. 0. 0.]
 [0. 0. 0. ... 0. 0. 0.]]",0.39680500354830406,0.2655701478161824
422,3,20.0,25.0,0.0,1e-05,0.03,0.30000000000000004,42.91361834641152,0.30989104116222765,0.44287649985630706,"[[[0.9996266 1.0005372 1.0001256 ... 1.0000606 0.9997862 0.999706 ]
  [1.0000114 0.9998777 0.9997411 ... 1.0001518 1.0003352 1.0003184]
  [1.000101  0.9998182 0.9993896 ... 1.000292  1.000142  0.9999933]
  ...
  [0.999843  0.9999201 1.0005176 ... 0.9998118 0.9997497 1.0000062]
  [0.9998567 1.0004281 1.0003484 ... 1.0004593 1.0001659 0.9997514]
  [1.0001236 0.999788  0.9994703 ... 0.9997529 1.000332  1.0002574]]

 [[0.9996266 1.0005373 1.0001256 ... 1.0000606 0.9997864 0.9997063]
  [1.0000113 0.9998778 0.999741  ... 1.0001518 1.0003352 1.0003186]
  [1.0001009 0.9998182 0.9993895 ... 1.0002918 1.0001419 0.9999934]
  ...
  [0.9990144 0.9999199 1.0005175 ... 0.9998117 0.9997498 1.0000062]
  [0.9998566 1.0004281 1.0003484 ... 0.9996344 1.0001659 0.9997516]
  [1.0001233 0.9997879 0.9994703 ... 0.9997528 1.0003319 1.0002577]]]","[[[5.32119646e-04 0.00000000e+00 0.00000000e+00 ... 0.00000000e+00
   3.04127867e-04 4.17974986e-04]
  [0.00000000e+00 1.73923915e-04 3.69098650e-04 ... 0.00000000e+00
   0.00000000e+00 0.00000000e+00]
  [0.00000000e+00 2.59018550e-04 8.70106310e-04 ... 0.00000000e+00
   0.00000000e+00 9.32543341e-06]
  ...
  [2.51122114e-03 1.14440133e-04 0.00000000e+00 ... 2.68417761e-04
   3.56438812e-04 0.00000000e+00]
  [2.04473757e-04 0.00000000e+00 0.00000000e+00 ... 1.62163092e-03
   0.00000000e+00 3.53572601e-04]
  [0.00000000e+00 3.02246257e-04 7.54891431e-04 ... 3.52262692e-04
   0.00000000e+00 0.00000000e+00]]

 [[0.00000000e+00 1.28813372e-03 3.01260465e-04 ... 1.45239992e-04
   0.00000000e+00 0.00000000e+00]
  [2.69142758e-05 0.00000000e+00 0.00000000e+00 ... 3.63855684e-04
   8.03622521e-04 7.64445127e-04]
  [2.41549967e-04 0.00000000e+00 0.00000000e+00 ... 6.99341699e-04
   3.39867469e-04 0.00000000e+00]
  ...
  [0.00000000e+00 0.00000000e+00 1.24016470e-03 ... 0.00000000e+00
   0.00000000e+00 1.49103859e-05]
  [0.00000000e+00 1.02617905e-03 8.35324304e-04 ... 0.00000000e+00
   3.97877883e-04 0.00000000e+00]
  [2.94741008e-04 0.00000000e+00 0.00000000e+00 ... 0.00000000e+00
   7.95363504e-04 6.18708522e-04]]]","[[0. 0. 0. ... 0. 0. 0.]
 [0. 0. 0. ... 0. 0. 0.]
 [0. 0. 0. ... 0. 0. 0.]
 ...
 [0. 0. 0. ... 0. 0. 0.]
 [0. 0. 0. ... 0. 0. 0.]
 [0. 0. 0. ... 0. 0. 0.]]","[[0. 0. 0. ... 0. 0. 0.]
 [0. 0. 0. ... 0. 0. 0.]
 [0. 0. 0. ... 0. 0. 0.]
 ...
 [0. 0. 0. ... 0. 0. 0.]
 [0. 0. 0. ... 0. 0. 0.]
 [0. 0. 0. ... 0. 0. 0.]]",0.45037685866780613,0.3552858745592254
422,3,20.0,25.0,0.05,1e-05,0.01,0.30000000000000004,40.4652125377334,0.30989104116222754,0.4352891096039178,"[[[0.9996266 1.0005372 1.0001253 ... 1.0000606 0.9997862 0.9997063]
  [1.0000111 0.9998774 0.9997406 ... 0.99941   1.0003349 1.0003183]
  [1.0001009 0.999818  0.9993891 ... 1.0009694 1.0001415 0.9999936]
  ...
  [0.9998425 0.9999194 0.9998856 ... 0.9998113 0.9997491 1.0000058]
  [0.9998565 1.0004276 1.0003479 ... 1.0004591 1.0001653 0.9997516]
  [1.0001236 0.9997878 0.9994697 ... 0.999753  1.0003318 1.0002578]]

 [[0.9996631 1.0004996 1.0002133 ... 0.9997368 0.9997156 0.999991 ]
  [0.9997821 1.0001647 0.9994486 ... 1.0001515 1.0001454 1.0003188]
  [1.0000805 0.999935  0.9993895 ... 0.9998848 0.9999192 1.0001111]
  ...
  [0.999843  0.9999213 1.0005172 ... 1.0002513 1.0001653 1.0001668]
  [0.9998566 1.000428  1.0001048 ... 1.000459  0.9997159 1.0001082]
  [1.0001239 0.9997882 0.9999162 ... 0.9999462 1.0000451 1.0004262]]]","[[[0.00000000e+00 0.00000000e+00 0.00000000e+00 ... 0.00000000e+00
   0.00000000e+00 0.00000000e+00]
  [0.00000000e+00 1.42123315e-06 0.00000000e+00 ... 6.76951870e-05
   0.00000000e+00 0.00000000e+00]
  [0.00000000e+00 0.00000000e+00 0.00000000e+00 ... 0.00000000e+00
   0.00000000e+00 0.00000000e+00]
  ...
  [0.00000000e+00 0.00000000e+00 3.30245615e-05 ... 1.79573357e-05
   1.81955417e-06 0.00000000e+00]
  [0.00000000e+00 0.00000000e+00 0.00000000e+00 ... 0.00000000e+00
   0.00000000e+00 0.00000000e+00]
  [0.00000000e+00 0.00000000e+00 0.00000000e+00 ... 0.00000000e+00
   0.00000000e+00 0.00000000e+00]]

 [[9.96403552e-05 5.57394902e-05 6.39145920e-05 ... 1.13191828e-04
   9.23801354e-05 3.94909045e-05]
  [1.16176794e-04 2.22549966e-05 1.41902021e-04 ... 0.00000000e+00
   7.32543742e-05 4.49053564e-05]
  [6.38418100e-05 5.36577748e-05 9.57457775e-05 ... 1.89968365e-04
   9.06764096e-05 4.42328535e-05]
  ...
  [1.18195132e-04 1.20068327e-04 3.90712984e-06 ... 7.29277964e-06
   2.92310871e-05 7.17506438e-05]
  [1.11376661e-04 7.60599602e-05 1.39411605e-04 ... 4.31665186e-05
   1.61917476e-04 4.04720570e-05]
  [8.33945551e-05 1.12716563e-04 5.41130230e-05 ... 4.29089551e-05
   1.04739595e-04 3.47289828e-05]]]","[[0. 0. 0. ... 0. 0. 0.]
 [0. 0. 0. ... 0. 0. 0.]
 [0. 0. 0. ... 0. 0. 0.]
 ...
 [0. 0. 0. ... 0. 0. 0.]
 [0. 0. 0. ... 0. 0. 0.]
 [0. 0. 0. ... 0. 0. 0.]]","[[0. 0. 0. ... 0. 0. 0.]
 [0. 0. 0. ... 0. 0. 0.]
 [0. 0. 0. ... 0. 0. 0.]
 ...
 [0. 0. 0. ... 0. 0. 0.]
 [0. 0. 0. ... 0. 0. 0.]
 [0. 0. 0. ... 0. 0. 0.]]",0.5561289817898213,0.2503055207814208
422,3,20.0,25.0,0.05,1e-05,0.02,0.30000000000000004,58.99127993368744,0.30989104116222754,0.49269973274365575,"[[[0.9996266 1.0005375 1.0001259 ... 1.000061  0.9997866 0.9997069]
  [1.0000114 0.999878  0.9997411 ... 1.0001521 1.0003355 1.0003192]
  [1.0001011 0.9998184 0.9993896 ... 1.00097   1.0001421 0.9999941]
  ...
  [0.9998433 0.9999204 1.0005178 ... 0.9998119 0.9997498 1.0000067]
  [0.999857  1.0004286 1.0003486 ... 1.0004596 1.000166  0.999752 ]
  [1.000124  0.9997882 0.9994705 ... 0.9997527 1.000332  1.000258 ]]

 [[0.9996266 1.0005373 1.0001256 ... 1.0000607 0.9997863 0.9997066]
  [1.0000114 0.9998778 0.9997409 ... 1.0001521 1.0003355 1.0003192]
  [1.0001009 0.9998181 0.9993894 ... 1.0009698 1.0001421 0.9999944]
  ...
  [0.999843  0.9999201 1.0005176 ... 0.9998117 0.9997498 1.0000066]
  [0.9998567 1.000428  1.0003483 ... 1.0004591 1.0001659 0.999752 ]
  [1.0001237 0.9997878 0.9994702 ... 0.9997531 1.000332  1.0002582]]]","[[[0.00000000e+00 2.16881643e-05 0.00000000e+00 ... 0.00000000e+00
   0.00000000e+00 0.00000000e+00]
  [0.00000000e+00 0.00000000e+00 0.00000000e+00 ... 0.00000000e+00
   3.10902881e-06 4.48658841e-06]
  [0.00000000e+00 0.00000000e+00 0.00000000e+00 ... 4.41396334e-05
   0.00000000e+00 0.00000000e+00]
  ...
  [0.00000000e+00 0.00000000e+00 1.24074407e-05 ... 0.00000000e+00
   0.00000000e+00 0.00000000e+00]
  [0.00000000e+00 9.65596941e-06 2.87703090e-06 ... 1.39328989e-05
   0.00000000e+00 0.00000000e+00]
  [0.00000000e+00 0.00000000e+00 0.00000000e+00 ... 0.00000000e+00
   5.26822399e-06 1.20676083e-06]]

 [[4.83581429e-05 0.00000000e+00 1.08214229e-05 ... 1.71305056e-05
   4.04617333e-05 4.43773787e-05]
  [2.06787158e-05 2.51425532e-05 3.13303130e-05 ... 1.67814422e-05
   6.66713416e-06 4.04402833e-06]
  [1.46297402e-05 2.36844540e-05 4.95242808e-05 ... 0.00000000e+00
   2.15526334e-05 2.84678496e-05]
  ...
  [3.91517228e-05 3.67164831e-05 0.00000000e+00 ... 3.89968793e-05
   4.30328744e-05 2.62386201e-05]
  [3.65686481e-05 0.00000000e+00 7.41225336e-06 ... 0.00000000e+00
   1.53404035e-05 4.30711572e-05]
  [1.57459635e-05 3.99158234e-05 6.00794671e-05 ... 3.99397067e-05
   3.10405770e-06 7.30752671e-06]]]","[[0. 0. 0. ... 0. 0. 0.]
 [0. 0. 0. ... 0. 0. 0.]
 [0. 0. 0. ... 0. 0. 0.]
 ...
 [0. 0. 0. ... 0. 0. 0.]
 [0. 0. 0. ... 0. 0. 0.]
 [0. 0. 0. ... 0. 0. 0.]]","[[0. 0. 0. ... 0. 0. 0.]
 [0. 0. 0. ... 0. 0. 0.]
 [0. 0. 0. ... 0. 0. 0.]
 ...
 [0. 0. 0. ... 0. 0. 0.]
 [0. 0. 0. ... 0. 0. 0.]
 [0. 0. 0. ... 0. 0. 0.]]",0.5642215170366048,0.289626684356129
422,3,20.0,25.0,0.05,1e-05,0.03,0.30000000000000004,78.60075201968789,0.30989104116222765,0.5534677299573791,"[[[0.9996631 1.0004992 1.0002135 ... 0.9997369 0.9997158 0.9999908]
  [0.9997823 1.000165  0.9994491 ... 1.000152  1.0001457 1.000319 ]
  [1.0000805 0.9999349 0.9998542 ... 0.999885  0.9999194 1.0001111]
  ...
  [0.9998431 0.9999215 1.000518  ... 1.0002515 1.0001659 1.0001671]
  [0.9998567 1.0004281 1.0001053 ... 1.0004592 0.9997164 0.999237 ]
  [1.0001236 0.9997882 0.9999165 ... 0.9999461 1.0000453 1.0004264]]

 [[0.9996631 1.0004992 1.0002131 ... 0.9997364 0.9997368 0.9999905]
  [0.9997821 1.000557  0.9994488 ... 1.0001514 1.0001452 1.0003186]
  [1.0000803 0.9999347 0.9993894 ... 0.9998848 0.9999191 1.0001107]
  ...
  [0.9998427 0.9999209 1.0005171 ... 1.000251  1.0001653 1.0001668]
  [0.9998564 1.0004277 1.0001047 ... 1.000459  0.9993186 0.9992366]
  [1.0001234 0.9997878 0.9999161 ... 0.9999458 1.0000451 1.0004255]]]","[[[0.00000000e+00 0.00000000e+00 0.00000000e+00 ... 0.00000000e+00
   0.00000000e+00 0.00000000e+00]
  [0.00000000e+00 3.83891552e-05 0.00000000e+00 ... 0.00000000e+00
   0.00000000e+00 0.00000000e+00]
  [0.00000000e+00 0.00000000e+00 0.00000000e+00 ... 0.00000000e+00
   0.00000000e+00 0.00000000e+00]
  ...
  [0.00000000e+00 0.00000000e+00 0.00000000e+00 ... 0.00000000e+00
   0.00000000e+00 0.00000000e+00]
  [0.00000000e+00 0.00000000e+00 0.00000000e+00 ... 7.08974487e-06
   0.00000000e+00 0.00000000e+00]
  [0.00000000e+00 0.00000000e+00 0.00000000e+00 ... 0.00000000e+00
   0.00000000e+00 0.00000000e+00]]

 [[8.56963674e-05 3.52943315e-05 5.69528302e-05 ... 5.65899366e-05
   6.22902133e-05 5.55425160e-05]
  [8.33483884e-05 0.00000000e+00 1.04147619e-04 ... 3.32504982e-05
   4.34766331e-05 3.85243048e-05]
  [6.68689842e-05 7.45717048e-05 1.63862389e-04 ... 5.76453776e-05
   6.65144206e-05 6.14733338e-05]
  ...
  [6.74795170e-05 7.15839054e-05 3.82268962e-05 ... 2.10844876e-05
   2.93468367e-05 3.59677617e-05]
  [6.47119238e-05 3.61778047e-05 6.77463251e-05 ... 4.95969367e-06
   1.34988483e-04 9.51791761e-05]
  [4.93185603e-05 8.17640228e-05 7.89910152e-05 ... 4.13533455e-05
   3.62502969e-05 1.85520359e-05]]]","[[0. 0. 0. ... 0. 0. 0.]
 [0. 0. 0. ... 0. 0. 0.]
 [0. 0. 0. ... 0. 0. 0.]
 ...
 [0. 0. 0. ... 0. 0. 0.]
 [0. 0. 0. ... 0. 0. 0.]
 [0. 0. 0. ... 0. 0. 0.]]","[[0. 0. 0. ... 0. 0. 0.]
 [0. 0. 0. ... 0. 0. 0.]
 [0. 0. 0. ... 0. 0. 0.]
 ...
 [0. 0. 0. ... 0. 0. 0.]
 [0. 0. 0. ... 0. 0. 0.]
 [0. 0. 0. ... 0. 0. 0.]]",0.5669474993240446,0.33834041850317575
422,3,20.0,25.0,0.0,1e-05,0.01,0.4000000000000001,10.317440284593426,0.4119090185412452,0.454407485556093,"[[[0.9996266 1.0005374 1.0001256 ... 1.0000609 0.9997863 0.9997065]
  [1.0000113 0.9998778 0.9997409 ... 1.0001518 1.0003351 1.0003188]
  [1.0001009 0.9998182 0.9993893 ... 1.0002918 1.0001417 0.9999936]
  ...
  [0.999843  0.9999201 1.0005174 ... 0.9998116 0.9997495 1.0000062]
  [0.9998567 1.0004282 1.0003482 ... 1.0004591 1.0001656 0.9997515]
  [0.9991356 0.9997881 0.9994702 ... 0.9997528 1.0003315 1.0002577]]

 [[0.9996631 1.0004995 1.0002131 ... 0.9997368 0.999737  0.999991 ]
  [0.9997824 1.0005575 0.9994489 ... 1.0001518 1.0001456 1.000319 ]
  [1.0000806 0.9999351 0.9993894 ... 0.9998848 0.9999192 1.0001111]
  ...
  [0.999843  0.9999213 1.0005172 ... 1.0002512 1.0001653 1.0001668]
  [0.9998567 1.0004282 1.000105  ... 1.000459  0.999716  0.9982738]
  [1.0001236 0.999788  0.9999159 ... 0.9999456 1.000045  1.000426 ]]]","[[[4.31288357e-04 0.00000000e+00 0.00000000e+00 ... 8.07595464e-04
   4.40510992e-04 0.00000000e+00]
  [6.15590300e-04 0.00000000e+00 1.17518592e-03 ... 0.00000000e+00
   4.54757885e-05 0.00000000e+00]
  [0.00000000e+00 0.00000000e+00 8.70049592e-04 ... 7.07225624e-04
   4.12112862e-04 0.00000000e+00]
  ...
  [2.23698447e-04 1.10503332e-04 0.00000000e+00 ... 0.00000000e+00
   0.00000000e+00 0.00000000e+00]
  [2.04162165e-04 0.00000000e+00 1.74777774e-04 ... 0.00000000e+00
   1.00464635e-03 4.43524568e-03]
  [0.00000000e+00 3.02254839e-04 0.00000000e+00 ... 0.00000000e+00
   3.18277590e-04 0.00000000e+00]]

 [[0.00000000e+00 1.11109370e-03 7.10003640e-04 ... 0.00000000e+00
   0.00000000e+00 6.25681956e-04]
  [0.00000000e+00 2.88229154e-03 0.00000000e+00 ... 3.63827914e-04
   0.00000000e+00 7.65274321e-04]
  [1.47119140e-04 1.10295486e-04 0.00000000e+00 ... 0.00000000e+00
   0.00000000e+00 5.33603124e-04]
  ...
  [0.00000000e+00 0.00000000e+00 1.23958136e-03 ... 1.60206736e-03
   1.34243050e-03 7.65070003e-04]
  [0.00000000e+00 1.02644696e-03 0.00000000e+00 ... 1.09987820e-03
   0.00000000e+00 0.00000000e+00]
  [2.54469749e-03 0.00000000e+00 8.12586489e-04 ... 3.08082125e-04
   0.00000000e+00 1.40406530e-03]]]","[[0. 0. 0. ... 0. 0. 0.]
 [0. 0. 0. ... 0. 0. 0.]
 [0. 0. 0. ... 0. 0. 0.]
 ...
 [0. 0. 0. ... 0. 0. 0.]
 [0. 0. 0. ... 0. 0. 0.]
 [0. 0. 0. ... 0. 0. 0.]]","[[0. 0. 0. ... 0. 0. 0.]
 [0. 0. 0. ... 0. 0. 0.]
 [0. 0. 0. ... 0. 0. 0.]
 ...
 [0. 0. 0. ... 0. 0. 0.]
 [0. 0. 0. ... 0. 0. 0.]
 [0. 0. 0. ... 0. 0. 0.]]",0.11863754501136489,0.04149705048243633
422,3,20.0,25.0,0.0,1e-05,0.02,0.4000000000000001,22.238797204393453,0.4119090185412452,0.5035126298412401,"[[[0.9996631 1.0004992 1.0002129 ... 0.9997368 0.9997366 0.9999907]
  [0.9997821 1.0005572 0.9994484 ... 1.0001518 1.0001451 1.0003186]
  [1.0000803 0.9999347 0.9993889 ... 0.9998848 0.9999188 1.0001107]
  ...
  [0.9998427 0.9999211 1.0005169 ... 1.0002512 1.0001649 1.0001665]
  [0.9998564 1.0004277 1.0001044 ... 1.000459  0.999318  0.9992364]
  [1.0001234 0.9997878 0.9999155 ... 0.9999456 1.0000446 1.0004259]]

 [[0.9996266 1.0005373 1.0001256 ... 1.0000608 0.9997865 0.9997066]
  [1.0000114 0.999878  0.999741  ... 1.000152  1.0003355 1.0003189]
  [1.0001011 0.9998184 0.9993896 ... 1.000292  1.000142  0.9999938]
  ...
  [0.999843  0.9999201 1.0005176 ... 0.9998118 0.9997498 1.0000066]
  [0.9998567 1.0004282 1.0003484 ... 0.9996346 1.0001658 0.9997518]
  [1.0001233 0.9997879 0.9994702 ... 0.9997528 1.0003318 1.0002578]]]","[[[5.80844345e-04 0.00000000e+00 0.00000000e+00 ... 0.00000000e+00
   2.37582034e-04 7.97089697e-04]
  [0.00000000e+00 1.07983875e-03 0.00000000e+00 ... 0.00000000e+00
   0.00000000e+00 0.00000000e+00]
  [0.00000000e+00 4.13900391e-04 8.68935311e-04 ... 0.00000000e+00
   0.00000000e+00 1.64799424e-04]
  ...
  [2.23248209e-04 1.15012359e-04 0.00000000e+00 ... 8.54274891e-04
   9.10371047e-04 2.04043953e-04]
  [2.03708727e-04 0.00000000e+00 0.00000000e+00 ... 1.62047578e-03
   0.00000000e+00 0.00000000e+00]
  [0.00000000e+00 3.01961436e-04 1.34936707e-03 ... 6.09401606e-04
   0.00000000e+00 0.00000000e+00]]

 [[0.00000000e+00 1.37440242e-03 1.02882654e-04 ... 8.82986456e-04
   0.00000000e+00 0.00000000e+00]
  [5.49339772e-04 0.00000000e+00 4.49629284e-05 ... 3.65035287e-04
   1.23721587e-03 7.65086035e-04]
  [2.89652043e-04 0.00000000e+00 0.00000000e+00 ... 1.62607781e-03
   8.48111915e-04 0.00000000e+00]
  ...
  [0.00000000e+00 0.00000000e+00 1.24243179e-03 ... 0.00000000e+00
   0.00000000e+00 0.00000000e+00]
  [0.00000000e+00 1.02762575e-03 1.39037610e-03 ... 0.00000000e+00
   2.32671471e-03 5.77968746e-04]
  [2.95354281e-04 0.00000000e+00 0.00000000e+00 ... 0.00000000e+00
   1.44852879e-03 2.36024345e-04]]]","[[0. 0. 0. ... 0. 0. 0.]
 [0. 0. 0. ... 0. 0. 0.]
 [0. 0. 0. ... 0. 0. 0.]
 ...
 [0. 0. 0. ... 0. 0. 0.]
 [0. 0. 0. ... 0. 0. 0.]
 [0. 0. 0. ... 0. 0. 0.]]","[[0. 0. 0. ... 0. 0. 0.]
 [0. 0. 0. ... 0. 0. 0.]
 [0. 0. 0. ... 0. 0. 0.]
 ...
 [0. 0. 0. ... 0. 0. 0.]
 [0. 0. 0. ... 0. 0. 0.]
 [0. 0. 0. ... 0. 0. 0.]]",0.2652701110333004,0.12640857773848035
422,3,20.0,25.0,0.0,1e-05,0.03,0.4000000000000001,29.866004851899174,0.4119090185412452,0.5349297860041837,"[[[0.9996266 1.0005372 1.0001255 ... 1.0000607 0.9997862 0.9997064]
  [1.0000112 0.9998776 0.9997407 ... 1.0001518 1.0003349 1.0003186]
  [1.0001009 0.999818  0.9993891 ... 1.0002916 1.0001415 0.9999935]
  ...
  [0.9998428 0.9999198 0.999886  ... 0.9998117 0.9997495 1.0000061]
  [0.9998565 1.0004277 1.0003479 ... 0.9996344 1.0001655 0.9997514]
  [1.0001233 0.9997875 0.9994699 ... 0.9997529 1.0003314 1.0002575]]

 [[0.9996631 1.0004995 1.0002131 ... 0.999737  0.9997158 0.9999908]
  [0.9997823 1.000165  0.9994489 ... 1.0001519 1.0001456 1.0003186]
  [1.0000803 0.9999349 0.9993894 ... 0.999885  0.9999192 1.0001109]
  ...
  [0.999843  0.9999213 1.0005174 ... 1.0002513 1.0001653 1.0001667]
  [0.9998566 1.0004281 1.000105  ... 1.0004592 0.9997161 0.9992366]
  [1.0001236 0.9997881 0.9999161 ... 0.999946  1.0000451 1.000426 ]]]","[[[4.31257037e-04 0.00000000e+00 0.00000000e+00 ... 8.06592825e-04
   4.98884432e-04 0.00000000e+00]
  [6.15562327e-04 0.00000000e+00 1.17492061e-03 ... 0.00000000e+00
   4.51282046e-05 0.00000000e+00]
  [0.00000000e+00 0.00000000e+00 8.69789918e-04 ... 7.06226554e-04
   4.11767348e-04 0.00000000e+00]
  ...
  [2.23429383e-04 1.10000226e-04 0.00000000e+00 ... 0.00000000e+00
   0.00000000e+00 0.00000000e+00]
  [2.04143985e-04 0.00000000e+00 1.74272905e-04 ... 0.00000000e+00
   1.00413028e-03 1.77532693e-03]
  [0.00000000e+00 3.01099077e-04 0.00000000e+00 ... 0.00000000e+00
   3.17761693e-04 0.00000000e+00]]

 [[0.00000000e+00 1.11169008e-03 7.10324838e-04 ... 0.00000000e+00
   0.00000000e+00 6.25171282e-04]
  [0.00000000e+00 1.04938392e-03 0.00000000e+00 ... 3.64428169e-04
   0.00000000e+00 7.63931749e-04]
  [1.46052365e-04 1.09911210e-04 0.00000000e+00 ... 0.00000000e+00
   0.00000000e+00 5.32805725e-04]
  ...
  [0.00000000e+00 0.00000000e+00 2.67615662e-03 ... 1.60239770e-03
   1.34247999e-03 7.64839398e-04]
  [0.00000000e+00 1.02702469e-03 0.00000000e+00 ... 2.97692628e-03
   0.00000000e+00 0.00000000e+00]
  [2.97245449e-04 0.00000000e+00 8.14147381e-04 ... 3.09945455e-04
   0.00000000e+00 1.40465263e-03]]]","[[0. 0. 0. ... 0. 0. 0.]
 [0. 0. 0. ... 0. 0. 0.]
 [0. 0. 0. ... 0. 0. 0.]
 ...
 [0. 0. 0. ... 0. 0. 0.]
 [0. 0. 0. ... 0. 0. 0.]
 [0. 0. 0. ... 0. 0. 0.]]","[[0. 0. 0. ... 0. 0. 0.]
 [0. 0. 0. ... 0. 0. 0.]
 [0. 0. 0. ... 0. 0. 0.]
 ...
 [0. 0. 0. ... 0. 0. 0.]
 [0. 0. 0. ... 0. 0. 0.]
 [0. 0. 0. ... 0. 0. 0.]]",0.3631226828549499,0.22031419098538102
422,3,20.0,25.0,0.05,1e-05,0.01,0.4000000000000001,26.6330902251048,0.4119090185412452,0.5216131190946787,"[[[0.9996631 1.0004994 1.0002133 ... 0.9997369 0.999716  0.9999908]
  [0.9997823 1.0005574 0.9994489 ... 1.0001518 1.0001457 1.0003188]
  [1.0000805 0.999935  0.9993893 ... 0.999885  0.9999194 1.0001107]
  ...
  [0.9998429 0.9999214 1.0005175 ... 1.0002512 1.0001655 1.0001665]
  [0.9998567 1.0004282 1.000105  ... 1.0004592 0.9997164 1.0001082]
  [1.0001235 0.999788  0.999916  ... 0.9999459 1.0000452 1.000426 ]]

 [[0.9996266 1.0005372 1.0001256 ... 1.0000608 0.9997865 0.9997065]
  [1.0000114 0.999878  0.9997411 ... 1.0001521 1.0003355 1.0003189]
  [1.000101  0.9998183 0.9998542 ... 1.0009696 1.0001421 0.9999939]
  ...
  [0.9990144 0.9999199 1.0005175 ... 0.9998116 0.9997498 1.0000063]
  [0.9998567 1.0004281 1.0003486 ... 0.9996344 1.0001658 0.9997517]
  [0.9991356 0.9997878 0.9994705 ... 0.9997528 1.0003318 1.0002577]]]","[[[6.24907507e-06 6.90520336e-05 2.41561299e-05 ... 6.01742503e-05
   1.53351317e-05 0.00000000e+00]
  [4.79025766e-05 0.00000000e+00 3.39421030e-05 ... 1.53170117e-05
   5.17154351e-05 3.62001105e-05]
  [2.14633528e-05 0.00000000e+00 5.36687901e-05 ... 1.86850039e-04
   3.71553336e-05 0.00000000e+00]
  ...
  [0.00000000e+00 3.49266339e-05 6.04590229e-05 ... 0.00000000e+00
   0.00000000e+00 2.95289499e-05]
  [4.06872633e-05 6.42480051e-05 7.86761414e-05 ... 0.00000000e+00
   1.01949700e-04 0.00000000e+00]
  [0.00000000e+00 2.46231256e-05 0.00000000e+00 ... 0.00000000e+00
   8.32103270e-05 3.71499910e-05]]

 [[0.00000000e+00 0.00000000e+00 0.00000000e+00 ... 0.00000000e+00
   0.00000000e+00 9.46637595e-06]
  [0.00000000e+00 6.03373879e-05 0.00000000e+00 ... 0.00000000e+00
   0.00000000e+00 0.00000000e+00]
  [0.00000000e+00 1.11738029e-06 0.00000000e+00 ... 0.00000000e+00
   0.00000000e+00 1.46682729e-06]
  ...
  [9.66317712e-05 0.00000000e+00 0.00000000e+00 ... 9.21472697e-06
   3.03918019e-06 0.00000000e+00]
  [0.00000000e+00 0.00000000e+00 0.00000000e+00 ... 7.09645923e-05
   0.00000000e+00 0.00000000e+00]
  [1.14966504e-04 0.00000000e+00 4.19714679e-05 ... 0.00000000e+00
   0.00000000e+00 0.00000000e+00]]]","[[0. 0. 0. ... 0. 0. 0.]
 [0. 0. 0. ... 0. 0. 0.]
 [0. 0. 0. ... 0. 0. 0.]
 ...
 [0. 0. 0. ... 0. 0. 0.]
 [0. 0. 0. ... 0. 0. 0.]
 [0. 0. 0. ... 0. 0. 0.]]","[[0. 0. 0. ... 0. 0. 0.]
 [0. 0. 0. ... 0. 0. 0.]
 [0. 0. 0. ... 0. 0. 0.]
 ...
 [0. 0. 0. ... 0. 0. 0.]
 [0. 0. 0. ... 0. 0. 0.]
 [0. 0. 0. ... 0. 0. 0.]]",0.5458150547650312,0.25034052224529335
422,3,20.0,25.0,0.05,1e-05,0.02,0.4000000000000001,42.60049917670096,0.4119090185412452,0.5873843165936653,"[[[0.9996266 1.0005374 1.0001261 ... 1.000061  0.9997868 0.999707 ]
  [1.0000114 0.9998779 0.9997415 ... 1.0001523 1.0003358 1.0003196]
  [1.000101  0.9998184 0.9998546 ... 1.00097   1.0001426 0.9999945]
  ...
  [0.9998427 0.99992   1.0005178 ... 0.9998119 0.9997502 1.000007 ]
  [0.9998567 1.0004282 1.0003488 ... 0.9996348 1.0001663 0.9997523]
  [1.0001236 0.9997882 0.9994706 ... 0.9997534 1.0003327 1.0002589]]

 [[0.9996266 1.0005374 1.0001256 ... 1.000061  0.9997866 0.9997066]
  [1.0000114 0.999878  0.9997414 ... 1.0001523 1.0003355 1.000319 ]
  [1.000101  0.9998184 0.99939   ... 1.00097   1.0001421 0.9999941]
  ...
  [0.9990146 0.9999202 1.0005177 ... 0.9998122 0.9997502 1.0000067]
  [0.9998567 1.0004283 1.0003488 ... 0.9996348 1.0001662 0.999752 ]
  [1.0001237 0.9997879 0.9994702 ... 0.9997531 1.000332  1.0002577]]]","[[[0.00000000e+00 3.24409370e-05 6.81564711e-06 ... 3.72952046e-06
   0.00000000e+00 0.00000000e+00]
  [0.00000000e+00 0.00000000e+00 0.00000000e+00 ... 7.59149205e-07
   1.00594316e-05 1.08344494e-05]
  [0.00000000e+00 0.00000000e+00 0.00000000e+00 ... 4.68784744e-05
   0.00000000e+00 0.00000000e+00]
  ...
  [0.00000000e+00 0.00000000e+00 2.79765342e-05 ... 0.00000000e+00
   0.00000000e+00 1.13701922e-05]
  [0.00000000e+00 2.84576609e-05 1.81298507e-05 ... 0.00000000e+00
   1.73224859e-05 0.00000000e+00]
  [8.88638294e-06 0.00000000e+00 0.00000000e+00 ... 0.00000000e+00
   2.29504021e-05 1.77213651e-05]]

 [[2.95512493e-05 0.00000000e+00 0.00000000e+00 ... 0.00000000e+00
   2.01136790e-05 2.50629746e-05]
  [1.00858610e-05 1.35103221e-05 1.70914599e-05 ... 3.91787905e-06
   0.00000000e+00 0.00000000e+00]
  [1.28346457e-05 1.89390155e-05 9.95211482e-05 ... 0.00000000e+00
   1.86987187e-05 2.67200081e-05]
  ...
  [1.57436556e-04 0.00000000e+00 0.00000000e+00 ... 0.00000000e+00
   3.75163432e-06 0.00000000e+00]
  [0.00000000e+00 0.00000000e+00 0.00000000e+00 ... 1.15326351e-05
   0.00000000e+00 6.60582953e-06]
  [0.00000000e+00 1.58523258e-05 3.87023280e-05 ... 8.37809815e-06
   0.00000000e+00 0.00000000e+00]]]","[[0. 0. 0. ... 0. 0. 0.]
 [0. 0. 0. ... 0. 0. 0.]
 [0. 0. 0. ... 0. 0. 0.]
 ...
 [0. 0. 0. ... 0. 0. 0.]
 [0. 0. 0. ... 0. 0. 0.]
 [0. 0. 0. ... 0. 0. 0.]]","[[0. 0. 0. ... 0. 0. 0.]
 [0. 0. 0. ... 0. 0. 0.]
 [0. 0. 0. ... 0. 0. 0.]
 ...
 [0. 0. 0. ... 0. 0. 0.]
 [0. 0. 0. ... 0. 0. 0.]
 [0. 0. 0. ... 0. 0. 0.]]",0.5546644540717639,0.29372686513487384
422,3,20.0,25.0,0.05,1e-05,0.03,0.4000000000000001,58.90237430711915,0.4119090185412452,0.6545332104471903,"[[[0.9996631 1.0004996 1.0002136 ... 0.9997368 0.9997158 0.9999913]
  [0.9997818 1.0001647 0.999449  ... 1.0001518 1.0001454 1.0003189]
  [1.0000801 0.9999349 0.9993895 ... 1.0002918 0.9999192 1.0001111]
  ...
  [0.9998428 0.9999213 1.0005175 ... 1.0002515 1.0001656 1.0001671]
  [0.9998562 1.0004278 1.0001051 ... 1.0004592 0.9997161 0.9992368]
  [1.0001231 0.9997876 0.999916  ... 0.9999458 1.000045  1.0004262]]

 [[1.0009124 1.0000358 1.0000834 ... 0.999764  0.9997158 0.9997077]
  [1.0000831 1.0001649 1.0003705 ... 1.000385  1.0002819 0.9998949]
  [1.0001277 1.0001372 0.9998538 ... 1.000292  1.0001967 1.000158 ]
  ...
  [1.000564  1.0003285 1.000021  ... 0.9994286 1.0003785 0.9998973]
  [0.9999944 1.0005206 0.999761  ... 1.0001037 1.0008446 1.0001082]
  [0.9999469 1.0001462 0.999916  ... 0.9999459 0.9999537 0.9997248]]]","[[[1.29052775e-04 0.00000000e+00 0.00000000e+00 ... 0.00000000e+00
   0.00000000e+00 0.00000000e+00]
  [0.00000000e+00 0.00000000e+00 5.90942673e-05 ... 0.00000000e+00
   0.00000000e+00 0.00000000e+00]
  [0.00000000e+00 0.00000000e+00 0.00000000e+00 ... 0.00000000e+00
   0.00000000e+00 0.00000000e+00]
  ...
  [4.86140424e-05 0.00000000e+00 0.00000000e+00 ... 0.00000000e+00
   0.00000000e+00 0.00000000e+00]
  [0.00000000e+00 0.00000000e+00 0.00000000e+00 ... 0.00000000e+00
   1.07631793e-04 3.13976678e-05]
  [0.00000000e+00 0.00000000e+00 0.00000000e+00 ... 0.00000000e+00
   0.00000000e+00 0.00000000e+00]]

 [[0.00000000e+00 1.77831521e-04 1.22818962e-04 ... 1.23210021e-04
   1.23859503e-04 1.66873909e-04]
  [7.11308341e-05 1.05302499e-04 0.00000000e+00 ... 5.19160842e-05
   6.88604728e-05 1.67832886e-04]
  [8.34812480e-05 6.64648327e-05 5.25416454e-05 ... 8.12525730e-05
   4.80302937e-05 8.01207377e-05]
  ...
  [0.00000000e+00 3.71102123e-05 1.54049995e-04 ... 2.52140735e-04
   6.28790632e-05 1.62164045e-04]
  [1.07432583e-04 6.75808168e-05 1.59510592e-04 ... 1.51293204e-04
   0.00000000e+00 7.04195666e-06]
  [1.47680931e-04 6.07429387e-05 1.09444453e-04 ... 1.14657488e-04
   1.29248559e-04 2.23841577e-04]]]","[[0. 0. 0. ... 0. 0. 0.]
 [0. 0. 0. ... 0. 0. 0.]
 [0. 0. 0. ... 0. 0. 0.]
 ...
 [0. 0. 0. ... 0. 0. 0.]
 [0. 0. 0. ... 0. 0. 0.]
 [0. 0. 0. ... 0. 0. 0.]]","[[0. 0. 0. ... 0. 0. 0.]
 [0. 0. 0. ... 0. 0. 0.]
 [0. 0. 0. ... 0. 0. 0.]
 ...
 [0. 0. 0. ... 0. 0. 0.]
 [0. 0. 0. ... 0. 0. 0.]
 [0. 0. 0. ... 0. 0. 0.]]",0.5590157703490192,0.35970870651304093
422,3,20.0,25.0,0.0,1e-05,0.01,0.5000000000000001,7.206690655872872,0.5130216590931707,0.5499935430616422,"[[[0.9996266 1.0005375 1.0001261 ... 1.0000612 0.9997868 0.9997066]
  [1.0000114 0.999878  0.9997414 ... 1.0001523 1.0003357 1.000319 ]
  [1.0001011 0.9998184 0.9998544 ... 1.00097   1.0001425 0.9999939]
  ...
  [0.9990144 0.9999202 1.0005178 ... 0.9998121 0.9997501 1.0000064]
  [0.9998566 1.0004282 1.0003486 ... 1.0004596 1.0001662 0.9997515]
  [1.0001236 0.9997882 0.9994708 ... 0.9997534 1.0003324 1.0002578]]

 [[0.9996266 1.0005372 1.0001256 ... 1.0000604 0.9997863 0.9997061]
  [1.0000113 0.9998778 0.9997409 ... 1.0001518 1.0003352 1.0003184]
  [1.000101  0.9998182 0.9993894 ... 1.0009694 1.0001419 0.9999933]
  ...
  [0.9998428 0.9999198 1.0005174 ... 0.9998113 0.9997495 1.0000058]
  [0.9998566 1.000428  1.0003483 ... 0.9996342 1.0001657 0.9997511]
  [1.0001237 0.999788  0.9994703 ... 0.9997528 1.0003318 1.0002573]]]","[[[5.32152640e-04 0.00000000e+00 0.00000000e+00 ... 0.00000000e+00
   3.05127814e-04 4.19542609e-04]
  [0.00000000e+00 1.74353152e-04 3.69854051e-04 ... 0.00000000e+00
   0.00000000e+00 0.00000000e+00]
  [0.00000000e+00 2.59288868e-04 1.49087962e-03 ... 0.00000000e+00
   0.00000000e+00 1.03198190e-05]
  ...
  [0.00000000e+00 1.14877972e-04 0.00000000e+00 ... 2.70016414e-04
   3.57783433e-04 0.00000000e+00]
  [2.04350597e-04 0.00000000e+00 0.00000000e+00 ... 1.62249171e-03
   0.00000000e+00 3.55250991e-04]
  [0.00000000e+00 3.02432543e-04 7.55555737e-04 ... 3.53026027e-04
   0.00000000e+00 0.00000000e+00]]

 [[0.00000000e+00 1.28670791e-03 3.00127123e-04 ... 1.43258900e-04
   0.00000000e+00 0.00000000e+00]
  [2.68601143e-05 0.00000000e+00 0.00000000e+00 ... 3.62441877e-04
   8.02477672e-04 7.61919110e-04]
  [2.41780666e-04 0.00000000e+00 0.00000000e+00 ... 2.32175712e-03
   3.38719941e-04 0.00000000e+00]
  ...
  [1.50869265e-03 0.00000000e+00 1.23902169e-03 ... 0.00000000e+00
   0.00000000e+00 1.26260011e-05]
  [0.00000000e+00 1.02530154e-03 8.34451747e-04 ... 0.00000000e+00
   3.96145424e-04 0.00000000e+00]
  [2.96909724e-04 0.00000000e+00 0.00000000e+00 ... 0.00000000e+00
   7.93919642e-04 6.15337495e-04]]]","[[0. 0. 0. ... 0. 0. 0.]
 [0. 0. 0. ... 0. 0. 0.]
 [0. 0. 0. ... 0. 0. 0.]
 ...
 [0. 0. 0. ... 0. 0. 0.]
 [0. 0. 0. ... 0. 0. 0.]
 [0. 0. 0. ... 0. 0. 0.]]","[[0. 0. 0. ... 0. 0. 0.]
 [0. 0. 0. ... 0. 0. 0.]
 [0. 0. 0. ... 0. 0. 0.]
 ...
 [0. 0. 0. ... 0. 0. 0.]
 [0. 0. 0. ... 0. 0. 0.]
 [0. 0. 0. ... 0. 0. 0.]]",0.22798018699924025,0.10481093334177533
422,3,20.0,25.0,0.0,1e-05,0.02,0.5000000000000001,16.513668998278792,0.5130216590931707,0.5977403577652951,"[[[0.9996631 1.0004991 1.0002131 ... 0.9997368 0.9997158 0.999991 ]
  [0.9997822 1.000557  0.9994487 ... 1.0001518 1.0001456 1.0003189]
  [1.0000803 0.9999347 0.9993895 ... 1.0002918 0.9999193 1.000111 ]
  ...
  [0.9998429 0.9999209 1.0005172 ... 1.0002512 1.0001653 1.0001667]
  [0.9998565 1.0004277 1.0001049 ... 1.000459  0.999716  0.9992364]
  [1.0001234 0.9997877 0.9999159 ... 0.9999458 1.0000448 1.0004257]]

 [[0.9996631 1.0004992 1.000213  ... 0.9997367 0.999737  0.9999906]
  [0.9997824 1.0001647 0.9994487 ... 1.0001516 1.0001456 1.0003184]
  [1.0000806 0.9999349 0.9993891 ... 0.9998846 0.9999189 1.0001104]
  ...
  [0.999843  0.9999211 1.000517  ... 1.000251  1.0001651 1.0001662]
  [0.9998567 1.000428  1.0001047 ... 1.0004588 0.9993182 0.9992361]
  [1.0001237 0.9997879 0.9999157 ... 0.9999456 1.0000447 1.0004253]]]","[[[4.80091795e-04 0.00000000e+00 0.00000000e+00 ... 3.75255560e-04
   3.46431591e-04 1.40041675e-05]
  [3.09874610e-04 2.88438563e-04 7.85690312e-04 ... 0.00000000e+00
   0.00000000e+00 0.00000000e+00]
  [0.00000000e+00 9.24460069e-05 8.71222367e-04 ... 7.07752059e-04
   1.16164682e-04 0.00000000e+00]
  ...
  [2.23574705e-04 1.12226390e-04 0.00000000e+00 ... 0.00000000e+00
   0.00000000e+00 0.00000000e+00]
  [2.03879780e-04 0.00000000e+00 0.00000000e+00 ... 0.00000000e+00
   1.50283760e-03 1.08921675e-03]
  [0.00000000e+00 3.01893048e-04 1.20347992e-04 ... 7.78782821e-05
   0.00000000e+00 0.00000000e+00]]

 [[0.00000000e+00 1.19693548e-03 5.10389794e-04 ... 0.00000000e+00
   0.00000000e+00 0.00000000e+00]
  [0.00000000e+00 0.00000000e+00 0.00000000e+00 ... 3.63219533e-04
   3.48913838e-04 7.62160719e-04]
  [1.93699687e-04 0.00000000e+00 0.00000000e+00 ... 0.00000000e+00
   0.00000000e+00 2.63249083e-04]
  ...
  [0.00000000e+00 0.00000000e+00 1.23868950e-03 ... 6.01543278e-04
   3.95232068e-04 3.97256245e-04]
  [0.00000000e+00 1.02636257e-03 2.50353575e-04 ... 1.09954287e-03
   0.00000000e+00 0.00000000e+00]
  [2.97423866e-04 0.00000000e+00 0.00000000e+00 ... 0.00000000e+00
   1.06864535e-04 1.01870859e-03]]]","[[0. 0. 0. ... 0. 0. 0.]
 [0. 0. 0. ... 0. 0. 0.]
 [0. 0. 0. ... 0. 0. 0.]
 ...
 [0. 0. 0. ... 0. 0. 0.]
 [0. 0. 0. ... 0. 0. 0.]
 [0. 0. 0. ... 0. 0. 0.]]","[[0. 0. 0. ... 0. 0. 0.]
 [0. 0. 0. ... 0. 0. 0.]
 [0. 0. 0. ... 0. 0. 0.]
 ...
 [0. 0. 0. ... 0. 0. 0.]
 [0. 0. 0. ... 0. 0. 0.]
 [0. 0. 0. ... 0. 0. 0.]]",0.39071904355325365,0.26149358684724966
422,3,20.0,25.0,0.0,1e-05,0.03,0.5000000000000001,21.300990984207477,0.5130216590931707,0.6223003564436386,"[[[0.9996631 1.0004991 1.0002131 ... 0.9997366 0.9997368 0.9999908]
  [0.9997822 1.0001644 0.9994485 ... 1.0001515 1.0001452 1.0003186]
  [1.0000802 0.9999344 0.999389  ... 1.0002913 0.9999188 1.0001106]
  ...
  [0.9998427 0.9999207 1.0005169 ... 1.0002509 1.0001649 1.0001663]
  [0.9998566 1.0004276 1.0001047 ... 1.0004588 0.9993182 1.0001082]
  [1.0001233 0.9997872 0.9999155 ... 0.9999454 1.0000446 1.0004256]]

 [[0.9996266 1.0005372 1.0001258 ... 1.0000608 0.9997865 0.9997064]
  [1.0000113 0.9998779 0.9997411 ... 1.0001519 1.0003355 1.0003186]
  [1.000101  0.9998183 0.9998542 ... 1.0009696 1.000142  0.9999936]
  ...
  [0.9990146 0.9999202 1.0005177 ... 0.9998121 0.9997499 1.0000063]
  [0.9998568 1.0004283 1.0003486 ... 1.0004593 1.000166  0.9997516]
  [1.0001236 0.9997881 0.9994704 ... 0.999753  1.000332  1.0002578]]]","[[[5.80849705e-04 0.00000000e+00 0.00000000e+00 ... 0.00000000e+00
   2.37828675e-04 7.97915973e-04]
  [0.00000000e+00 5.56085428e-04 0.00000000e+00 ... 0.00000000e+00
   0.00000000e+00 0.00000000e+00]
  [0.00000000e+00 4.13667510e-04 0.00000000e+00 ... 0.00000000e+00
   0.00000000e+00 1.65140268e-04]
  ...
  [2.51012713e-03 1.14367422e-04 0.00000000e+00 ... 8.53127886e-04
   9.10037767e-04 2.04380809e-04]
  [2.03620962e-04 0.00000000e+00 0.00000000e+00 ... 0.00000000e+00
   0.00000000e+00 8.29726800e-04]
  [0.00000000e+00 3.00676810e-04 1.34871587e-03 ... 6.08672965e-04
   0.00000000e+00 0.00000000e+00]]

 [[0.00000000e+00 1.37411080e-03 1.02887025e-04 ... 8.83383535e-04
   0.00000000e+00 0.00000000e+00]
  [5.48501891e-04 0.00000000e+00 4.50984835e-05 ... 3.65005344e-04
   1.23693352e-03 7.63962306e-04]
  [2.89358305e-04 0.00000000e+00 7.09183008e-04 ... 3.86579240e-03
   8.48093355e-04 0.00000000e+00]
  ...
  [0.00000000e+00 0.00000000e+00 1.24299224e-03 ... 0.00000000e+00
   0.00000000e+00 0.00000000e+00]
  [0.00000000e+00 1.02845212e-03 1.39038549e-03 ... 1.10218114e-03
   2.32742128e-03 0.00000000e+00]
  [2.97287571e-04 0.00000000e+00 0.00000000e+00 ... 0.00000000e+00
   1.44963222e-03 2.36822394e-04]]]","[[0. 0. 0. ... 0. 0. 0.]
 [0. 0. 0. ... 0. 0. 0.]
 [0. 0. 0. ... 0. 0. 0.]
 ...
 [0. 0. 0. ... 0. 0. 0.]
 [0. 0. 0. ... 0. 0. 0.]
 [0. 0. 0. ... 0. 0. 0.]]","[[0. 0. 0. ... 0. 0. 0.]
 [0. 0. 0. ... 0. 0. 0.]
 [0. 0. 0. ... 0. 0. 0.]
 ...
 [0. 0. 0. ... 0. 0. 0.]
 [0. 0. 0. ... 0. 0. 0.]
 [0. 0. 0. ... 0. 0. 0.]]",0.370107498551887,0.22472498104667826
422,3,20.0,25.0,0.05,1e-05,0.01,0.5000000000000001,17.2094967842479,0.5130216590931707,0.6013101050173051,"[[[0.9996631 1.0004991 1.0002134 ... 0.9997366 0.999737  0.9999904]
  [0.9997823 1.0005572 0.9994489 ... 1.0001516 1.0001456 1.0003186]
  [1.0000806 0.9999347 0.9993896 ... 0.9998846 0.9999192 1.0001106]
  ...
  [0.9998428 0.9999209 1.0005175 ... 1.000251  1.0001655 1.0001665]
  [0.9998566 1.0004277 1.0001051 ... 1.0004588 0.9997161 0.9992362]
  [1.0001236 0.9997876 0.9999162 ... 0.999946  1.0000452 1.0004259]]

 [[0.9996266 1.0005372 1.0001253 ... 1.0000606 0.999786  0.9997063]
  [1.0000113 0.9998776 0.9997406 ... 1.0001515 1.0003349 1.0003183]
  [1.0001007 0.999818  0.9993891 ... 1.0009696 1.0001415 0.9999936]
  ...
  [0.9998428 0.9999196 0.9998858 ... 0.9998115 0.9997492 1.0000062]
  [0.9998564 1.0004277 1.000348  ... 1.0004591 1.0001653 0.9997514]
  [1.0001235 0.9997882 0.9994704 ... 0.9997534 1.0003315 1.0002576]]]","[[[0.00000000e+00 4.17924295e-05 5.97608190e-06 ... 1.60396276e-05
   0.00000000e+00 0.00000000e+00]
  [1.87767357e-05 0.00000000e+00 1.94291044e-05 ... 0.00000000e+00
   1.17603677e-05 6.90546841e-07]
  [0.00000000e+00 0.00000000e+00 0.00000000e+00 ... 1.39203954e-04
   0.00000000e+00 0.00000000e+00]
  ...
  [7.41345912e-07 1.14155714e-05 0.00000000e+00 ... 0.00000000e+00
   0.00000000e+00 0.00000000e+00]
  [0.00000000e+00 3.68654939e-05 6.52077137e-05 ... 1.85391803e-05
   5.36175579e-05 4.07308014e-05]
  [8.02043095e-06 0.00000000e+00 0.00000000e+00 ... 0.00000000e+00
   3.81761775e-05 0.00000000e+00]]

 [[3.76492704e-05 0.00000000e+00 0.00000000e+00 ... 0.00000000e+00
   4.41852275e-05 7.60074110e-05]
  [0.00000000e+00 9.76052133e-05 0.00000000e+00 ... 5.47403984e-05
   4.13422278e-06 1.01293371e-05]
  [1.27026916e-05 3.14504549e-05 4.74856418e-05 ... 0.00000000e+00
   1.93004385e-05 5.40753028e-05]
  ...
  [0.00000000e+00 0.00000000e+00 5.63149910e-05 ... 7.47439637e-05
   6.59646811e-05 9.52884913e-06]
  [3.50457578e-06 0.00000000e+00 0.00000000e+00 ... 0.00000000e+00
   0.00000000e+00 0.00000000e+00]
  [0.00000000e+00 5.07040959e-06 7.19865808e-05 ... 7.07357092e-05
   0.00000000e+00 1.71805924e-05]]]","[[0. 0. 0. ... 0. 0. 0.]
 [0. 0. 0. ... 0. 0. 0.]
 [0. 0. 0. ... 0. 0. 0.]
 ...
 [0. 0. 0. ... 0. 0. 0.]
 [0. 0. 0. ... 0. 0. 0.]
 [0. 0. 0. ... 0. 0. 0.]]","[[0. 0. 0. ... 0. 0. 0.]
 [0. 0. 0. ... 0. 0. 0.]
 [0. 0. 0. ... 0. 0. 0.]
 ...
 [0. 0. 0. ... 0. 0. 0.]
 [0. 0. 0. ... 0. 0. 0.]
 [0. 0. 0. ... 0. 0. 0.]]",0.5390108028583869,0.2496442959413128
422,3,20.0,25.0,0.05,1e-05,0.02,0.5000000000000001,30.965963286481387,0.5130216590931707,0.6718837576996596,"[[[0.9996631 1.0004992 1.0002131 ... 0.9997367 0.9997156 0.9999905]
  [0.999782  1.0005572 0.9994485 ... 1.0001518 1.0001454 1.0003184]
  [1.0000805 0.9999349 0.9993894 ... 1.0002918 0.9999193 1.0001106]
  ...
  [0.9998429 0.9999213 1.0005175 ... 1.0002512 1.0001653 1.0001662]
  [0.9998565 1.0004278 1.0001047 ... 1.000459  0.999716  0.9992361]
  [1.0001234 0.9997879 0.9999159 ... 0.9999456 1.000045  1.0004256]]

 [[0.9996266 1.000537  1.0001256 ... 1.0000606 0.9997864 0.9997066]
  [1.0000114 0.9998777 0.9997409 ... 1.0001518 1.0003353 1.0003186]
  [1.0001011 0.999818  0.9993894 ... 1.0002918 1.0001419 0.9999935]
  ...
  [0.999843  0.9999198 1.0005172 ... 0.9998116 0.9997497 1.0000064]
  [0.9998568 1.0004278 1.0003483 ... 1.0004591 1.0001657 0.9997514]
  [1.0001237 0.9997878 0.9994703 ... 0.999753  1.0003319 1.0002576]]]","[[[0.00000000e+00 4.07387398e-05 0.00000000e+00 ... 4.46311112e-05
   0.00000000e+00 0.00000000e+00]
  [2.71357422e-05 0.00000000e+00 1.49929905e-05 ... 9.77447083e-06
   3.92075230e-05 1.76793085e-05]
  [4.73731443e-06 0.00000000e+00 0.00000000e+00 ... 1.91587729e-05
   3.24051379e-05 0.00000000e+00]
  ...
  [0.00000000e+00 0.00000000e+00 3.40954180e-05 ... 0.00000000e+00
   0.00000000e+00 0.00000000e+00]
  [0.00000000e+00 2.90292170e-05 4.99846570e-05 ... 3.71676448e-05
   6.60686500e-05 4.66229449e-05]
  [1.07471790e-05 0.00000000e+00 0.00000000e+00 ... 0.00000000e+00
   5.48144032e-05 0.00000000e+00]]

 [[2.78344864e-05 0.00000000e+00 7.92428642e-07 ... 0.00000000e+00
   5.66781583e-06 5.38817134e-05]
  [0.00000000e+00 9.50047658e-05 0.00000000e+00 ... 0.00000000e+00
   0.00000000e+00 0.00000000e+00]
  [0.00000000e+00 2.71322115e-05 4.90112241e-05 ... 0.00000000e+00
   0.00000000e+00 2.38258278e-05]
  ...
  [0.00000000e+00 0.00000000e+00 0.00000000e+00 ... 4.98106715e-05
   5.16754835e-05 5.51033831e-06]
  [4.73120492e-06 0.00000000e+00 0.00000000e+00 ... 0.00000000e+00
   0.00000000e+00 0.00000000e+00]
  [0.00000000e+00 1.18322425e-05 8.82737681e-05 ... 3.19982126e-05
   0.00000000e+00 1.19438592e-06]]]","[[0. 0. 0. ... 0. 0. 0.]
 [0. 0. 0. ... 0. 0. 0.]
 [0. 0. 0. ... 0. 0. 0.]
 ...
 [0. 0. 0. ... 0. 0. 0.]
 [0. 0. 0. ... 0. 0. 0.]
 [0. 0. 0. ... 0. 0. 0.]]","[[0. 0. 0. ... 0. 0. 0.]
 [0. 0. 0. ... 0. 0. 0.]
 [0. 0. 0. ... 0. 0. 0.]
 ...
 [0. 0. 0. ... 0. 0. 0.]
 [0. 0. 0. ... 0. 0. 0.]
 [0. 0. 0. ... 0. 0. 0.]]",0.5474460871359064,0.29717150957481026
422,3,20.0,25.0,0.05,1e-05,0.03,0.5000000000000001,44.94050782609476,0.5130216590931707,0.7435761979474982,"[[[0.9996631 1.0004992 1.0002133 ... 0.9997369 0.9997159 0.999991 ]
  [0.9997822 1.000557  0.9994487 ... 1.0001519 1.0001456 1.0003188]
  [1.0000803 0.9999344 0.9993892 ... 1.0002916 0.999919  1.0001105]
  ...
  [0.9998428 0.9999208 1.0005172 ... 1.0002513 1.0001653 1.0001667]
  [0.9998566 1.0004278 1.000105  ... 1.000459  0.9997161 0.9992364]
  [1.0001231 0.9997875 0.9999159 ... 0.9999459 1.0000452 1.0004259]]

 [[0.9996266 1.0005372 1.0001258 ... 1.0000606 0.9997863 0.9997067]
  [1.0000114 0.9998779 0.9997412 ... 1.0001516 1.0003351 1.0003189]
  [1.000101  0.9998182 0.9993894 ... 1.0002918 1.0001419 0.9999938]
  ...
  [0.999843  0.9999202 1.0005176 ... 0.9998116 0.9997498 1.0000067]
  [0.9998567 1.0004282 1.0003484 ... 1.0004593 1.0001659 0.999752 ]
  [1.0001233 0.999788  0.9994703 ... 0.999753  1.000332  1.0002583]]]","[[[0.00000000e+00 5.56666877e-05 1.75082410e-05 ... 4.83378451e-05
   7.15300222e-07 0.00000000e+00]
  [3.79919265e-05 0.00000000e+00 3.41590362e-05 ... 1.22570038e-05
   4.41268355e-05 2.50013415e-05]
  [1.43820179e-05 0.00000000e+00 0.00000000e+00 ... 2.07204471e-05
   3.56931126e-05 0.00000000e+00]
  ...
  [1.11357205e-05 1.29652030e-05 5.00716463e-05 ... 0.00000000e+00
   0.00000000e+00 3.61978828e-06]
  [6.82572459e-06 4.37195911e-05 6.66567123e-05 ... 4.43471379e-05
   7.54477477e-05 5.80243984e-05]
  [2.29702159e-05 3.05739451e-06 0.00000000e+00 ... 0.00000000e+00
   6.25062462e-05 8.23832543e-06]]

 [[8.62396140e-06 0.00000000e+00 0.00000000e+00 ... 0.00000000e+00
   0.00000000e+00 3.90578140e-05]
  [0.00000000e+00 7.07064803e-05 0.00000000e+00 ... 0.00000000e+00
   0.00000000e+00 0.00000000e+00]
  [0.00000000e+00 3.29148141e-06 1.75114493e-05 ... 0.00000000e+00
   0.00000000e+00 1.34980416e-05]
  ...
  [0.00000000e+00 0.00000000e+00 0.00000000e+00 ... 3.38141408e-05
   3.25021660e-05 0.00000000e+00]
  [0.00000000e+00 0.00000000e+00 0.00000000e+00 ... 0.00000000e+00
   0.00000000e+00 0.00000000e+00]
  [0.00000000e+00 0.00000000e+00 5.89257709e-05 ... 2.34028279e-05
   0.00000000e+00 0.00000000e+00]]]","[[0. 0. 0. ... 0. 0. 0.]
 [0. 0. 0. ... 0. 0. 0.]
 [0. 0. 0. ... 0. 0. 0.]
 ...
 [0. 0. 0. ... 0. 0. 0.]
 [0. 0. 0. ... 0. 0. 0.]
 [0. 0. 0. ... 0. 0. 0.]]","[[0. 0. 0. ... 0. 0. 0.]
 [0. 0. 0. ... 0. 0. 0.]
 [0. 0. 0. ... 0. 0. 0.]
 ...
 [0. 0. 0. ... 0. 0. 0.]
 [0. 0. 0. ... 0. 0. 0.]
 [0. 0. 0. ... 0. 0. 0.]]",0.5510992242801971,0.3931061744920972
422,3,20.0,25.0,0.0,1e-05,0.01,0.6000000000000001,2.0962324537478296,0.6134148727984344,0.6005562711587177,"[[[0.9996631 1.0004994 1.0002131 ... 0.9997368 0.9997368 0.9999908]
  [0.9997821 1.0001646 0.9994484 ... 1.0001516 1.0001451 1.0003186]
  [1.0000805 0.9999349 0.9993893 ... 1.0002918 0.999919  1.000111 ]
  ...
  [0.9998429 0.9999211 1.0005171 ... 1.0002513 1.0001653 1.0001667]
  [0.9998565 1.0004278 1.0001045 ... 1.000459  0.9993182 0.9992364]
  [1.0001234 0.9997877 0.9999156 ... 0.9999458 1.0000448 1.0004259]]

 [[0.9996266 1.0005372 1.0001256 ... 1.0000606 0.9997862 0.9997065]
  [1.0000112 0.9998774 0.9997406 ... 1.0001518 1.0003349 1.0003186]
  [1.0001007 0.9998178 1.0009134 ... 1.0009692 1.0001415 0.9999935]
  ...
  [0.9998428 0.9999196 0.9998859 ... 0.9998115 0.9997493 1.0000062]
  [0.9998565 1.0004277 1.0003482 ... 1.0004591 1.0001657 0.9997516]
  [1.0001235 0.9997879 0.9994702 ... 0.9997529 1.0003318 1.0002578]]]","[[[5.80865958e-04 0.00000000e+00 0.00000000e+00 ... 0.00000000e+00
   2.38660648e-04 7.97597471e-04]
  [0.00000000e+00 5.57901994e-04 0.00000000e+00 ... 0.00000000e+00
   0.00000000e+00 0.00000000e+00]
  [0.00000000e+00 4.15884309e-04 0.00000000e+00 ... 0.00000000e+00
   0.00000000e+00 1.65959456e-04]
  ...
  [2.23993789e-04 1.16509951e-04 1.00456961e-03 ... 8.55432816e-04
   9.12336383e-04 2.05201955e-04]
  [2.04464559e-04 0.00000000e+00 0.00000000e+00 ... 0.00000000e+00
   0.00000000e+00 0.00000000e+00]
  [0.00000000e+00 3.01824790e-04 1.34955072e-03 ... 6.09571459e-04
   0.00000000e+00 0.00000000e+00]]

 [[0.00000000e+00 1.37353791e-03 1.02302524e-04 ... 8.81843275e-04
   0.00000000e+00 0.00000000e+00]
  [5.48191667e-04 0.00000000e+00 4.29753914e-05 ... 3.64160020e-04
   1.23440173e-03 7.63941517e-04]
  [2.87674829e-04 0.00000000e+00 5.65542296e-03 ... 3.86246672e-03
   8.45441606e-04 0.00000000e+00]
  ...
  [0.00000000e+00 0.00000000e+00 0.00000000e+00 ... 0.00000000e+00
   0.00000000e+00 0.00000000e+00]
  [0.00000000e+00 1.02509407e-03 1.38895149e-03 ... 1.10076909e-03
   2.32572396e-03 5.77102682e-04]
  [2.96432990e-04 0.00000000e+00 0.00000000e+00 ... 0.00000000e+00
   1.44795670e-03 2.35989799e-04]]]","[[0. 0. 0. ... 0. 0. 0.]
 [0. 0. 0. ... 0. 0. 0.]
 [0. 0. 0. ... 0. 0. 0.]
 ...
 [0. 0. 0. ... 0. 0. 0.]
 [0. 0. 0. ... 0. 0. 0.]
 [0. 0. 0. ... 0. 0. 0.]]","[[0. 0. 0. ... 0. 0. 0.]
 [0. 0. 0. ... 0. 0. 0.]
 [0. 0. 0. ... 0. 0. 0.]
 ...
 [0. 0. 0. ... 0. 0. 0.]
 [0. 0. 0. ... 0. 0. 0.]
 [0. 0. 0. ... 0. 0. 0.]]",0.11226169752646252,0.040028128025120284
422,3,20.0,25.0,0.0,1e-05,0.02,0.6000000000000001,8.042891354534929,0.6134148727984344,0.6627511645701711,"[[[0.9996266 1.0005372 1.0001253 ... 1.0000604 0.999786  0.9997064]
  [1.0000114 0.9998777 0.9997406 ... 1.0001515 1.0003349 1.0003186]
  [1.000101  0.999818  0.9993891 ... 1.0009692 1.0001414 0.9999936]
  ...
  [0.9998427 0.9999196 0.9998858 ... 0.9998112 0.9997492 1.0000061]
  [0.9998566 1.0004278 1.000348  ... 0.9996341 1.0001653 0.9997514]
  [1.0001235 0.9997879 0.99947   ... 0.9997526 1.0003314 1.0002577]]

 [[0.9996631 1.0004995 1.0002134 ... 0.999737  0.999737  0.9999907]
  [0.9997821 1.0005574 0.9994489 ... 1.000152  1.0001456 1.0003186]
  [1.0000801 0.9999347 0.9993893 ... 0.9998848 0.999919  1.0001107]
  ...
  [0.9998428 0.9999214 1.0005175 ... 1.0002515 1.0001655 1.0001668]
  [0.9998566 1.0004281 1.0001051 ... 1.0004593 0.9993186 0.9982738]
  [1.0001236 0.9997881 0.9999162 ... 0.9999461 1.0000453 1.0004262]]]","[[[4.31268444e-04 0.00000000e+00 0.00000000e+00 ... 8.06290567e-04
   4.40098517e-04 0.00000000e+00]
  [6.16553895e-04 0.00000000e+00 1.17477222e-03 ... 0.00000000e+00
   4.51451049e-05 0.00000000e+00]
  [0.00000000e+00 0.00000000e+00 8.70119600e-04 ... 1.61043880e-03
   4.12119977e-04 0.00000000e+00]
  ...
  [2.23771488e-04 1.09607952e-04 0.00000000e+00 ... 0.00000000e+00
   0.00000000e+00 0.00000000e+00]
  [2.04310861e-04 0.00000000e+00 1.74123836e-04 ... 0.00000000e+00
   2.10125124e-03 4.43506499e-03]
  [0.00000000e+00 3.01671398e-04 0.00000000e+00 ... 0.00000000e+00
   3.17114723e-04 0.00000000e+00]]

 [[0.00000000e+00 1.11166467e-03 7.11950966e-04 ... 0.00000000e+00
   0.00000000e+00 6.24593093e-04]
  [0.00000000e+00 2.88203896e-03 0.00000000e+00 ... 3.65498845e-04
   0.00000000e+00 7.63900282e-04]
  [1.44646695e-04 1.08787655e-04 0.00000000e+00 ... 0.00000000e+00
   0.00000000e+00 5.31951109e-04]
  ...
  [0.00000000e+00 0.00000000e+00 2.67709054e-03 ... 1.60471685e-03
   1.34369904e-03 7.65380829e-04]
  [0.00000000e+00 1.02673020e-03 0.00000000e+00 ... 2.97813711e-03
   0.00000000e+00 0.00000000e+00]
  [2.96690949e-04 0.00000000e+00 8.14401329e-04 ... 3.11150352e-04
   0.00000000e+00 1.40465830e-03]]]","[[0. 0. 0. ... 0. 0. 0.]
 [0. 0. 0. ... 0. 0. 0.]
 [0. 0. 0. ... 0. 0. 0.]
 ...
 [0. 0. 0. ... 0. 0. 0.]
 [0. 0. 0. ... 0. 0. 0.]
 [0. 0. 0. ... 0. 0. 0.]]","[[0. 0. 0. ... 0. 0. 0.]
 [0. 0. 0. ... 0. 0. 0.]
 [0. 0. 0. ... 0. 0. 0.]
 ...
 [0. 0. 0. ... 0. 0. 0.]
 [0. 0. 0. ... 0. 0. 0.]
 [0. 0. 0. ... 0. 0. 0.]]",0.26753284859707716,0.12407576668507786
422,3,20.0,25.0,0.0,1e-05,0.03,0.6000000000000001,16.367959104237066,0.6134148727984344,0.71381836831739,"[[[0.9996631 1.0004996 1.0002135 ... 0.9997371 0.999716  0.9999909]
  [0.9997823 1.000165  0.9994489 ... 1.000152  1.0001456 1.0003188]
  [1.0000803 0.999935  0.9993895 ... 1.000292  0.9999193 1.0001109]
  ...
  [0.999843  0.9999215 1.0005176 ... 1.0002514 1.0001656 1.0001667]
  [0.9998568 1.0004286 1.0001051 ... 1.0004592 0.9997163 0.9982738]
  [1.0001237 0.9997884 0.9999163 ... 0.9999461 1.0000453 1.000426 ]]

 [[0.9996631 1.0004995 1.0002134 ... 0.9997369 0.9997158 0.9999911]
  [0.9997822 1.0001647 0.9994489 ... 1.0001519 1.0001456 1.000319 ]
  [1.0000803 0.9999349 0.9993895 ... 0.999885  0.9999193 1.0001111]
  ...
  [0.9998428 0.9999213 1.0005174 ... 1.0002514 1.0001653 1.0001668]
  [0.9998566 1.0004281 1.0001051 ... 1.0004592 0.9997161 0.9982738]
  [1.0001235 0.999788  0.9999161 ... 0.999946  1.0000452 1.0004262]]]","[[[4.80028104e-04 0.00000000e+00 0.00000000e+00 ... 3.75106320e-04
   4.05174696e-04 1.23033392e-05]
  [3.10465595e-04 0.00000000e+00 7.85381204e-04 ... 0.00000000e+00
   0.00000000e+00 0.00000000e+00]
  [0.00000000e+00 9.27800039e-05 8.70009046e-04 ... 7.06701895e-04
   1.14954621e-04 0.00000000e+00]
  ...
  [2.24162484e-04 1.12307283e-04 0.00000000e+00 ... 0.00000000e+00
   0.00000000e+00 0.00000000e+00]
  [2.04617866e-04 0.00000000e+00 0.00000000e+00 ... 0.00000000e+00
   4.04748814e-04 2.46153625e-03]
  [0.00000000e+00 3.02623649e-04 1.19861446e-04 ... 7.70715292e-05
   0.00000000e+00 0.00000000e+00]]

 [[0.00000000e+00 1.19706370e-03 5.11337086e-04 ... 0.00000000e+00
   0.00000000e+00 0.00000000e+00]
  [0.00000000e+00 3.94485276e-04 0.00000000e+00 ... 3.63887786e-04
   3.49014670e-04 7.65318797e-04]
  [1.92689264e-04 0.00000000e+00 0.00000000e+00 ... 0.00000000e+00
   0.00000000e+00 2.66963009e-04]
  ...
  [0.00000000e+00 0.00000000e+00 1.23963665e-03 ... 6.02757530e-04
   3.95904197e-04 4.00151925e-04]
  [0.00000000e+00 1.02512542e-03 2.52138530e-04 ... 1.10076519e-03
   0.00000000e+00 0.00000000e+00]
  [2.95610537e-04 0.00000000e+00 0.00000000e+00 ... 0.00000000e+00
   1.08107836e-04 1.02190989e-03]]]","[[0. 0. 0. ... 0. 0. 0.]
 [0. 0. 0. ... 0. 0. 0.]
 [0. 0. 0. ... 0. 0. 0.]
 ...
 [0. 0. 0. ... 0. 0. 0.]
 [0. 0. 0. ... 0. 0. 0.]
 [0. 0. 0. ... 0. 0. 0.]]","[[0. 0. 0. ... 0. 0. 0.]
 [0. 0. 0. ... 0. 0. 0.]
 [0. 0. 0. ... 0. 0. 0.]
 ...
 [0. 0. 0. ... 0. 0. 0.]
 [0. 0. 0. ... 0. 0. 0.]
 [0. 0. 0. ... 0. 0. 0.]]",0.4540272788655943,0.35810509876314234
422,3,20.0,25.0,0.05,1e-05,0.01,0.6000000000000001,9.152299447947652,0.6134148727984344,0.6695564388151943,"[[[0.9996631 1.0004996 1.0002134 ... 0.9997371 0.999737  0.9999907]
  [0.9997819 1.0001647 0.9994487 ... 1.0001518 1.0001454 1.0003185]
  [1.0000803 0.9999348 0.9993894 ... 1.000292  0.9999193 1.0001107]
  ...
  [0.9998429 0.9999214 1.0005174 ... 1.0002515 1.0001655 1.0001667]
  [0.9998563 1.0004278 1.0001047 ... 1.0004592 0.9997161 1.0001082]
  [1.0001231 0.9997879 0.9999159 ... 0.9999459 1.000045  1.000426 ]]

 [[0.9996631 1.0004995 1.0002134 ... 0.9997369 0.9997158 0.9999908]
  [0.9997821 1.000165  0.9994489 ... 1.0001519 1.0001457 1.0003188]
  [1.0000805 0.9999351 0.9993896 ... 0.999885  0.9999195 1.0001111]
  ...
  [0.9998429 0.9999215 1.0005175 ... 1.0002517 1.0001657 1.0001669]
  [0.9998568 1.0004286 1.0001055 ... 1.0004594 0.9997164 0.9992368]
  [1.0001237 0.9997882 0.9999163 ... 0.9999464 1.0000457 1.0004262]]]","[[[0.00000000e+00 2.78655640e-05 5.85381239e-06 ... 0.00000000e+00
   0.00000000e+00 4.01992094e-06]
  [0.00000000e+00 1.00878369e-05 0.00000000e+00 ... 2.65530875e-05
   1.85763096e-05 2.43106427e-05]
  [4.91923136e-06 0.00000000e+00 0.00000000e+00 ... 0.00000000e+00
   2.86445652e-06 8.16586184e-06]
  ...
  [0.00000000e+00 0.00000000e+00 1.55561254e-05 ... 2.13251171e-05
   1.34252926e-05 1.23898950e-05]
  [0.00000000e+00 1.82808055e-05 0.00000000e+00 ... 3.66518789e-05
   0.00000000e+00 0.00000000e+00]
  [7.99453145e-06 0.00000000e+00 0.00000000e+00 ... 8.50436949e-06
   1.27414422e-05 3.45067697e-05]]

 [[2.26456183e-05 0.00000000e+00 0.00000000e+00 ... 0.00000000e+00
   5.87577977e-06 0.00000000e+00]
  [1.36911450e-05 0.00000000e+00 3.93408021e-05 ... 0.00000000e+00
   0.00000000e+00 0.00000000e+00]
  [0.00000000e+00 2.56479594e-06 3.68429615e-05 ... 3.23116047e-05
   0.00000000e+00 0.00000000e+00]
  ...
  [1.91569043e-05 2.48588713e-05 0.00000000e+00 ... 0.00000000e+00
   0.00000000e+00 0.00000000e+00]
  [9.17540088e-06 0.00000000e+00 1.83484145e-05 ... 0.00000000e+00
   5.54453436e-06 1.52085341e-04]
  [0.00000000e+00 2.58378186e-05 2.54922871e-05 ... 0.00000000e+00
   0.00000000e+00 0.00000000e+00]]]","[[0. 0. 0. ... 0. 0. 0.]
 [0. 0. 0. ... 0. 0. 0.]
 [0. 0. 0. ... 0. 0. 0.]
 ...
 [0. 0. 0. ... 0. 0. 0.]
 [0. 0. 0. ... 0. 0. 0.]
 [0. 0. 0. ... 0. 0. 0.]]","[[0. 0. 0. ... 0. 0. 0.]
 [0. 0. 0. ... 0. 0. 0.]
 [0. 0. 0. ... 0. 0. 0.]
 ...
 [0. 0. 0. ... 0. 0. 0.]
 [0. 0. 0. ... 0. 0. 0.]
 [0. 0. 0. ... 0. 0. 0.]]",0.5349225871319195,0.2509677986803082
422,3,20.0,25.0,0.05,1e-05,0.02,0.6000000000000001,21.62212500295073,0.6134148727984344,0.7460482033816032,"[[[0.9996266 1.0005373 1.0001255 ... 1.0000607 0.9997862 0.999706 ]
  [1.0000113 0.9998779 0.9997409 ... 1.0001518 1.0003349 1.0003186]
  [1.0001009 0.9998183 0.9993894 ... 1.0009696 1.0001419 0.9999933]
  ...
  [0.9990144 0.99992   1.0005172 ... 0.9998114 0.9997495 1.0000058]
  [0.9998566 1.0004281 1.0003483 ... 1.0004591 1.0001657 0.9997511]
  [0.9991356 0.9997881 0.9994704 ... 0.9997529 1.0003318 1.0002574]]

 [[0.9996631 1.0004998 1.0002137 ... 0.9997372 0.999716  0.9999909]
  [0.9997824 1.0001653 0.9994493 ... 1.0001521 1.0001458 1.0003188]
  [1.0000803 0.999935  0.9993894 ... 0.9998854 0.9999195 1.000111 ]
  ...
  [0.9998431 0.9999215 1.0005174 ... 1.0002518 1.0001659 1.0001669]
  [0.9998568 1.0004286 1.0001051 ... 1.0004599 0.9997167 0.999237 ]
  [1.0001237 0.9997884 0.999916  ... 0.9999465 1.0000457 1.0004262]]]","[[[0.00000000e+00 0.00000000e+00 0.00000000e+00 ... 0.00000000e+00
   0.00000000e+00 0.00000000e+00]
  [0.00000000e+00 0.00000000e+00 0.00000000e+00 ... 0.00000000e+00
   0.00000000e+00 0.00000000e+00]
  [0.00000000e+00 0.00000000e+00 0.00000000e+00 ... 0.00000000e+00
   0.00000000e+00 0.00000000e+00]
  ...
  [1.00042734e-05 0.00000000e+00 0.00000000e+00 ... 1.89239985e-06
   0.00000000e+00 0.00000000e+00]
  [0.00000000e+00 0.00000000e+00 0.00000000e+00 ... 0.00000000e+00
   0.00000000e+00 0.00000000e+00]
  [5.62511873e-05 0.00000000e+00 0.00000000e+00 ... 0.00000000e+00
   0.00000000e+00 0.00000000e+00]]

 [[1.18127321e-04 6.94562973e-05 7.19983178e-05 ... 1.29563398e-04
   1.07827593e-04 5.61901558e-05]
  [1.32242926e-04 3.70756158e-05 1.52790891e-04 ... 5.07955384e-05
   8.73223663e-05 6.21179259e-05]
  [8.31518401e-05 7.10707037e-05 1.10570877e-04 ... 2.06516158e-04
   1.08790661e-04 6.32786073e-05]
  ...
  [3.04058204e-05 1.31372189e-04 8.43425361e-05 ... 3.39081391e-05
   4.89464501e-05 8.71671181e-05]
  [1.25340019e-04 8.72920547e-05 1.41090740e-04 ... 6.58098893e-05
   1.73954783e-04 2.20561947e-04]
  [0.00000000e+00 1.27190946e-04 5.99186726e-05 ... 6.34496485e-05
   1.18821187e-04 4.69532044e-05]]]","[[0. 0. 0. ... 0. 0. 0.]
 [0. 0. 0. ... 0. 0. 0.]
 [0. 0. 0. ... 0. 0. 0.]
 ...
 [0. 0. 0. ... 0. 0. 0.]
 [0. 0. 0. ... 0. 0. 0.]
 [0. 0. 0. ... 0. 0. 0.]]","[[0. 0. 0. ... 0. 0. 0.]
 [0. 0. 0. ... 0. 0. 0.]
 [0. 0. 0. ... 0. 0. 0.]
 ...
 [0. 0. 0. ... 0. 0. 0.]
 [0. 0. 0. ... 0. 0. 0.]
 [0. 0. 0. ... 0. 0. 0.]]",0.5412131145422361,0.3008977967732777
422,3,20.0,25.0,0.05,1e-05,0.03,0.6000000000000001,33.59475747961683,0.6134148727984344,0.8194901116589686,"[[[0.9996266 1.0005374 1.0001258 ... 1.0000609 0.9997868 0.9997066]
  [1.0000113 0.9998779 0.9997411 ... 1.000152  1.0003357 1.0003189]
  [1.0001009 0.9998182 0.9993894 ... 1.000292  1.000142  0.9999936]
  ...
  [0.9998428 0.9999202 1.0005176 ... 0.9998116 0.9997498 1.0000064]
  [0.9998567 1.0004286 1.0003486 ... 1.0004591 1.0001659 0.9997515]
  [1.0001236 0.9997884 0.9994705 ... 0.9997531 1.0003324 1.0002578]]

 [[0.9996631 1.0004991 1.0002131 ... 0.9997366 0.999737  0.9999909]
  [0.9997821 1.000557  0.9994485 ... 1.0001514 1.0001451 1.0003186]
  [1.0000803 0.9999347 0.9993893 ... 0.9998848 0.9999191 1.000111 ]
  ...
  [0.9998427 0.9999208 1.0005171 ... 1.000251  1.0001653 1.0001668]
  [0.9998564 1.0004278 1.0001049 ... 1.000459  0.999716  0.9982738]
  [1.0001235 0.9997876 0.9999159 ... 0.9999458 1.0000448 1.000426 ]]]","[[[0.00000000e+00 0.00000000e+00 0.00000000e+00 ... 0.00000000e+00
   0.00000000e+00 0.00000000e+00]
  [0.00000000e+00 5.34461887e-05 0.00000000e+00 ... 0.00000000e+00
   0.00000000e+00 0.00000000e+00]
  [0.00000000e+00 0.00000000e+00 0.00000000e+00 ... 0.00000000e+00
   0.00000000e+00 0.00000000e+00]
  ...
  [0.00000000e+00 0.00000000e+00 0.00000000e+00 ... 1.83270975e-05
   1.13709707e-05 0.00000000e+00]
  [0.00000000e+00 0.00000000e+00 0.00000000e+00 ... 0.00000000e+00
   0.00000000e+00 0.00000000e+00]
  [0.00000000e+00 0.00000000e+00 0.00000000e+00 ... 0.00000000e+00
   0.00000000e+00 6.79894660e-06]]

 [[1.10208551e-04 7.24299127e-05 8.15030099e-05 ... 1.29977233e-04
   9.91308864e-05 4.85939791e-05]
  [1.43044995e-04 0.00000000e+00 1.70938358e-04 ... 6.40177168e-05
   9.62313607e-05 6.77957821e-05]
  [1.00864649e-04 9.26110391e-05 1.30537336e-04 ... 1.42862466e-04
   1.28067944e-04 7.94457069e-05]
  ...
  [9.67348949e-05 1.05403499e-04 7.56129451e-05 ... 6.63991859e-06
   1.33176649e-05 4.07550375e-05]
  [8.38679311e-05 6.78941267e-05 1.35506162e-04 ... 4.60698800e-05
   1.39625833e-04 3.67355514e-04]
  [7.49668238e-05 1.13784300e-04 6.14646067e-05 ... 5.25501282e-05
   9.98495102e-05 1.57948857e-05]]]","[[0. 0. 0. ... 0. 0. 0.]
 [0. 0. 0. ... 0. 0. 0.]
 [0. 0. 0. ... 0. 0. 0.]
 ...
 [0. 0. 0. ... 0. 0. 0.]
 [0. 0. 0. ... 0. 0. 0.]
 [0. 0. 0. ... 0. 0. 0.]]","[[0. 0. 0. ... 0. 0. 0.]
 [0. 0. 0. ... 0. 0. 0.]
 [0. 0. 0. ... 0. 0. 0.]
 ...
 [0. 0. 0. ... 0. 0. 0.]
 [0. 0. 0. ... 0. 0. 0.]
 [0. 0. 0. ... 0. 0. 0.]]",0.5409970612926627,0.4174983314363755
422,3,20.0,25.0,0.0,1e-05,0.01,0.7000000000000002,0.6084286146505713,0.7126088759162824,0.708273159604668,"[[[0.9996266 1.0005375 1.0001256 ... 1.0000607 0.9997863 0.9997064]
  [1.0000114 0.999878  0.9997411 ... 1.0001518 1.0003351 1.0003186]
  [1.000101  0.9998186 0.9993896 ... 1.0002918 1.0001419 0.9999936]
  ...
  [0.9998428 0.9999201 1.0005174 ... 0.9998118 0.9997498 1.0000066]
  [0.9998565 1.0004282 1.0003483 ... 0.9996346 1.0001657 0.9997518]
  [0.9991356 0.9997881 0.9994703 ... 0.999753  1.0003319 1.0002578]]

 [[0.9996266 1.0005373 1.0001259 ... 1.0000609 0.9997866 0.9997066]
  [1.0000112 0.9998778 0.9997412 ... 1.000152  1.0003357 1.0003189]
  [1.0001009 0.9998183 0.9998542 ... 1.000292  1.0001423 0.9999937]
  ...
  [0.999843  0.9999201 1.0005177 ... 0.9998118 0.9997499 1.0000062]
  [0.9998567 1.0004283 1.0003488 ... 1.0004593 1.000166  0.9997516]
  [1.0001236 0.9997882 0.9994708 ... 0.9997531 1.0003321 1.0002578]]]","[[[5.32134798e-04 0.00000000e+00 0.00000000e+00 ... 0.00000000e+00
   3.03652481e-04 4.17727737e-04]
  [0.00000000e+00 1.74333900e-04 3.68617091e-04 ... 0.00000000e+00
   0.00000000e+00 0.00000000e+00]
  [0.00000000e+00 2.59257429e-04 0.00000000e+00 ... 0.00000000e+00
   0.00000000e+00 8.91572946e-06]
  ...
  [2.23457514e-04 1.13794205e-04 0.00000000e+00 ... 2.68118038e-04
   3.56211485e-04 0.00000000e+00]
  [2.03842779e-04 0.00000000e+00 0.00000000e+00 ... 0.00000000e+00
   0.00000000e+00 3.54146650e-04]
  [0.00000000e+00 3.01596004e-04 7.53584656e-04 ... 3.51627630e-04
   0.00000000e+00 0.00000000e+00]]

 [[0.00000000e+00 1.28729715e-03 3.02356513e-04 ... 1.46600614e-04
   0.00000000e+00 0.00000000e+00]
  [2.63352850e-05 0.00000000e+00 0.00000000e+00 ... 3.64941265e-04
   8.06089585e-04 7.64988187e-04]
  [2.41530656e-04 0.00000000e+00 7.07728728e-04 ... 7.00144597e-04
   3.42335932e-04 0.00000000e+00]
  ...
  [0.00000000e+00 0.00000000e+00 1.24180191e-03 ... 0.00000000e+00
   0.00000000e+00 1.40647748e-05]
  [0.00000000e+00 1.02700232e-03 8.37248139e-04 ... 2.97689447e-03
   3.98936616e-04 0.00000000e+00]
  [2.54469705e-03 0.00000000e+00 0.00000000e+00 ... 0.00000000e+00
   7.96705594e-04 6.18153021e-04]]]","[[0. 0. 0. ... 0. 0. 0.]
 [0. 0. 0. ... 0. 0. 0.]
 [0. 0. 0. ... 0. 0. 0.]
 ...
 [0. 0. 0. ... 0. 0. 0.]
 [0. 0. 0. ... 0. 0. 0.]
 [0. 0. 0. ... 0. 0. 0.]]","[[0. 0. 0. ... 0. 0. 0.]
 [0. 0. 0. ... 0. 0. 0.]
 [0. 0. 0. ... 0. 0. 0.]
 ...
 [0. 0. 0. ... 0. 0. 0.]
 [0. 0. 0. ... 0. 0. 0.]
 [0. 0. 0. ... 0. 0. 0.]]",0.2431154265657185,0.108814037769308
422,3,20.0,25.0,0.0,1e-05,0.02,0.7000000000000002,6.536411229893565,0.7126088759162824,0.7591879225068926,"[[[0.9996631 1.0004994 1.0002131 ... 0.9997368 0.9997368 0.9999906]
  [0.9997822 1.0005574 0.9994487 ... 1.0001518 1.0001452 1.0003185]
  [1.0000803 0.9999347 0.9993893 ... 0.9998848 0.999919  1.0001105]
  ...
  [0.9998428 0.9999211 1.0005171 ... 1.0002512 1.0001653 1.0001663]
  [0.9998565 1.0004278 1.0001047 ... 1.000459  0.9993182 0.9992362]
  [1.0001235 0.9997878 0.9999159 ... 0.9999458 1.000045  1.0004259]]

 [[0.9996631 1.0004994 1.0002131 ... 0.9997369 0.999737  0.9999904]
  [0.9997822 1.0005574 0.9994487 ... 1.0001518 1.0001452 1.0003183]
  [1.0000803 0.9999348 0.9993893 ... 0.9998848 0.9999189 1.0001104]
  ...
  [0.9998428 0.9999211 1.0005171 ... 1.0002512 1.0001653 1.0001665]
  [0.9998565 1.000428  1.0001047 ... 1.0004591 0.999716  0.9992362]
  [1.0001234 0.9997878 0.9999157 ... 0.9999458 1.000045  1.0004256]]]","[[[4.80058215e-04 0.00000000e+00 0.00000000e+00 ... 3.74736377e-04
   3.74409090e-04 1.39091012e-05]
  [3.10336004e-04 0.00000000e+00 7.85656101e-04 ... 0.00000000e+00
   0.00000000e+00 0.00000000e+00]
  [0.00000000e+00 9.27407118e-05 8.70374187e-04 ... 1.64162296e-04
   1.15740298e-04 0.00000000e+00]
  ...
  [2.23959935e-04 1.12444860e-04 0.00000000e+00 ... 0.00000000e+00
   0.00000000e+00 0.00000000e+00]
  [2.04507654e-04 0.00000000e+00 0.00000000e+00 ... 0.00000000e+00
   0.00000000e+00 1.08861030e-03]
  [0.00000000e+00 3.02354395e-04 1.20320513e-04 ... 7.71898979e-05
   0.00000000e+00 0.00000000e+00]]

 [[0.00000000e+00 1.19700211e-03 5.11001130e-04 ... 0.00000000e+00
   0.00000000e+00 0.00000000e+00]
  [0.00000000e+00 1.33612537e-03 0.00000000e+00 ... 3.63820398e-04
   3.48098343e-04 7.62467316e-04]
  [1.92642620e-04 0.00000000e+00 0.00000000e+00 ... 0.00000000e+00
   0.00000000e+00 2.64387601e-04]
  ...
  [0.00000000e+00 0.00000000e+00 1.23955370e-03 ... 6.02156903e-04
   3.96407470e-04 3.99799967e-04]
  [0.00000000e+00 1.02612757e-03 2.50934005e-04 ... 1.10071430e-03
   2.24300584e-04 0.00000000e+00]
  [2.95539186e-04 0.00000000e+00 0.00000000e+00 ... 0.00000000e+00
   1.07761223e-04 1.01934359e-03]]]","[[0. 0. 0. ... 0. 0. 0.]
 [0. 0. 0. ... 0. 0. 0.]
 [0. 0. 0. ... 0. 0. 0.]
 ...
 [0. 0. 0. ... 0. 0. 0.]
 [0. 0. 0. ... 0. 0. 0.]
 [0. 0. 0. ... 0. 0. 0.]]","[[0. 0. 0. ... 0. 0. 0.]
 [0. 0. 0. ... 0. 0. 0.]
 [0. 0. 0. ... 0. 0. 0.]
 ...
 [0. 0. 0. ... 0. 0. 0.]
 [0. 0. 0. ... 0. 0. 0.]
 [0. 0. 0. ... 0. 0. 0.]]",0.3890446462321023,0.24698403570187083
422,3,20.0,25.0,0.0,1e-05,0.03,0.7000000000000002,10.795736640800692,0.7126088759162824,0.7895402534391744,"[[[0.9996631 1.0004996 1.0002135 ... 0.999737  0.9997161 0.9999909]
  [0.9997824 1.0005575 0.9994491 ... 1.0001521 1.0001458 1.0003189]
  [1.0000806 0.9999351 0.9998542 ... 1.000292  0.9999194 1.0001109]
  ...
  [0.999843  0.9999215 1.0005177 ... 1.0002514 1.0001657 1.0001668]
  [0.9998566 1.0004282 1.0001051 ... 1.0004592 0.9997163 1.0001082]
  [1.0001237 0.9997882 0.9999163 ... 0.9999462 1.0000454 1.000426 ]]

 [[0.9996631 1.0004994 1.0002133 ... 0.9997368 0.9997368 0.9999904]
  [0.9997821 1.0001647 0.9994485 ... 1.0001515 1.0001451 1.0003182]
  [1.0000802 0.9999347 0.9993893 ... 0.9998846 0.9999188 1.0001105]
  ...
  [0.9998427 0.9999212 1.0005171 ... 1.0002509 1.0001653 1.0001662]
  [0.9998562 1.0004278 1.0001047 ... 1.000459  0.999716  0.9992362]
  [1.0001233 0.9997878 0.9999159 ... 0.9999459 1.0000451 1.0004256]]]","[[[4.80043488e-04 0.00000000e+00 0.00000000e+00 ... 3.75359480e-04
   3.47439477e-04 1.42860858e-05]
  [3.10889433e-04 2.89188836e-04 7.86774857e-04 ... 0.00000000e+00
   0.00000000e+00 0.00000000e+00]
  [0.00000000e+00 9.36123472e-05 1.49093329e-03 ... 7.07856541e-04
   1.16438691e-04 0.00000000e+00]
  ...
  [2.24498381e-04 1.12637401e-04 0.00000000e+00 ... 0.00000000e+00
   0.00000000e+00 0.00000000e+00]
  [2.05467417e-04 0.00000000e+00 0.00000000e+00 ... 0.00000000e+00
   4.05081398e-04 2.25250565e-03]
  [0.00000000e+00 3.02886913e-04 1.20359006e-04 ... 7.74775690e-05
   0.00000000e+00 0.00000000e+00]]

 [[0.00000000e+00 1.19648569e-03 5.10775993e-04 ... 0.00000000e+00
   0.00000000e+00 0.00000000e+00]
  [0.00000000e+00 0.00000000e+00 0.00000000e+00 ... 3.61935713e-04
   3.46224805e-04 7.61131269e-04]
  [1.91562063e-04 0.00000000e+00 0.00000000e+00 ... 0.00000000e+00
   0.00000000e+00 2.64157754e-04]
  ...
  [0.00000000e+00 0.00000000e+00 1.23825394e-03 ... 6.00554473e-04
   3.95640098e-04 3.97090397e-04]
  [0.00000000e+00 1.02481117e-03 2.49902341e-04 ... 1.09965938e-03
   0.00000000e+00 0.00000000e+00]
  [2.94469579e-04 0.00000000e+00 0.00000000e+00 ... 0.00000000e+00
   1.07272586e-04 1.01910695e-03]]]","[[0. 0. 0. ... 0. 0. 0.]
 [0. 0. 0. ... 0. 0. 0.]
 [0. 0. 0. ... 0. 0. 0.]
 ...
 [0. 0. 0. ... 0. 0. 0.]
 [0. 0. 0. ... 0. 0. 0.]
 [0. 0. 0. ... 0. 0. 0.]]","[[0. 0. 0. ... 0. 0. 0.]
 [0. 0. 0. ... 0. 0. 0.]
 [0. 0. 0. ... 0. 0. 0.]
 ...
 [0. 0. 0. ... 0. 0. 0.]
 [0. 0. 0. ... 0. 0. 0.]
 [0. 0. 0. ... 0. 0. 0.]]",0.44471161114969077,0.33947413784482855
422,3,20.0,25.0,0.05,1e-05,0.01,0.7000000000000002,3.3069746757553378,0.7126088759162824,0.7361746709800187,"[[[0.9996266 1.0005372 1.0001256 ... 1.0000607 0.9997862 0.9997062]
  [1.0000114 0.9998778 0.9997408 ... 1.0001519 1.000335  1.0003184]
  [1.000101  0.9998182 0.9993896 ... 1.000292  1.0001417 0.9999936]
  ...
  [0.9998428 0.9999198 0.9998859 ... 0.9998121 0.9997499 1.0000066]
  [0.9998565 1.000428  1.0003482 ... 0.9996348 1.0001657 0.9997518]
  [1.0001233 0.9997876 0.9994703 ... 0.9997531 1.0003318 1.0002577]]

 [[0.9996266 1.0005369 1.0001256 ... 1.0000607 0.9997863 0.9997065]
  [1.0000112 0.9998773 0.9997409 ... 1.0001518 1.0003351 1.0003188]
  [1.0001009 0.9998178 0.9993895 ... 1.0009696 1.0001419 0.9999939]
  ...
  [0.9990146 0.9999198 1.0005174 ... 0.9998117 0.9997497 1.0000066]
  [0.9998567 1.0004278 1.0003484 ... 1.0004593 1.0001658 0.9997518]
  [1.0001237 0.9997878 0.9994704 ... 0.999753  1.0003318 1.0002577]]]","[[[0.00000000e+00 1.76198833e-05 0.00000000e+00 ... 0.00000000e+00
   0.00000000e+00 0.00000000e+00]
  [0.00000000e+00 0.00000000e+00 0.00000000e+00 ... 0.00000000e+00
   2.82872916e-06 3.42928143e-06]
  [0.00000000e+00 0.00000000e+00 0.00000000e+00 ... 1.24327772e-04
   0.00000000e+00 0.00000000e+00]
  ...
  [0.00000000e+00 0.00000000e+00 7.77616963e-05 ... 0.00000000e+00
   0.00000000e+00 0.00000000e+00]
  [0.00000000e+00 9.14935377e-06 0.00000000e+00 ... 1.08270150e-04
   0.00000000e+00 0.00000000e+00]
  [0.00000000e+00 0.00000000e+00 0.00000000e+00 ... 0.00000000e+00
   5.42046323e-06 1.97931860e-06]]

 [[5.10108658e-05 0.00000000e+00 2.12971123e-05 ... 1.62854365e-05
   4.06769856e-05 4.54261927e-05]
  [2.52366306e-05 3.36394338e-05 4.34091611e-05 ... 1.68624410e-05
   7.19226117e-06 5.82180032e-06]
  [1.94203537e-05 3.33073032e-05 6.52729401e-05 ... 0.00000000e+00
   2.33399370e-05 2.95011152e-05]
  ...
  [1.88511093e-04 3.41681096e-05 0.00000000e+00 ... 3.46129058e-05
   3.67386753e-05 1.29567075e-05]
  [2.77872434e-05 2.24392145e-07 1.82306669e-05 ... 0.00000000e+00
   1.45468504e-05 3.65293206e-05]
  [1.60722909e-05 4.41277514e-05 6.93423559e-05 ... 4.23637682e-05
   2.88380871e-06 6.00483926e-06]]]","[[0. 0. 0. ... 0. 0. 0.]
 [0. 0. 0. ... 0. 0. 0.]
 [0. 0. 0. ... 0. 0. 0.]
 ...
 [0. 0. 0. ... 0. 0. 0.]
 [0. 0. 0. ... 0. 0. 0.]
 [0. 0. 0. ... 0. 0. 0.]]","[[0. 0. 0. ... 0. 0. 0.]
 [0. 0. 0. ... 0. 0. 0.]
 [0. 0. 0. ... 0. 0. 0.]
 ...
 [0. 0. 0. ... 0. 0. 0.]
 [0. 0. 0. ... 0. 0. 0.]
 [0. 0. 0. ... 0. 0. 0.]]",0.5321071425213356,0.25483263585323873
422,3,20.0,25.0,0.05,1e-05,0.02,0.7000000000000002,14.252334005898097,0.7126088759162824,0.8141722730675469,"[[[0.9996631 1.0004992 1.0002131 ... 0.9997366 0.999737  0.999991 ]
  [0.9997822 1.0001647 0.9994487 ... 1.0001515 1.0001454 1.0003192]
  [1.0000803 0.9999348 0.9993891 ... 0.9998848 0.9999191 1.0001113]
  ...
  [0.9998428 0.9999209 1.0005172 ... 1.000251  1.0001651 1.0001668]
  [0.9998566 1.0004278 1.0001045 ... 1.000459  0.9993182 1.0001088]
  [1.0001234 0.9997878 0.9999157 ... 1.000525  1.0000448 1.000426 ]]

 [[0.9996266 1.0005372 1.0001258 ... 1.0000606 0.9997865 0.9997061]
  [1.0000112 0.9998778 0.9997409 ... 1.0001515 1.0003353 1.0003188]
  [1.0001009 0.9998182 0.9993894 ... 1.0002918 1.0001419 0.9999937]
  ...
  [0.9990144 0.99992   1.0005174 ... 0.9998115 0.9997497 1.0000063]
  [0.9998566 1.000428  1.0003483 ... 1.0004591 1.0001659 0.9997517]
  [0.9991356 0.9997878 0.9994702 ... 0.9997528 1.000332  1.0002577]]]","[[[1.85284629e-05 8.22996798e-05 3.98144526e-05 ... 6.96795968e-05
   2.32643961e-05 0.00000000e+00]
  [5.99281016e-05 0.00000000e+00 5.02938391e-05 ... 2.86126857e-05
   6.45762251e-05 4.86971638e-05]
  [3.46697754e-05 6.46672474e-06 0.00000000e+00 ... 8.17831297e-05
   5.34468511e-05 7.56950350e-06]
  ...
  [0.00000000e+00 5.12146949e-05 7.98730674e-05 ... 0.00000000e+00
   0.00000000e+00 4.08647571e-05]
  [5.34160990e-05 7.98521204e-05 9.68067404e-05 ... 6.61268982e-05
   1.50588448e-04 0.00000000e+00]
  [0.00000000e+00 3.90863031e-05 0.00000000e+00 ... 0.00000000e+00
   9.04048737e-05 4.66240105e-05]]

 [[0.00000000e+00 0.00000000e+00 0.00000000e+00 ... 0.00000000e+00
   0.00000000e+00 0.00000000e+00]
  [0.00000000e+00 0.00000000e+00 0.00000000e+00 ... 0.00000000e+00
   0.00000000e+00 0.00000000e+00]
  [0.00000000e+00 0.00000000e+00 0.00000000e+00 ... 0.00000000e+00
   0.00000000e+00 0.00000000e+00]
  ...
  [7.32762367e-05 0.00000000e+00 0.00000000e+00 ... 9.02070335e-07
   0.00000000e+00 0.00000000e+00]
  [0.00000000e+00 0.00000000e+00 0.00000000e+00 ... 0.00000000e+00
   0.00000000e+00 0.00000000e+00]
  [9.46108135e-05 0.00000000e+00 1.41314280e-05 ... 5.86951224e-05
   0.00000000e+00 0.00000000e+00]]]","[[0. 0. 0. ... 0. 0. 0.]
 [0. 0. 0. ... 0. 0. 0.]
 [0. 0. 0. ... 0. 0. 0.]
 ...
 [0. 0. 0. ... 0. 0. 0.]
 [0. 0. 0. ... 0. 0. 0.]
 [0. 0. 0. ... 0. 0. 0.]]","[[0. 0. 0. ... 0. 0. 0.]
 [0. 0. 0. ... 0. 0. 0.]
 [0. 0. 0. ... 0. 0. 0.]
 ...
 [0. 0. 0. ... 0. 0. 0.]
 [0. 0. 0. ... 0. 0. 0.]
 [0. 0. 0. ... 0. 0. 0.]]",0.5365238187807285,0.31420935136394995
422,3,20.0,25.0,0.05,1e-05,0.03,0.7000000000000002,23.739031280064918,0.7126088759162824,0.8817753198745677,"[[[0.9996266 1.0005372 1.0001254 ... 1.0000606 0.999786  0.9997066]
  [1.0000117 0.9998777 0.9997409 ... 1.0001518 1.0003351 1.0003189]
  [1.0001014 0.9998183 0.9993893 ... 1.0002918 1.0001417 0.9999936]
  ...
  [0.999843  0.99992   1.0005172 ... 0.9998115 0.9997495 1.0000064]
  [0.9998568 1.0004281 1.0003482 ... 1.0004591 1.0001655 0.9997515]
  [1.0001237 0.9997879 0.9994702 ... 0.9997527 1.0003318 1.000258 ]]

 [[0.9996266 1.0005368 1.0001252 ... 1.0000606 0.9997859 0.999706 ]
  [1.0000113 0.9998772 0.9997404 ... 1.0001515 1.0003347 1.0003184]
  [1.0001009 0.9998178 1.0009134 ... 1.0009692 1.0001414 0.9999935]
  ...
  [0.9998428 0.9999193 0.9998857 ... 0.9998111 0.9997492 1.0000061]
  [0.9998566 1.0004276 1.0003479 ... 0.9996344 1.0001656 0.9997512]
  [1.0001236 0.9997879 0.9994703 ... 0.9997526 1.0003318 1.0002578]]]","[[[0.00000000e+00 2.66941594e-05 1.02610151e-06 ... 7.18160795e-06
   0.00000000e+00 0.00000000e+00]
  [0.00000000e+00 0.00000000e+00 0.00000000e+00 ... 0.00000000e+00
   8.35489109e-06 7.04729721e-06]
  [0.00000000e+00 0.00000000e+00 2.09993354e-04 ... 1.20095543e-04
   0.00000000e+00 0.00000000e+00]
  ...
  [2.54960828e-06 6.86382888e-06 0.00000000e+00 ... 1.53850182e-05
   5.51888369e-06 1.67772403e-05]
  [0.00000000e+00 3.24077877e-05 2.67802731e-05 ... 0.00000000e+00
   2.85184090e-05 0.00000000e+00]
  [9.56878818e-06 0.00000000e+00 0.00000000e+00 ... 0.00000000e+00
   2.92552274e-05 2.05553334e-05]]

 [[3.50014321e-05 0.00000000e+00 3.23043640e-06 ... 0.00000000e+00
   1.71368995e-05 2.60068049e-05]
  [2.10401638e-05 3.44864523e-05 4.90683219e-05 ... 7.18051266e-06
   0.00000000e+00 0.00000000e+00]
  [2.56066310e-05 5.03301267e-05 0.00000000e+00 ... 0.00000000e+00
   2.63746515e-05 3.47736261e-05]
  ...
  [0.00000000e+00 0.00000000e+00 7.21698339e-05 ... 0.00000000e+00
   0.00000000e+00 0.00000000e+00]
  [0.00000000e+00 0.00000000e+00 0.00000000e+00 ... 9.15607771e-05
   0.00000000e+00 0.00000000e+00]
  [0.00000000e+00 1.62193441e-05 3.92731982e-05 ... 0.00000000e+00
   0.00000000e+00 0.00000000e+00]]]","[[0. 0. 0. ... 0. 0. 0.]
 [0. 0. 0. ... 0. 0. 0.]
 [0. 0. 0. ... 0. 0. 0.]
 ...
 [0. 0. 0. ... 0. 0. 0.]
 [0. 0. 0. ... 0. 0. 0.]
 [0. 0. 0. ... 0. 0. 0.]]","[[0. 0. 0. ... 0. 0. 0.]
 [0. 0. 0. ... 0. 0. 0.]
 [0. 0. 0. ... 0. 0. 0.]
 ...
 [0. 0. 0. ... 0. 0. 0.]
 [0. 0. 0. ... 0. 0. 0.]
 [0. 0. 0. ... 0. 0. 0.]]",0.529119454788707,0.44803695343564975
422,3,20.0,25.0,0.0,1e-05,0.01,0.8000000000000003,11.2563770322474,0.810583269760191,0.7193409607556649,"[[[0.9996266 1.0005374 1.0001256 ... 1.0000609 0.9997863 0.9997065]
  [1.0000114 0.9998779 0.9997412 ... 1.0001519 1.0003352 1.0003186]
  [1.000101  0.9998183 0.9993895 ... 1.0002918 1.0001417 0.9999936]
  ...
  [0.9990144 0.9999201 1.0005175 ... 0.9998119 0.9997498 1.0000064]
  [0.9998566 1.0004282 1.0003483 ... 1.0004593 1.0001658 0.9997516]
  [0.9991356 0.999788  0.9994706 ... 0.999753  1.0003319 1.0002578]]

 [[0.9996631 1.0004992 1.000213  ... 0.9997366 0.9997368 0.9999907]
  [0.9997822 1.0005572 0.9994488 ... 1.0001515 1.0001452 1.0003186]
  [1.0000805 0.9999349 0.9993895 ... 0.9998846 0.999919  1.0001107]
  ...
  [0.9998427 0.9999209 1.0005172 ... 1.000251  1.0001653 1.0001665]
  [0.9998564 1.0004278 1.000105  ... 1.000459  0.9997161 0.9992366]
  [1.0001231 0.9997876 0.9999157 ... 0.9999456 1.000045  1.0004259]]]","[[[4.31300741e-04 0.00000000e+00 0.00000000e+00 ... 8.08101708e-04
   4.41181661e-04 0.00000000e+00]
  [6.16255484e-04 0.00000000e+00 1.17592606e-03 ... 0.00000000e+00
   4.66350093e-05 0.00000000e+00]
  [0.00000000e+00 0.00000000e+00 8.70054621e-04 ... 7.07735569e-04
   4.12620458e-04 0.00000000e+00]
  ...
  [0.00000000e+00 1.11669520e-04 0.00000000e+00 ... 0.00000000e+00
   0.00000000e+00 0.00000000e+00]
  [2.04838499e-04 0.00000000e+00 1.74952220e-04 ... 0.00000000e+00
   1.00464776e-03 1.77568671e-03]
  [0.00000000e+00 3.03094978e-04 0.00000000e+00 ... 0.00000000e+00
   3.18765762e-04 0.00000000e+00]]

 [[0.00000000e+00 1.10996107e-03 7.09427150e-04 ... 0.00000000e+00
   0.00000000e+00 6.24268644e-04]
  [0.00000000e+00 2.88032840e-03 0.00000000e+00 ... 3.62417453e-04
   0.00000000e+00 7.63853673e-04]
  [1.46266726e-04 1.09162512e-04 0.00000000e+00 ... 0.00000000e+00
   0.00000000e+00 5.31910260e-04]
  ...
  [1.50814747e-03 0.00000000e+00 1.23928241e-03 ... 1.60080621e-03
   1.34172926e-03 7.63394877e-04]
  [0.00000000e+00 1.02475141e-03 0.00000000e+00 ... 1.09931491e-03
   0.00000000e+00 0.00000000e+00]
  [2.54244757e-03 0.00000000e+00 8.10779904e-04 ... 3.07656801e-04
   0.00000000e+00 1.40321650e-03]]]","[[0. 0. 0. ... 0. 0. 0.]
 [0. 0. 0. ... 0. 0. 0.]
 [0. 0. 0. ... 0. 0. 0.]
 ...
 [0. 0. 0. ... 0. 0. 0.]
 [0. 0. 0. ... 0. 0. 0.]
 [0. 0. 0. ... 0. 0. 0.]]","[[0. 0. 0. ... 0. 0. 0.]
 [0. 0. 0. ... 0. 0. 0.]
 [0. 0. 0. ... 0. 0. 0.]
 ...
 [0. 0. 0. ... 0. 0. 0.]
 [0. 0. 0. ... 0. 0. 0.]
 [0. 0. 0. ... 0. 0. 0.]]",0.11565159909947792,0.05273463989064508
422,3,20.0,25.0,0.0,1e-05,0.02,0.8000000000000003,1.9192977030666536,0.810583269760191,0.7950257636822411,"[[[0.9996266 1.0005374 1.0001258 ... 1.0000609 0.9997865 0.9997067]
  [1.0000112 0.9998777 0.9997409 ... 1.000152  1.0003353 1.000319 ]
  [1.0001009 0.9998182 0.9993895 ... 1.0009698 1.0001419 0.9999939]
  ...
  [0.9990144 0.99992   1.0005176 ... 0.9998118 0.9997498 1.0000066]
  [0.9998565 1.000428  1.0003484 ... 0.9996346 1.0001657 0.9997518]
  [1.0001236 0.9997881 0.9994705 ... 0.9997531 1.000332  1.0002582]]

 [[0.9996631 1.0004994 1.0002131 ... 0.9997368 0.999737  0.9999906]
  [0.9997823 1.0005574 0.9994489 ... 1.0001518 1.0001454 1.0003186]
  [1.0000805 0.999935  0.9993895 ... 1.0002918 0.9999191 1.0001107]
  ...
  [0.9998431 0.9999213 1.0005174 ... 1.0002513 1.0001653 1.0001668]
  [0.9998567 1.000428  1.000105  ... 1.0004591 0.999716  0.9992366]
  [1.0001235 0.999788  0.9999159 ... 0.9999461 1.0000452 1.000426 ]]]","[[[4.31295833e-04 0.00000000e+00 0.00000000e+00 ... 8.07603993e-04
   4.40758492e-04 0.00000000e+00]
  [6.15602483e-04 0.00000000e+00 1.17519285e-03 ... 0.00000000e+00
   4.61311949e-05 0.00000000e+00]
  [0.00000000e+00 0.00000000e+00 8.70043170e-04 ... 4.88298012e-04
   4.12446734e-04 0.00000000e+00]
  ...
  [0.00000000e+00 1.10358227e-04 0.00000000e+00 ... 0.00000000e+00
   0.00000000e+00 0.00000000e+00]
  [2.03852493e-04 0.00000000e+00 1.75108559e-04 ... 0.00000000e+00
   1.00481623e-03 1.77592254e-03]
  [0.00000000e+00 3.02261662e-04 0.00000000e+00 ... 0.00000000e+00
   3.18265368e-04 0.00000000e+00]]

 [[0.00000000e+00 1.11052575e-03 7.09719688e-04 ... 0.00000000e+00
   0.00000000e+00 6.23312574e-04]
  [0.00000000e+00 2.88199576e-03 0.00000000e+00 ... 3.63270723e-04
   0.00000000e+00 7.63047770e-04]
  [1.46551422e-04 1.09730616e-04 0.00000000e+00 ... 0.00000000e+00
   0.00000000e+00 5.31240580e-04]
  ...
  [1.51009744e-03 0.00000000e+00 1.23956950e-03 ... 1.60205886e-03
   1.34173162e-03 7.64236636e-04]
  [0.00000000e+00 1.02585750e-03 0.00000000e+00 ... 2.97575583e-03
   0.00000000e+00 0.00000000e+00]
  [2.95816034e-04 0.00000000e+00 8.11894398e-04 ... 3.09893234e-04
   0.00000000e+00 1.40296727e-03]]]","[[0. 0. 0. ... 0. 0. 0.]
 [0. 0. 0. ... 0. 0. 0.]
 [0. 0. 0. ... 0. 0. 0.]
 ...
 [0. 0. 0. ... 0. 0. 0.]
 [0. 0. 0. ... 0. 0. 0.]
 [0. 0. 0. ... 0. 0. 0.]]","[[0. 0. 0. ... 0. 0. 0.]
 [0. 0. 0. ... 0. 0. 0.]
 [0. 0. 0. ... 0. 0. 0.]
 ...
 [0. 0. 0. ... 0. 0. 0.]
 [0. 0. 0. ... 0. 0. 0.]
 [0. 0. 0. ... 0. 0. 0.]]",0.2742600971512838,0.13896363363051717
422,3,20.0,25.0,0.0,1e-05,0.03,0.8000000000000003,2.297201499056059,0.810583269760191,0.8292040007842197,"[[[0.9996631 1.0004994 1.0002134 ... 0.9997369 0.9997159 0.9999908]
  [0.9997823 1.000165  0.9994491 ... 1.0001521 1.000146  1.000319 ]
  [1.0000805 0.9999349 0.9998542 ... 0.9998854 0.9999197 1.0001111]
  ...
  [0.9998428 0.9999212 1.0005176 ... 1.0002515 1.0001656 1.0001668]
  [0.9998564 1.0004278 1.000105  ... 1.0004591 0.9993186 1.0001082]
  [1.0001235 0.9997879 0.9999162 ... 0.9999461 1.0000453 1.0004259]]

 [[0.9996266 1.0005374 1.0001256 ... 1.0000607 0.9997864 0.9997066]
  [1.0000114 0.9998779 0.9997411 ... 1.0001518 1.0003353 1.0003188]
  [1.000101  0.9998182 0.9993895 ... 1.0002918 1.000142  0.9999938]
  ...
  [0.9990146 0.9999202 1.0005176 ... 0.9998116 0.9997498 1.0000064]
  [0.9998568 1.0004282 1.0003486 ... 1.0004593 1.0001662 0.999752 ]
  [1.0001236 0.9997881 0.9994705 ... 0.9997531 1.0003321 1.0002582]]]","[[[5.80901868e-04 0.00000000e+00 0.00000000e+00 ... 0.00000000e+00
   2.10358217e-04 7.97302544e-04]
  [0.00000000e+00 5.56936530e-04 0.00000000e+00 ... 0.00000000e+00
   0.00000000e+00 0.00000000e+00]
  [0.00000000e+00 4.14769931e-04 1.49029676e-03 ... 0.00000000e+00
   0.00000000e+00 1.65326800e-04]
  ...
  [2.51034108e-03 1.15068497e-04 0.00000000e+00 ... 8.55459025e-04
   9.11368699e-04 2.04734744e-04]
  [2.03437134e-04 0.00000000e+00 0.00000000e+00 ... 0.00000000e+00
   0.00000000e+00 8.28785988e-04]
  [0.00000000e+00 3.01693866e-04 1.34956995e-03 ... 6.09349953e-04
   0.00000000e+00 0.00000000e+00]]

 [[0.00000000e+00 1.37458272e-03 1.01687360e-04 ... 8.82063089e-04
   0.00000000e+00 0.00000000e+00]
  [5.48708300e-04 0.00000000e+00 4.36405468e-05 ... 3.63018053e-04
   1.23440678e-03 7.63631664e-04]
  [2.88733559e-04 0.00000000e+00 0.00000000e+00 ... 1.62407540e-03
   8.45992314e-04 0.00000000e+00]
  ...
  [0.00000000e+00 0.00000000e+00 1.24068739e-03 ... 0.00000000e+00
   0.00000000e+00 0.00000000e+00]
  [0.00000000e+00 1.02723957e-03 1.38945284e-03 ... 1.10155023e-03
   2.32694720e-03 0.00000000e+00]
  [2.96650983e-04 0.00000000e+00 0.00000000e+00 ... 0.00000000e+00
   1.44847852e-03 2.37598205e-04]]]","[[0. 0. 0. ... 0. 0. 0.]
 [0. 0. 0. ... 0. 0. 0.]
 [0. 0. 0. ... 0. 0. 0.]
 ...
 [0. 0. 0. ... 0. 0. 0.]
 [0. 0. 0. ... 0. 0. 0.]
 [0. 0. 0. ... 0. 0. 0.]]","[[0. 0. 0. ... 0. 0. 0.]
 [0. 0. 0. ... 0. 0. 0.]
 [0. 0. 0. ... 0. 0. 0.]
 ...
 [0. 0. 0. ... 0. 0. 0.]
 [0. 0. 0. ... 0. 0. 0.]
 [0. 0. 0. ... 0. 0. 0.]]",0.3688251138019525,0.2288285974036412
422,3,20.0,25.0,0.05,1e-05,0.01,0.8000000000000003,2.309901203824012,0.810583269760191,0.7918595970540043,"[[[0.9996631 1.0004994 1.0002131 ... 0.9997366 0.9997367 0.9999903]
  [0.9997823 1.000165  0.9994487 ... 1.0001515 1.0001452 1.0003184]
  [1.0000803 0.9999347 0.9993893 ... 0.9998846 0.9999189 1.0001103]
  ...
  [0.9998427 0.9999211 1.0005172 ... 1.000251  1.0001653 1.0001664]
  [0.9998565 1.0004278 1.0001049 ... 1.000459  0.9997161 0.9992362]
  [1.0001233 0.999788  0.9999159 ... 0.9999458 1.000045  1.0004255]]

 [[0.9996266 1.0005373 1.0001258 ... 1.0000607 0.9997865 0.9997067]
  [1.0000113 0.9998779 0.9997411 ... 1.0001518 1.0003353 1.0003192]
  [1.000101  0.9998183 0.9993896 ... 1.0009696 1.0001419 0.9999939]
  ...
  [0.9998427 0.9999199 1.0005176 ... 0.9998115 0.9997495 1.0000066]
  [0.9998565 1.000428  1.0003483 ... 1.0004593 1.0001659 0.9997518]
  [1.0001231 0.9997878 0.9994702 ... 0.9997527 1.0003318 1.0002577]]]","[[[0.00000000e+00 2.37383955e-05 0.00000000e+00 ... 2.17313606e-05
   0.00000000e+00 0.00000000e+00]
  [4.76135518e-06 0.00000000e+00 0.00000000e+00 ... 0.00000000e+00
   1.29947807e-05 0.00000000e+00]
  [0.00000000e+00 0.00000000e+00 0.00000000e+00 ... 1.55430353e-04
   1.29020115e-06 0.00000000e+00]
  ...
  [0.00000000e+00 0.00000000e+00 2.34548075e-05 ... 0.00000000e+00
   0.00000000e+00 0.00000000e+00]
  [0.00000000e+00 1.63081695e-05 3.95208039e-05 ... 1.84693219e-05
   4.86921469e-05 3.08541375e-05]
  [0.00000000e+00 0.00000000e+00 0.00000000e+00 ... 0.00000000e+00
   3.53233506e-05 0.00000000e+00]]

 [[5.92367575e-05 0.00000000e+00 2.20175520e-05 ... 0.00000000e+00
   4.53534187e-05 8.77539917e-05]
  [7.25118454e-06 7.83766969e-05 1.14507500e-05 ... 3.73504625e-05
   2.14992091e-06 2.11469535e-05]
  [3.72027053e-05 6.42023138e-05 8.25458067e-05 ... 0.00000000e+00
   1.67958933e-05 6.58278666e-05]
  ...
  [2.09512494e-05 1.85328575e-05 0.00000000e+00 ... 7.85801100e-05
   7.73688606e-05 2.92140343e-05]
  [2.87774758e-05 0.00000000e+00 0.00000000e+00 ... 0.00000000e+00
   0.00000000e+00 0.00000000e+00]
  [1.40346051e-05 3.50292955e-05 1.06461168e-04 ... 6.67874779e-05
   0.00000000e+00 3.11958170e-05]]]","[[0. 0. 0. ... 0. 0. 0.]
 [0. 0. 0. ... 0. 0. 0.]
 [0. 0. 0. ... 0. 0. 0.]
 ...
 [0. 0. 0. ... 0. 0. 0.]
 [0. 0. 0. ... 0. 0. 0.]
 [0. 0. 0. ... 0. 0. 0.]]","[[0. 0. 0. ... 0. 0. 0.]
 [0. 0. 0. ... 0. 0. 0.]
 [0. 0. 0. ... 0. 0. 0.]
 ...
 [0. 0. 0. ... 0. 0. 0.]
 [0. 0. 0. ... 0. 0. 0.]
 [0. 0. 0. ... 0. 0. 0.]]",0.5300741515448609,0.2534384097515548
422,3,20.0,25.0,0.05,1e-05,0.02,0.8000000000000003,7.424701738332939,0.810583269760191,0.8707666598807119,"[[[0.9996266 1.0005374 1.0001262 ... 1.0000608 0.9997868 0.9997067]
  [1.0000112 0.9998776 0.9997411 ... 1.000152  1.0003357 1.0003194]
  [1.0001011 0.999818  0.9998542 ... 1.0009696 1.0001421 0.9999942]
  ...
  [0.9990144 0.9999199 1.0005177 ... 0.9998118 0.9997501 1.0000069]
  [0.9998567 1.0004278 1.0003484 ... 0.9996344 1.0001659 0.999752 ]
  [1.000124  0.9997881 0.9994705 ... 0.9997532 1.0003324 1.0002583]]

 [[0.9996266 1.0005369 1.0001256 ... 1.0000603 0.9997862 0.9997064]
  [1.0000113 0.9998773 0.9997408 ... 1.0001515 1.0003355 1.0003189]
  [1.000101  0.9998178 0.9993894 ... 1.0009692 1.0001419 0.9999939]
  ...
  [0.999843  0.9999196 1.0005172 ... 0.9998113 0.9997496 1.0000066]
  [0.9998566 1.0004276 1.0003483 ... 0.9996342 1.0001657 0.9997518]
  [1.0001236 0.9997878 0.9994703 ... 0.9997526 1.0003318 1.0002582]]]","[[[0.00000000e+00 8.04509317e-06 0.00000000e+00 ... 0.00000000e+00
   0.00000000e+00 0.00000000e+00]
  [0.00000000e+00 0.00000000e+00 0.00000000e+00 ... 0.00000000e+00
   0.00000000e+00 0.00000000e+00]
  [0.00000000e+00 0.00000000e+00 0.00000000e+00 ... 1.17650080e-05
   0.00000000e+00 0.00000000e+00]
  ...
  [6.35573196e-05 0.00000000e+00 7.83220939e-06 ... 0.00000000e+00
   0.00000000e+00 0.00000000e+00]
  [0.00000000e+00 1.52811188e-06 0.00000000e+00 ... 0.00000000e+00
   0.00000000e+00 0.00000000e+00]
  [0.00000000e+00 0.00000000e+00 0.00000000e+00 ... 0.00000000e+00
   0.00000000e+00 0.00000000e+00]]

 [[7.10681745e-05 6.00354236e-06 3.31917678e-05 ... 4.08800746e-05
   6.32870796e-05 6.71126251e-05]
  [5.00631571e-05 5.23277861e-05 5.63136784e-05 ... 5.49008223e-05
   4.04729473e-05 3.57253501e-05]
  [5.18649861e-05 5.59184884e-05 1.35637845e-04 ... 1.44194424e-05
   6.43768655e-05 6.88296775e-05]
  ...
  [0.00000000e+00 4.63764826e-05 5.42433146e-06 ... 2.63340214e-05
   3.62211789e-05 2.90125052e-05]
  [5.00723513e-05 1.28291499e-05 2.06453374e-05 ... 4.62859342e-05
   1.54870249e-05 5.11734667e-05]
  [3.21594572e-05 5.76578672e-05 7.86055444e-05 ... 4.82453292e-05
   1.44737542e-05 2.20698216e-05]]]","[[0. 0. 0. ... 0. 0. 0.]
 [0. 0. 0. ... 0. 0. 0.]
 [0. 0. 0. ... 0. 0. 0.]
 ...
 [0. 0. 0. ... 0. 0. 0.]
 [0. 0. 0. ... 0. 0. 0.]
 [0. 0. 0. ... 0. 0. 0.]]","[[0. 0. 0. ... 0. 0. 0.]
 [0. 0. 0. ... 0. 0. 0.]
 [0. 0. 0. ... 0. 0. 0.]
 ...
 [0. 0. 0. ... 0. 0. 0.]
 [0. 0. 0. ... 0. 0. 0.]
 [0. 0. 0. ... 0. 0. 0.]]",0.5347386802481371,0.3271175859794971
422,3,20.0,25.0,0.05,1e-05,0.03,0.8000000000000003,14.964296952896602,0.810583269760191,0.9318813572976049,"[[[0.9996631 1.0004995 1.0002133 ... 0.9997368 0.999737  0.9999907]
  [0.9997822 1.000165  0.9994491 ... 1.000152  1.0001456 1.0003189]
  [1.0000805 0.999935  0.9993896 ... 1.000292  0.9999194 1.0001113]
  ...
  [0.9998428 0.9999212 1.0005175 ... 1.0002513 1.0001653 1.0001667]
  [0.9998565 1.000428  1.000105  ... 1.000459  0.999716  0.9982738]
  [1.0001235 0.9997879 0.9999161 ... 0.9999458 1.0000451 1.0004258]]

 [[0.9996266 1.0005372 1.0001253 ... 1.0000604 0.9997862 0.9997067]
  [1.0000114 0.9998777 0.9997407 ... 1.0001516 1.0003351 1.000319 ]
  [1.000101  0.9998181 0.9993893 ... 1.0002916 1.0001417 0.9999938]
  ...
  [0.9990146 0.99992   1.0005174 ... 0.9998115 0.9997496 1.0000064]
  [0.9998567 1.0004282 1.0003484 ... 0.9996344 1.0001657 0.9997518]
  [1.0001236 0.999788  0.9994703 ... 0.9997528 1.0003318 1.0002578]]]","[[[0.00000000e+00 4.03295496e-05 3.77408455e-06 ... 3.36352472e-05
   0.00000000e+00 0.00000000e+00]
  [1.97524469e-05 0.00000000e+00 1.71044620e-05 ... 0.00000000e+00
   2.61674396e-05 7.76434597e-06]
  [0.00000000e+00 0.00000000e+00 0.00000000e+00 ... 0.00000000e+00
   1.59749424e-05 0.00000000e+00]
  ...
  [0.00000000e+00 9.11159147e-06 4.13260877e-05 ... 0.00000000e+00
   0.00000000e+00 0.00000000e+00]
  [0.00000000e+00 3.54697912e-05 5.74295553e-05 ... 0.00000000e+00
   6.62768760e-05 1.56148755e-04]
  [9.88600960e-06 0.00000000e+00 0.00000000e+00 ... 0.00000000e+00
   5.11233733e-05 0.00000000e+00]]

 [[3.33919213e-05 0.00000000e+00 0.00000000e+00 ... 0.00000000e+00
   2.22406297e-05 6.35407445e-05]
  [0.00000000e+00 5.07841180e-05 0.00000000e+00 ... 1.73354608e-05
   0.00000000e+00 0.00000000e+00]
  [1.28602428e-05 3.67183918e-05 4.84955955e-05 ... 1.86430455e-05
   0.00000000e+00 4.58585793e-05]
  ...
  [1.48092815e-04 0.00000000e+00 0.00000000e+00 ... 4.93947702e-05
   5.21249524e-05 2.97795635e-07]
  [0.00000000e+00 0.00000000e+00 0.00000000e+00 ... 1.14197877e-04
   0.00000000e+00 0.00000000e+00]
  [0.00000000e+00 6.52947518e-06 7.74195582e-05 ... 3.63409184e-05
   0.00000000e+00 8.51363478e-06]]]","[[0. 0. 0. ... 0. 0. 0.]
 [0. 0. 0. ... 0. 0. 0.]
 [0. 0. 0. ... 0. 0. 0.]
 ...
 [0. 0. 0. ... 0. 0. 0.]
 [0. 0. 0. ... 0. 0. 0.]
 [0. 0. 0. ... 0. 0. 0.]]","[[0. 0. 0. ... 0. 0. 0.]
 [0. 0. 0. ... 0. 0. 0.]
 [0. 0. 0. ... 0. 0. 0.]
 ...
 [0. 0. 0. ... 0. 0. 0.]
 [0. 0. 0. ... 0. 0. 0.]
 [0. 0. 0. ... 0. 0. 0.]]",0.5109845363701964,0.47915251476133197
422,3,20.0,25.0,0.0,1e-05,0.01,0.2,42.88292426801591,0.21382765597532258,0.30552320775129377,"[[[0.9996631 1.0004992 1.000213  ... 0.9997368 0.9997368 0.9999905]
  [0.9997821 1.000557  0.9994485 ... 1.0001518 1.0001452 1.0003182]
  [1.0000802 0.9999345 0.9993889 ... 0.9998846 0.9999187 1.0001103]
  ...
  [0.9998425 0.9999208 1.000517  ... 1.000251  1.0001649 1.0001662]
  [0.9998562 1.0004276 1.0001045 ... 1.0004588 0.9997157 0.9992362]
  [1.0001233 0.9997876 0.9999156 ... 0.9999456 1.0000448 1.0004258]]

 [[0.9996266 1.0005369 1.0001255 ... 1.0000607 0.9997862 0.9997065]
  [1.0000112 0.9998774 0.9997408 ... 1.0001518 1.0003351 1.0003188]
  [1.0001009 0.9998178 0.9993891 ... 1.0002918 1.0001417 0.9999936]
  ...
  [0.9998428 0.9999196 1.0005172 ... 0.9998115 0.9997493 1.0000061]
  [0.9998565 1.0004277 1.0003482 ... 0.9996344 1.0001653 0.9997515]
  [1.0001235 0.9997875 0.99947   ... 0.9997526 1.0003315 1.0002576]]]","[[[5.80912856e-04 0.00000000e+00 0.00000000e+00 ... 0.00000000e+00
   2.38707731e-04 7.97245589e-04]
  [0.00000000e+00 1.08123681e-03 0.00000000e+00 ... 0.00000000e+00
   0.00000000e+00 0.00000000e+00]
  [0.00000000e+00 4.15377924e-04 8.70325942e-04 ... 0.00000000e+00
   0.00000000e+00 1.64724944e-04]
  ...
  [2.23566593e-04 1.16161223e-04 0.00000000e+00 ... 8.55165271e-04
   9.11749924e-04 2.04946102e-04]
  [2.04114942e-04 0.00000000e+00 0.00000000e+00 ... 1.62103827e-03
   0.00000000e+00 0.00000000e+00]
  [0.00000000e+00 3.02944605e-04 1.35009237e-03 ... 6.10124544e-04
   0.00000000e+00 0.00000000e+00]]

 [[0.00000000e+00 1.37261113e-03 1.01931375e-04 ... 8.82316760e-04
   0.00000000e+00 0.00000000e+00]
  [5.48107621e-04 0.00000000e+00 4.35883800e-05 ... 3.63808224e-04
   1.23516324e-03 7.65501011e-04]
  [2.88690167e-04 0.00000000e+00 0.00000000e+00 ... 1.62581251e-03
   8.47152673e-04 0.00000000e+00]
  ...
  [0.00000000e+00 0.00000000e+00 1.24037121e-03 ... 0.00000000e+00
   0.00000000e+00 0.00000000e+00]
  [0.00000000e+00 1.02555341e-03 1.38886933e-03 ... 0.00000000e+00
   1.41930941e-03 5.76871726e-04]
  [2.96624830e-04 0.00000000e+00 0.00000000e+00 ... 0.00000000e+00
   1.44676305e-03 2.35069459e-04]]]","[[0. 0. 0. ... 0. 0. 0.]
 [0. 0. 0. ... 0. 0. 0.]
 [0. 0. 0. ... 0. 0. 0.]
 ...
 [0. 0. 0. ... 0. 0. 0.]
 [0. 0. 0. ... 0. 0. 0.]
 [0. 0. 0. ... 0. 0. 0.]]","[[0. 0. 0. ... 0. 0. 0.]
 [0. 0. 0. ... 0. 0. 0.]
 [0. 0. 0. ... 0. 0. 0.]
 ...
 [0. 0. 0. ... 0. 0. 0.]
 [0. 0. 0. ... 0. 0. 0.]
 [0. 0. 0. ... 0. 0. 0.]]",0.12328324583207659,0.04036285294468947
422,3,20.0,25.0,0.0,1e-05,0.02,0.2,49.65997821333918,0.21382765597532258,0.3200144233467616,"[[[1.0009124 1.0000355 1.0000834 ... 0.9997641 0.9997156 0.999708 ]
  [1.000083  1.0001647 1.0003704 ... 1.000385  1.0002817 0.9998949]
  [1.0001274 1.0001369 0.9998537 ... 1.0002917 1.0001963 1.0001577]
  ...
  [1.000564  1.0003282 1.0000207 ... 0.9994283 1.0003781 0.9998974]
  [0.9999943 1.0005205 0.9997608 ... 1.0001034 0.9997158 0.9992364]
  [0.9999467 0.9993099 0.9999157 ... 0.9999456 0.9999535 0.9997251]]

 [[0.9996631 1.0004996 1.0002134 ... 0.999737  0.9997158 0.999991 ]
  [0.9997822 1.000165  0.9994489 ... 1.000152  1.0001456 1.0003189]
  [1.0000803 0.9999349 0.9993894 ... 0.999885  0.9999192 1.0001109]
  ...
  [0.9998429 0.9999214 1.0005174 ... 1.0002515 1.0001655 1.0001668]
  [0.9998566 1.0004282 1.000105  ... 1.0004593 0.9993186 0.9992366]
  [1.0001234 0.999788  0.9999159 ... 0.999946  1.0000451 1.000426 ]]]","[[[2.14654718e-03 0.00000000e+00 0.00000000e+00 ... 4.10838935e-04
   4.04726954e-04 0.00000000e+00]
  [7.11676076e-04 0.00000000e+00 2.01506476e-03 ... 9.43364013e-05
   0.00000000e+00 0.00000000e+00]
  [0.00000000e+00 3.62169176e-04 1.48990774e-03 ... 7.06404429e-04
   4.84945900e-04 0.00000000e+00]
  ...
  [1.18582784e-03 6.54731463e-04 0.00000000e+00 ... 0.00000000e+00
   4.79507034e-05 0.00000000e+00]
  [3.88060799e-04 0.00000000e+00 0.00000000e+00 ... 0.00000000e+00
   1.50140926e-03 1.08785892e-03]
  [0.00000000e+00 0.00000000e+00 1.19582353e-04 ... 7.63802830e-05
   0.00000000e+00 0.00000000e+00]]

 [[0.00000000e+00 2.25296386e-03 8.07103375e-04 ... 0.00000000e+00
   0.00000000e+00 6.22286513e-04]
  [0.00000000e+00 3.96092732e-04 0.00000000e+00 ... 0.00000000e+00
   3.93557338e-05 1.72876674e-03]
  [8.55448637e-05 0.00000000e+00 0.00000000e+00 ... 0.00000000e+00
   0.00000000e+00 1.59250654e-04]
  ...
  [0.00000000e+00 0.00000000e+00 2.36955464e-03 ... 2.47603624e-03
   0.00000000e+00 1.01254119e-03]
  [0.00000000e+00 8.16662092e-04 1.03487777e-03 ... 1.91050598e-03
   0.00000000e+00 0.00000000e+00]
  [6.97673677e-04 5.79662412e-04 0.00000000e+00 ... 0.00000000e+00
   3.16305569e-04 2.61567416e-03]]]","[[0. 0. 0. ... 0. 0. 0.]
 [0. 0. 0. ... 0. 0. 0.]
 [0. 0. 0. ... 0. 0. 0.]
 ...
 [0. 0. 0. ... 0. 0. 0.]
 [0. 0. 0. ... 0. 0. 0.]
 [0. 0. 0. ... 0. 0. 0.]]","[[0. 0. 0. ... 0. 0. 0.]
 [0. 0. 0. ... 0. 0. 0.]
 [0. 0. 0. ... 0. 0. 0.]
 ...
 [0. 0. 0. ... 0. 0. 0.]
 [0. 0. 0. ... 0. 0. 0.]
 [0. 0. 0. ... 0. 0. 0.]]",0.29723959243493736,0.1287222652643235
422,3,20.0,25.0,0.0,1e-05,0.03,0.2,57.62529792150546,0.21382765597532252,0.3370464797696739,"[[[0.9996266 1.0005373 1.0001256 ... 1.0000608 0.9997864 0.9997066]
  [1.0000111 0.9998776 0.9997408 ... 1.0001518 1.0003351 1.0003189]
  [1.0001007 0.999818  0.9993893 ... 1.0002918 1.0001417 0.9999938]
  ...
  [0.9998428 0.9999199 1.0005174 ... 0.9998117 0.9997496 1.0000064]
  [0.9998565 1.0004278 1.0003482 ... 1.0004591 1.0001655 0.9997517]
  [0.9991356 0.9997879 0.9994703 ... 0.9997529 1.0003318 1.0002578]]

 [[0.9996631 1.0004992 1.0002134 ... 0.9997371 0.999716  0.9999911]
  [0.9997823 1.0001647 0.999449  ... 1.0001521 1.0001457 1.0003192]
  [1.0000803 0.9999345 0.9993893 ... 0.999885  0.9999193 1.000111 ]
  ...
  [0.9998429 0.9999212 1.0005175 ... 1.0002514 1.0001655 1.0001669]
  [0.9998567 1.0004281 1.0001051 ... 1.0004593 0.9997163 0.9992368]
  [1.0001235 0.9997879 0.9999162 ... 0.9999461 1.0000453 1.0004262]]]","[[[4.31246821e-04 0.00000000e+00 0.00000000e+00 ... 8.06575246e-04
   4.98618591e-04 0.00000000e+00]
  [6.15395858e-04 0.00000000e+00 1.17466153e-03 ... 0.00000000e+00
   4.51073742e-05 0.00000000e+00]
  [0.00000000e+00 0.00000000e+00 8.70338737e-04 ... 7.06540700e-04
   4.11750143e-04 0.00000000e+00]
  ...
  [2.23751691e-04 1.10479379e-04 0.00000000e+00 ... 0.00000000e+00
   0.00000000e+00 0.00000000e+00]
  [2.03806248e-04 0.00000000e+00 1.74411793e-04 ... 0.00000000e+00
   1.00362304e-03 1.77505572e-03]
  [0.00000000e+00 3.02140974e-04 0.00000000e+00 ... 0.00000000e+00
   3.17567285e-04 0.00000000e+00]]

 [[0.00000000e+00 1.11031973e-03 7.11180748e-04 ... 0.00000000e+00
   0.00000000e+00 6.26036274e-04]
  [0.00000000e+00 1.04828341e-03 0.00000000e+00 ... 3.65555458e-04
   0.00000000e+00 7.66188093e-04]
  [1.46343575e-04 1.07985107e-04 0.00000000e+00 ... 0.00000000e+00
   0.00000000e+00 5.32705165e-04]
  ...
  [0.00000000e+00 0.00000000e+00 1.24075413e-03 ... 1.60298582e-03
   1.34278635e-03 7.65151618e-04]
  [0.00000000e+00 1.02676230e-03 0.00000000e+00 ... 1.10162228e-03
   0.00000000e+00 0.00000000e+00]
  [2.54421038e-03 0.00000000e+00 8.13773468e-04 ... 3.10522773e-04
   0.00000000e+00 1.40442028e-03]]]","[[0. 0. 0. ... 0. 0. 0.]
 [0. 0. 0. ... 0. 0. 0.]
 [0. 0. 0. ... 0. 0. 0.]
 ...
 [0. 0. 0. ... 0. 0. 0.]
 [0. 0. 0. ... 0. 0. 0.]
 [0. 0. 0. ... 0. 0. 0.]]","[[0. 0. 0. ... 0. 0. 0.]
 [0. 0. 0. ... 0. 0. 0.]
 [0. 0. 0. ... 0. 0. 0.]
 ...
 [0. 0. 0. ... 0. 0. 0.]
 [0. 0. 0. ... 0. 0. 0.]
 [0. 0. 0. ... 0. 0. 0.]]",0.4019715095468569,0.22570856458420285
422,3,20.0,25.0,0.05,1e-05,0.01,0.2,60.990008484259214,0.21382765597532258,0.3442411614963644,"[[[0.9996266 1.0005373 1.0001258 ... 1.000061  0.9997866 0.9997067]
  [1.0000112 0.9998778 0.9997409 ... 1.0001518 1.0003353 1.0003188]
  [1.0001006 0.9998182 0.9993895 ... 1.0002918 1.0001419 0.9999937]
  ...
  [0.9998427 0.9999201 1.0005174 ... 0.9998117 0.9997496 1.0000064]
  [0.9998564 1.0004281 1.0003483 ... 0.9996344 1.0001657 0.9997515]
  [0.9991356 0.9997881 0.9994704 ... 0.9997529 1.0003319 1.0002578]]

 [[0.9996631 1.000499  1.0002129 ... 0.9997366 0.999737  0.9999913]
  [0.9997822 1.0001644 0.9994485 ... 1.0001515 1.0001454 1.0003189]
  [1.0000805 0.9999343 0.9993889 ... 0.9998846 0.9999189 1.0001107]
  ...
  [0.9998429 0.9999208 1.000517  ... 1.000251  1.0001651 1.0001665]
  [0.9998567 1.0004276 1.0001045 ... 1.0004588 0.9993182 0.9992364]
  [1.0001236 0.9997876 0.9999157 ... 1.000525  1.000045  1.0004262]]]","[[[0.00000000e+00 0.00000000e+00 0.00000000e+00 ... 0.00000000e+00
   0.00000000e+00 0.00000000e+00]
  [0.00000000e+00 0.00000000e+00 0.00000000e+00 ... 0.00000000e+00
   0.00000000e+00 0.00000000e+00]
  [0.00000000e+00 0.00000000e+00 0.00000000e+00 ... 0.00000000e+00
   0.00000000e+00 0.00000000e+00]
  ...
  [0.00000000e+00 0.00000000e+00 0.00000000e+00 ... 9.80245218e-06
   0.00000000e+00 0.00000000e+00]
  [0.00000000e+00 0.00000000e+00 0.00000000e+00 ... 6.91305031e-05
   0.00000000e+00 0.00000000e+00]
  [5.70812370e-05 0.00000000e+00 0.00000000e+00 ... 7.21849141e-05
   0.00000000e+00 0.00000000e+00]]

 [[1.18433875e-04 7.39645609e-05 8.11186676e-05 ... 1.24514509e-04
   1.00376821e-04 5.39674626e-05]
  [1.34431572e-04 4.29729209e-05 1.62102243e-04 ... 4.20153627e-05
   8.30846224e-05 6.05296639e-05]
  [8.67239965e-05 7.86364292e-05 1.20016520e-04 ... 1.08968406e-04
   1.05816155e-04 6.22821253e-05]
  ...
  [1.25074438e-04 1.28916819e-04 9.34115363e-05 ... 2.04755292e-05
   3.42732812e-05 7.24696671e-05]
  [1.17713656e-04 8.73720940e-05 1.49626585e-04 ... 0.00000000e+00
   2.43005540e-04 2.08818881e-04]
  [0.00000000e+00 1.29983102e-04 6.91133353e-05 ... 0.00000000e+00
   1.14874946e-04 4.10750492e-05]]]","[[0. 0. 0. ... 0. 0. 0.]
 [0. 0. 0. ... 0. 0. 0.]
 [0. 0. 0. ... 0. 0. 0.]
 ...
 [0. 0. 0. ... 0. 0. 0.]
 [0. 0. 0. ... 0. 0. 0.]
 [0. 0. 0. ... 0. 0. 0.]]","[[0. 0. 0. ... 0. 0. 0.]
 [0. 0. 0. ... 0. 0. 0.]
 [0. 0. 0. ... 0. 0. 0.]
 ...
 [0. 0. 0. ... 0. 0. 0.]
 [0. 0. 0. ... 0. 0. 0.]
 [0. 0. 0. ... 0. 0. 0.]]",0.5732192335681904,0.2521044814489764
422,3,20.0,25.0,0.05,1e-05,0.02,0.2,83.19167931542589,0.21382765597532258,0.391714473822005,"[[[0.9996631 1.0004992 1.0002131 ... 0.9997369 0.9997159 0.999991 ]
  [0.9997823 1.0005574 0.9994488 ... 1.000152  1.0001456 1.0003189]
  [1.0000803 0.9999347 0.9993893 ... 1.0002918 0.9999192 1.0001107]
  ...
  [0.999843  0.9999211 1.0005172 ... 1.0002514 1.0001656 1.0001667]
  [0.9998566 1.000428  1.0001049 ... 1.0004591 0.9997161 1.000108 ]
  [1.0001231 0.9997875 0.9999156 ... 0.9999456 1.000045  1.0004255]]

 [[0.9996631 1.0004995 1.000213  ... 0.999737  0.9997156 0.9999907]
  [0.9997822 1.000165  0.9994487 ... 1.000152  1.0001454 1.0003189]
  [1.0000803 0.9999348 0.9993893 ... 0.999885  0.9999191 1.000111 ]
  ...
  [0.9998428 0.9999212 1.0005171 ... 1.0002515 1.0001653 1.0001668]
  [0.9998566 1.000428  1.0001049 ... 1.0004594 0.9993186 0.9982738]
  [1.0001235 0.9997879 0.9999159 ... 0.9999464 1.0000451 1.000426 ]]]","[[[0.00000000e+00 1.23112827e-05 0.00000000e+00 ... 0.00000000e+00
   0.00000000e+00 0.00000000e+00]
  [0.00000000e+00 0.00000000e+00 0.00000000e+00 ... 9.97722211e-07
   0.00000000e+00 3.49595068e-06]
  [0.00000000e+00 0.00000000e+00 0.00000000e+00 ... 0.00000000e+00
   0.00000000e+00 0.00000000e+00]
  ...
  [0.00000000e+00 0.00000000e+00 1.64499695e-06 ... 3.99971904e-06
   3.32931173e-06 6.82687111e-06]
  [0.00000000e+00 6.03922066e-06 0.00000000e+00 ... 2.10844245e-05
   0.00000000e+00 0.00000000e+00]
  [0.00000000e+00 0.00000000e+00 0.00000000e+00 ... 0.00000000e+00
   1.94983254e-06 2.82793531e-05]]

 [[4.79279379e-05 0.00000000e+00 2.71082788e-05 ... 2.88066369e-05
   3.33153651e-05 1.96030539e-05]
  [4.60632646e-05 7.14180425e-05 7.34264810e-05 ... 4.06604968e-06
   1.22450439e-05 5.79683712e-06]
  [3.65448048e-05 4.37876118e-05 7.98131024e-05 ... 8.04835030e-05
   3.73621120e-05 3.33193215e-05]
  ...
  [3.48161330e-05 4.52488606e-05 1.56334911e-05 ... 2.37410025e-06
   6.10163544e-07 0.00000000e+00]
  [1.87206875e-05 5.16728315e-06 4.16912880e-05 ... 0.00000000e+00
   9.27355858e-05 3.44781899e-04]
  [8.18140834e-06 4.81498064e-05 5.12203475e-05 ... 1.40414927e-05
   0.00000000e+00 0.00000000e+00]]]","[[0. 0. 0. ... 0. 0. 0.]
 [0. 0. 0. ... 0. 0. 0.]
 [0. 0. 0. ... 0. 0. 0.]
 ...
 [0. 0. 0. ... 0. 0. 0.]
 [0. 0. 0. ... 0. 0. 0.]
 [0. 0. 0. ... 0. 0. 0.]]","[[0. 0. 0. ... 0. 0. 0.]
 [0. 0. 0. ... 0. 0. 0.]
 [0. 0. 0. ... 0. 0. 0.]
 ...
 [0. 0. 0. ... 0. 0. 0.]
 [0. 0. 0. ... 0. 0. 0.]
 [0. 0. 0. ... 0. 0. 0.]]",0.5742078156019768,0.2924901119847781
422,3,20.0,25.0,0.05,1e-05,0.03,0.2,103.17816476184542,0.21382765597532252,0.4344511071639328,"[[[0.9996266 1.0005375 1.0001262 ... 1.0000612 0.9997866 0.9997067]
  [1.0000111 0.9998777 0.9997411 ... 1.0001518 1.0003352 1.0003186]
  [1.0001007 0.9998181 0.9998542 ... 1.0002918 1.0001421 0.9999939]
  ...
  [0.9990144 0.9999202 1.000518  ... 0.9998116 0.9997498 1.0000064]
  [0.9998566 1.0004282 1.0003488 ... 1.0004591 1.0001659 0.9997518]
  [1.0001237 0.9997881 0.9994706 ... 0.9997529 1.0003319 1.0002576]]

 [[0.9996631 1.0004992 1.0002135 ... 0.999737  0.999716  0.9999907]
  [0.9997823 1.0001647 0.999449  ... 1.000152  1.0001457 1.000319 ]
  [1.0000803 0.9999346 0.9993893 ... 1.0002918 0.9999193 1.0001107]
  ...
  [0.999843  0.9999212 1.0005174 ... 1.0002512 1.0001653 1.0001667]
  [0.9998568 1.000428  1.0001051 ... 1.0004591 0.9997163 0.9982738]
  [1.0001239 0.9997878 0.999916  ... 1.000525  1.0000452 1.0004258]]]","[[[0.00000000e+00 1.31368167e-07 0.00000000e+00 ... 0.00000000e+00
   0.00000000e+00 1.17324342e-05]
  [0.00000000e+00 2.37520293e-05 0.00000000e+00 ... 0.00000000e+00
   0.00000000e+00 1.51765136e-06]
  [0.00000000e+00 0.00000000e+00 0.00000000e+00 ... 6.48690500e-06
   0.00000000e+00 0.00000000e+00]
  ...
  [4.77973212e-05 0.00000000e+00 0.00000000e+00 ... 4.24267677e-05
   3.10477948e-05 8.04118047e-07]
  [0.00000000e+00 0.00000000e+00 0.00000000e+00 ... 5.66635651e-06
   0.00000000e+00 0.00000000e+00]
  [0.00000000e+00 0.00000000e+00 6.64056716e-06 ... 1.03472861e-04
   0.00000000e+00 3.25973715e-05]]

 [[5.69340102e-05 1.51491404e-05 2.56726720e-05 ... 7.96691345e-05
   5.40888328e-05 0.00000000e+00]
  [7.91884863e-05 0.00000000e+00 1.04208813e-04 ... 5.89847545e-06
   3.90321152e-05 9.21236604e-06]
  [3.23836780e-05 1.91893744e-05 1.18335181e-04 ... 0.00000000e+00
   6.60853482e-05 1.36213163e-05]
  ...
  [0.00000000e+00 7.81059027e-05 3.97832256e-05 ... 0.00000000e+00
   0.00000000e+00 1.53044220e-05]
  [5.17520363e-05 3.13035665e-05 9.48152020e-05 ... 6.37084754e-06
   1.03332115e-04 3.33487653e-04]
  [3.11639918e-05 6.81697607e-05 1.39174672e-05 ... 0.00000000e+00
   6.00802267e-05 0.00000000e+00]]]","[[0. 0. 0. ... 0. 0. 0.]
 [0. 0. 0. ... 0. 0. 0.]
 [0. 0. 0. ... 0. 0. 0.]
 ...
 [0. 0. 0. ... 0. 0. 0.]
 [0. 0. 0. ... 0. 0. 0.]
 [0. 0. 0. ... 0. 0. 0.]]","[[0. 0. 0. ... 0. 0. 0.]
 [0. 0. 0. ... 0. 0. 0.]
 [0. 0. 0. ... 0. 0. 0.]
 ...
 [0. 0. 0. ... 0. 0. 0.]
 [0. 0. 0. ... 0. 0. 0.]
 [0. 0. 0. ... 0. 0. 0.]]",0.5746160613193808,0.3385590408237377
422,3,20.0,25.0,0.0,1e-05,0.01,0.30000000000000004,18.073879627832657,0.3239760854423032,0.3825311331481094,"[[[0.9996266 1.0005372 1.0001254 ... 1.0000606 0.9997861 0.9997063]
  [1.0000113 0.9998776 0.9997408 ... 1.0001518 1.0003351 1.0003186]
  [1.0001009 0.9998181 0.9993893 ... 1.0002918 1.0001417 0.9999935]
  ...
  [0.999843  0.99992   1.0005175 ... 0.9998116 0.9997495 1.0000062]
  [0.9998566 1.0004281 1.0003482 ... 0.9996344 1.0001656 0.9997514]
  [1.0001235 0.999788  0.9994703 ... 0.9997529 1.0003318 1.0002577]]

 [[0.9996631 1.0004995 1.0002136 ... 0.9997375 0.9997161 0.9999911]
  [0.9997822 1.000165  0.9994491 ... 1.0001523 1.0001458 1.0003192]
  [1.0000803 0.9999349 0.9993896 ... 0.9998854 0.9999195 1.000111 ]
  ...
  [0.999843  0.9999214 1.0005177 ... 1.0002517 1.0001656 1.0001668]
  [0.9998568 1.0004282 1.0001053 ... 1.0004594 0.9997164 0.9992368]
  [1.0001237 0.9997882 0.9999165 ... 0.9999464 1.0000457 1.0004264]]]","[[[4.31308449e-04 0.00000000e+00 0.00000000e+00 ... 8.05164280e-04
   4.97951351e-04 0.00000000e+00]
  [6.16105044e-04 0.00000000e+00 1.17455588e-03 ... 0.00000000e+00
   4.48389940e-05 0.00000000e+00]
  [0.00000000e+00 0.00000000e+00 8.69578145e-04 ... 7.05605447e-04
   4.11312797e-04 0.00000000e+00]
  ...
  [2.23718039e-04 1.10203436e-04 0.00000000e+00 ... 0.00000000e+00
   0.00000000e+00 0.00000000e+00]
  [2.03694246e-04 0.00000000e+00 1.74144054e-04 ... 0.00000000e+00
   1.00351379e-03 1.77471698e-03]
  [0.00000000e+00 3.01458460e-04 0.00000000e+00 ... 0.00000000e+00
   3.16640280e-04 0.00000000e+00]]

 [[0.00000000e+00 1.11160074e-03 7.12734668e-04 ... 0.00000000e+00
   0.00000000e+00 6.26611601e-04]
  [0.00000000e+00 1.04929568e-03 0.00000000e+00 ... 3.66575185e-04
   0.00000000e+00 7.66621505e-04]
  [1.45968749e-04 1.09694895e-04 0.00000000e+00 ... 0.00000000e+00
   0.00000000e+00 5.33280190e-04]
  ...
  [0.00000000e+00 0.00000000e+00 1.24149543e-03 ... 1.60426172e-03
   1.34351176e-03 7.65038878e-04]
  [0.00000000e+00 1.02667927e-03 0.00000000e+00 ... 2.97795692e-03
   0.00000000e+00 0.00000000e+00]
  [2.97180048e-04 0.00000000e+00 8.15062728e-04 ... 3.11811705e-04
   0.00000000e+00 1.40570503e-03]]]","[[0. 0. 0. ... 0. 0. 0.]
 [0. 0. 0. ... 0. 0. 0.]
 [0. 0. 0. ... 0. 0. 0.]
 ...
 [0. 0. 0. ... 0. 0. 0.]
 [0. 0. 0. ... 0. 0. 0.]
 [0. 0. 0. ... 0. 0. 0.]]","[[0. 0. 0. ... 0. 0. 0.]
 [0. 0. 0. ... 0. 0. 0.]
 [0. 0. 0. ... 0. 0. 0.]
 ...
 [0. 0. 0. ... 0. 0. 0.]
 [0. 0. 0. ... 0. 0. 0.]
 [0. 0. 0. ... 0. 0. 0.]]",0.12965663653054152,0.04287784045137344
422,3,20.0,25.0,0.0,1e-05,0.02,0.30000000000000004,28.227862780669085,0.3239760854423032,0.4154276102831398,"[[[0.9996631 1.0004995 1.0002136 ... 0.9997368 0.999716  0.999991 ]
  [0.9997821 1.0005574 0.999449  ... 1.0001518 1.0001456 1.0003189]
  [1.0000802 0.9999348 0.9993895 ... 0.9998846 0.9999193 1.0001109]
  ...
  [0.9998428 0.9999212 1.0005175 ... 1.0002513 1.0001655 1.0001668]
  [0.9998567 1.0004282 1.0001053 ... 1.0004592 0.9997164 0.999237 ]
  [1.0001235 0.999788  0.9999163 ... 0.999946  1.0000454 1.0004264]]

 [[0.9996266 1.0005372 1.0001253 ... 1.0000606 0.999786  0.9997061]
  [1.0000112 0.9998775 0.9997405 ... 1.0001518 1.0003349 1.0003183]
  [1.0001007 0.9998177 1.0009134 ... 1.0009694 1.0001414 0.9999932]
  ...
  [0.9998428 0.9999198 0.9998858 ... 0.9998113 0.9997492 1.0000058]
  [0.9998565 1.0004277 1.0003479 ... 0.9996344 1.0001653 0.9997512]
  [0.9991356 0.9997875 0.9994699 ... 0.9997528 1.0003315 1.0002576]]]","[[[5.80872770e-04 0.00000000e+00 0.00000000e+00 ... 0.00000000e+00
   2.11392184e-04 7.98991343e-04]
  [0.00000000e+00 1.08150332e-03 0.00000000e+00 ... 0.00000000e+00
   0.00000000e+00 0.00000000e+00]
  [0.00000000e+00 4.15896336e-04 0.00000000e+00 ... 0.00000000e+00
   0.00000000e+00 1.66627472e-04]
  ...
  [2.23911304e-04 1.16174327e-04 1.00537743e-03 ... 8.55922151e-04
   9.12818948e-04 2.06343936e-04]
  [2.04781695e-04 0.00000000e+00 0.00000000e+00 ... 1.62146559e-03
   0.00000000e+00 0.00000000e+00]
  [2.55067628e-03 3.03380816e-04 1.35133492e-03 ... 6.09974456e-04
   0.00000000e+00 0.00000000e+00]]

 [[0.00000000e+00 1.37324694e-03 9.95274775e-05 ... 8.81841868e-04
   0.00000000e+00 0.00000000e+00]
  [5.48178586e-04 0.00000000e+00 4.10444186e-05 ... 3.63886377e-04
   1.23331218e-03 7.61719999e-04]
  [2.88207369e-04 0.00000000e+00 5.65486928e-03 ... 4.78981812e-03
   8.44202222e-04 0.00000000e+00]
  ...
  [0.00000000e+00 0.00000000e+00 0.00000000e+00 ... 0.00000000e+00
   0.00000000e+00 0.00000000e+00]
  [0.00000000e+00 1.02427737e-03 1.38564869e-03 ... 0.00000000e+00
   1.41776768e-03 5.73799241e-04]
  [0.00000000e+00 0.00000000e+00 0.00000000e+00 ... 0.00000000e+00
   1.44548603e-03 2.33788273e-04]]]","[[0. 0. 0. ... 0. 0. 0.]
 [0. 0. 0. ... 0. 0. 0.]
 [0. 0. 0. ... 0. 0. 0.]
 ...
 [0. 0. 0. ... 0. 0. 0.]
 [0. 0. 0. ... 0. 0. 0.]
 [0. 0. 0. ... 0. 0. 0.]]","[[0. 0. 0. ... 0. 0. 0.]
 [0. 0. 0. ... 0. 0. 0.]
 [0. 0. 0. ... 0. 0. 0.]
 ...
 [0. 0. 0. ... 0. 0. 0.]
 [0. 0. 0. ... 0. 0. 0.]
 [0. 0. 0. ... 0. 0. 0.]]",0.28256183166225723,0.12762938729752493
422,3,20.0,25.0,0.0,1e-05,0.03,0.30000000000000004,34.75093590317555,0.3239760854423033,0.43656080723597535,"[[[1.0009124 1.0000356 1.0000834 ... 0.9997641 0.9997159 0.9997081]
  [1.0000831 1.0001647 1.0003705 ... 1.000385  1.0002817 0.9998949]
  [1.0001278 1.0001372 0.9998539 ... 1.000292  1.0001966 1.0001581]
  ...
  [1.0005641 1.0003284 1.000021  ... 0.9994285 1.0003784 0.9998975]
  [0.9999945 1.0005206 0.999761  ... 1.0001036 0.9997161 0.9992366]
  [0.999947  1.0001462 0.999916  ... 0.9999461 0.9999538 0.9997253]]

 [[0.9996631 1.0004992 1.0002131 ... 0.9997367 0.9997368 0.9999907]
  [0.999782  1.0005572 0.9994485 ... 1.0001515 1.0001452 1.0003186]
  [1.0000803 0.9999347 0.9993891 ... 0.9998846 0.9999189 1.0001107]
  ...
  [0.9998428 0.9999211 1.0005171 ... 1.0002512 1.0001652 1.0001667]
  [0.9998565 1.0004277 1.0001045 ... 1.000459  0.9993182 1.0001082]
  [1.0001231 0.9997875 0.9999155 ... 0.9999456 1.0000446 1.0004256]]]","[[[2.14661340e-03 0.00000000e+00 0.00000000e+00 ... 4.11724636e-04
   3.47282219e-04 0.00000000e+00]
  [7.12396799e-04 0.00000000e+00 2.01643773e-03 ... 9.57227949e-05
   0.00000000e+00 0.00000000e+00]
  [0.00000000e+00 3.63373620e-04 1.49111370e-03 ... 7.07950723e-04
   4.86161519e-04 0.00000000e+00]
  ...
  [1.18622523e-03 6.55946299e-04 0.00000000e+00 ... 0.00000000e+00
   4.89950080e-05 0.00000000e+00]
  [3.88767741e-04 0.00000000e+00 0.00000000e+00 ... 0.00000000e+00
   1.50302361e-03 0.00000000e+00]
  [0.00000000e+00 7.81390469e-04 1.21197350e-04 ... 7.83087844e-05
   0.00000000e+00 0.00000000e+00]]

 [[0.00000000e+00 2.25091326e-03 8.05885079e-04 ... 0.00000000e+00
   0.00000000e+00 6.20517042e-04]
  [0.00000000e+00 2.22781563e-03 0.00000000e+00 ... 0.00000000e+00
   3.75697177e-05 1.72754079e-03]
  [8.46115997e-05 0.00000000e+00 0.00000000e+00 ... 0.00000000e+00
   0.00000000e+00 1.57762288e-04]
  ...
  [0.00000000e+00 0.00000000e+00 2.36777189e-03 ... 2.47371241e-03
   0.00000000e+00 1.01172983e-03]
  [0.00000000e+00 8.14051700e-04 1.03212062e-03 ... 1.90818364e-03
   0.00000000e+00 2.24288294e-03]
  [6.95784347e-04 0.00000000e+00 0.00000000e+00 ... 0.00000000e+00
   3.13294191e-04 2.61294016e-03]]]","[[0. 0. 0. ... 0. 0. 0.]
 [0. 0. 0. ... 0. 0. 0.]
 [0. 0. 0. ... 0. 0. 0.]
 ...
 [0. 0. 0. ... 0. 0. 0.]
 [0. 0. 0. ... 0. 0. 0.]
 [0. 0. 0. ... 0. 0. 0.]]","[[0. 0. 0. ... 0. 0. 0.]
 [0. 0. 0. ... 0. 0. 0.]
 [0. 0. 0. ... 0. 0. 0.]
 ...
 [0. 0. 0. ... 0. 0. 0.]
 [0. 0. 0. ... 0. 0. 0.]
 [0. 0. 0. ... 0. 0. 0.]]",0.3860522088188307,0.22135562858373986
422,3,20.0,25.0,0.05,1e-05,0.01,0.30000000000000004,35.11522545245995,0.3239760854423032,0.4377410182574223,"[[[0.9996631 1.0004994 1.0002134 ... 0.9997372 0.999716  0.9999908]
  [0.9997821 1.0001647 0.9994491 ... 1.0001523 1.000146  1.0003188]
  [1.0000803 0.9999349 0.9993896 ... 0.9998852 0.9999195 1.0001109]
  ...
  [0.999843  0.9999214 1.0005176 ... 1.0002517 1.0001657 1.0001665]
  [0.9998567 1.0004282 1.0001051 ... 1.0004593 0.9997163 0.9992364]
  [1.0001237 0.9997881 0.9999161 ... 0.9999459 1.0000453 1.000426 ]]

 [[0.9996631 1.0004998 1.0002136 ... 0.9997374 0.9997163 0.9999915]
  [0.9997824 1.0005578 0.9994493 ... 1.0001523 1.0001462 1.0003194]
  [1.0000803 0.999935  0.9993896 ... 1.000292  0.9999197 1.0001113]
  ...
  [0.9998431 0.9999217 1.0005178 ... 1.0002515 1.000166  1.0001675]
  [0.9998567 1.0004283 1.0001055 ... 1.0004593 0.9997166 1.000109 ]
  [1.0001237 0.9997886 0.9999167 ... 0.9999461 1.0000454 1.0004262]]]","[[[0.00000000e+00 0.00000000e+00 0.00000000e+00 ... 0.00000000e+00
   0.00000000e+00 0.00000000e+00]
  [0.00000000e+00 3.11712045e-05 0.00000000e+00 ... 0.00000000e+00
   0.00000000e+00 0.00000000e+00]
  [0.00000000e+00 0.00000000e+00 0.00000000e+00 ... 2.43254199e-05
   0.00000000e+00 0.00000000e+00]
  ...
  [0.00000000e+00 0.00000000e+00 0.00000000e+00 ... 0.00000000e+00
   0.00000000e+00 0.00000000e+00]
  [0.00000000e+00 0.00000000e+00 0.00000000e+00 ... 0.00000000e+00
   0.00000000e+00 4.88897207e-05]
  [0.00000000e+00 0.00000000e+00 0.00000000e+00 ... 0.00000000e+00
   0.00000000e+00 0.00000000e+00]]

 [[1.09734367e-04 5.34512279e-05 6.97378528e-05 ... 8.48859042e-05
   9.63335481e-05 8.34083886e-05]
  [9.90512396e-05 0.00000000e+00 1.13325787e-04 ... 5.74105189e-05
   6.58050432e-05 5.80239727e-05]
  [7.45675991e-05 8.04298817e-05 1.08022757e-04 ... 0.00000000e+00
   8.28646839e-05 7.23015819e-05]
  ...
  [1.07781130e-04 1.00414162e-04 5.71712316e-05 ... 6.89125478e-05
   8.17955335e-05 8.79403823e-05]
  [1.07524130e-04 6.34763687e-05 8.67087891e-05 ... 5.02588459e-05
   1.12105859e-04 0.00000000e+00]
  [8.29171469e-05 1.05480955e-04 9.56020867e-05 ... 7.87490291e-05
   7.96583117e-05 6.25389895e-05]]]","[[0. 0. 0. ... 0. 0. 0.]
 [0. 0. 0. ... 0. 0. 0.]
 [0. 0. 0. ... 0. 0. 0.]
 ...
 [0. 0. 0. ... 0. 0. 0.]
 [0. 0. 0. ... 0. 0. 0.]
 [0. 0. 0. ... 0. 0. 0.]]","[[0. 0. 0. ... 0. 0. 0.]
 [0. 0. 0. ... 0. 0. 0.]
 [0. 0. 0. ... 0. 0. 0.]
 ...
 [0. 0. 0. ... 0. 0. 0.]
 [0. 0. 0. ... 0. 0. 0.]
 [0. 0. 0. ... 0. 0. 0.]]",0.5616076082446432,0.2563561950489999
422,3,20.0,25.0,0.05,1e-05,0.02,0.30000000000000004,52.71835385431273,0.3239760854423032,0.4947709445691272,"[[[0.9996631 1.0004996 1.0002135 ... 0.9997369 0.9997158 0.9999908]
  [0.9997822 1.0005574 0.9994489 ... 1.0001518 1.0001456 1.0003188]
  [1.0000802 0.9999345 0.9993891 ... 0.9998846 0.9999189 1.0001105]
  ...
  [0.9998427 0.9999211 1.0005174 ... 1.0002514 1.0001653 1.0001667]
  [0.9998566 1.0004281 1.0001051 ... 1.0004591 0.9993186 0.9992366]
  [1.0001234 0.999788  0.9999163 ... 0.9999462 1.0000457 1.0004262]]

 [[0.9996631 1.0004994 1.0002135 ... 0.9997372 0.9997161 0.999991 ]
  [0.9997822 1.000165  0.9994491 ... 1.0001523 1.000146  1.0003192]
  [1.0000805 0.999935  0.9993896 ... 0.9998854 0.9999197 1.0001115]
  ...
  [0.9998431 0.9999215 1.0005177 ... 1.0002518 1.0001657 1.0001671]
  [0.9998568 1.0004283 1.0001053 ... 1.0004596 0.9997166 0.9992372]
  [1.0001239 0.9997884 0.9999163 ... 0.9999466 1.0000457 1.0004264]]]","[[[0.00000000e+00 1.23325801e-05 0.00000000e+00 ... 0.00000000e+00
   0.00000000e+00 0.00000000e+00]
  [0.00000000e+00 0.00000000e+00 0.00000000e+00 ... 0.00000000e+00
   0.00000000e+00 2.44604552e-06]
  [0.00000000e+00 0.00000000e+00 0.00000000e+00 ... 0.00000000e+00
   0.00000000e+00 0.00000000e+00]
  ...
  [0.00000000e+00 0.00000000e+00 0.00000000e+00 ... 0.00000000e+00
   0.00000000e+00 0.00000000e+00]
  [0.00000000e+00 0.00000000e+00 0.00000000e+00 ... 0.00000000e+00
   0.00000000e+00 0.00000000e+00]
  [0.00000000e+00 0.00000000e+00 0.00000000e+00 ... 0.00000000e+00
   0.00000000e+00 1.87631963e-06]]

 [[5.72252526e-05 0.00000000e+00 1.88577118e-05 ... 4.91880826e-05
   5.39250349e-05 3.60171520e-05]
  [4.00328002e-05 5.75562113e-05 5.25925913e-05 ... 1.53504637e-05
   1.96674700e-05 7.46605715e-06]
  [1.53894688e-05 1.48722152e-05 4.46101070e-05 ... 3.08614787e-05
   3.30291099e-05 1.99494463e-05]
  ...
  [7.11045680e-05 6.81632780e-05 2.90466675e-05 ... 4.56800451e-05
   5.15213571e-05 4.83778228e-05]
  [6.00493016e-05 2.46566179e-05 5.11726211e-05 ... 2.41070429e-05
   2.23535049e-05 1.02817732e-04]
  [3.42613906e-05 5.99746396e-05 5.30781988e-05 ... 4.67039396e-05
   4.01935878e-05 1.23764201e-05]]]","[[0. 0. 0. ... 0. 0. 0.]
 [0. 0. 0. ... 0. 0. 0.]
 [0. 0. 0. ... 0. 0. 0.]
 ...
 [0. 0. 0. ... 0. 0. 0.]
 [0. 0. 0. ... 0. 0. 0.]
 [0. 0. 0. ... 0. 0. 0.]]","[[0. 0. 0. ... 0. 0. 0.]
 [0. 0. 0. ... 0. 0. 0.]
 [0. 0. 0. ... 0. 0. 0.]
 ...
 [0. 0. 0. ... 0. 0. 0.]
 [0. 0. 0. ... 0. 0. 0.]
 [0. 0. 0. ... 0. 0. 0.]]",0.5623076112824096,0.2946726986226234
422,3,20.0,25.0,0.05,1e-05,0.03,0.30000000000000004,68.56314661092114,0.3239760854423033,0.5461042838884328,"[[[0.9996631 1.0004995 1.0002136 ... 0.9997372 0.9997163 0.9999916]
  [0.9997823 1.0005574 0.9994491 ... 1.000152  1.0001457 1.0003195]
  [1.0000805 0.999935  0.9993895 ... 1.000292  0.9999194 1.0001111]
  ...
  [0.9998429 0.9999214 1.0005177 ... 1.0002513 1.0001656 1.0001673]
  [0.9998568 1.0004283 1.0001053 ... 1.0004591 0.9997163 0.9992368]
  [1.0001239 0.9997882 0.9999165 ... 0.9999459 1.0000453 1.0004262]]

 [[0.9996266 1.0005372 1.0001256 ... 1.0000606 0.9997862 0.9997061]
  [1.0000111 0.9998776 0.9997409 ... 1.0001518 1.0003353 1.0003186]
  [1.0001009 0.999818  0.9993896 ... 1.0002916 1.0001419 0.9999935]
  ...
  [0.9998428 0.9999199 1.0005174 ... 0.9998117 0.9997498 1.0000063]
  [0.9998565 1.0004278 1.0003483 ... 0.9996342 1.0001658 0.9997515]
  [0.9991354 0.9997876 0.9994701 ... 0.9997525 1.0003318 1.0002575]]]","[[[0.00000000e+00 4.63598002e-05 3.22017109e-06 ... 3.63022386e-05
   0.00000000e+00 0.00000000e+00]
  [2.42439134e-05 0.00000000e+00 1.74237979e-05 ... 0.00000000e+00
   2.76966025e-05 1.08834375e-05]
  [0.00000000e+00 0.00000000e+00 0.00000000e+00 ... 0.00000000e+00
   1.39259941e-05 0.00000000e+00]
  ...
  [2.93296631e-06 2.29566706e-06 3.38093945e-05 ... 0.00000000e+00
   0.00000000e+00 0.00000000e+00]
  [6.29000905e-06 3.58231756e-05 5.28362147e-05 ... 0.00000000e+00
   7.69770563e-05 5.58530369e-05]
  [0.00000000e+00 0.00000000e+00 0.00000000e+00 ... 0.00000000e+00
   5.88992684e-05 8.72308436e-06]]

 [[1.54743011e-05 0.00000000e+00 0.00000000e+00 ... 0.00000000e+00
   1.12258372e-05 5.05716434e-05]
  [0.00000000e+00 9.47410953e-05 0.00000000e+00 ... 1.79772063e-05
   0.00000000e+00 0.00000000e+00]
  [1.14215077e-05 3.43921308e-05 4.98759604e-05 ... 2.47132971e-05
   0.00000000e+00 4.66339877e-05]
  ...
  [0.00000000e+00 0.00000000e+00 0.00000000e+00 ... 3.32044372e-05
   3.67977020e-05 0.00000000e+00]
  [0.00000000e+00 0.00000000e+00 0.00000000e+00 ... 1.01422004e-04
   0.00000000e+00 0.00000000e+00]
  [1.59883343e-04 0.00000000e+00 8.12016680e-05 ... 2.66838139e-05
   0.00000000e+00 0.00000000e+00]]]","[[0. 0. 0. ... 0. 0. 0.]
 [0. 0. 0. ... 0. 0. 0.]
 [0. 0. 0. ... 0. 0. 0.]
 ...
 [0. 0. 0. ... 0. 0. 0.]
 [0. 0. 0. ... 0. 0. 0.]
 [0. 0. 0. ... 0. 0. 0.]]","[[0. 0. 0. ... 0. 0. 0.]
 [0. 0. 0. ... 0. 0. 0.]
 [0. 0. 0. ... 0. 0. 0.]
 ...
 [0. 0. 0. ... 0. 0. 0.]
 [0. 0. 0. ... 0. 0. 0.]
 [0. 0. 0. ... 0. 0. 0.]]",0.5604154316028885,0.35364022967617625
422,3,20.0,25.0,0.0,1e-05,0.01,0.4000000000000001,9.792130756321999,0.43204981923115193,0.47435670246271916,"[[[0.9996631 1.0004994 1.0002133 ... 0.9997369 0.9997158 0.9999904]
  [0.9997824 1.0005574 0.9994489 ... 1.000152  1.0001456 1.0003186]
  [1.0000803 0.9999349 0.9993894 ... 1.000292  0.9999193 1.0001107]
  ...
  [0.999843  0.9999212 1.0005174 ... 1.0002515 1.0001655 1.0001664]
  [0.9998567 1.000428  1.0001051 ... 1.0004593 0.9993186 0.9992362]
  [1.0001236 0.9997879 0.9999161 ... 0.9999461 1.0000453 1.0004258]]

 [[0.9996631 1.0004994 1.0002133 ... 0.9997368 0.999737  0.9999909]
  [0.9997822 1.0005572 0.9994488 ... 1.0001518 1.0001454 1.0003188]
  [1.0000803 0.9999347 0.9993893 ... 1.0002918 0.9999191 1.0001109]
  ...
  [0.9998429 0.9999214 1.0005176 ... 1.0002512 1.0001655 1.0001669]
  [0.9998566 1.000428  1.0001049 ... 1.0004588 0.9997159 1.0001082]
  [1.0001234 0.9997878 0.9999158 ... 0.9999455 1.0000447 1.0004256]]]","[[[4.80074127e-04 0.00000000e+00 0.00000000e+00 ... 3.75229743e-04
   3.46412287e-04 1.23637402e-05]
  [3.10588921e-04 0.00000000e+00 7.85750889e-04 ... 0.00000000e+00
   0.00000000e+00 0.00000000e+00]
  [0.00000000e+00 9.34064768e-05 8.70552227e-04 ... 0.00000000e+00
   1.15484724e-04 0.00000000e+00]
  ...
  [2.24038651e-04 1.11784391e-04 0.00000000e+00 ... 0.00000000e+00
   0.00000000e+00 0.00000000e+00]
  [2.04504677e-04 0.00000000e+00 0.00000000e+00 ... 0.00000000e+00
   0.00000000e+00 0.00000000e+00]
  [0.00000000e+00 3.02524391e-04 1.20405091e-04 ... 7.84218142e-05
   0.00000000e+00 0.00000000e+00]]

 [[0.00000000e+00 1.19696741e-03 5.11256344e-04 ... 0.00000000e+00
   0.00000000e+00 0.00000000e+00]
  [0.00000000e+00 1.33497203e-03 0.00000000e+00 ... 3.63273046e-04
   3.48395065e-04 7.64412998e-04]
  [1.92619475e-04 0.00000000e+00 0.00000000e+00 ... 6.99305987e-04
   0.00000000e+00 2.66058458e-04]
  ...
  [0.00000000e+00 0.00000000e+00 1.24122404e-03 ... 6.01316710e-04
   3.96673241e-04 4.01185809e-04]
  [0.00000000e+00 1.02585025e-03 2.50951905e-04 ... 1.09876068e-03
   2.23048477e-04 2.24377616e-03]
  [2.95244457e-04 0.00000000e+00 0.00000000e+00 ... 0.00000000e+00
   1.05812102e-04 1.01959353e-03]]]","[[0. 0. 0. ... 0. 0. 0.]
 [0. 0. 0. ... 0. 0. 0.]
 [0. 0. 0. ... 0. 0. 0.]
 ...
 [0. 0. 0. ... 0. 0. 0.]
 [0. 0. 0. ... 0. 0. 0.]
 [0. 0. 0. ... 0. 0. 0.]]","[[0. 0. 0. ... 0. 0. 0.]
 [0. 0. 0. ... 0. 0. 0.]
 [0. 0. 0. ... 0. 0. 0.]
 ...
 [0. 0. 0. ... 0. 0. 0.]
 [0. 0. 0. ... 0. 0. 0.]
 [0. 0. 0. ... 0. 0. 0.]]",0.24492241369288814,0.11144342436612308
422,3,20.0,25.0,0.0,1e-05,0.02,0.4000000000000001,18.546635189223334,0.43204981923115193,0.5121805230396526,"[[[0.9996266 1.0005373 1.0001256 ... 1.0000607 0.9997862 0.9997063]
  [1.0000112 0.9998777 0.9997408 ... 1.0001518 1.0003351 1.0003186]
  [1.0001009 0.9998182 0.9993894 ... 1.0002918 1.0001417 0.9999934]
  ...
  [0.9998428 0.9999199 1.0005172 ... 0.9998118 0.9997497 1.0000062]
  [0.9998564 1.000428  1.0003482 ... 1.0004593 1.0001657 0.9997514]
  [1.0001233 0.9997879 0.9994702 ... 0.9997529 1.0003318 1.0002576]]

 [[0.9996266 1.0005372 1.0001255 ... 1.0000606 0.9997862 0.9997065]
  [1.0000113 0.9998775 0.9997408 ... 1.0001518 1.0003351 1.0003189]
  [1.0001009 0.999818  0.9993893 ... 1.0009696 1.0001419 0.9999939]
  ...
  [0.9998428 0.9999198 1.0005172 ... 0.9998114 0.9997493 1.0000062]
  [0.9998565 1.0004278 1.0003481 ... 0.9996342 1.0001653 0.9997514]
  [1.0001235 0.9997877 0.9994701 ... 0.9997528 1.0003315 1.0002578]]]","[[[5.32159207e-04 0.00000000e+00 0.00000000e+00 ... 0.00000000e+00
   3.04670036e-04 4.18001693e-04]
  [0.00000000e+00 1.74787115e-04 3.69397085e-04 ... 0.00000000e+00
   0.00000000e+00 0.00000000e+00]
  [0.00000000e+00 2.59554996e-04 8.70565724e-04 ... 0.00000000e+00
   0.00000000e+00 7.96846742e-06]
  ...
  [2.23977656e-04 1.14486780e-04 0.00000000e+00 ... 2.69301205e-04
   3.57809106e-04 0.00000000e+00]
  [2.04447083e-04 0.00000000e+00 0.00000000e+00 ... 1.62218067e-03
   0.00000000e+00 3.54275843e-04]
  [0.00000000e+00 3.02861226e-04 7.55259747e-04 ... 3.52316247e-04
   0.00000000e+00 0.00000000e+00]]

 [[0.00000000e+00 1.28724250e-03 3.00643945e-04 ... 1.44887226e-04
   0.00000000e+00 0.00000000e+00]
  [2.73882925e-05 0.00000000e+00 0.00000000e+00 ... 3.63786682e-04
   8.03260227e-04 7.64944547e-04]
  [2.41748474e-04 0.00000000e+00 0.00000000e+00 ... 3.86458792e-03
   3.40330009e-04 0.00000000e+00]
  ...
  [0.00000000e+00 0.00000000e+00 1.23980940e-03 ... 0.00000000e+00
   0.00000000e+00 1.48277766e-05]
  [0.00000000e+00 1.02527670e-03 8.34139549e-04 ... 0.00000000e+00
   3.95545404e-04 0.00000000e+00]
  [2.96599029e-04 0.00000000e+00 0.00000000e+00 ... 0.00000000e+00
   7.94146081e-04 6.18650012e-04]]]","[[0. 0. 0. ... 0. 0. 0.]
 [0. 0. 0. ... 0. 0. 0.]
 [0. 0. 0. ... 0. 0. 0.]
 ...
 [0. 0. 0. ... 0. 0. 0.]
 [0. 0. 0. ... 0. 0. 0.]
 [0. 0. 0. ... 0. 0. 0.]]","[[0. 0. 0. ... 0. 0. 0.]
 [0. 0. 0. ... 0. 0. 0.]
 [0. 0. 0. ... 0. 0. 0.]
 ...
 [0. 0. 0. ... 0. 0. 0.]
 [0. 0. 0. ... 0. 0. 0.]
 [0. 0. 0. ... 0. 0. 0.]]",0.40337664372312476,0.2649532870045291
422,3,20.0,25.0,0.0,1e-05,0.03,0.4000000000000001,24.265277646176283,0.43204981923115193,0.5368879074373937,"[[[0.9996266 1.0005375 1.0001258 ... 1.0000609 0.9997864 0.9997063]
  [1.0000112 0.9998779 0.999741  ... 1.0001519 1.0003351 1.0003185]
  [1.0001009 0.9998183 0.9993894 ... 1.0009696 1.0001419 0.9999936]
  ...
  [0.9998428 0.99992   1.0005172 ... 0.9998117 0.9997496 1.0000061]
  [0.9998566 1.0004282 1.0003482 ... 0.9996348 1.0001659 0.9997515]
  [1.0001235 0.9997881 0.9994703 ... 0.9997532 1.000332  1.0002578]]

 [[0.9996266 1.0005372 1.0001255 ... 1.0000607 0.9997862 0.9997063]
  [1.0000114 0.9998776 0.999741  ... 1.0001518 1.0003352 1.0003186]
  [1.000101  0.999818  0.9993895 ... 1.0009696 1.0001419 0.9999938]
  ...
  [0.9990146 0.99992   1.0005176 ... 0.9998117 0.9997498 1.0000066]
  [0.9998564 1.0004278 1.0003482 ... 0.9996344 1.0001656 0.9997516]
  [1.0001233 0.9997877 0.9994703 ... 0.9997528 1.0003316 1.0002577]]]","[[[5.32151063e-04 0.00000000e+00 0.00000000e+00 ... 0.00000000e+00
   3.04903423e-04 4.18488392e-04]
  [0.00000000e+00 1.74923712e-04 3.69038867e-04 ... 0.00000000e+00
   0.00000000e+00 0.00000000e+00]
  [0.00000000e+00 2.59696172e-04 8.69888584e-04 ... 0.00000000e+00
   0.00000000e+00 8.59766619e-06]
  ...
  [2.51035930e-03 1.13981760e-04 0.00000000e+00 ... 2.68300906e-04
   3.56317755e-04 0.00000000e+00]
  [2.04845100e-04 0.00000000e+00 0.00000000e+00 ... 5.21577086e-04
   0.00000000e+00 3.53770960e-04]
  [0.00000000e+00 3.03096354e-04 7.54918373e-04 ... 3.52707193e-04
   0.00000000e+00 0.00000000e+00]]

 [[0.00000000e+00 1.28671360e-03 3.00395013e-04 ... 1.44910095e-04
   0.00000000e+00 0.00000000e+00]
  [2.79714616e-05 0.00000000e+00 0.00000000e+00 ... 3.63527661e-04
   8.03835005e-04 7.64119859e-04]
  [2.42337607e-04 0.00000000e+00 0.00000000e+00 ... 2.32369389e-03
   3.40087651e-04 0.00000000e+00]
  ...
  [0.00000000e+00 0.00000000e+00 1.24148913e-03 ... 0.00000000e+00
   0.00000000e+00 1.67881571e-05]
  [0.00000000e+00 1.02473752e-03 8.34700420e-04 ... 0.00000000e+00
   3.96135736e-04 0.00000000e+00]
  [2.94946903e-04 0.00000000e+00 0.00000000e+00 ... 0.00000000e+00
   7.94172231e-04 6.17556497e-04]]]","[[0. 0. 0. ... 0. 0. 0.]
 [0. 0. 0. ... 0. 0. 0.]
 [0. 0. 0. ... 0. 0. 0.]
 ...
 [0. 0. 0. ... 0. 0. 0.]
 [0. 0. 0. ... 0. 0. 0.]
 [0. 0. 0. ... 0. 0. 0.]]","[[0. 0. 0. ... 0. 0. 0.]
 [0. 0. 0. ... 0. 0. 0.]
 [0. 0. 0. ... 0. 0. 0.]
 ...
 [0. 0. 0. ... 0. 0. 0.]
 [0. 0. 0. ... 0. 0. 0.]
 [0. 0. 0. ... 0. 0. 0.]]",0.4692122480755822,0.36023664879912987
422,3,20.0,25.0,0.05,1e-05,0.01,0.4000000000000001,21.965247906361473,0.43204981923115193,0.526950633104261,"[[[0.9996631 1.0004992 1.000213  ... 0.9997368 0.9997158 0.9999907]
  [0.9997821 1.0005572 0.9994487 ... 1.0001518 1.0001456 1.0003189]
  [1.0000803 0.9999347 0.9993893 ... 0.9998848 0.999919  1.0001109]
  ...
  [0.9998428 0.9999212 1.0005172 ... 1.0002512 1.0001653 1.0001667]
  [0.9998566 1.000428  1.0001049 ... 1.000459  0.9997159 1.0001082]
  [1.0001236 0.9997881 0.9999161 ... 0.9999459 1.0000452 1.0004258]]

 [[0.9996266 1.0005374 1.0001256 ... 1.0000608 0.9997863 0.9997061]
  [1.0000114 0.9998779 0.9997408 ... 1.0001521 1.0003353 1.0003186]
  [1.0001009 0.9998184 0.9993895 ... 1.0002924 1.0001423 0.9999938]
  ...
  [0.9998434 0.9999205 1.0005177 ... 0.9998119 0.9997499 1.0000066]
  [0.9998567 1.0004283 1.0003484 ... 1.0004593 1.0001659 0.9997515]
  [1.0001235 0.9997882 0.9994703 ... 0.9997532 1.0003318 1.0002574]]]","[[[0.00000000e+00 6.19185570e-05 2.28320674e-05 ... 5.73369706e-05
   9.13092914e-06 0.00000000e+00]
  [4.48529983e-05 0.00000000e+00 3.96852617e-05 ... 1.95260783e-05
   5.13403746e-05 3.23837810e-05]
  [2.12468096e-05 0.00000000e+00 0.00000000e+00 ... 7.38141708e-05
   4.18068644e-05 0.00000000e+00]
  ...
  [1.67700212e-05 1.79803248e-05 5.32761332e-05 ... 0.00000000e+00
   0.00000000e+00 1.14499395e-05]
  [1.59277616e-05 4.91566278e-05 7.13071434e-05 ... 5.26349664e-05
   8.58641256e-05 0.00000000e+00]
  [3.09458381e-05 9.28268290e-06 0.00000000e+00 ... 0.00000000e+00
   7.17516784e-05 1.87129575e-05]]

 [[0.00000000e+00 0.00000000e+00 0.00000000e+00 ... 0.00000000e+00
   0.00000000e+00 2.62799753e-05]
  [0.00000000e+00 6.04845969e-05 0.00000000e+00 ... 0.00000000e+00
   0.00000000e+00 0.00000000e+00]
  [0.00000000e+00 0.00000000e+00 8.47424979e-06 ... 0.00000000e+00
   0.00000000e+00 2.15119084e-06]
  ...
  [0.00000000e+00 0.00000000e+00 0.00000000e+00 ... 2.28408619e-05
   2.14361519e-05 0.00000000e+00]
  [0.00000000e+00 0.00000000e+00 0.00000000e+00 ... 0.00000000e+00
   0.00000000e+00 2.13318108e-05]
  [0.00000000e+00 0.00000000e+00 5.03240677e-05 ... 8.06788814e-06
   0.00000000e+00 0.00000000e+00]]]","[[0. 0. 0. ... 0. 0. 0.]
 [0. 0. 0. ... 0. 0. 0.]
 [0. 0. 0. ... 0. 0. 0.]
 ...
 [0. 0. 0. ... 0. 0. 0.]
 [0. 0. 0. ... 0. 0. 0.]
 [0. 0. 0. ... 0. 0. 0.]]","[[0. 0. 0. ... 0. 0. 0.]
 [0. 0. 0. ... 0. 0. 0.]
 [0. 0. 0. ... 0. 0. 0.]
 ...
 [0. 0. 0. ... 0. 0. 0.]
 [0. 0. 0. ... 0. 0. 0.]
 [0. 0. 0. ... 0. 0. 0.]]",0.5524933011224313,0.2529558645189209
422,3,20.0,25.0,0.05,1e-05,0.02,0.4000000000000001,36.453764685656196,0.43204981923115193,0.589548243658479,"[[[0.9996631 1.0004992 1.000213  ... 0.9997367 0.9997368 0.9999905]
  [0.9997822 1.0001647 0.9994487 ... 1.0001515 1.0001454 1.0003186]
  [1.0000805 0.9999349 0.9993892 ... 0.9998848 0.9999191 1.0001107]
  ...
  [0.9998427 0.9999211 1.0005172 ... 1.0002513 1.0001656 1.0001668]
  [0.9998565 1.0004278 1.0001047 ... 1.000459  0.9997161 1.0001082]
  [1.0001234 0.9997879 0.9999157 ... 1.000525  1.000045  1.0004255]]

 [[0.9996266 1.0005373 1.0001255 ... 1.0000608 0.9997863 0.9997064]
  [1.0000114 0.9998778 0.9997409 ... 1.0001519 1.0003352 1.0003186]
  [1.0001009 0.9998183 0.9993895 ... 1.0009698 1.0001421 0.9999937]
  ...
  [0.9990144 0.99992   1.0005176 ... 0.9998115 0.9997495 1.0000062]
  [0.9998565 1.000428  1.0003484 ... 1.0004591 1.0001655 0.9997513]
  [1.0001236 0.9997881 0.9994704 ... 0.9997531 1.000332  1.0002578]]]","[[[0.00000000e+00 5.70163596e-05 1.75300617e-05 ... 5.56510725e-05
   4.20538288e-06 0.00000000e+00]
  [3.90461350e-05 0.00000000e+00 3.21275685e-05 ... 1.03331075e-05
   4.52322341e-05 2.79286012e-05]
  [1.58400245e-05 0.00000000e+00 0.00000000e+00 ... 1.83177794e-04
   3.22980966e-05 0.00000000e+00]
  ...
  [0.00000000e+00 2.38536048e-05 5.18093579e-05 ... 0.00000000e+00
   0.00000000e+00 1.88667477e-05]
  [2.24688954e-05 5.11719375e-05 6.96744091e-05 ... 5.32554758e-05
   8.73470612e-05 0.00000000e+00]
  [3.07923697e-05 7.95573621e-06 0.00000000e+00 ... 0.00000000e+00
   7.29674265e-05 1.90529572e-05]]

 [[1.52994158e-06 0.00000000e+00 0.00000000e+00 ... 0.00000000e+00
   0.00000000e+00 3.03361707e-05]
  [0.00000000e+00 2.17840581e-05 0.00000000e+00 ... 0.00000000e+00
   0.00000000e+00 0.00000000e+00]
  [0.00000000e+00 4.47069742e-06 2.09208321e-05 ... 0.00000000e+00
   0.00000000e+00 1.03709606e-05]
  ...
  [1.15017129e-04 0.00000000e+00 0.00000000e+00 ... 2.57257106e-05
   1.91710924e-05 0.00000000e+00]
  [0.00000000e+00 0.00000000e+00 0.00000000e+00 ... 0.00000000e+00
   0.00000000e+00 1.50827531e-05]
  [0.00000000e+00 0.00000000e+00 5.59094735e-05 ... 8.13817998e-05
   0.00000000e+00 0.00000000e+00]]]","[[0. 0. 0. ... 0. 0. 0.]
 [0. 0. 0. ... 0. 0. 0.]
 [0. 0. 0. ... 0. 0. 0.]
 ...
 [0. 0. 0. ... 0. 0. 0.]
 [0. 0. 0. ... 0. 0. 0.]
 [0. 0. 0. ... 0. 0. 0.]]","[[0. 0. 0. ... 0. 0. 0.]
 [0. 0. 0. ... 0. 0. 0.]
 [0. 0. 0. ... 0. 0. 0.]
 ...
 [0. 0. 0. ... 0. 0. 0.]
 [0. 0. 0. ... 0. 0. 0.]
 [0. 0. 0. ... 0. 0. 0.]]",0.5561483011999656,0.30020079295007357
422,3,20.0,25.0,0.05,1e-05,0.03,0.4000000000000001,49.19945993593327,0.43204981923115193,0.6446159969470546,"[[[0.9996631 1.0004994 1.0002133 ... 0.9997366 0.999737  0.9999909]
  [0.9997817 1.0001644 0.9994485 ... 1.0001514 1.0001452 1.0003186]
  [1.0000801 0.9999345 0.9993892 ... 1.0002913 0.9999189 1.0001105]
  ...
  [0.9998425 0.9999209 1.0005171 ... 1.000251  1.0001653 1.0001665]
  [0.9998563 1.0004276 1.0001047 ... 1.000459  0.999716  0.9992362]
  [1.0001233 0.9997876 0.9999157 ... 0.9999458 1.000045  1.0004256]]

 [[1.0009124 1.0000356 1.0000833 ... 0.9997639 0.9997157 0.9997079]
  [1.0000832 1.0001649 1.0003703 ... 1.0003848 1.0003936 0.9998947]
  [1.000128  1.0001373 0.9998539 ... 1.000292  1.0001966 1.000158 ]
  ...
  [1.0018206 1.0003285 1.000021  ... 0.9994285 1.0003785 0.9998976]
  [0.9999944 1.0005206 0.999761  ... 1.0001035 0.999716  1.000108 ]
  [0.9999469 1.0001462 0.9999159 ... 0.9999458 0.9999537 0.9997248]]]","[[[1.29746229e-04 0.00000000e+00 0.00000000e+00 ... 0.00000000e+00
   0.00000000e+00 0.00000000e+00]
  [0.00000000e+00 0.00000000e+00 6.28083091e-05 ... 0.00000000e+00
   0.00000000e+00 0.00000000e+00]
  [0.00000000e+00 0.00000000e+00 0.00000000e+00 ... 0.00000000e+00
   0.00000000e+00 0.00000000e+00]
  ...
  [2.57016611e-04 0.00000000e+00 0.00000000e+00 ... 0.00000000e+00
   0.00000000e+00 0.00000000e+00]
  [0.00000000e+00 0.00000000e+00 0.00000000e+00 ... 0.00000000e+00
   0.00000000e+00 3.38622441e-05]
  [0.00000000e+00 0.00000000e+00 0.00000000e+00 ... 0.00000000e+00
   0.00000000e+00 0.00000000e+00]]

 [[0.00000000e+00 1.76064764e-04 1.19499429e-04 ... 1.17039626e-04
   1.22018138e-04 1.63309689e-04]
  [6.77473084e-05 1.00906362e-04 0.00000000e+00 ... 4.93683961e-05
   4.46626037e-05 1.65929290e-04]
  [7.96358896e-05 5.97351643e-05 4.37188181e-05 ... 8.02058820e-05
   4.80355171e-05 7.83347200e-05]
  ...
  [0.00000000e+00 5.88419577e-05 1.58188461e-04 ... 2.44081746e-04
   5.49588598e-05 1.76825252e-04]
  [1.24007586e-04 7.78493270e-05 1.62089339e-04 ... 1.34336884e-04
   1.28551688e-04 3.79308302e-06]
  [1.48978542e-04 6.31483784e-05 1.08928318e-04 ... 1.03242225e-04
   1.14094915e-04 2.18817979e-04]]]","[[0. 0. 0. ... 0. 0. 0.]
 [0. 0. 0. ... 0. 0. 0.]
 [0. 0. 0. ... 0. 0. 0.]
 ...
 [0. 0. 0. ... 0. 0. 0.]
 [0. 0. 0. ... 0. 0. 0.]
 [0. 0. 0. ... 0. 0. 0.]]","[[0. 0. 0. ... 0. 0. 0.]
 [0. 0. 0. ... 0. 0. 0.]
 [0. 0. 0. ... 0. 0. 0.]
 ...
 [0. 0. 0. ... 0. 0. 0.]
 [0. 0. 0. ... 0. 0. 0.]
 [0. 0. 0. ... 0. 0. 0.]]",0.5529037798891556,0.36990798372002714
422,3,20.0,25.0,0.0,1e-05,0.01,0.5000000000000001,0.030750687141921078,0.5370819927692461,0.5372471491725381,"[[[0.9996266 1.0005372 1.0001256 ... 1.0000607 0.9997863 0.9997064]
  [1.0000113 0.9998777 0.9997408 ... 1.0001518 1.0003352 1.0003186]
  [1.0001009 0.999818  0.9993891 ... 1.0009692 1.0001415 0.9999933]
  ...
  [0.9998427 0.9999196 1.0005172 ... 0.9998115 0.9997493 1.0000058]
  [0.9998566 1.000428  1.0003483 ... 1.0004591 1.0001657 0.9997515]
  [1.0001235 0.9997879 0.9994704 ... 0.9997529 1.0003318 1.0002576]]

 [[0.9996631 1.0004994 1.000213  ... 0.9997369 0.999737  0.9999907]
  [0.9997821 1.0005572 0.9994485 ... 1.0001518 1.0001454 1.0003186]
  [1.0000802 0.9999345 0.999389  ... 0.9998846 0.9999188 1.0001104]
  ...
  [0.9998427 0.9999209 1.000517  ... 1.0002509 1.000165  1.0001662]
  [0.9998566 1.0004278 1.0001047 ... 1.000459  0.999716  0.9992362]
  [1.0001235 0.9997879 0.9999159 ... 0.9999458 1.000045  1.0004259]]]","[[[4.31295807e-04 0.00000000e+00 0.00000000e+00 ... 8.06955052e-04
   4.40517186e-04 0.00000000e+00]
  [6.16417927e-04 0.00000000e+00 1.17618414e-03 ... 0.00000000e+00
   4.59694542e-05 0.00000000e+00]
  [0.00000000e+00 0.00000000e+00 8.70965966e-04 ... 1.61094494e-03
   4.12785872e-04 0.00000000e+00]
  ...
  [2.24128093e-04 1.10946936e-04 0.00000000e+00 ... 0.00000000e+00
   0.00000000e+00 0.00000000e+00]
  [2.04337882e-04 0.00000000e+00 1.75931519e-04 ... 0.00000000e+00
   1.00481066e-03 1.77650773e-03]
  [0.00000000e+00 3.02188105e-04 0.00000000e+00 ... 0.00000000e+00
   3.18600435e-04 0.00000000e+00]]

 [[0.00000000e+00 1.11106704e-03 7.09436325e-04 ... 0.00000000e+00
   0.00000000e+00 6.24548948e-04]
  [0.00000000e+00 2.88088455e-03 0.00000000e+00 ... 3.63815580e-04
   0.00000000e+00 7.63866728e-04]
  [1.45442429e-04 1.07910573e-04 0.00000000e+00 ... 0.00000000e+00
   0.00000000e+00 5.30933807e-04]
  ...
  [0.00000000e+00 0.00000000e+00 1.23872334e-03 ... 1.60121359e-03
   1.34115708e-03 7.63093339e-04]
  [0.00000000e+00 1.02530581e-03 0.00000000e+00 ... 1.09986830e-03
   0.00000000e+00 0.00000000e+00]
  [2.96085884e-04 0.00000000e+00 8.12032295e-04 ... 3.09050840e-04
   0.00000000e+00 1.40376823e-03]]]","[[0. 0. 0. ... 0. 0. 0.]
 [0. 0. 0. ... 0. 0. 0.]
 [0. 0. 0. ... 0. 0. 0.]
 ...
 [0. 0. 0. ... 0. 0. 0.]
 [0. 0. 0. ... 0. 0. 0.]
 [0. 0. 0. ... 0. 0. 0.]]","[[0. 0. 0. ... 0. 0. 0.]
 [0. 0. 0. ... 0. 0. 0.]
 [0. 0. 0. ... 0. 0. 0.]
 ...
 [0. 0. 0. ... 0. 0. 0.]
 [0. 0. 0. ... 0. 0. 0.]
 [0. 0. 0. ... 0. 0. 0.]]",0.11628469928486239,0.045823676949294234
422,3,20.0,25.0,0.0,1e-05,0.02,0.5000000000000001,12.047745391613052,0.5370819927692461,0.6017882638022864,"[[[0.9996266 1.0005372 1.0001258 ... 1.000061  0.9997865 0.9997064]
  [1.0000113 0.9998778 0.9997411 ... 1.0001521 1.0003355 1.0003188]
  [1.000101  0.9998184 0.99939   ... 1.0009698 1.0001421 0.9999937]
  ...
  [0.9998428 0.9999199 1.0005177 ... 0.9998118 0.9997499 1.0000062]
  [0.9998565 1.000428  1.0003484 ... 1.0004591 1.0001659 0.9997514]
  [0.9991356 0.9997879 0.9994704 ... 0.9997529 1.0003319 1.0002575]]

 [[0.9996266 1.0005372 1.0001256 ... 1.0000606 0.9997862 0.9997064]
  [1.0000111 0.9998776 0.999741  ... 1.0001518 1.0003352 1.0003186]
  [1.0001007 0.999818  0.9993894 ... 1.0009694 1.0001417 0.9999935]
  ...
  [0.9998427 0.9999196 1.0005172 ... 0.9998112 0.9997495 1.0000061]
  [0.9998564 1.0004278 1.0003482 ... 0.9996341 1.0001656 0.9997514]
  [1.0001236 0.9997881 0.9994704 ... 0.9997527 1.0003318 1.0002578]]]","[[[5.32128611e-04 0.00000000e+00 0.00000000e+00 ... 0.00000000e+00
   3.05034856e-04 4.18377850e-04]
  [0.00000000e+00 1.74749815e-04 3.69107188e-04 ... 0.00000000e+00
   0.00000000e+00 0.00000000e+00]
  [0.00000000e+00 2.59761323e-04 8.71001108e-04 ... 0.00000000e+00
   0.00000000e+00 9.48773033e-06]
  ...
  [2.24272485e-04 1.14949322e-04 0.00000000e+00 ... 2.69928693e-04
   3.57524244e-04 0.00000000e+00]
  [2.04662432e-04 0.00000000e+00 0.00000000e+00 ... 1.62216542e-03
   0.00000000e+00 3.54245482e-04]
  [0.00000000e+00 3.01684287e-04 7.54728722e-04 ... 3.52616610e-04
   0.00000000e+00 0.00000000e+00]]

 [[0.00000000e+00 1.28756075e-03 3.00975200e-04 ... 1.44129271e-04
   0.00000000e+00 0.00000000e+00]
  [2.60553700e-05 0.00000000e+00 0.00000000e+00 ... 3.63027847e-04
   8.03059907e-04 7.63612147e-04]
  [2.40973080e-04 0.00000000e+00 0.00000000e+00 ... 2.32234012e-03
   3.39015234e-04 0.00000000e+00]
  ...
  [0.00000000e+00 0.00000000e+00 1.23877129e-03 ... 0.00000000e+00
   0.00000000e+00 1.43268768e-05]
  [0.00000000e+00 1.02532313e-03 8.34200563e-04 ... 0.00000000e+00
   3.96166133e-04 0.00000000e+00]
  [2.54470307e-03 0.00000000e+00 0.00000000e+00 ... 0.00000000e+00
   7.95041776e-04 6.18974182e-04]]]","[[0. 0. 0. ... 0. 0. 0.]
 [0. 0. 0. ... 0. 0. 0.]
 [0. 0. 0. ... 0. 0. 0.]
 ...
 [0. 0. 0. ... 0. 0. 0.]
 [0. 0. 0. ... 0. 0. 0.]
 [0. 0. 0. ... 0. 0. 0.]]","[[0. 0. 0. ... 0. 0. 0.]
 [0. 0. 0. ... 0. 0. 0.]
 [0. 0. 0. ... 0. 0. 0.]
 ...
 [0. 0. 0. ... 0. 0. 0.]
 [0. 0. 0. ... 0. 0. 0.]
 [0. 0. 0. ... 0. 0. 0.]]",0.3876018612169218,0.24635240811465364
422,3,20.0,25.0,0.0,1e-05,0.03,0.5000000000000001,16.94671965741013,0.5370819927692461,0.6280997724142819,"[[[0.9996631 1.0004994 1.0002131 ... 0.9997368 0.999737  0.9999908]
  [0.9997822 1.0005574 0.9994488 ... 1.0001518 1.0001456 1.0003186]
  [1.0000806 0.999935  0.9993896 ... 1.0002918 0.9999194 1.000111 ]
  ...
  [0.999843  0.9999213 1.0005175 ... 1.0002513 1.0001653 1.0001667]
  [0.9998565 1.0004278 1.0001049 ... 1.0004591 0.9997161 1.0001082]
  [1.0001235 0.9997879 0.999916  ... 0.9999459 1.0000452 1.000426 ]]

 [[0.9996631 1.0004994 1.0002133 ... 0.9997369 0.999737  0.9999908]
  [0.9997822 1.0005574 0.9994488 ... 1.0001519 1.0001456 1.0003186]
  [1.0000805 0.999935  0.9993896 ... 0.999885  0.9999193 1.0001109]
  ...
  [0.9998429 0.9999213 1.0005175 ... 1.0002514 1.0001653 1.0001667]
  [0.9998566 1.0004281 1.000105  ... 1.0004592 0.9993186 0.9992366]
  [1.0001234 0.999788  0.9999161 ... 0.9999461 1.0000452 1.000426 ]]]","[[[4.80031803e-04 0.00000000e+00 0.00000000e+00 ... 3.74702893e-04
   3.74695198e-04 1.30464501e-05]
  [3.10308032e-04 0.00000000e+00 7.85551745e-04 ... 0.00000000e+00
   0.00000000e+00 0.00000000e+00]
  [0.00000000e+00 9.26211998e-05 8.69928665e-04 ... 7.06537317e-04
   1.15112313e-04 0.00000000e+00]
  ...
  [2.23989626e-04 1.12060695e-04 0.00000000e+00 ... 0.00000000e+00
   0.00000000e+00 0.00000000e+00]
  [2.04139983e-04 0.00000000e+00 0.00000000e+00 ... 0.00000000e+00
   1.50177776e-03 2.25151004e-03]
  [0.00000000e+00 3.01985252e-04 1.19460332e-04 ... 7.64161317e-05
   0.00000000e+00 0.00000000e+00]]

 [[0.00000000e+00 1.19704416e-03 5.11598598e-04 ... 0.00000000e+00
   0.00000000e+00 0.00000000e+00]
  [0.00000000e+00 1.33616149e-03 0.00000000e+00 ... 3.64437433e-04
   3.49017423e-04 7.63920963e-04]
  [1.92702201e-04 0.00000000e+00 0.00000000e+00 ... 0.00000000e+00
   0.00000000e+00 2.65580624e-04]
  ...
  [0.00000000e+00 0.00000000e+00 1.24046895e-03 ... 6.03049688e-04
   3.96465807e-04 3.99609691e-04]
  [0.00000000e+00 1.02675684e-03 2.52124388e-04 ... 1.10104926e-03
   0.00000000e+00 0.00000000e+00]
  [2.95588683e-04 0.00000000e+00 0.00000000e+00 ... 0.00000000e+00
   1.08378567e-04 1.02134563e-03]]]","[[0. 0. 0. ... 0. 0. 0.]
 [0. 0. 0. ... 0. 0. 0.]
 [0. 0. 0. ... 0. 0. 0.]
 ...
 [0. 0. 0. ... 0. 0. 0.]
 [0. 0. 0. ... 0. 0. 0.]
 [0. 0. 0. ... 0. 0. 0.]]","[[0. 0. 0. ... 0. 0. 0.]
 [0. 0. 0. ... 0. 0. 0.]
 [0. 0. 0. ... 0. 0. 0.]
 ...
 [0. 0. 0. ... 0. 0. 0.]
 [0. 0. 0. ... 0. 0. 0.]
 [0. 0. 0. ... 0. 0. 0.]]",0.46080378755809737,0.36062646914514174
422,3,20.0,25.0,0.05,1e-05,0.01,0.5000000000000001,12.741902401300601,0.5370819927692461,0.6055164561028638,"[[[0.9996266 1.0005375 1.0001261 ... 1.000061  0.9997869 0.9997067]
  [1.0000113 0.9998778 0.9997412 ... 1.000152  1.0003355 1.000319 ]
  [1.0001009 0.9998183 0.9993896 ... 1.0009696 1.0001419 0.9999937]
  ...
  [0.9990146 0.9999202 1.0005177 ... 0.9998117 0.9997499 1.0000066]
  [0.9998566 1.0004282 1.0003486 ... 0.9996348 1.000166  0.9997518]
  [1.0001236 0.9997881 0.9994704 ... 0.9997531 1.000332  1.000258 ]]

 [[0.9996266 1.0005374 1.0001258 ... 1.0000607 0.9997862 0.9997064]
  [1.0000112 0.9998779 0.999741  ... 1.0001518 1.0003351 1.0003186]
  [1.0001009 0.9998182 0.9993893 ... 1.0002918 1.0001417 0.9999933]
  ...
  [0.9998425 0.99992   1.0005172 ... 0.9998115 0.9997493 1.0000063]
  [0.9998566 1.0004282 1.0003483 ... 0.9996346 1.0001657 0.9997515]
  [0.9991356 0.999788  0.9994703 ... 0.9997531 1.0003319 1.0002577]]]","[[[0.00000000e+00 3.15031359e-05 4.02782758e-06 ... 0.00000000e+00
   0.00000000e+00 0.00000000e+00]
  [0.00000000e+00 0.00000000e+00 0.00000000e+00 ... 0.00000000e+00
   5.58258971e-06 7.19666307e-06]
  [0.00000000e+00 0.00000000e+00 0.00000000e+00 ... 0.00000000e+00
   0.00000000e+00 0.00000000e+00]
  ...
  [7.78807464e-05 0.00000000e+00 2.32639812e-05 ... 0.00000000e+00
   0.00000000e+00 0.00000000e+00]
  [0.00000000e+00 2.25617877e-05 1.39001575e-05 ... 0.00000000e+00
   1.03366922e-05 0.00000000e+00]
  [0.00000000e+00 0.00000000e+00 0.00000000e+00 ... 0.00000000e+00
   1.77480775e-05 1.86597409e-05]]

 [[2.59651215e-05 0.00000000e+00 0.00000000e+00 ... 7.88180222e-06
   2.76028795e-05 2.73711501e-05]
  [1.53634420e-05 1.99340770e-05 2.60589813e-05 ... 1.49496953e-05
   2.55873599e-06 0.00000000e+00]
  [2.06071866e-05 2.99125774e-05 5.35353437e-05 ... 1.06163287e-04
   2.46856109e-05 3.58077615e-05]
  ...
  [0.00000000e+00 1.99678566e-05 0.00000000e+00 ... 9.39135491e-06
   1.80222629e-05 7.25743897e-06]
  [1.03893734e-05 0.00000000e+00 0.00000000e+00 ... 2.24078312e-05
   0.00000000e+00 1.88339641e-05]
  [1.78690796e-04 1.33456102e-05 4.34960623e-05 ... 1.83333493e-05
   0.00000000e+00 0.00000000e+00]]]","[[0. 0. 0. ... 0. 0. 0.]
 [0. 0. 0. ... 0. 0. 0.]
 [0. 0. 0. ... 0. 0. 0.]
 ...
 [0. 0. 0. ... 0. 0. 0.]
 [0. 0. 0. ... 0. 0. 0.]
 [0. 0. 0. ... 0. 0. 0.]]","[[0. 0. 0. ... 0. 0. 0.]
 [0. 0. 0. ... 0. 0. 0.]
 [0. 0. 0. ... 0. 0. 0.]
 ...
 [0. 0. 0. ... 0. 0. 0.]
 [0. 0. 0. ... 0. 0. 0.]
 [0. 0. 0. ... 0. 0. 0.]]",0.5511666176799644,0.25865096793675635
422,3,20.0,25.0,0.05,1e-05,0.02,0.5000000000000001,24.9628275195499,0.5370819927692461,0.6711528442627944,"[[[0.9996631 1.0004995 1.0002131 ... 0.9997371 0.9997161 0.999991 ]
  [0.9997821 1.0005574 0.9994488 ... 1.000152  1.0001457 1.0003189]
  [1.0000803 0.999935  0.9998542 ... 1.000292  0.9999194 1.0001113]
  ...
  [0.9998428 0.9999212 1.0005175 ... 1.0002513 1.0001656 1.0001668]
  [0.9998564 1.0004278 1.000105  ... 1.000459  0.9997161 0.9982738]
  [1.0001233 0.9997878 0.9999159 ... 0.9999456 1.000045  1.0004259]]

 [[0.9996266 1.0005374 1.0001258 ... 1.000061  0.9997866 0.9997071]
  [1.0000114 0.9998779 0.9997411 ... 1.0001523 1.0003355 1.0003194]
  [1.000101  0.9998183 0.9993896 ... 1.0002924 1.0001423 0.9999944]
  ...
  [0.999843  0.9999202 1.0005177 ... 0.9998122 0.9997501 1.0000073]
  [0.9998565 1.0004281 1.0003484 ... 1.0004596 1.000166  0.9997524]
  [1.0001237 0.9997885 0.9994709 ... 0.9997535 1.0003324 1.0002584]]]","[[[0.00000000e+00 5.34051076e-05 1.43805767e-05 ... 4.68156980e-05
   0.00000000e+00 0.00000000e+00]
  [4.11956615e-05 0.00000000e+00 3.72556585e-05 ... 1.44178129e-05
   4.67045748e-05 2.82271848e-05]
  [2.34525414e-05 0.00000000e+00 0.00000000e+00 ... 2.63545724e-05
   4.32098524e-05 0.00000000e+00]
  ...
  [0.00000000e+00 3.58339088e-07 3.62379717e-05 ... 0.00000000e+00
   0.00000000e+00 0.00000000e+00]
  [0.00000000e+00 3.31622154e-05 5.55483569e-05 ... 3.59010880e-05
   6.26430662e-05 1.54859648e-04]
  [1.51061994e-05 0.00000000e+00 0.00000000e+00 ... 0.00000000e+00
   5.53424323e-05 0.00000000e+00]]

 [[1.24225670e-05 0.00000000e+00 0.00000000e+00 ... 0.00000000e+00
   0.00000000e+00 4.28525320e-05]
  [0.00000000e+00 6.54215144e-05 0.00000000e+00 ... 0.00000000e+00
   0.00000000e+00 0.00000000e+00]
  [0.00000000e+00 0.00000000e+00 6.37928925e-05 ... 0.00000000e+00
   0.00000000e+00 0.00000000e+00]
  ...
  [0.00000000e+00 0.00000000e+00 0.00000000e+00 ... 5.38907540e-05
   5.55494093e-05 1.07135071e-05]
  [5.33946585e-06 0.00000000e+00 0.00000000e+00 ... 0.00000000e+00
   0.00000000e+00 0.00000000e+00]
  [0.00000000e+00 0.00000000e+00 7.06150596e-05 ... 3.19984192e-05
   0.00000000e+00 2.73106903e-07]]]","[[0. 0. 0. ... 0. 0. 0.]
 [0. 0. 0. ... 0. 0. 0.]
 [0. 0. 0. ... 0. 0. 0.]
 ...
 [0. 0. 0. ... 0. 0. 0.]
 [0. 0. 0. ... 0. 0. 0.]
 [0. 0. 0. ... 0. 0. 0.]]","[[0. 0. 0. ... 0. 0. 0.]
 [0. 0. 0. ... 0. 0. 0.]
 [0. 0. 0. ... 0. 0. 0.]
 ...
 [0. 0. 0. ... 0. 0. 0.]
 [0. 0. 0. ... 0. 0. 0.]
 [0. 0. 0. ... 0. 0. 0.]]",0.5523328227034092,0.3011333737218645
422,3,20.0,25.0,0.05,1e-05,0.03,0.5000000000000001,35.90689853641362,0.5370819927692461,0.7299314789702476,"[[[0.9996266 1.0005373 1.0001256 ... 1.0000608 0.9997865 0.9997063]
  [1.0000114 0.9998782 0.9997414 ... 1.0001521 1.0003355 1.0003186]
  [1.0001014 0.9998187 0.9998544 ... 1.00097   1.0001423 0.9999936]
  ...
  [0.9998434 0.9999204 1.0005177 ... 0.9998121 0.9997501 1.0000064]
  [0.9998567 1.0004282 1.0003484 ... 0.9996348 1.000166  0.9997515]
  [0.9991356 0.9997879 0.9994703 ... 0.9997531 1.000332  1.0002577]]

 [[0.9996631 1.000499  1.000213  ... 0.9997368 0.9997158 0.9999903]
  [0.9997822 1.0001647 0.9994487 ... 1.0001515 1.0001454 1.0003182]
  [1.0000806 0.9999348 0.9993894 ... 0.9998846 0.9999189 1.0001104]
  ...
  [0.9998427 0.9999209 1.0005172 ... 1.0002512 1.000165  1.000166 ]
  [0.9998565 1.0004277 1.0001049 ... 1.000459  0.9993182 0.9992361]
  [1.0001236 0.9997879 0.999916  ... 0.9999458 1.000045  1.0004258]]]","[[[0.00000000e+00 0.00000000e+00 0.00000000e+00 ... 0.00000000e+00
   0.00000000e+00 0.00000000e+00]
  [0.00000000e+00 0.00000000e+00 0.00000000e+00 ... 2.79167341e-06
   0.00000000e+00 0.00000000e+00]
  [0.00000000e+00 0.00000000e+00 0.00000000e+00 ... 0.00000000e+00
   0.00000000e+00 0.00000000e+00]
  ...
  [0.00000000e+00 0.00000000e+00 0.00000000e+00 ... 2.49287178e-05
   1.25997126e-05 0.00000000e+00]
  [0.00000000e+00 0.00000000e+00 0.00000000e+00 ... 9.09627562e-05
   0.00000000e+00 0.00000000e+00]
  [6.83886663e-05 0.00000000e+00 0.00000000e+00 ... 0.00000000e+00
   0.00000000e+00 5.97195879e-06]]

 [[9.80258439e-05 5.95538537e-05 7.28570847e-05 ... 8.09144424e-05
   6.92430573e-05 2.68283162e-05]
  [1.12436486e-04 2.60134566e-05 1.50285510e-04 ... 1.48306160e-06
   4.82744989e-05 3.25962760e-05]
  [6.36875748e-05 5.91364959e-05 1.64054415e-04 ... 1.57040998e-04
   6.97190622e-05 3.43662338e-05]
  ...
  [1.11065855e-04 1.20025792e-04 9.09078868e-05 ... 0.00000000e+00
   1.15465439e-05 5.37546268e-05]
  [1.01550543e-04 7.72919173e-05 1.45299707e-04 ... 0.00000000e+00
   2.13980378e-04 1.86766055e-04]
  [0.00000000e+00 1.17722966e-04 6.28540706e-05 ... 1.88367982e-05
   7.88954352e-05 1.59962198e-05]]]","[[0. 0. 0. ... 0. 0. 0.]
 [0. 0. 0. ... 0. 0. 0.]
 [0. 0. 0. ... 0. 0. 0.]
 ...
 [0. 0. 0. ... 0. 0. 0.]
 [0. 0. 0. ... 0. 0. 0.]
 [0. 0. 0. ... 0. 0. 0.]]","[[0. 0. 0. ... 0. 0. 0.]
 [0. 0. 0. ... 0. 0. 0.]
 [0. 0. 0. ... 0. 0. 0.]
 ...
 [0. 0. 0. ... 0. 0. 0.]
 [0. 0. 0. ... 0. 0. 0.]
 [0. 0. 0. ... 0. 0. 0.]]",0.5457380463251222,0.38800114689187937
422,3,20.0,25.0,0.0,1e-05,0.01,0.6000000000000001,0.3165109317346956,0.6382535075790242,0.640273649702692,"[[[0.9996266 1.0005372 1.0001253 ... 1.0000603 0.999786  0.9997058]
  [1.0000114 0.9998777 0.9997408 ... 1.0001515 1.0003349 1.0003183]
  [1.0001011 0.9998182 0.9993895 ... 1.0002918 1.0001419 0.9999933]
  ...
  [0.9990144 0.9999198 1.0005172 ... 0.9998115 0.9997495 1.0000058]
  [0.9998565 1.0004278 1.000348  ... 0.9996342 1.0001655 0.9997511]
  [0.9991354 0.9997878 0.99947   ... 0.9997526 1.0003316 1.0002571]]

 [[0.9996266 1.0005372 1.0001256 ... 1.0000607 0.9997862 0.9997062]
  [1.0000113 0.9998776 0.9997409 ... 1.0001518 1.0003351 1.0003184]
  [1.0001009 0.9998181 0.9993893 ... 1.0009694 1.0001419 0.9999934]
  ...
  [0.9998427 0.9999196 1.0005174 ... 0.9998115 0.9997496 1.0000058]
  [0.9998564 1.0004277 1.0003482 ... 1.000459  1.0001657 0.9997514]
  [0.9991356 0.9997877 0.9994702 ... 0.9997528 1.0003318 1.0002576]]]","[[[5.32147832e-04 0.00000000e+00 0.00000000e+00 ... 0.00000000e+00
   3.04420065e-04 4.18096672e-04]
  [0.00000000e+00 1.74610502e-04 3.69058115e-04 ... 0.00000000e+00
   0.00000000e+00 0.00000000e+00]
  [0.00000000e+00 2.59376153e-04 8.70711333e-04 ... 0.00000000e+00
   0.00000000e+00 9.35702345e-06]
  ...
  [0.00000000e+00 1.14814187e-04 0.00000000e+00 ... 2.68644072e-04
   3.56652897e-04 0.00000000e+00]
  [2.04680712e-04 0.00000000e+00 0.00000000e+00 ... 0.00000000e+00
   0.00000000e+00 3.53866599e-04]
  [1.23177059e-03 3.02693755e-04 7.54848513e-04 ... 3.51909302e-04
   0.00000000e+00 0.00000000e+00]]

 [[0.00000000e+00 1.28752870e-03 3.02029121e-04 ... 1.46273237e-04
   0.00000000e+00 0.00000000e+00]
  [2.68664107e-05 0.00000000e+00 0.00000000e+00 ... 3.64340755e-04
   8.03820419e-04 7.63549652e-04]
  [2.41228097e-04 0.00000000e+00 0.00000000e+00 ... 3.86348724e-03
   3.40078209e-04 0.00000000e+00]
  ...
  [1.50814190e-03 0.00000000e+00 1.24037649e-03 ... 0.00000000e+00
   0.00000000e+00 1.39919414e-05]
  [0.00000000e+00 1.02500358e-03 8.35249847e-04 ... 2.97614580e-03
   3.97780553e-04 0.00000000e+00]
  [0.00000000e+00 0.00000000e+00 0.00000000e+00 ... 0.00000000e+00
   7.95552437e-04 6.18641642e-04]]]","[[0. 0. 0. ... 0. 0. 0.]
 [0. 0. 0. ... 0. 0. 0.]
 [0. 0. 0. ... 0. 0. 0.]
 ...
 [0. 0. 0. ... 0. 0. 0.]
 [0. 0. 0. ... 0. 0. 0.]
 [0. 0. 0. ... 0. 0. 0.]]","[[0. 0. 0. ... 0. 0. 0.]
 [0. 0. 0. ... 0. 0. 0.]
 [0. 0. 0. ... 0. 0. 0.]
 ...
 [0. 0. 0. ... 0. 0. 0.]
 [0. 0. 0. ... 0. 0. 0.]
 [0. 0. 0. ... 0. 0. 0.]]",0.24340485206835846,0.11807757203730469
422,3,20.0,25.0,0.0,1e-05,0.02,0.6000000000000001,7.378012105029113,0.6382535075790242,0.6853439286289775,"[[[0.9996631 1.0004992 1.0002131 ... 0.9997368 0.999737  0.9999908]
  [0.9997821 1.0001646 0.9994487 ... 1.0001518 1.0001454 1.0003186]
  [1.0000803 0.9999345 0.9993892 ... 1.0002916 0.999919  1.0001107]
  ...
  [0.9998429 0.999921  1.0005172 ... 1.000251  1.0001653 1.0001665]
  [0.9998567 1.0004278 1.000105  ... 1.0004591 0.999716  1.0001082]
  [1.0001235 0.9997877 0.999916  ... 0.9999459 1.0000451 1.000426 ]]

 [[0.9996631 1.0004994 1.0002131 ... 0.9997371 0.9997159 0.999991 ]
  [0.9997824 1.0005575 0.999449  ... 1.0001521 1.0001458 1.0003192]
  [1.0000803 0.999935  0.9993894 ... 0.9998852 0.9999194 1.0001113]
  ...
  [0.9998431 0.9999215 1.0005174 ... 1.0002512 1.0001653 1.0001667]
  [0.9998568 1.0004283 1.0001049 ... 1.000459  0.999716  1.0001082]
  [1.0001237 0.9997882 0.999916  ... 0.9999459 1.000045  1.0004259]]]","[[[4.80074734e-04 0.00000000e+00 0.00000000e+00 ... 3.74244728e-04
   4.32962516e-04 1.25904542e-05]
  [3.09698286e-04 0.00000000e+00 7.84852515e-04 ... 0.00000000e+00
   0.00000000e+00 0.00000000e+00]
  [0.00000000e+00 9.20233893e-05 8.69901378e-04 ... 7.05762084e-04
   1.14263796e-04 0.00000000e+00]
  ...
  [2.23219756e-04 1.11212544e-04 0.00000000e+00 ... 0.00000000e+00
   0.00000000e+00 0.00000000e+00]
  [2.03845837e-04 0.00000000e+00 0.00000000e+00 ... 0.00000000e+00
   4.04719818e-04 0.00000000e+00]
  [0.00000000e+00 3.01054145e-04 1.19665205e-04 ... 7.71138971e-05
   0.00000000e+00 0.00000000e+00]]

 [[0.00000000e+00 1.19723846e-03 5.10974024e-04 ... 0.00000000e+00
   0.00000000e+00 0.00000000e+00]
  [0.00000000e+00 2.22983517e-03 0.00000000e+00 ... 3.65492933e-04
   3.50342624e-04 7.66640766e-04]
  [1.92623381e-04 0.00000000e+00 0.00000000e+00 ... 0.00000000e+00
   0.00000000e+00 2.68286210e-04]
  ...
  [0.00000000e+00 0.00000000e+00 1.24039521e-03 ... 6.02404008e-04
   3.96384164e-04 3.99797002e-04]
  [0.00000000e+00 1.02779640e-03 2.51231246e-04 ... 1.09986173e-03
   0.00000000e+00 2.59494438e-04]
  [2.97186043e-04 0.00000000e+00 0.00000000e+00 ... 0.00000000e+00
   1.07472714e-04 1.02072254e-03]]]","[[0. 0. 0. ... 0. 0. 0.]
 [0. 0. 0. ... 0. 0. 0.]
 [0. 0. 0. ... 0. 0. 0.]
 ...
 [0. 0. 0. ... 0. 0. 0.]
 [0. 0. 0. ... 0. 0. 0.]
 [0. 0. 0. ... 0. 0. 0.]]","[[0. 0. 0. ... 0. 0. 0.]
 [0. 0. 0. ... 0. 0. 0.]
 [0. 0. 0. ... 0. 0. 0.]
 ...
 [0. 0. 0. ... 0. 0. 0.]
 [0. 0. 0. ... 0. 0. 0.]
 [0. 0. 0. ... 0. 0. 0.]]",0.3989693874564526,0.27494451230224876
422,3,20.0,25.0,0.0,1e-05,0.03,0.6000000000000001,8.47758982295453,0.6382535075790241,0.6923620219821938,"[[[0.9996631 1.0004994 1.0002135 ... 0.9997366 0.9997158 0.9999909]
  [0.999782  1.000557  0.9994487 ... 1.0001514 1.0001454 1.0003186]
  [1.0000802 0.9999344 0.9993893 ... 0.9998844 0.9999189 1.0001107]
  ...
  [0.9998428 0.9999209 1.0005172 ... 1.0002512 1.0001655 1.0001667]
  [0.9998566 1.0004278 1.000105  ... 1.000459  0.9993186 0.9992366]
  [1.0001234 0.9997878 0.999916  ... 0.9999458 1.0000452 1.000426 ]]

 [[0.9996266 1.0005374 1.0001261 ... 1.000061  0.9997868 0.9997069]
  [1.0000114 0.999878  0.9997414 ... 1.0001521 1.0003355 1.000319 ]
  [1.000101  0.9998184 0.9998544 ... 1.00097   1.0001425 0.9999942]
  ...
  [0.9990146 0.9999202 1.0005178 ... 0.9998119 0.9997501 1.0000068]
  [0.9998568 1.0004283 1.0003488 ... 1.0004593 1.000166  0.9997518]
  [0.9991356 0.9997881 0.9994706 ... 0.9997529 1.000332  1.0002578]]]","[[[5.80953104e-04 0.00000000e+00 0.00000000e+00 ... 0.00000000e+00
   2.09104510e-04 7.96615724e-04]
  [0.00000000e+00 1.07963317e-03 0.00000000e+00 ... 0.00000000e+00
   0.00000000e+00 0.00000000e+00]
  [0.00000000e+00 4.13614370e-04 0.00000000e+00 ... 0.00000000e+00
   0.00000000e+00 1.63757876e-04]
  ...
  [2.51038956e-03 1.14715375e-04 0.00000000e+00 ... 8.54212142e-04
   9.10443119e-04 2.03644600e-04]
  [2.03727410e-04 0.00000000e+00 0.00000000e+00 ... 0.00000000e+00
   0.00000000e+00 0.00000000e+00]
  [2.55060256e-03 3.01580755e-04 1.34904882e-03 ... 6.09658801e-04
   0.00000000e+00 0.00000000e+00]]

 [[0.00000000e+00 1.37449637e-03 1.03558892e-04 ... 8.84325151e-04
   0.00000000e+00 0.00000000e+00]
  [5.49288054e-04 0.00000000e+00 4.57625703e-05 ... 3.66214791e-04
   1.23622175e-03 7.65457059e-04]
  [2.89174342e-04 0.00000000e+00 7.09156657e-04 ... 4.79285393e-03
   8.50022206e-04 0.00000000e+00]
  ...
  [0.00000000e+00 0.00000000e+00 1.24253480e-03 ... 0.00000000e+00
   0.00000000e+00 0.00000000e+00]
  [0.00000000e+00 1.02772793e-03 1.39049480e-03 ... 1.10173385e-03
   2.32629574e-03 5.77382197e-04]
  [0.00000000e+00 0.00000000e+00 0.00000000e+00 ... 0.00000000e+00
   1.44810564e-03 2.35571220e-04]]]","[[0. 0. 0. ... 0. 0. 0.]
 [0. 0. 0. ... 0. 0. 0.]
 [0. 0. 0. ... 0. 0. 0.]
 ...
 [0. 0. 0. ... 0. 0. 0.]
 [0. 0. 0. ... 0. 0. 0.]
 [0. 0. 0. ... 0. 0. 0.]]","[[0. 0. 0. ... 0. 0. 0.]
 [0. 0. 0. ... 0. 0. 0.]
 [0. 0. 0. ... 0. 0. 0.]
 ...
 [0. 0. 0. ... 0. 0. 0.]
 [0. 0. 0. ... 0. 0. 0.]
 [0. 0. 0. ... 0. 0. 0.]]",0.37486997594719706,0.23803823031345586
422,3,20.0,25.0,0.05,1e-05,0.01,0.6000000000000001,6.027833823025255,0.6382535075790242,0.6767263683855177,"[[[1.0009124 1.0000356 1.0000834 ... 0.9997641 0.9997158 0.999708 ]
  [1.000083  1.0001646 1.0003706 ... 1.000385  1.0002817 0.9998949]
  [1.0001278 1.0001372 0.9998541 ... 1.000292  1.0001967 1.0001582]
  ...
  [1.000564  1.0003282 1.0000209 ... 0.9994283 1.0003783 0.9998974]
  [0.9999944 1.0005203 0.9997609 ... 1.0001034 0.9997161 0.9992366]
  [0.9999469 0.9993099 0.9999157 ... 0.9999458 0.9999538 0.9997253]]

 [[0.9996631 1.0004996 1.0002134 ... 0.9997371 0.999716  0.9999911]
  [0.9997823 1.0005575 0.999449  ... 1.0001521 1.0001457 1.0003192]
  [1.0000803 0.9999348 0.9993895 ... 1.000292  0.9999193 1.0001111]
  ...
  [0.999843  0.9999214 1.0005174 ... 1.0002512 1.0001653 1.0001669]
  [0.9998565 1.000428  1.000105  ... 1.0004591 0.9997161 0.9992368]
  [1.0001236 0.9997879 0.9999161 ... 0.9999459 1.0000453 1.0004265]]]","[[[0.00000000e+00 3.99981976e-05 0.00000000e+00 ... 0.00000000e+00
   0.00000000e+00 0.00000000e+00]
  [0.00000000e+00 4.41160486e-05 0.00000000e+00 ... 0.00000000e+00
   0.00000000e+00 3.18639098e-05]
  [0.00000000e+00 0.00000000e+00 0.00000000e+00 ... 0.00000000e+00
   0.00000000e+00 0.00000000e+00]
  ...
  [0.00000000e+00 0.00000000e+00 2.31858213e-05 ... 7.12413628e-05
   0.00000000e+00 0.00000000e+00]
  [0.00000000e+00 0.00000000e+00 0.00000000e+00 ... 3.14536872e-05
   0.00000000e+00 0.00000000e+00]
  [0.00000000e+00 0.00000000e+00 0.00000000e+00 ... 0.00000000e+00
   0.00000000e+00 6.46840991e-05]]

 [[2.50144464e-04 0.00000000e+00 4.45369578e-05 ... 6.35340324e-05
   7.82307075e-05 3.01814889e-05]
  [1.16645626e-04 0.00000000e+00 2.09149118e-04 ... 6.23824590e-05
   6.32859276e-05 0.00000000e+00]
  [6.53300864e-05 8.77138218e-05 1.46691937e-04 ... 2.64645252e-05
   1.01581345e-04 6.41421696e-05]
  ...
  [1.88183954e-04 1.51090981e-04 1.10008927e-05 ... 0.00000000e+00
   9.14577102e-05 3.32459852e-05]
  [1.05844941e-04 7.35210194e-05 5.35521723e-05 ... 0.00000000e+00
   8.87727224e-05 1.26648173e-04]
  [4.57888977e-05 4.04541686e-05 1.00495185e-04 ... 5.68682270e-05
   4.94349492e-05 0.00000000e+00]]]","[[0. 0. 0. ... 0. 0. 0.]
 [0. 0. 0. ... 0. 0. 0.]
 [0. 0. 0. ... 0. 0. 0.]
 ...
 [0. 0. 0. ... 0. 0. 0.]
 [0. 0. 0. ... 0. 0. 0.]
 [0. 0. 0. ... 0. 0. 0.]]","[[0. 0. 0. ... 0. 0. 0.]
 [0. 0. 0. ... 0. 0. 0.]
 [0. 0. 0. ... 0. 0. 0.]
 ...
 [0. 0. 0. ... 0. 0. 0.]
 [0. 0. 0. ... 0. 0. 0.]
 [0. 0. 0. ... 0. 0. 0.]]",0.5451671714274705,0.2595794626887336
422,3,20.0,25.0,0.05,1e-05,0.02,0.6000000000000001,16.726458500617223,0.6382535075790242,0.7450107156529635,"[[[0.9996631 1.0004992 1.0002133 ... 0.9997368 0.9997159 0.9999913]
  [0.9997821 1.0005574 0.9994488 ... 1.0001518 1.0001456 1.0003189]
  [1.0000801 0.9999347 0.9993893 ... 0.9998848 0.9999192 1.0001113]
  ...
  [0.9998426 0.9999211 1.0005171 ... 1.0002512 1.0001652 1.0001667]
  [0.9998565 1.000428  1.000105  ... 1.0004591 0.9997161 1.0001088]
  [1.0001233 0.9997877 0.9999157 ... 0.9999458 1.0000451 1.0004258]]

 [[0.9996631 1.0004997 1.0002134 ... 0.9997375 0.9997163 0.9999911]
  [0.9997823 1.0005575 0.9994491 ... 1.0001523 1.0001462 1.000319 ]
  [1.0000806 0.999935  0.9993896 ... 0.9998854 0.9999195 1.0001111]
  ...
  [0.9998433 0.9999217 1.0005176 ... 1.0002515 1.0001656 1.0001669]
  [0.9998568 1.0004282 1.0001051 ... 1.0004593 0.9997163 0.9992368]
  [1.0001237 0.9997882 0.9999163 ... 0.999946  1.0000457 1.0004267]]]","[[[0.00000000e+00 8.68448737e-06 0.00000000e+00 ... 0.00000000e+00
   0.00000000e+00 0.00000000e+00]
  [0.00000000e+00 1.32249092e-05 0.00000000e+00 ... 0.00000000e+00
   0.00000000e+00 6.23721834e-07]
  [0.00000000e+00 0.00000000e+00 0.00000000e+00 ... 0.00000000e+00
   0.00000000e+00 0.00000000e+00]
  ...
  [0.00000000e+00 0.00000000e+00 6.25510928e-06 ... 0.00000000e+00
   0.00000000e+00 0.00000000e+00]
  [0.00000000e+00 4.37511923e-06 0.00000000e+00 ... 1.25958445e-05
   0.00000000e+00 0.00000000e+00]
  [0.00000000e+00 0.00000000e+00 0.00000000e+00 ... 0.00000000e+00
   0.00000000e+00 1.41270416e-05]]

 [[5.68520571e-05 3.48688449e-06 2.49221740e-05 ... 3.84602336e-05
   4.46045754e-05 3.03866680e-05]
  [5.16965933e-05 0.00000000e+00 7.20669654e-05 ... 1.20728886e-05
   1.88332861e-05 1.06152674e-05]
  [3.35398879e-05 4.11824419e-05 7.30196748e-05 ... 3.35270078e-05
   3.89194940e-05 3.11845543e-05]
  ...
  [4.30869317e-05 4.46513076e-05 8.03947899e-06 ... 1.02382353e-05
   1.57430298e-05 1.39552625e-05]
  [3.61114819e-05 8.08021358e-06 3.68234106e-05 ... 0.00000000e+00
   4.07742212e-05 1.83209572e-04]
  [2.15209480e-05 5.22919877e-05 4.76834997e-05 ... 2.73818065e-05
   1.90139363e-05 0.00000000e+00]]]","[[0. 0. 0. ... 0. 0. 0.]
 [0. 0. 0. ... 0. 0. 0.]
 [0. 0. 0. ... 0. 0. 0.]
 ...
 [0. 0. 0. ... 0. 0. 0.]
 [0. 0. 0. ... 0. 0. 0.]
 [0. 0. 0. ... 0. 0. 0.]]","[[0. 0. 0. ... 0. 0. 0.]
 [0. 0. 0. ... 0. 0. 0.]
 [0. 0. 0. ... 0. 0. 0.]
 ...
 [0. 0. 0. ... 0. 0. 0.]
 [0. 0. 0. ... 0. 0. 0.]
 [0. 0. 0. ... 0. 0. 0.]]",0.5492479002656755,0.3140609125945248
422,3,20.0,25.0,0.05,1e-05,0.03,0.6000000000000001,26.16310600167878,0.6382535075790241,0.8052404493263571,"[[[0.9996631 1.0004994 1.0002134 ... 0.9997366 0.9997368 0.9999908]
  [0.9997818 1.000557  0.9994488 ... 1.0001518 1.0001452 1.0003184]
  [1.0000802 0.9999345 0.9993894 ... 1.0002913 0.9999191 1.0001107]
  ...
  [0.9998427 0.9999209 1.0005171 ... 1.000251  1.0001653 1.0001665]
  [0.9998565 1.0004278 1.000105  ... 1.0004591 0.9993186 0.9982738]
  [1.0001236 0.999788  0.9999161 ... 0.9999459 1.0000452 1.000426 ]]

 [[0.9996631 1.0004997 1.000214  ... 0.9997374 0.9997164 0.9999914]
  [0.9997823 1.0005575 0.9994494 ... 1.0001523 1.0001462 1.0003192]
  [1.000081  0.9999354 0.9998546 ... 0.9998858 0.9999201 1.0001117]
  ...
  [0.9998435 0.9999218 1.0005182 ... 1.0002521 1.000166  1.0001674]
  [0.999857  1.0004287 1.0001056 ... 1.0004598 0.9997168 1.000109 ]
  [1.0001239 0.9997884 0.9999163 ... 0.9999466 1.0000454 1.0004265]]]","[[[0.00000000e+00 0.00000000e+00 0.00000000e+00 ... 0.00000000e+00
   0.00000000e+00 0.00000000e+00]
  [0.00000000e+00 0.00000000e+00 0.00000000e+00 ... 0.00000000e+00
   0.00000000e+00 0.00000000e+00]
  [0.00000000e+00 0.00000000e+00 2.60039447e-06 ... 0.00000000e+00
   0.00000000e+00 0.00000000e+00]
  ...
  [0.00000000e+00 0.00000000e+00 0.00000000e+00 ... 0.00000000e+00
   0.00000000e+00 0.00000000e+00]
  [0.00000000e+00 0.00000000e+00 0.00000000e+00 ... 0.00000000e+00
   0.00000000e+00 1.43769418e-04]
  [0.00000000e+00 0.00000000e+00 0.00000000e+00 ... 0.00000000e+00
   0.00000000e+00 0.00000000e+00]]

 [[1.17944567e-04 5.74524421e-05 7.06804693e-05 ... 9.96865648e-05
   1.11583835e-04 9.44116604e-05]
  [1.02406830e-04 4.56154626e-05 1.15929816e-04 ... 6.25212163e-05
   7.14109499e-05 6.41036769e-05]
  [7.57683192e-05 8.35432362e-05 2.03748449e-05 ... 1.27744348e-04
   8.16954454e-05 7.47890001e-05]
  ...
  [1.26040624e-04 1.12975852e-04 6.51783028e-05 ... 9.07667284e-05
   1.06353101e-04 1.12730718e-04]
  [1.27019420e-04 7.40210982e-05 9.20201642e-05 ... 7.37267784e-05
   8.87743265e-05 0.00000000e+00]
  [9.67184856e-05 1.13807831e-04 9.87797455e-05 ... 9.84390351e-05
   1.00500810e-04 8.29477297e-05]]]","[[0. 0. 0. ... 0. 0. 0.]
 [0. 0. 0. ... 0. 0. 0.]
 [0. 0. 0. ... 0. 0. 0.]
 ...
 [0. 0. 0. ... 0. 0. 0.]
 [0. 0. 0. ... 0. 0. 0.]
 [0. 0. 0. ... 0. 0. 0.]]","[[0. 0. 0. ... 0. 0. 0.]
 [0. 0. 0. ... 0. 0. 0.]
 [0. 0. 0. ... 0. 0. 0.]
 ...
 [0. 0. 0. ... 0. 0. 0.]
 [0. 0. 0. ... 0. 0. 0.]
 [0. 0. 0. ... 0. 0. 0.]]",0.537715545918114,0.4201967494118819
422,3,20.0,25.0,0.0,1e-05,0.01,0.7000000000000002,3.0520348063840155,0.7348873926166706,0.7124583736062818,"[[[0.9996631 1.0004992 1.0002131 ... 0.9997369 0.999737  0.999991 ]
  [0.9997823 1.0005572 0.9994487 ... 1.0001518 1.0001454 1.0003189]
  [1.0000803 0.9999347 0.9993893 ... 1.0002918 0.9999191 1.0001109]
  ...
  [0.999843  0.9999212 1.0005174 ... 1.0002514 1.0001653 1.0001668]
  [0.9998566 1.000428  1.0001049 ... 1.0004591 0.999716  0.9982738]
  [1.0001237 0.9997881 0.999916  ... 0.999946  1.000045  1.000426 ]]

 [[0.9996631 1.0004994 1.000213  ... 0.9997367 0.9997368 0.9999907]
  [0.9997822 1.0001647 0.9994488 ... 1.0001518 1.0001453 1.0003185]
  [1.0000803 0.9999348 0.9993894 ... 0.9998848 0.9999191 1.0001106]
  ...
  [0.9998427 0.9999209 1.0005171 ... 1.0002514 1.0001653 1.0001667]
  [0.9998563 1.0004276 1.0001045 ... 1.0004592 0.9997159 1.000108 ]
  [1.0001231 0.9997875 0.9999156 ... 0.9999459 1.000045  1.0004258]]]","[[[4.80047123e-04 0.00000000e+00 0.00000000e+00 ... 3.75376153e-04
   3.75371323e-04 1.36298409e-05]
  [3.10483461e-04 2.88717122e-04 7.85485328e-04 ... 0.00000000e+00
   0.00000000e+00 0.00000000e+00]
  [0.00000000e+00 9.27324022e-05 8.70039518e-04 ... 7.07217024e-04
   1.15228094e-04 0.00000000e+00]
  ...
  [2.24506954e-04 1.13075579e-04 0.00000000e+00 ... 0.00000000e+00
   0.00000000e+00 0.00000000e+00]
  [2.05143216e-04 0.00000000e+00 0.00000000e+00 ... 0.00000000e+00
   4.04863064e-04 0.00000000e+00]
  [0.00000000e+00 3.03558551e-04 1.20793646e-04 ... 7.72550184e-05
   0.00000000e+00 0.00000000e+00]]

 [[0.00000000e+00 1.19728896e-03 5.10459767e-04 ... 0.00000000e+00
   0.00000000e+00 0.00000000e+00]
  [0.00000000e+00 0.00000000e+00 0.00000000e+00 ... 3.63844109e-04
   3.48140802e-04 7.62794840e-04]
  [1.92661082e-04 0.00000000e+00 0.00000000e+00 ... 0.00000000e+00
   0.00000000e+00 2.64710244e-04]
  ...
  [0.00000000e+00 0.00000000e+00 1.23903981e-03 ... 6.02742121e-04
   3.96425495e-04 3.99299486e-04]
  [0.00000000e+00 1.02422370e-03 2.49866405e-04 ... 1.10101225e-03
   0.00000000e+00 4.43474390e-03]
  [2.93903869e-04 0.00000000e+00 0.00000000e+00 ... 0.00000000e+00
   1.07775834e-04 1.02020450e-03]]]","[[0. 0. 0. ... 0. 0. 0.]
 [0. 0. 0. ... 0. 0. 0.]
 [0. 0. 0. ... 0. 0. 0.]
 ...
 [0. 0. 0. ... 0. 0. 0.]
 [0. 0. 0. ... 0. 0. 0.]
 [0. 0. 0. ... 0. 0. 0.]]","[[0. 0. 0. ... 0. 0. 0.]
 [0. 0. 0. ... 0. 0. 0.]
 [0. 0. 0. ... 0. 0. 0.]
 ...
 [0. 0. 0. ... 0. 0. 0.]
 [0. 0. 0. ... 0. 0. 0.]
 [0. 0. 0. ... 0. 0. 0.]]",0.2379620181191253,0.13086258733308442
422,3,20.0,25.0,0.0,1e-05,0.02,0.7000000000000002,0.5156827828453324,0.7348873926166706,0.7310977048596454,"[[[0.9996631 1.0004995 1.0002133 ... 0.9997366 0.9997158 0.9999908]
  [0.9997823 1.0005574 0.9994488 ... 1.0001515 1.0001456 1.0003186]
  [1.0000803 0.9999349 0.9993894 ... 0.9998846 0.9999192 1.0001109]
  ...
  [0.999843  0.9999213 1.0005175 ... 1.0002513 1.0001655 1.0001669]
  [0.9998568 1.0004281 1.0001051 ... 1.0004592 0.9997163 0.9982738]
  [1.0001236 0.9997879 0.9999161 ... 0.9999458 1.0000452 1.000426 ]]

 [[0.9996266 1.0005374 1.0001261 ... 1.0000612 0.9997868 0.999707 ]
  [1.0000114 0.9998779 0.9997415 ... 1.0001523 1.0003358 1.0003192]
  [1.0001011 0.9998183 0.9998544 ... 1.00097   1.0001425 0.9999942]
  ...
  [0.9990146 0.9999201 1.000518  ... 0.9998121 0.9997501 1.0000068]
  [0.9998567 1.0004283 1.0003489 ... 1.0004596 1.0001662 0.9997521]
  [1.0001236 0.9997882 0.9994709 ... 0.9997534 1.0003324 1.0002583]]]","[[[5.80923269e-04 0.00000000e+00 0.00000000e+00 ... 0.00000000e+00
   2.09076845e-04 7.96340555e-04]
  [0.00000000e+00 1.08040067e-03 0.00000000e+00 ... 0.00000000e+00
   0.00000000e+00 0.00000000e+00]
  [0.00000000e+00 4.14463952e-04 0.00000000e+00 ... 0.00000000e+00
   0.00000000e+00 1.63890590e-04]
  ...
  [2.51060913e-03 1.15413946e-04 0.00000000e+00 ... 8.53691303e-04
   9.10425042e-04 2.03945015e-04]
  [2.04345285e-04 0.00000000e+00 0.00000000e+00 ... 0.00000000e+00
   0.00000000e+00 0.00000000e+00]
  [0.00000000e+00 3.01382326e-04 1.34827586e-03 ... 6.08155426e-04
   0.00000000e+00 0.00000000e+00]]

 [[0.00000000e+00 1.37427514e-03 1.04151522e-04 ... 8.84924640e-04
   0.00000000e+00 0.00000000e+00]
  [5.48661180e-04 0.00000000e+00 4.62369815e-05 ... 3.67105134e-04
   1.23766390e-03 7.66619939e-04]
  [2.89511336e-04 0.00000000e+00 7.08935159e-04 ... 4.79249730e-03
   8.49381641e-04 0.00000000e+00]
  ...
  [0.00000000e+00 0.00000000e+00 1.24259918e-03 ... 0.00000000e+00
   0.00000000e+00 0.00000000e+00]
  [0.00000000e+00 1.02722933e-03 1.39082911e-03 ... 1.10233902e-03
   1.42182081e-03 2.77167396e-03]
  [2.96347839e-04 0.00000000e+00 0.00000000e+00 ... 0.00000000e+00
   1.44981893e-03 2.37848058e-04]]]","[[0. 0. 0. ... 0. 0. 0.]
 [0. 0. 0. ... 0. 0. 0.]
 [0. 0. 0. ... 0. 0. 0.]
 ...
 [0. 0. 0. ... 0. 0. 0.]
 [0. 0. 0. ... 0. 0. 0.]
 [0. 0. 0. ... 0. 0. 0.]]","[[0. 0. 0. ... 0. 0. 0.]
 [0. 0. 0. ... 0. 0. 0.]
 [0. 0. 0. ... 0. 0. 0.]
 ...
 [0. 0. 0. ... 0. 0. 0.]
 [0. 0. 0. ... 0. 0. 0.]
 [0. 0. 0. ... 0. 0. 0.]]",0.2842256466916049,0.15852128126381007
422,3,20.0,25.0,0.0,1e-05,0.03,0.7000000000000002,2.867806622042691,0.7348873926166706,0.7559625419266883,"[[[1.0009124 1.0000359 1.0000837 ... 0.9997642 0.999716  0.9997081]
  [1.0000831 1.000165  1.0003706 ... 1.000385  1.0003937 0.9998948]
  [1.0001278 1.0001374 0.999854  ... 1.000292  1.0001968 1.0001582]
  ...
  [1.000564  1.0003284 1.000021  ... 0.9994286 1.0003785 0.9998975]
  [0.9999945 1.0005207 0.9997611 ... 1.0001037 1.0008446 1.0001082]
  [0.9999469 1.0001462 0.9999162 ... 0.9999461 0.9999539 0.9997253]]

 [[0.9996266 1.0005374 1.0001256 ... 1.000061  0.9997866 0.9997067]
  [1.0000113 0.9998779 0.9997411 ... 1.0001521 1.0003355 1.0003189]
  [1.000101  0.9998184 0.9993896 ... 1.000292  1.000142  0.9999938]
  ...
  [0.999843  0.9999201 1.0005176 ... 0.9998118 0.9997498 1.0000064]
  [0.9998568 1.0004282 1.0003484 ... 0.9996348 1.0001659 0.9997517]
  [1.0001239 0.9997882 0.9994708 ... 0.9997534 1.0003321 1.0002578]]]","[[[2.24738876e-03 0.00000000e+00 0.00000000e+00 ... 0.00000000e+00
   2.09781939e-04 4.19862112e-04]
  [7.96031367e-05 5.56933373e-04 1.20889569e-03 ... 9.40180245e-05
   0.00000000e+00 0.00000000e+00]
  [0.00000000e+00 6.84511163e-04 1.48988645e-03 ... 0.00000000e+00
   0.00000000e+00 2.28149890e-04]
  ...
  [1.18549235e-03 6.58501351e-04 0.00000000e+00 ... 0.00000000e+00
   1.19536818e-03 0.00000000e+00]
  [3.87711874e-04 0.00000000e+00 0.00000000e+00 ... 1.14615671e-03
   6.68661381e-04 8.29599670e-04]
  [0.00000000e+00 7.79349444e-04 1.34873183e-03 ... 6.08524651e-04
   0.00000000e+00 0.00000000e+00]]

 [[0.00000000e+00 2.42862793e-03 3.96695938e-04 ... 8.21616545e-04
   0.00000000e+00 0.00000000e+00]
  [0.00000000e+00 0.00000000e+00 0.00000000e+00 ... 0.00000000e+00
   6.71603463e-04 1.72905135e-03]
  [1.81087892e-04 0.00000000e+00 0.00000000e+00 ... 6.99860356e-04
   2.15673929e-04 0.00000000e+00]
  ...
  [0.00000000e+00 0.00000000e+00 2.37012410e-03 ... 4.20976649e-04
   0.00000000e+00 2.63339810e-04]
  [0.00000000e+00 8.16129160e-04 2.17131781e-03 ... 0.00000000e+00
   0.00000000e+00 0.00000000e+00]
  [6.99505149e-04 0.00000000e+00 0.00000000e+00 ... 0.00000000e+00
   1.65634368e-03 1.82964414e-03]]]","[[0. 0. 0. ... 0. 0. 0.]
 [0. 0. 0. ... 0. 0. 0.]
 [0. 0. 0. ... 0. 0. 0.]
 ...
 [0. 0. 0. ... 0. 0. 0.]
 [0. 0. 0. ... 0. 0. 0.]
 [0. 0. 0. ... 0. 0. 0.]]","[[0. 0. 0. ... 0. 0. 0.]
 [0. 0. 0. ... 0. 0. 0.]
 [0. 0. 0. ... 0. 0. 0.]
 ...
 [0. 0. 0. ... 0. 0. 0.]
 [0. 0. 0. ... 0. 0. 0.]
 [0. 0. 0. ... 0. 0. 0.]]",0.36025419635778727,0.2331433000678904
422,3,20.0,25.0,0.05,1e-05,0.01,0.7000000000000002,0.6909998856113109,0.7348873926166706,0.7399654636590237,"[[[0.9996631 1.0004994 1.000213  ... 0.999737  0.9997368 0.9999909]
  [0.9997826 1.000165  0.9994489 ... 1.0001521 1.0001456 1.000319 ]
  [1.000081  0.9999351 0.9993896 ... 0.9998852 0.9999192 1.0001111]
  ...
  [0.9998433 0.9999215 1.0005175 ... 1.0002517 1.0001653 1.0001668]
  [0.999857  1.0004286 1.0001051 ... 1.0004594 0.9997161 0.9992368]
  [1.0001239 0.9997886 0.9999161 ... 0.9999466 1.0000453 1.0004262]]

 [[0.9996631 1.0004994 1.0002131 ... 0.9997368 0.9997368 0.9999906]
  [0.9997821 1.0005574 0.9994488 ... 1.0001516 1.0001454 1.0003184]
  [1.0000803 0.9999348 0.9993895 ... 0.9998848 0.9999191 1.0001104]
  ...
  [0.9998425 0.9999211 1.0005172 ... 1.0002515 1.0001655 1.0001665]
  [0.9998559 1.0004276 1.0001047 ... 1.0004591 0.999716  0.9992362]
  [1.000123  0.9997875 0.9999156 ... 0.9999458 1.000045  1.0004258]]]","[[[0.00000000e+00 0.00000000e+00 0.00000000e+00 ... 0.00000000e+00
   0.00000000e+00 0.00000000e+00]
  [0.00000000e+00 4.25723985e-05 0.00000000e+00 ... 0.00000000e+00
   0.00000000e+00 0.00000000e+00]
  [0.00000000e+00 0.00000000e+00 0.00000000e+00 ... 0.00000000e+00
   0.00000000e+00 0.00000000e+00]
  ...
  [0.00000000e+00 0.00000000e+00 0.00000000e+00 ... 0.00000000e+00
   0.00000000e+00 0.00000000e+00]
  [0.00000000e+00 0.00000000e+00 0.00000000e+00 ... 0.00000000e+00
   0.00000000e+00 0.00000000e+00]
  [0.00000000e+00 0.00000000e+00 0.00000000e+00 ... 0.00000000e+00
   0.00000000e+00 0.00000000e+00]]

 [[8.42491868e-05 3.21320166e-05 5.18374944e-05 ... 5.54833599e-05
   6.49679144e-05 5.53895516e-05]
  [7.72241555e-05 0.00000000e+00 9.64844257e-05 ... 2.58419055e-05
   3.75045278e-05 3.31011200e-05]
  [5.60304761e-05 6.40585060e-05 9.32496407e-05 ... 4.48631205e-05
   5.54995009e-05 5.12792965e-05]
  ...
  [7.87787104e-05 7.93294852e-05 4.29364608e-05 ... 4.07933583e-05
   4.92100340e-05 5.13278095e-05]
  [7.24219557e-05 4.07915700e-05 6.93577090e-05 ... 2.10103242e-05
   7.35370368e-05 1.08811448e-04]
  [5.28215152e-05 8.25462888e-05 7.72314128e-05 ... 4.85614136e-05
   4.58845444e-05 2.49120615e-05]]]","[[0. 0. 0. ... 0. 0. 0.]
 [0. 0. 0. ... 0. 0. 0.]
 [0. 0. 0. ... 0. 0. 0.]
 ...
 [0. 0. 0. ... 0. 0. 0.]
 [0. 0. 0. ... 0. 0. 0.]
 [0. 0. 0. ... 0. 0. 0.]]","[[0. 0. 0. ... 0. 0. 0.]
 [0. 0. 0. ... 0. 0. 0.]
 [0. 0. 0. ... 0. 0. 0.]
 ...
 [0. 0. 0. ... 0. 0. 0.]
 [0. 0. 0. ... 0. 0. 0.]
 [0. 0. 0. ... 0. 0. 0.]]",0.5463478198005808,0.2822118300109198
422,3,20.0,25.0,0.05,1e-05,0.02,0.7000000000000002,10.169233326085864,0.7348873926166706,0.8096198062558485,"[[[0.9996266 1.0005378 1.0001256 ... 1.0000609 0.9997863 0.9997069]
  [1.0000114 0.9998782 0.9997414 ... 1.000152  1.0003352 1.0003192]
  [1.000101  0.9998186 0.9993896 ... 1.000292  1.000142  0.9999941]
  ...
  [0.9990146 0.9999204 1.0005178 ... 0.9998119 0.9997499 1.0000068]
  [0.9998568 1.0004286 1.0003484 ... 1.0004596 1.0001662 0.9997521]
  [1.0001237 0.9997884 0.9994705 ... 0.9997534 1.0003321 1.000258 ]]

 [[0.9996631 1.0004994 1.0002131 ... 0.9997371 0.9997161 0.9999911]
  [0.9997823 1.0005575 0.9994488 ... 1.000152  1.0001458 1.0003192]
  [1.0000808 0.999935  0.9993895 ... 1.000292  0.9999194 1.000111 ]
  ...
  [0.9998433 0.9999214 1.0005174 ... 1.0002517 1.0001659 1.0001671]
  [0.9998568 1.0004282 1.0001051 ... 1.0004593 0.9997163 0.9992368]
  [1.0001236 0.9997881 0.9999161 ... 0.9999459 1.0000453 1.0004259]]]","[[[0.00000000e+00 0.00000000e+00 0.00000000e+00 ... 0.00000000e+00
   0.00000000e+00 0.00000000e+00]
  [0.00000000e+00 7.71709803e-05 0.00000000e+00 ... 0.00000000e+00
   0.00000000e+00 0.00000000e+00]
  [0.00000000e+00 0.00000000e+00 0.00000000e+00 ... 0.00000000e+00
   0.00000000e+00 0.00000000e+00]
  ...
  [3.00831073e-05 0.00000000e+00 0.00000000e+00 ... 1.16732264e-05
   3.45379949e-06 0.00000000e+00]
  [0.00000000e+00 0.00000000e+00 0.00000000e+00 ... 0.00000000e+00
   0.00000000e+00 0.00000000e+00]
  [0.00000000e+00 0.00000000e+00 0.00000000e+00 ... 0.00000000e+00
   0.00000000e+00 5.06161846e-06]]

 [[8.85937034e-05 4.18781362e-05 4.23868834e-05 ... 1.18641224e-04
   9.15376048e-05 3.29152296e-05]
  [1.10192884e-04 0.00000000e+00 1.25488203e-04 ... 4.79398567e-05
   7.53561547e-05 4.15345967e-05]
  [5.73531966e-05 4.33631225e-05 7.72386603e-05 ... 4.00068546e-05
   9.97825748e-05 4.21692259e-05]
  ...
  [0.00000000e+00 9.35724852e-05 4.33874104e-05 ... 1.76439489e-05
   2.66105537e-05 5.87660328e-05]
  [8.95470319e-05 5.13527663e-05 1.04017330e-04 ... 5.05446123e-05
   1.52736059e-04 1.92533106e-04]
  [6.50310236e-05 9.12059320e-05 2.67649856e-05 ... 5.00354441e-05
   9.97866103e-05 1.79638264e-05]]]","[[0. 0. 0. ... 0. 0. 0.]
 [0. 0. 0. ... 0. 0. 0.]
 [0. 0. 0. ... 0. 0. 0.]
 ...
 [0. 0. 0. ... 0. 0. 0.]
 [0. 0. 0. ... 0. 0. 0.]
 [0. 0. 0. ... 0. 0. 0.]]","[[0. 0. 0. ... 0. 0. 0.]
 [0. 0. 0. ... 0. 0. 0.]
 [0. 0. 0. ... 0. 0. 0.]
 ...
 [0. 0. 0. ... 0. 0. 0.]
 [0. 0. 0. ... 0. 0. 0.]
 [0. 0. 0. ... 0. 0. 0.]]",0.5464225211285695,0.33737237417066224
422,3,20.0,25.0,0.05,1e-05,0.03,0.7000000000000002,18.478719759014194,0.7348873926166706,0.8706851744426315,"[[[0.9996631 1.0004996 1.0002135 ... 0.999737  0.9997159 0.999991 ]
  [0.9997821 1.0005574 0.9994488 ... 1.0001518 1.0001456 1.0003189]
  [1.0000803 0.9999349 0.9993894 ... 1.0002918 0.9999193 1.000111 ]
  ...
  [0.9998428 0.9999212 1.0005171 ... 1.0002513 1.0001653 1.0001667]
  [0.9998565 1.0004281 1.0001049 ... 1.0004591 0.9997161 0.9982738]
  [1.0001235 0.9997881 0.9999163 ... 0.9999459 1.0000452 1.000426 ]]

 [[0.9996266 1.0005373 1.0001256 ... 1.0000608 0.9997863 0.9997066]
  [1.0000113 0.9998778 0.9997409 ... 1.0001519 1.0003352 1.0003189]
  [1.0001009 0.9998181 0.9993894 ... 1.0002918 1.0001419 0.9999938]
  ...
  [0.9990144 0.9999199 1.0005174 ... 0.9998116 0.9997497 1.0000064]
  [0.9998567 1.0004281 1.0003482 ... 1.0004591 1.0001657 0.9997516]
  [1.0001239 0.9997881 0.9994704 ... 0.999753  1.0003319 1.0002578]]]","[[[0.00000000e+00 5.42113596e-05 1.46280188e-05 ... 4.81343888e-05
   2.62407079e-07 0.00000000e+00]
  [3.59439584e-05 0.00000000e+00 2.85905125e-05 ... 1.07931860e-05
   4.28019365e-05 2.37912362e-05]
  [1.22870584e-05 0.00000000e+00 0.00000000e+00 ... 1.77994320e-05
   3.40841439e-05 0.00000000e+00]
  ...
  [0.00000000e+00 2.61570845e-05 5.53217384e-05 ... 0.00000000e+00
   0.00000000e+00 1.16105530e-05]
  [1.33215538e-05 4.96197246e-05 6.94402843e-05 ... 4.67718135e-05
   7.57404627e-05 1.70922082e-04]
  [2.38977859e-05 4.60227191e-06 0.00000000e+00 ... 0.00000000e+00
   6.25992408e-05 7.13052866e-06]]

 [[9.46271698e-06 0.00000000e+00 0.00000000e+00 ... 0.00000000e+00
   0.00000000e+00 3.96180829e-05]
  [0.00000000e+00 7.65096870e-05 0.00000000e+00 ... 0.00000000e+00
   0.00000000e+00 0.00000000e+00]
  [0.00000000e+00 1.16021679e-05 3.33353051e-05 ... 0.00000000e+00
   0.00000000e+00 1.57612382e-05]
  ...
  [1.18179137e-04 0.00000000e+00 0.00000000e+00 ... 2.74360382e-05
   2.60934444e-05 0.00000000e+00]
  [0.00000000e+00 0.00000000e+00 0.00000000e+00 ... 0.00000000e+00
   0.00000000e+00 0.00000000e+00]
  [0.00000000e+00 0.00000000e+00 5.86993999e-05 ... 2.19143438e-05
   0.00000000e+00 0.00000000e+00]]]","[[0. 0. 0. ... 0. 0. 0.]
 [0. 0. 0. ... 0. 0. 0.]
 [0. 0. 0. ... 0. 0. 0.]
 ...
 [0. 0. 0. ... 0. 0. 0.]
 [0. 0. 0. ... 0. 0. 0.]
 [0. 0. 0. ... 0. 0. 0.]]","[[0. 0. 0. ... 0. 0. 0.]
 [0. 0. 0. ... 0. 0. 0.]
 [0. 0. 0. ... 0. 0. 0.]
 ...
 [0. 0. 0. ... 0. 0. 0.]
 [0. 0. 0. ... 0. 0. 0.]
 [0. 0. 0. ... 0. 0. 0.]]",0.527462219658317,0.46514410581349636
422,3,20.0,25.0,0.0,1e-05,0.01,0.8000000000000003,5.914329715565487,0.8268408570765199,0.7779387625660069,"[[[0.9996266 1.0005373 1.0001256 ... 1.0000608 0.9997864 0.9997065]
  [1.0000113 0.9998777 0.999741  ... 1.0001519 1.0003355 1.0003189]
  [1.0001009 0.9998181 0.9993894 ... 1.0002918 1.000142  0.9999938]
  ...
  [0.9990144 0.99992   1.0005175 ... 0.9998116 0.9997496 1.0000063]
  [0.9998567 1.0004282 1.0003484 ... 1.0004591 1.0001657 0.9997515]
  [1.0001235 0.9997879 0.9994703 ... 0.9997528 1.0003318 1.0002576]]

 [[0.9996266 1.0005372 1.0001258 ... 1.0000608 0.9997865 0.9997067]
  [1.0000112 0.9998777 0.9997409 ... 1.0001519 1.0003355 1.000319 ]
  [1.0001009 0.9998183 0.9993896 ... 1.0009698 1.0001423 0.9999941]
  ...
  [0.9990146 0.9999201 1.0005177 ... 0.9998116 0.9997497 1.0000062]
  [0.9998567 1.0004281 1.0003486 ... 1.0004591 1.0001658 0.9997517]
  [0.9991356 0.9997879 0.9994705 ... 0.9997529 1.000332  1.0002578]]]","[[[5.32161346e-04 0.00000000e+00 0.00000000e+00 ... 0.00000000e+00
   3.04086256e-04 4.17746347e-04]
  [0.00000000e+00 1.74295929e-04 3.69391161e-04 ... 0.00000000e+00
   0.00000000e+00 0.00000000e+00]
  [0.00000000e+00 2.58572474e-04 8.69744697e-04 ... 0.00000000e+00
   0.00000000e+00 8.02879603e-06]
  ...
  [1.40433385e-03 1.13661983e-04 0.00000000e+00 ... 2.68482703e-04
   3.56492394e-04 0.00000000e+00]
  [2.04186831e-04 0.00000000e+00 0.00000000e+00 ... 0.00000000e+00
   0.00000000e+00 3.53609337e-04]
  [2.55073515e-03 3.02209565e-04 7.54437803e-04 ... 3.52073298e-04
   0.00000000e+00 0.00000000e+00]]

 [[0.00000000e+00 1.28723284e-03 3.01747890e-04 ... 1.45728403e-04
   0.00000000e+00 0.00000000e+00]
  [2.65586626e-05 0.00000000e+00 0.00000000e+00 ... 3.64070611e-04
   8.04121467e-04 7.64961620e-04]
  [2.41753963e-04 0.00000000e+00 0.00000000e+00 ... 3.86514386e-03
   3.42021795e-04 0.00000000e+00]
  ...
  [0.00000000e+00 0.00000000e+00 1.24148245e-03 ... 0.00000000e+00
   0.00000000e+00 1.45641885e-05]
  [0.00000000e+00 1.02583995e-03 8.35813180e-04 ... 1.10039676e-03
   3.97780116e-04 0.00000000e+00]
  [0.00000000e+00 0.00000000e+00 0.00000000e+00 ... 0.00000000e+00
   7.96376651e-04 6.18653817e-04]]]","[[0. 0. 0. ... 0. 0. 0.]
 [0. 0. 0. ... 0. 0. 0.]
 [0. 0. 0. ... 0. 0. 0.]
 ...
 [0. 0. 0. ... 0. 0. 0.]
 [0. 0. 0. ... 0. 0. 0.]
 [0. 0. 0. ... 0. 0. 0.]]","[[0. 0. 0. ... 0. 0. 0.]
 [0. 0. 0. ... 0. 0. 0.]
 [0. 0. 0. ... 0. 0. 0.]
 ...
 [0. 0. 0. ... 0. 0. 0.]
 [0. 0. 0. ... 0. 0. 0.]
 [0. 0. 0. ... 0. 0. 0.]]",0.24691977169831647,0.15232215261008805
422,3,20.0,25.0,0.0,1e-05,0.02,0.8000000000000003,0.193557960187825,0.8268408570765199,0.8284412733734767,"[[[0.9996266 1.0005373 1.0001256 ... 1.0000608 0.9997863 0.9997063]
  [1.0000113 0.9998778 0.9997409 ... 1.0001519 1.0003352 1.0003186]
  [1.0001007 0.9998181 0.9993893 ... 1.0002918 1.0001419 0.9999934]
  ...
  [0.9998428 0.9999199 1.0005172 ... 0.9998116 0.9997495 1.0000063]
  [0.9998564 1.0004278 1.000348  ... 1.0004591 1.0001656 0.9997513]
  [0.9991354 0.9997878 0.99947   ... 0.9997526 1.0003315 1.0002573]]

 [[0.9996266 1.0005369 1.0001252 ... 1.0000603 0.9997858 0.999706 ]
  [1.0000113 0.9998776 0.9997405 ... 1.0001515 1.0003347 1.0003183]
  [1.000101  0.9998181 0.9993889 ... 1.0009694 1.0001414 0.9999933]
  ...
  [0.9990144 0.9999199 0.9998858 ... 0.9998115 0.9997493 1.0000061]
  [0.9998567 1.000428  1.0003479 ... 0.9996344 1.0001653 0.9997515]
  [1.0001235 0.999788  0.9994698 ... 0.9997526 1.0003312 1.0002571]]]","[[[5.32174293e-04 0.00000000e+00 0.00000000e+00 ... 0.00000000e+00
   3.05988625e-04 4.19497541e-04]
  [0.00000000e+00 1.74793448e-04 3.70390875e-04 ... 0.00000000e+00
   0.00000000e+00 0.00000000e+00]
  [0.00000000e+00 2.59240854e-04 8.71570993e-04 ... 0.00000000e+00
   0.00000000e+00 9.61788704e-06]
  ...
  [2.51103973e-03 1.14174464e-04 1.00513846e-03 ... 2.68823224e-04
   3.57498095e-04 0.00000000e+00]
  [2.03803652e-04 0.00000000e+00 0.00000000e+00 ... 1.62137592e-03
   0.00000000e+00 3.53881805e-04]
  [0.00000000e+00 3.01896405e-04 7.55858672e-04 ... 3.52582835e-04
   0.00000000e+00 0.00000000e+00]]

 [[0.00000000e+00 1.28610160e-03 2.98952070e-04 ... 1.43489658e-04
   0.00000000e+00 0.00000000e+00]
  [2.70990323e-05 0.00000000e+00 0.00000000e+00 ... 3.62383827e-04
   8.01306937e-04 7.62141924e-04]
  [2.42565961e-04 0.00000000e+00 0.00000000e+00 ... 3.86345526e-03
   3.37822895e-04 0.00000000e+00]
  ...
  [0.00000000e+00 0.00000000e+00 0.00000000e+00 ... 0.00000000e+00
   0.00000000e+00 1.39797453e-05]
  [0.00000000e+00 1.02607754e-03 8.33538075e-04 ... 0.00000000e+00
   3.95801392e-04 0.00000000e+00]
  [2.54461489e-03 0.00000000e+00 0.00000000e+00 ... 0.00000000e+00
   7.93004308e-04 6.16097949e-04]]]","[[0. 0. 0. ... 0. 0. 0.]
 [0. 0. 0. ... 0. 0. 0.]
 [0. 0. 0. ... 0. 0. 0.]
 ...
 [0. 0. 0. ... 0. 0. 0.]
 [0. 0. 0. ... 0. 0. 0.]
 [0. 0. 0. ... 0. 0. 0.]]","[[0. 0. 0. ... 0. 0. 0.]
 [0. 0. 0. ... 0. 0. 0.]
 [0. 0. 0. ... 0. 0. 0.]
 ...
 [0. 0. 0. ... 0. 0. 0.]
 [0. 0. 0. ... 0. 0. 0.]
 [0. 0. 0. ... 0. 0. 0.]]",0.400906382175906,0.32746825501096655
422,3,20.0,25.0,0.0,1e-05,0.03,0.8000000000000003,2.9197370152274447,0.82684085707652,0.850982435637607,"[[[0.9996631 1.0004996 1.0002134 ... 0.9997375 0.9997163 0.9999913]
  [0.9997822 1.000165  0.9994489 ... 1.0001523 1.000146  1.0003192]
  [1.0000803 0.999935  0.9993894 ... 0.9998854 0.9999195 1.0001111]
  ...
  [0.9998431 0.9999217 1.0005177 ... 1.0002517 1.0001657 1.0001671]
  [0.9998568 1.0004286 1.0001053 ... 1.0004596 0.9997164 0.9992368]
  [1.0001234 0.9997881 0.9999162 ... 0.9999464 1.0000454 1.000426 ]]

 [[0.9996631 1.0004992 1.0002133 ... 0.999737  0.9997159 0.999991 ]
  [0.9997822 1.0005572 0.9994488 ... 1.0001519 1.0001456 1.0003189]
  [1.0000803 0.9999345 0.9993893 ... 1.0002918 0.9999192 1.0001109]
  ...
  [0.9998429 0.9999211 1.0005174 ... 1.0002513 1.0001653 1.0001667]
  [0.9998566 1.0004278 1.000105  ... 1.0004592 0.9997161 0.9992366]
  [1.0001235 0.9997878 0.999916  ... 0.9999459 1.0000451 1.000426 ]]]","[[[4.80183924e-04 0.00000000e+00 0.00000000e+00 ... 3.75479721e-04
   4.05396481e-04 1.33361211e-05]
  [3.10463465e-04 0.00000000e+00 7.85867313e-04 ... 0.00000000e+00
   0.00000000e+00 0.00000000e+00]
  [0.00000000e+00 9.40943566e-05 8.70668850e-04 ... 0.00000000e+00
   1.15676736e-04 0.00000000e+00]
  ...
  [2.24311131e-04 1.13356607e-04 0.00000000e+00 ... 0.00000000e+00
   0.00000000e+00 0.00000000e+00]
  [2.04776939e-04 0.00000000e+00 0.00000000e+00 ... 0.00000000e+00
   4.05059593e-04 1.08853606e-03]
  [0.00000000e+00 3.02880316e-04 1.20021855e-04 ... 7.79436137e-05
   0.00000000e+00 0.00000000e+00]]

 [[0.00000000e+00 1.19567329e-03 5.10789231e-04 ... 0.00000000e+00
   0.00000000e+00 0.00000000e+00]
  [0.00000000e+00 2.22715696e-03 0.00000000e+00 ... 3.62823300e-04
   3.47669084e-04 7.63423640e-04]
  [1.92421608e-04 0.00000000e+00 0.00000000e+00 ... 1.62386389e-03
   0.00000000e+00 2.65045407e-04]
  ...
  [0.00000000e+00 0.00000000e+00 1.23911387e-03 ... 6.01407110e-04
   3.95381688e-04 3.98259709e-04]
  [0.00000000e+00 1.02373942e-03 2.51046441e-04 ... 1.09969615e-03
   0.00000000e+00 0.00000000e+00]
  [2.96153579e-04 0.00000000e+00 0.00000000e+00 ... 0.00000000e+00
   1.07022192e-04 1.02109729e-03]]]","[[0. 0. 0. ... 0. 0. 0.]
 [0. 0. 0. ... 0. 0. 0.]
 [0. 0. 0. ... 0. 0. 0.]
 ...
 [0. 0. 0. ... 0. 0. 0.]
 [0. 0. 0. ... 0. 0. 0.]
 [0. 0. 0. ... 0. 0. 0.]]","[[0. 0. 0. ... 0. 0. 0.]
 [0. 0. 0. ... 0. 0. 0.]
 [0. 0. 0. ... 0. 0. 0.]
 ...
 [0. 0. 0. ... 0. 0. 0.]
 [0. 0. 0. ... 0. 0. 0.]
 [0. 0. 0. ... 0. 0. 0.]]",0.46502950833195034,0.4267793460207783
422,3,20.0,25.0,0.05,1e-05,0.01,0.8000000000000003,3.283951764568452,0.8268408570765199,0.7996878021603826,"[[[0.9996631 1.0004994 1.0002131 ... 0.9997369 0.9997158 0.9999907]
  [0.9997823 1.0005574 0.9994489 ... 1.0001518 1.0001456 1.0003186]
  [1.0000802 0.9999347 0.9993894 ... 1.0002918 0.9999192 1.0001107]
  ...
  [0.9998431 0.9999214 1.0005176 ... 1.0002513 1.0001653 1.0001667]
  [0.9998565 1.000428  1.000105  ... 1.0004591 0.9997161 0.9992366]
  [1.0001234 0.9997879 0.9999156 ... 0.9999459 1.0000448 1.000426 ]]

 [[0.9996266 1.0005372 1.0001254 ... 1.0000603 0.9997861 0.9997069]
  [1.000011  0.9998774 0.9997405 ... 0.99941   1.000335  1.0003192]
  [1.0001009 0.999818  0.9993892 ... 1.0009692 1.0001417 0.9999938]
  ...
  [0.9998428 0.99992   1.0005174 ... 0.9998113 0.9997495 1.0000064]
  [0.9998565 1.0004278 1.0003482 ... 0.9996341 1.0001653 0.9997515]
  [1.0001233 0.9997876 0.9994702 ... 0.9997523 1.0003318 1.000258 ]]]","[[[0.00000000e+00 6.56956726e-05 2.76672288e-05 ... 6.30339198e-05
   1.31281009e-05 0.00000000e+00]
  [4.68205052e-05 0.00000000e+00 4.30074123e-05 ... 0.00000000e+00
   5.33546636e-05 3.32436943e-05]
  [2.21556584e-05 0.00000000e+00 0.00000000e+00 ... 1.35204959e-04
   3.68972717e-05 0.00000000e+00]
  ...
  [2.21020700e-05 2.50754183e-05 6.21930537e-05 ... 0.00000000e+00
   0.00000000e+00 1.56372432e-05]
  [1.88742549e-05 5.51115204e-05 7.90313752e-05 ... 0.00000000e+00
   9.47568301e-05 7.09497445e-05]
  [3.43871334e-05 1.40617992e-05 0.00000000e+00 ... 0.00000000e+00
   7.82200080e-05 2.10983495e-05]]

 [[0.00000000e+00 0.00000000e+00 0.00000000e+00 ... 0.00000000e+00
   0.00000000e+00 2.10876240e-05]
  [0.00000000e+00 5.63475628e-05 0.00000000e+00 ... 1.21851709e-04
   0.00000000e+00 0.00000000e+00]
  [0.00000000e+00 0.00000000e+00 5.13561476e-06 ... 0.00000000e+00
   0.00000000e+00 3.52440585e-06]
  ...
  [0.00000000e+00 0.00000000e+00 0.00000000e+00 ... 2.81264088e-06
   7.81484065e-06 0.00000000e+00]
  [0.00000000e+00 0.00000000e+00 0.00000000e+00 ... 6.82163154e-05
   0.00000000e+00 0.00000000e+00]
  [0.00000000e+00 0.00000000e+00 3.98172853e-05 ... 0.00000000e+00
   0.00000000e+00 0.00000000e+00]]]","[[0. 0. 0. ... 0. 0. 0.]
 [0. 0. 0. ... 0. 0. 0.]
 [0. 0. 0. ... 0. 0. 0.]
 ...
 [0. 0. 0. ... 0. 0. 0.]
 [0. 0. 0. ... 0. 0. 0.]
 [0. 0. 0. ... 0. 0. 0.]]","[[0. 0. 0. ... 0. 0. 0.]
 [0. 0. 0. ... 0. 0. 0.]
 [0. 0. 0. ... 0. 0. 0.]
 ...
 [0. 0. 0. ... 0. 0. 0.]
 [0. 0. 0. ... 0. 0. 0.]
 [0. 0. 0. ... 0. 0. 0.]]",0.5474766270070749,0.32929694197542136
422,3,20.0,25.0,0.05,1e-05,0.02,0.8000000000000003,5.303426936936718,0.8268408570765199,0.8706917578163145,"[[[0.9996266 1.0005372 1.0001256 ... 1.0000612 0.9997866 0.9997067]
  [1.0000114 0.9998779 0.9997412 ... 1.0001523 1.0003355 1.0003192]
  [1.0001013 0.9998183 0.9998542 ... 1.00097   1.0001421 0.9999941]
  ...
  [0.9990146 0.9999201 1.0005176 ... 0.9998121 0.9997499 1.0000068]
  [0.999857  1.0004281 1.0003484 ... 0.9996348 1.0001659 0.999752 ]
  [1.0001236 0.9997878 0.9994701 ... 0.9997532 1.0003319 1.000258 ]]

 [[0.9996266 1.0005373 1.0001256 ... 1.0000609 0.9997865 0.9997069]
  [1.0000113 0.9998776 0.9997409 ... 1.0001518 1.0003352 1.0003189]
  [1.000101  0.999818  0.9993893 ... 1.0009694 1.0001419 0.9999936]
  ...
  [0.9998428 0.9999199 1.0005175 ... 0.9998116 0.9997497 1.0000066]
  [0.9998567 1.000428  1.0003482 ... 0.9996344 1.0001658 0.9997516]
  [1.0001236 0.9997879 0.9994702 ... 0.9997529 1.0003319 1.000258 ]]]","[[[0.00000000e+00 3.03923671e-05 5.95972050e-06 ... 1.04476820e-06
   0.00000000e+00 0.00000000e+00]
  [0.00000000e+00 0.00000000e+00 0.00000000e+00 ... 1.41937205e-06
   1.13964861e-05 1.25058414e-05]
  [2.92073213e-07 0.00000000e+00 0.00000000e+00 ... 5.13188209e-05
   0.00000000e+00 0.00000000e+00]
  ...
  [7.29668077e-05 0.00000000e+00 2.08490598e-05 ... 0.00000000e+00
   0.00000000e+00 0.00000000e+00]
  [0.00000000e+00 1.66943996e-05 1.18414521e-05 ... 0.00000000e+00
   6.78505723e-06 0.00000000e+00]
  [1.41349947e-06 0.00000000e+00 0.00000000e+00 ... 0.00000000e+00
   1.61609046e-05 1.01084249e-05]]

 [[3.46927938e-05 0.00000000e+00 0.00000000e+00 ... 5.86066023e-07
   2.48939522e-05 2.99748092e-05]
  [7.28093089e-06 1.08967251e-05 1.42572754e-05 ... 2.75645348e-06
   0.00000000e+00 0.00000000e+00]
  [2.98255635e-06 1.02563668e-05 9.37648410e-05 ... 0.00000000e+00
   9.42108399e-06 1.64938971e-05]
  ...
  [0.00000000e+00 2.78024938e-05 0.00000000e+00 ... 1.58221501e-05
   2.42902235e-05 1.51278694e-05]
  [2.71070770e-05 0.00000000e+00 0.00000000e+00 ... 2.62105119e-05
   0.00000000e+00 2.96378874e-05]
  [2.25969847e-06 2.61290491e-05 4.44078332e-05 ... 1.83124760e-05
   0.00000000e+00 0.00000000e+00]]]","[[0. 0. 0. ... 0. 0. 0.]
 [0. 0. 0. ... 0. 0. 0.]
 [0. 0. 0. ... 0. 0. 0.]
 ...
 [0. 0. 0. ... 0. 0. 0.]
 [0. 0. 0. ... 0. 0. 0.]
 [0. 0. 0. ... 0. 0. 0.]]","[[0. 0. 0. ... 0. 0. 0.]
 [0. 0. 0. ... 0. 0. 0.]
 [0. 0. 0. ... 0. 0. 0.]
 ...
 [0. 0. 0. ... 0. 0. 0.]
 [0. 0. 0. ... 0. 0. 0.]
 [0. 0. 0. ... 0. 0. 0.]]",0.5515211947402364,0.3974566340924145
422,3,20.0,25.0,0.05,1e-05,0.03,0.8000000000000003,11.847729949476122,0.82684085707652,0.9248027289348799,"[[[0.9996266 1.0005369 1.0001256 ... 1.0000607 0.9997864 0.9997066]
  [1.0000111 0.9998774 0.999741  ... 1.0001518 1.0003353 1.0003189]
  [1.0001004 0.9998178 0.9993894 ... 1.0009694 1.0001419 0.9999936]
  ...
  [0.9990144 0.9999199 1.0005177 ... 0.9998114 0.9997496 1.0000064]
  [0.9998565 1.0004278 1.0003484 ... 0.9996344 1.0001657 0.9997516]
  [0.9991356 0.9997876 0.9994704 ... 0.9997526 1.0003318 1.0002575]]

 [[0.9996631 1.0004991 1.000213  ... 0.9997365 0.9997367 0.9999911]
  [0.9997822 1.0001647 0.9994485 ... 1.0001515 1.0001454 1.0003189]
  [1.0000803 0.9999347 0.999389  ... 0.9998848 0.9999189 1.0001109]
  ...
  [0.9998429 0.9999211 1.000517  ... 1.000251  1.000165  1.0001665]
  [0.9998566 1.0004278 1.0001045 ... 1.0004591 0.9993182 0.9992366]
  [1.0001237 0.9997878 0.9999156 ... 0.9999458 1.0000448 1.0004258]]]","[[[0.00000000e+00 0.00000000e+00 0.00000000e+00 ... 0.00000000e+00
   0.00000000e+00 9.24120986e-06]
  [0.00000000e+00 2.02286882e-05 0.00000000e+00 ... 1.18478567e-05
   0.00000000e+00 1.34227062e-06]
  [0.00000000e+00 0.00000000e+00 0.00000000e+00 ... 0.00000000e+00
   0.00000000e+00 0.00000000e+00]
  ...
  [4.29956678e-05 0.00000000e+00 0.00000000e+00 ... 4.28442630e-05
   3.05651870e-05 0.00000000e+00]
  [0.00000000e+00 0.00000000e+00 0.00000000e+00 ... 1.04569928e-04
   0.00000000e+00 0.00000000e+00]
  [8.70301565e-05 0.00000000e+00 3.65083951e-06 ... 5.30078822e-06
   0.00000000e+00 2.15313952e-05]]

 [[6.83687814e-05 2.38159480e-05 3.03405769e-05 ... 6.61625931e-05
   4.53210829e-05 2.22781283e-06]
  [8.35699410e-05 0.00000000e+00 1.09470231e-04 ... 0.00000000e+00
   2.98827556e-05 9.37519054e-06]
  [3.56618327e-05 2.48589013e-05 6.37337761e-05 ... 1.40371019e-04
   5.30333591e-05 1.24711659e-05]
  ...
  [0.00000000e+00 8.25712266e-05 4.22665350e-05 ... 0.00000000e+00
   0.00000000e+00 2.60234639e-05]
  [7.27528134e-05 4.01710682e-05 9.96761324e-05 ... 0.00000000e+00
   1.88836936e-04 1.59833168e-04]
  [0.00000000e+00 8.09968371e-05 1.89677318e-05 ... 1.19397223e-06
   5.70531714e-05 0.00000000e+00]]]","[[0. 0. 0. ... 0. 0. 0.]
 [0. 0. 0. ... 0. 0. 0.]
 [0. 0. 0. ... 0. 0. 0.]
 ...
 [0. 0. 0. ... 0. 0. 0.]
 [0. 0. 0. ... 0. 0. 0.]
 [0. 0. 0. ... 0. 0. 0.]]","[[0. 0. 0. ... 0. 0. 0.]
 [0. 0. 0. ... 0. 0. 0.]
 [0. 0. 0. ... 0. 0. 0.]
 ...
 [0. 0. 0. ... 0. 0. 0.]
 [0. 0. 0. ... 0. 0. 0.]
 [0. 0. 0. ... 0. 0. 0.]]",0.5174484033139258,0.5357892428431219
422,4,20.0,25.0,0.0,1e-05,0.01,0.2,41.4265379142471,0.2156794586885137,0.30502799141535375,"[[[0.9996266 1.0005373 1.0001256 ... 1.0000607 0.9997863 0.9997064]
  [1.0000111 0.9998776 0.9997408 ... 1.0001518 1.000335  1.0003184]
  [1.0001005 0.9998178 1.0009134 ... 1.0002916 1.0001415 0.9999932]
  ...
  [0.9998428 0.99992   1.0005172 ... 0.9998113 0.9997493 1.000006 ]
  [0.9998566 1.0004281 1.0003482 ... 0.9996344 1.0001656 0.9997514]
  [1.0001237 0.9997881 0.9994703 ... 0.9997528 1.0003318 1.0002575]]

 [[0.9996631 1.0004992 1.0002131 ... 0.999737  0.9997158 0.9999908]
  [0.999782  1.0001646 0.9994487 ... 1.0001518 1.0001454 1.0003186]
  [1.0000808 0.999935  0.9998542 ... 0.9998852 0.9999195 1.0001111]
  ...
  [0.999843  0.9999211 1.0005172 ... 1.0002512 1.0001653 1.0001667]
  [0.9998566 1.0004278 1.0001049 ... 1.0004591 0.999716  0.9992364]
  [1.0001236 0.9997879 0.999916  ... 0.9999459 1.0000452 1.0004262]]]","[[[4.31300938e-04 0.00000000e+00 0.00000000e+00 ... 8.06633849e-04
   4.99085489e-04 0.00000000e+00]
  [6.16271582e-04 0.00000000e+00 1.17553403e-03 ... 0.00000000e+00
   4.56585818e-05 0.00000000e+00]
  [0.00000000e+00 0.00000000e+00 1.62046596e-03 ... 7.05772622e-04
   4.10986151e-04 0.00000000e+00]
  ...
  [2.23471666e-04 1.11018316e-04 0.00000000e+00 ... 0.00000000e+00
   0.00000000e+00 0.00000000e+00]
  [2.04345481e-04 0.00000000e+00 1.75123373e-04 ... 0.00000000e+00
   1.00465892e-03 1.77586233e-03]
  [0.00000000e+00 3.02432692e-04 0.00000000e+00 ... 0.00000000e+00
   3.17950743e-04 0.00000000e+00]]

 [[0.00000000e+00 1.11022979e-03 7.09978694e-04 ... 0.00000000e+00
   0.00000000e+00 6.25097075e-04]
  [0.00000000e+00 1.04763936e-03 0.00000000e+00 ... 3.63801629e-04
   0.00000000e+00 7.64396994e-04]
  [1.49023675e-04 1.10665302e-04 0.00000000e+00 ... 0.00000000e+00
   0.00000000e+00 5.34529698e-04]
  ...
  [0.00000000e+00 0.00000000e+00 1.23982419e-03 ... 1.60272357e-03
   1.34281699e-03 7.65038235e-04]
  [0.00000000e+00 1.02502062e-03 0.00000000e+00 ... 2.97629938e-03
   0.00000000e+00 0.00000000e+00]
  [2.96091617e-04 0.00000000e+00 8.12846236e-04 ... 3.09451961e-04
   0.00000000e+00 1.40514274e-03]]]","[[0. 0. 0. ... 0. 0. 0.]
 [0. 0. 0. ... 0. 0. 0.]
 [0. 0. 0. ... 0. 0. 0.]
 ...
 [0. 0. 0. ... 0. 0. 0.]
 [0. 0. 0. ... 0. 0. 0.]
 [0. 0. 0. ... 0. 0. 0.]]","[[0. 0. 0. ... 0. 0. 0.]
 [0. 0. 0. ... 0. 0. 0.]
 [0. 0. 0. ... 0. 0. 0.]
 ...
 [0. 0. 0. ... 0. 0. 0.]
 [0. 0. 0. ... 0. 0. 0.]
 [0. 0. 0. ... 0. 0. 0.]]",0.13498487377346804,0.04187605507396888
422,4,20.0,25.0,0.0,1e-05,0.02,0.2,43.730127069831596,0.2156794586885137,0.3099963600365257,"[[[0.9996266 1.0005372 1.0001256 ... 1.0000606 0.9997864 0.9997067]
  [1.0000114 0.9998776 0.9997409 ... 1.0001516 1.0003355 1.000319 ]
  [1.0001009 0.999818  0.9993894 ... 1.0002916 1.000142  0.9999938]
  ...
  [0.9990146 0.99992   1.0005177 ... 0.9998115 0.9997499 1.0000066]
  [0.999857  1.0004283 1.0003486 ... 1.0004591 1.000166  0.999752 ]
  [1.0001237 0.9997879 0.9994704 ... 0.9997526 1.0003318 1.000258 ]]

 [[0.9996266 1.0005372 1.0001256 ... 1.0000606 0.9997862 0.9997061]
  [1.0000111 0.9998774 0.9997408 ... 1.0001515 1.0003349 1.0003183]
  [1.0001009 0.9998182 0.9993895 ... 1.0009694 1.0001417 0.9999935]
  ...
  [0.9990144 0.9999198 1.0005172 ... 0.9998115 0.9997496 1.0000061]
  [0.9998565 1.0004278 1.0003482 ... 0.9996344 1.0001656 0.9997512]
  [1.0001235 0.9997878 0.9994703 ... 0.9997528 1.0003318 1.0002576]]]","[[[5.32164543e-04 0.00000000e+00 0.00000000e+00 ... 0.00000000e+00
   3.04910081e-04 4.19636203e-04]
  [0.00000000e+00 1.74959142e-04 3.69559788e-04 ... 0.00000000e+00
   0.00000000e+00 0.00000000e+00]
  [0.00000000e+00 2.58822013e-04 8.69910222e-04 ... 0.00000000e+00
   0.00000000e+00 9.67586871e-06]
  ...
  [1.40531162e-03 1.14644937e-04 0.00000000e+00 ... 2.68656118e-04
   3.57222110e-04 0.00000000e+00]
  [2.05245767e-04 0.00000000e+00 0.00000000e+00 ... 1.62137028e-03
   0.00000000e+00 3.55568829e-04]
  [0.00000000e+00 3.02535630e-04 7.55088687e-04 ... 3.51919118e-04
   0.00000000e+00 0.00000000e+00]]

 [[0.00000000e+00 1.28750614e-03 3.01195010e-04 ... 1.45159333e-04
   0.00000000e+00 0.00000000e+00]
  [2.57260275e-05 0.00000000e+00 0.00000000e+00 ... 3.62944251e-04
   8.01335936e-04 7.61343961e-04]
  [2.41751762e-04 0.00000000e+00 0.00000000e+00 ... 3.86402094e-03
   3.39236861e-04 0.00000000e+00]
  ...
  [0.00000000e+00 0.00000000e+00 1.23872878e-03 ... 0.00000000e+00
   0.00000000e+00 1.34585590e-05]
  [0.00000000e+00 1.02445918e-03 8.33878951e-04 ... 0.00000000e+00
   3.95846587e-04 0.00000000e+00]
  [2.95507767e-04 0.00000000e+00 0.00000000e+00 ... 0.00000000e+00
   7.95259954e-04 6.16714076e-04]]]","[[0. 0. 0. ... 0. 0. 0.]
 [0. 0. 0. ... 0. 0. 0.]
 [0. 0. 0. ... 0. 0. 0.]
 ...
 [0. 0. 0. ... 0. 0. 0.]
 [0. 0. 0. ... 0. 0. 0.]
 [0. 0. 0. ... 0. 0. 0.]]","[[0. 0. 0. ... 0. 0. 0.]
 [0. 0. 0. ... 0. 0. 0.]
 [0. 0. 0. ... 0. 0. 0.]
 ...
 [0. 0. 0. ... 0. 0. 0.]
 [0. 0. 0. ... 0. 0. 0.]
 [0. 0. 0. ... 0. 0. 0.]]",0.4618314461459937,0.2661375012912186
422,4,20.0,25.0,0.0,1e-05,0.03,0.2,54.20043059864147,0.2156794586885137,0.3325786540105072,"[[[0.9996631 1.0004995 1.0002134 ... 0.9997369 0.9997158 0.9999908]
  [0.9997821 1.0001647 0.9994489 ... 1.0001519 1.0001456 1.0003186]
  [1.0000802 0.9999347 0.9993894 ... 1.0002918 0.9999192 1.0001107]
  ...
  [0.9998428 0.9999213 1.0005175 ... 1.0002513 1.0001653 1.0001665]
  [0.9998565 1.000428  1.000105  ... 1.0004591 0.9993186 1.0001082]
  [1.0001235 0.9997879 0.9999161 ... 0.9999459 1.0000452 1.0004259]]

 [[0.9996266 1.0005372 1.0001256 ... 1.0000608 0.9997864 0.9997065]
  [1.0000112 0.9998776 0.999741  ... 1.000152  1.0003355 1.0003189]
  [1.0001009 0.9998181 0.9993895 ... 1.000292  1.000142  0.9999938]
  ...
  [0.9990146 0.9999204 1.0005177 ... 0.9998118 0.9997498 1.0000066]
  [0.9998566 1.0004283 1.0003484 ... 0.9996346 1.0001659 0.9997517]
  [1.0001236 0.9997882 0.9994704 ... 0.999753  1.0003319 1.0002577]]]","[[[5.80809380e-04 0.00000000e+00 0.00000000e+00 ... 0.00000000e+00
   2.10118259e-04 7.97545274e-04]
  [0.00000000e+00 5.57512662e-04 0.00000000e+00 ... 0.00000000e+00
   0.00000000e+00 0.00000000e+00]
  [0.00000000e+00 4.14691737e-04 8.69791542e-04 ... 0.00000000e+00
   0.00000000e+00 1.64771395e-04]
  ...
  [2.51026161e-03 1.14484108e-04 0.00000000e+00 ... 8.54402962e-04
   9.10974509e-04 2.04013113e-04]
  [2.04087359e-04 0.00000000e+00 0.00000000e+00 ... 1.62060517e-03
   0.00000000e+00 8.29528211e-04]
  [0.00000000e+00 3.01265827e-04 1.34948117e-03 ... 6.09278100e-04
   0.00000000e+00 0.00000000e+00]]

 [[0.00000000e+00 1.37336302e-03 1.01849526e-04 ... 8.82756471e-04
   0.00000000e+00 0.00000000e+00]
  [5.48285680e-04 0.00000000e+00 4.39278462e-05 ... 3.64804094e-04
   1.23617768e-03 7.65140543e-04]
  [2.88861891e-04 0.00000000e+00 0.00000000e+00 ... 7.00278583e-04
   8.47339189e-04 0.00000000e+00]
  ...
  [0.00000000e+00 0.00000000e+00 1.24165956e-03 ... 0.00000000e+00
   0.00000000e+00 0.00000000e+00]
  [0.00000000e+00 1.02768538e-03 1.38904763e-03 ... 0.00000000e+00
   2.32597026e-03 0.00000000e+00]
  [2.96811172e-04 0.00000000e+00 0.00000000e+00 ... 0.00000000e+00
   1.44778104e-03 2.35518706e-04]]]","[[0. 0. 0. ... 0. 0. 0.]
 [0. 0. 0. ... 0. 0. 0.]
 [0. 0. 0. ... 0. 0. 0.]
 ...
 [0. 0. 0. ... 0. 0. 0.]
 [0. 0. 0. ... 0. 0. 0.]
 [0. 0. 0. ... 0. 0. 0.]]","[[0. 0. 0. ... 0. 0. 0.]
 [0. 0. 0. ... 0. 0. 0.]
 [0. 0. 0. ... 0. 0. 0.]
 ...
 [0. 0. 0. ... 0. 0. 0.]
 [0. 0. 0. ... 0. 0. 0.]
 [0. 0. 0. ... 0. 0. 0.]]",0.42942822048143064,0.2389056360217136
422,4,20.0,25.0,0.05,1e-05,0.01,0.2,59.616693379816894,0.2156794586885137,0.3442604202580938,"[[[0.9996631 1.0004995 1.0002137 ... 0.9997374 0.9997164 0.9999914]
  [0.999782  1.0005572 0.999449  ... 1.000152  1.0001458 1.0003192]
  [1.0000799 0.9999345 0.9993893 ... 1.0002918 0.9999194 1.0001113]
  ...
  [0.9998428 0.9999212 1.0005174 ... 1.0002515 1.0001653 1.0001669]
  [0.9998565 1.000428  1.0001051 ... 1.0004592 0.9997163 1.0001088]
  [1.0001236 0.9997881 0.9999165 ... 0.9999461 1.0000457 1.0004267]]

 [[0.9996266 1.0005372 1.0001256 ... 1.0000607 0.9997863 0.9997062]
  [1.0000112 0.9998776 0.9997407 ... 1.0001518 1.0003355 1.0003186]
  [1.0001011 0.9998182 0.9993896 ... 1.0009698 1.0001423 0.9999938]
  ...
  [0.999843  0.9999198 1.0005172 ... 0.9998115 0.9997495 1.0000058]
  [0.9998565 1.0004278 1.0003481 ... 0.9996344 1.0001657 0.9997511]
  [1.0001237 0.9997878 0.9994705 ... 0.9997528 1.0003318 1.0002573]]]","[[[3.62264231e-06 7.19540392e-05 3.15944735e-05 ... 6.79887585e-05
   2.07404513e-05 0.00000000e+00]
  [5.66553424e-05 0.00000000e+00 4.78012692e-05 ... 2.78809528e-05
   6.24759810e-05 4.47025393e-05]
  [3.50583007e-05 7.79783094e-06 0.00000000e+00 ... 1.56910418e-04
   5.31689012e-05 8.38621064e-06]
  ...
  [2.74824007e-05 2.81644073e-05 6.33027248e-05 ... 0.00000000e+00
   0.00000000e+00 2.25609314e-05]
  [2.70759697e-05 5.92062718e-05 8.11170784e-05 ... 0.00000000e+00
   1.02209941e-04 0.00000000e+00]
  [4.20701083e-05 1.93690776e-05 0.00000000e+00 ... 0.00000000e+00
   8.54112827e-05 3.06842007e-05]]

 [[0.00000000e+00 0.00000000e+00 0.00000000e+00 ... 0.00000000e+00
   0.00000000e+00 6.91123180e-06]
  [0.00000000e+00 4.36444952e-05 0.00000000e+00 ... 0.00000000e+00
   0.00000000e+00 0.00000000e+00]
  [0.00000000e+00 0.00000000e+00 0.00000000e+00 ... 0.00000000e+00
   0.00000000e+00 0.00000000e+00]
  ...
  [0.00000000e+00 0.00000000e+00 0.00000000e+00 ... 1.31049752e-06
   8.57842796e-07 0.00000000e+00]
  [0.00000000e+00 0.00000000e+00 0.00000000e+00 ... 6.41585510e-05
   0.00000000e+00 1.84287181e-06]
  [0.00000000e+00 0.00000000e+00 3.44772187e-05 ... 0.00000000e+00
   0.00000000e+00 0.00000000e+00]]]","[[0. 0. 0. ... 0. 0. 0.]
 [0. 0. 0. ... 0. 0. 0.]
 [0. 0. 0. ... 0. 0. 0.]
 ...
 [0. 0. 0. ... 0. 0. 0.]
 [0. 0. 0. ... 0. 0. 0.]
 [0. 0. 0. ... 0. 0. 0.]]","[[0. 0. 0. ... 0. 0. 0.]
 [0. 0. 0. ... 0. 0. 0.]
 [0. 0. 0. ... 0. 0. 0.]
 ...
 [0. 0. 0. ... 0. 0. 0.]
 [0. 0. 0. ... 0. 0. 0.]
 [0. 0. 0. ... 0. 0. 0.]]",0.5824078521760636,0.2667070570942279
422,4,20.0,25.0,0.05,1e-05,0.02,0.2,78.83513185804755,0.2156794586885137,0.3857106443363267,"[[[0.9996266 1.0005378 1.0001259 ... 1.0000613 0.9997868 0.9997066]
  [1.0000114 0.9998782 0.9997411 ... 1.0001525 1.0003357 1.0003189]
  [1.000101  0.9998186 0.9993896 ... 1.0002924 1.0001423 0.9999941]
  ...
  [0.9998433 0.9999206 1.0005178 ... 0.9998124 0.9997499 1.0000066]
  [0.9998571 1.0004287 1.000349  ... 1.0004599 1.0001662 0.9997518]
  [1.0001235 0.9997885 0.9994706 ... 0.9997534 1.000332  1.0002578]]

 [[0.9996631 1.0004994 1.0002131 ... 0.9997368 0.9997158 0.999991 ]
  [0.999782  1.000557  0.9994487 ... 1.0001513 1.0001452 1.0003186]
  [1.0000802 0.9999347 0.9993895 ... 1.0002913 0.9999191 1.0001107]
  ...
  [0.9998428 0.9999211 1.0005175 ... 1.0002512 1.0001653 1.0001667]
  [0.9998562 1.0004277 1.000105  ... 1.0004588 0.999716  0.9992364]
  [1.000123  0.9997876 0.9999159 ... 0.9999455 1.000045  1.0004258]]]","[[[0.00000000e+00 0.00000000e+00 0.00000000e+00 ... 0.00000000e+00
   0.00000000e+00 0.00000000e+00]
  [0.00000000e+00 6.26655689e-05 0.00000000e+00 ... 0.00000000e+00
   0.00000000e+00 0.00000000e+00]
  [0.00000000e+00 0.00000000e+00 0.00000000e+00 ... 0.00000000e+00
   0.00000000e+00 0.00000000e+00]
  ...
  [0.00000000e+00 0.00000000e+00 0.00000000e+00 ... 4.57228140e-06
   0.00000000e+00 0.00000000e+00]
  [0.00000000e+00 0.00000000e+00 0.00000000e+00 ... 0.00000000e+00
   0.00000000e+00 0.00000000e+00]
  [0.00000000e+00 0.00000000e+00 0.00000000e+00 ... 0.00000000e+00
   0.00000000e+00 0.00000000e+00]]

 [[1.06908105e-04 6.40914382e-05 6.83130581e-05 ... 1.31193455e-04
   1.05115760e-04 4.84610166e-05]
  [1.30371533e-04 0.00000000e+00 1.52764334e-04 ... 5.95917512e-05
   8.90365507e-05 5.80269833e-05]
  [7.90696375e-05 6.97375126e-05 1.06671996e-04 ... 5.04090366e-05
   1.13180124e-04 5.93432189e-05]
  ...
  [1.11605134e-04 1.10904825e-04 7.34872335e-05 ... 2.94019813e-05
   3.62456072e-05 6.55501407e-05]
  [1.01366089e-04 7.06635015e-05 1.30873167e-04 ... 6.29140441e-05
   1.64053071e-04 2.03412885e-04]
  [8.19375520e-05 1.12243140e-04 5.30467887e-05 ... 6.31677983e-05
   1.12387300e-04 3.20189371e-05]]]","[[0. 0. 0. ... 0. 0. 0.]
 [0. 0. 0. ... 0. 0. 0.]
 [0. 0. 0. ... 0. 0. 0.]
 ...
 [0. 0. 0. ... 0. 0. 0.]
 [0. 0. 0. ... 0. 0. 0.]
 [0. 0. 0. ... 0. 0. 0.]]","[[0. 0. 0. ... 0. 0. 0.]
 [0. 0. 0. ... 0. 0. 0.]
 [0. 0. 0. ... 0. 0. 0.]
 ...
 [0. 0. 0. ... 0. 0. 0.]
 [0. 0. 0. ... 0. 0. 0.]
 [0. 0. 0. ... 0. 0. 0.]]",0.5816256195580415,0.30003041081618614
422,4,20.0,25.0,0.05,1e-05,0.03,0.2,97.1164760832135,0.2156794586885137,0.4251397486021485,"[[[0.9996631 1.0004996 1.0002135 ... 0.9997366 0.9997367 0.9999902]
  [0.999782  1.0005572 0.9994488 ... 1.0001518 1.0001451 1.0003183]
  [1.0000802 0.9999349 0.9993896 ... 0.9998848 0.9999191 1.0001104]
  ...
  [0.9998427 0.9999213 1.0005174 ... 1.0002512 1.000165  1.0001662]
  [0.9998564 1.0004282 1.0001051 ... 1.000459  0.999716  0.9992361]
  [1.0001233 0.999788  0.9999161 ... 0.9999459 1.0000451 1.0004253]]

 [[0.9996266 1.0005372 1.0001252 ... 1.0000607 0.9997862 0.9997066]
  [1.0000113 0.9998775 0.9997405 ... 1.0001518 1.0003351 1.000319 ]
  [1.0001009 0.999818  0.9993891 ... 1.0009696 1.0001419 0.9999938]
  ...
  [0.9998433 0.99992   0.9998859 ... 0.9998115 0.9997493 1.0000063]
  [0.9998567 1.0004281 1.0003481 ... 0.9996344 1.0001655 0.9997515]
  [1.0001236 0.9997879 0.99947   ... 0.9997528 1.0003318 1.0002576]]]","[[[0.00000000e+00 4.53604909e-05 5.45193333e-06 ... 3.90484804e-05
   0.00000000e+00 0.00000000e+00]
  [2.74984027e-05 0.00000000e+00 1.91521479e-05 ... 0.00000000e+00
   3.13249045e-05 1.47411109e-05]
  [3.65637111e-06 0.00000000e+00 0.00000000e+00 ... 1.69019472e-04
   1.92834800e-05 0.00000000e+00]
  ...
  [6.70725158e-06 1.35523455e-05 0.00000000e+00 ... 0.00000000e+00
   0.00000000e+00 0.00000000e+00]
  [1.87874998e-06 3.90774960e-05 6.32664946e-05 ... 0.00000000e+00
   7.42715845e-05 5.24768227e-05]
  [1.60347907e-05 0.00000000e+00 0.00000000e+00 ... 0.00000000e+00
   5.75318403e-05 1.89883859e-06]]

 [[2.36609454e-05 0.00000000e+00 0.00000000e+00 ... 0.00000000e+00
   1.27875737e-05 5.35431664e-05]
  [0.00000000e+00 9.09224572e-05 0.00000000e+00 ... 1.18320862e-05
   0.00000000e+00 0.00000000e+00]
  [0.00000000e+00 2.50573448e-05 4.75817689e-05 ... 0.00000000e+00
   0.00000000e+00 3.09054517e-05]
  ...
  [0.00000000e+00 0.00000000e+00 6.10285177e-05 ... 4.09679475e-05
   4.14494598e-05 0.00000000e+00]
  [0.00000000e+00 0.00000000e+00 0.00000000e+00 ... 1.06194974e-04
   0.00000000e+00 0.00000000e+00]
  [0.00000000e+00 0.00000000e+00 7.41807141e-05 ... 2.84373708e-05
   0.00000000e+00 0.00000000e+00]]]","[[0. 0. 0. ... 0. 0. 0.]
 [0. 0. 0. ... 0. 0. 0.]
 [0. 0. 0. ... 0. 0. 0.]
 ...
 [0. 0. 0. ... 0. 0. 0.]
 [0. 0. 0. ... 0. 0. 0.]
 [0. 0. 0. ... 0. 0. 0.]]","[[0. 0. 0. ... 0. 0. 0.]
 [0. 0. 0. ... 0. 0. 0.]
 [0. 0. 0. ... 0. 0. 0.]
 ...
 [0. 0. 0. ... 0. 0. 0.]
 [0. 0. 0. ... 0. 0. 0.]
 [0. 0. 0. ... 0. 0. 0.]]",0.5780063545186014,0.34575560655806786
422,4,20.0,25.0,0.0,1e-05,0.01,0.30000000000000004,15.769919582448368,0.3371342333079041,0.39030003078546444,"[[[0.9996631 1.0004991 1.0002129 ... 0.9997365 0.9997367 0.9999904]
  [0.9997821 1.0005572 0.9994484 ... 1.0001514 1.0001452 1.0003183]
  [1.0000802 0.9999345 0.999389  ... 0.9998844 0.9999189 1.0001104]
  ...
  [0.9998427 0.9999209 1.000517  ... 1.0002509 1.0001649 1.0001663]
  [0.9998564 1.0004277 1.0001045 ... 1.0004587 0.9997157 0.9992362]
  [1.0001234 0.9997876 0.9999156 ... 0.9999456 1.0000447 1.0004255]]

 [[0.9996631 1.0004994 1.000213  ... 0.9997368 0.9997368 0.9999905]
  [0.9997821 1.0005572 0.9994485 ... 1.0001515 1.0001451 1.0003183]
  [1.0000802 0.9999347 0.9993891 ... 1.0002913 0.9999186 1.0001104]
  ...
  [0.9998428 0.9999211 1.000517  ... 1.0002512 1.0001651 1.0001665]
  [0.9998564 1.0004278 1.0001047 ... 1.0004591 0.999716  0.9992364]
  [1.0001233 0.9997878 0.9999157 ... 0.9999459 1.000045  1.0004256]]]","[[[4.80076752e-04 0.00000000e+00 0.00000000e+00 ... 3.74677751e-04
   3.74997493e-04 1.33547667e-05]
  [3.10524474e-04 0.00000000e+00 7.85941975e-04 ... 0.00000000e+00
   0.00000000e+00 0.00000000e+00]
  [0.00000000e+00 9.28524997e-05 8.70493309e-04 ... 0.00000000e+00
   1.16415730e-04 0.00000000e+00]
  ...
  [2.23809918e-04 1.12212493e-04 0.00000000e+00 ... 0.00000000e+00
   0.00000000e+00 0.00000000e+00]
  [2.04603082e-04 0.00000000e+00 0.00000000e+00 ... 0.00000000e+00
   4.04325968e-04 1.08813205e-03]
  [0.00000000e+00 3.02129426e-04 1.19938660e-04 ... 7.67229302e-05
   0.00000000e+00 0.00000000e+00]]

 [[0.00000000e+00 1.19750589e-03 5.10947466e-04 ... 0.00000000e+00
   0.00000000e+00 0.00000000e+00]
  [0.00000000e+00 1.33551029e-03 0.00000000e+00 ... 3.63503833e-04
   3.47527154e-04 7.62989299e-04]
  [1.92325607e-04 0.00000000e+00 0.00000000e+00 ... 1.62398632e-03
   0.00000000e+00 2.64632486e-04]
  ...
  [0.00000000e+00 0.00000000e+00 1.23925024e-03 ... 6.02666817e-04
   3.96349318e-04 3.99776597e-04]
  [0.00000000e+00 1.02583130e-03 2.51188317e-04 ... 1.10122477e-03
   0.00000000e+00 0.00000000e+00]
  [2.95226411e-04 0.00000000e+00 0.00000000e+00 ... 0.00000000e+00
   1.08276464e-04 1.02040096e-03]]]","[[0. 0. 0. ... 0. 0. 0.]
 [0. 0. 0. ... 0. 0. 0.]
 [0. 0. 0. ... 0. 0. 0.]
 ...
 [0. 0. 0. ... 0. 0. 0.]
 [0. 0. 0. ... 0. 0. 0.]
 [0. 0. 0. ... 0. 0. 0.]]","[[0. 0. 0. ... 0. 0. 0.]
 [0. 0. 0. ... 0. 0. 0.]
 [0. 0. 0. ... 0. 0. 0.]
 ...
 [0. 0. 0. ... 0. 0. 0.]
 [0. 0. 0. ... 0. 0. 0.]
 [0. 0. 0. ... 0. 0. 0.]]",0.25206246449277936,0.10670448390752049
422,4,20.0,25.0,0.0,1e-05,0.02,0.30000000000000004,24.305790452361137,0.3371342333079041,0.4190773735988976,"[[[0.9996266 1.0005373 1.0001256 ... 1.0000608 0.9997863 0.9997065]
  [1.0000112 0.9998777 0.9997408 ... 1.0001518 1.0003349 1.0003184]
  [1.0001009 0.9998181 0.9993893 ... 1.0009694 1.0001417 0.9999936]
  ...
  [0.9990144 0.99992   1.0005174 ... 0.9998117 0.9997496 1.0000061]
  [0.9998565 1.000428  1.0003482 ... 1.0004591 1.0001656 0.9997512]
  [1.0001235 0.999788  0.9994704 ... 0.999753  1.0003319 1.0002576]]

 [[0.9996266 1.0005373 1.0001256 ... 1.0000606 0.9997864 0.9997067]
  [1.0000112 0.9998777 0.9997409 ... 1.0001518 1.0003353 1.000319 ]
  [1.0001009 0.9998183 0.9993896 ... 1.0002918 1.000142  0.9999941]
  ...
  [0.9990144 0.99992   1.0005175 ... 0.9998115 0.9997496 1.0000064]
  [0.9998566 1.000428  1.0003484 ... 0.9996344 1.0001657 0.9997517]
  [1.0001235 0.999788  0.9994705 ... 0.9997528 1.0003319 1.0002578]]]","[[[5.32158136e-04 0.00000000e+00 0.00000000e+00 ... 0.00000000e+00
   3.04333086e-04 4.17744275e-04]
  [0.00000000e+00 1.74295545e-04 3.69070452e-04 ... 0.00000000e+00
   0.00000000e+00 0.00000000e+00]
  [0.00000000e+00 2.58573150e-04 8.69584086e-04 ... 4.87837728e-04
   0.00000000e+00 7.79052483e-06]
  ...
  [1.40499097e-03 1.13986776e-04 0.00000000e+00 ... 2.68975435e-04
   3.56824147e-04 0.00000000e+00]
  [2.04196119e-04 0.00000000e+00 0.00000000e+00 ... 1.62136806e-03
   0.00000000e+00 3.53213334e-04]
  [0.00000000e+00 3.02118665e-04 7.54591057e-04 ... 3.52475262e-04
   0.00000000e+00 0.00000000e+00]]

 [[0.00000000e+00 1.28779738e-03 3.01199395e-04 ... 1.44615518e-04
   0.00000000e+00 0.00000000e+00]
  [2.68304309e-05 0.00000000e+00 0.00000000e+00 ... 3.63782942e-04
   8.04921357e-04 7.66047651e-04]
  [2.41750112e-04 0.00000000e+00 0.00000000e+00 ... 0.00000000e+00
   3.40894166e-04 0.00000000e+00]
  ...
  [0.00000000e+00 0.00000000e+00 1.24065211e-03 ... 0.00000000e+00
   0.00000000e+00 1.62173890e-05]
  [0.00000000e+00 1.02583530e-03 8.35810038e-04 ... 0.00000000e+00
   3.97492560e-04 0.00000000e+00]
  [2.96059476e-04 0.00000000e+00 0.00000000e+00 ... 0.00000000e+00
   7.95552843e-04 6.18656995e-04]]]","[[0. 0. 0. ... 0. 0. 0.]
 [0. 0. 0. ... 0. 0. 0.]
 [0. 0. 0. ... 0. 0. 0.]
 ...
 [0. 0. 0. ... 0. 0. 0.]
 [0. 0. 0. ... 0. 0. 0.]
 [0. 0. 0. ... 0. 0. 0.]]","[[0. 0. 0. ... 0. 0. 0.]
 [0. 0. 0. ... 0. 0. 0.]
 [0. 0. 0. ... 0. 0. 0.]
 ...
 [0. 0. 0. ... 0. 0. 0.]
 [0. 0. 0. ... 0. 0. 0.]
 [0. 0. 0. ... 0. 0. 0.]]",0.4377875812576753,0.26781524080477415
422,4,20.0,25.0,0.0,1e-05,0.03,0.30000000000000004,29.834419080404608,0.33713423330790404,0.43771627333649316,"[[[0.9996631 1.0004996 1.0002136 ... 0.9997374 0.9997161 0.999991 ]
  [0.999782  1.0005572 0.9994488 ... 1.0001521 1.0001457 1.0003189]
  [1.0000803 0.9999348 0.9993895 ... 1.000292  0.9999194 1.000111 ]
  ...
  [0.9998429 0.9999214 1.0005176 ... 1.0002515 1.0001656 1.0001668]
  [0.9998567 1.0004282 1.0001051 ... 1.0004596 0.9997163 0.9982738]
  [1.0001239 0.9997884 0.9999166 ... 0.9999466 1.0000457 1.0004265]]

 [[0.9996266 1.0005372 1.0001255 ... 1.0000603 0.999786  0.999706 ]
  [1.0000113 0.9998776 0.9997408 ... 0.99941   1.0003349 1.0003182]
  [1.0001009 0.999818  0.9993892 ... 1.0002913 1.0001414 0.999993 ]
  ...
  [0.9998427 0.9999196 1.0005172 ... 0.9998113 0.9997493 1.0000058]
  [0.9998566 1.0004278 1.0003482 ... 1.000459  1.0001655 0.9997512]
  [1.0001235 0.9997878 0.9994703 ... 0.9997528 1.0003318 1.0002576]]]","[[[5.80857388e-04 0.00000000e+00 0.00000000e+00 ... 0.00000000e+00
   2.11546341e-04 7.99310238e-04]
  [0.00000000e+00 1.08100507e-03 0.00000000e+00 ... 1.83130767e-03
   0.00000000e+00 0.00000000e+00]
  [0.00000000e+00 4.15061607e-04 8.70981084e-04 ... 0.00000000e+00
   0.00000000e+00 1.67271758e-04]
  ...
  [2.24314867e-04 1.16900782e-04 0.00000000e+00 ... 8.56239336e-04
   9.12645115e-04 2.06340790e-04]
  [2.04446738e-04 0.00000000e+00 0.00000000e+00 ... 0.00000000e+00
   0.00000000e+00 0.00000000e+00]
  [0.00000000e+00 3.03104597e-04 1.35057576e-03 ... 6.10766782e-04
   0.00000000e+00 0.00000000e+00]]

 [[0.00000000e+00 1.37300620e-03 1.00666192e-04 ... 8.79376844e-04
   0.00000000e+00 0.00000000e+00]
  [5.48895277e-04 0.00000000e+00 4.30041905e-05 ... 0.00000000e+00
   1.23305005e-03 7.61178533e-04]
  [2.88511289e-04 0.00000000e+00 0.00000000e+00 ... 6.97161832e-04
   8.43945321e-04 0.00000000e+00]
  ...
  [0.00000000e+00 0.00000000e+00 1.23911447e-03 ... 0.00000000e+00
   0.00000000e+00 0.00000000e+00]
  [0.00000000e+00 1.02484383e-03 1.38759925e-03 ... 1.09886838e-03
   1.41860628e-03 2.76761693e-03]
  [2.95363554e-04 0.00000000e+00 0.00000000e+00 ... 0.00000000e+00
   1.44606765e-03 2.33537379e-04]]]","[[0. 0. 0. ... 0. 0. 0.]
 [0. 0. 0. ... 0. 0. 0.]
 [0. 0. 0. ... 0. 0. 0.]
 ...
 [0. 0. 0. ... 0. 0. 0.]
 [0. 0. 0. ... 0. 0. 0.]
 [0. 0. 0. ... 0. 0. 0.]]","[[0. 0. 0. ... 0. 0. 0.]
 [0. 0. 0. ... 0. 0. 0.]
 [0. 0. 0. ... 0. 0. 0.]
 ...
 [0. 0. 0. ... 0. 0. 0.]
 [0. 0. 0. ... 0. 0. 0.]
 [0. 0. 0. ... 0. 0. 0.]]",0.40325578867920536,0.23415447485813157
422,4,20.0,25.0,0.05,1e-05,0.01,0.30000000000000004,32.614427699000125,0.3371342333079041,0.4470886340786889,"[[[0.9996631 1.0004997 1.0002135 ... 0.9997371 0.9997159 0.9999909]
  [0.9997823 1.0005575 0.999449  ... 1.0001521 1.0001458 1.0003188]
  [1.0000805 0.9999349 0.9993896 ... 0.9998852 0.9999195 1.0001111]
  ...
  [0.9998428 0.9999212 1.0005175 ... 1.0002515 1.0001655 1.0001668]
  [0.9998566 1.0004281 1.0001051 ... 1.0004596 0.9997164 0.999237 ]
  [1.0001237 0.999788  0.9999162 ... 0.9999459 1.0000457 1.0004267]]

 [[0.9996266 1.0005373 1.0001258 ... 1.000061  0.9997865 0.9997062]
  [1.0000114 0.9998777 0.999741  ... 1.0001518 1.0003351 1.0003183]
  [1.0001011 0.9998182 0.9993896 ... 1.0009694 1.0001417 0.9999932]
  ...
  [0.999843  0.99992   1.0005176 ... 0.9998117 0.9997497 1.0000061]
  [0.9998567 1.000428  1.0003483 ... 1.0004593 1.0001658 0.9997513]
  [1.0001236 0.999788  0.9994702 ... 0.9997532 1.000332  1.0002582]]]","[[[0.00000000e+00 3.46297895e-05 0.00000000e+00 ... 2.64997748e-05
   0.00000000e+00 0.00000000e+00]
  [1.78467117e-05 0.00000000e+00 1.27710734e-05 ... 0.00000000e+00
   2.07740691e-05 4.14417220e-06]
  [0.00000000e+00 0.00000000e+00 0.00000000e+00 ... 1.62154604e-04
   1.07733381e-05 0.00000000e+00]
  ...
  [0.00000000e+00 0.00000000e+00 2.90578389e-05 ... 0.00000000e+00
   0.00000000e+00 0.00000000e+00]
  [0.00000000e+00 2.18111911e-05 4.57014744e-05 ... 2.00339876e-05
   5.10394202e-05 3.39239395e-05]
  [1.11279748e-06 0.00000000e+00 0.00000000e+00 ... 0.00000000e+00
   3.95498297e-05 0.00000000e+00]]

 [[4.34058699e-05 0.00000000e+00 5.94260155e-06 ... 0.00000000e+00
   3.24721098e-05 7.52531995e-05]
  [0.00000000e+00 1.04096350e-04 0.00000000e+00 ... 2.74915226e-05
   0.00000000e+00 4.41235897e-06]
  [1.18955072e-05 3.44225711e-05 5.08295862e-05 ... 0.00000000e+00
   1.05573037e-06 4.57474520e-05]
  ...
  [1.66882769e-05 1.17774658e-05 0.00000000e+00 ... 7.89216926e-05
   7.69737282e-05 2.71648089e-05]
  [2.12197016e-05 0.00000000e+00 0.00000000e+00 ... 0.00000000e+00
   0.00000000e+00 0.00000000e+00]
  [2.79212791e-06 2.26794823e-05 9.42773072e-05 ... 6.11355878e-05
   0.00000000e+00 2.18471353e-05]]]","[[0. 0. 0. ... 0. 0. 0.]
 [0. 0. 0. ... 0. 0. 0.]
 [0. 0. 0. ... 0. 0. 0.]
 ...
 [0. 0. 0. ... 0. 0. 0.]
 [0. 0. 0. ... 0. 0. 0.]
 [0. 0. 0. ... 0. 0. 0.]]","[[0. 0. 0. ... 0. 0. 0.]
 [0. 0. 0. ... 0. 0. 0.]
 [0. 0. 0. ... 0. 0. 0.]
 ...
 [0. 0. 0. ... 0. 0. 0.]
 [0. 0. 0. ... 0. 0. 0.]
 [0. 0. 0. ... 0. 0. 0.]]",0.5665945918959165,0.2615782364880451
422,4,20.0,25.0,0.05,1e-05,0.02,0.30000000000000004,47.55718663798446,0.3371342333079041,0.49746578986268203,"[[[0.9996266 1.0005373 1.0001258 ... 1.0000607 0.9997864 0.9997064]
  [1.0000108 0.9998777 0.9997411 ... 1.0001518 1.0003352 1.0003183]
  [1.0001007 0.9998181 0.9993896 ... 1.0002918 1.0001417 0.9999933]
  ...
  [0.9998427 0.9999201 1.0005178 ... 0.9998118 0.9997497 1.0000061]
  [0.9998565 1.0004281 1.0003484 ... 0.9996346 1.0001657 0.9997512]
  [1.0001239 0.9997884 0.999471  ... 0.9997529 1.0003319 1.0002577]]

 [[0.9996266 1.0005374 1.0001261 ... 1.0000615 0.9997871 0.9997073]
  [1.0000113 0.9998779 0.9997415 ... 1.0001527 1.000336  1.00032  ]
  [1.0001011 0.9998186 0.9998547 ... 0.9998857 1.0001425 0.9999948]
  ...
  [0.9998434 0.9999205 1.0005182 ... 0.9998123 0.9997503 1.000007 ]
  [0.9998568 1.0004286 1.000349  ... 1.0004597 1.0001664 0.9997524]
  [1.0001239 0.9997885 0.9994708 ... 0.9997535 1.0003324 1.0002586]]]","[[[0.00000000e+00 4.84798569e-06 0.00000000e+00 ... 0.00000000e+00
   0.00000000e+00 0.00000000e+00]
  [0.00000000e+00 0.00000000e+00 0.00000000e+00 ... 0.00000000e+00
   0.00000000e+00 0.00000000e+00]
  [0.00000000e+00 0.00000000e+00 1.72220870e-05 ... 0.00000000e+00
   0.00000000e+00 0.00000000e+00]
  ...
  [0.00000000e+00 0.00000000e+00 0.00000000e+00 ... 0.00000000e+00
   0.00000000e+00 0.00000000e+00]
  [0.00000000e+00 0.00000000e+00 0.00000000e+00 ... 8.73819888e-05
   0.00000000e+00 0.00000000e+00]
  [0.00000000e+00 0.00000000e+00 0.00000000e+00 ... 0.00000000e+00
   0.00000000e+00 0.00000000e+00]]

 [[7.41365553e-05 1.13777690e-05 3.84461897e-05 ... 3.65452972e-05
   6.08052391e-05 6.72796395e-05]
  [4.54957080e-05 5.53471440e-05 6.44780703e-05 ... 2.17886552e-05
   1.85168539e-05 2.29493677e-05]
  [3.94319524e-05 5.81722370e-05 0.00000000e+00 ... 8.27816106e-05
   2.58620672e-05 4.51820963e-05]
  ...
  [7.14907636e-05 6.86856410e-05 2.95647402e-05 ... 7.50225494e-05
   7.73621728e-05 5.91646640e-05]
  [6.65785016e-05 2.90013740e-05 3.64532024e-05 ... 0.00000000e+00
   4.93663686e-05 7.33758356e-05]
  [4.34079665e-05 6.80325643e-05 8.82509321e-05 ... 6.96541838e-05
   3.06381597e-05 3.42853018e-05]]]","[[0. 0. 0. ... 0. 0. 0.]
 [0. 0. 0. ... 0. 0. 0.]
 [0. 0. 0. ... 0. 0. 0.]
 ...
 [0. 0. 0. ... 0. 0. 0.]
 [0. 0. 0. ... 0. 0. 0.]
 [0. 0. 0. ... 0. 0. 0.]]","[[0. 0. 0. ... 0. 0. 0.]
 [0. 0. 0. ... 0. 0. 0.]
 [0. 0. 0. ... 0. 0. 0.]
 ...
 [0. 0. 0. ... 0. 0. 0.]
 [0. 0. 0. ... 0. 0. 0.]
 [0. 0. 0. ... 0. 0. 0.]]",0.5676439235597918,0.30369980827474263
422,4,20.0,25.0,0.05,1e-05,0.03,0.30000000000000004,61.1709414484053,0.33713423330790404,0.5433624177672122,"[[[0.9996631 1.0004995 1.0002137 ... 0.9997369 0.9997161 0.9999913]
  [0.9997821 1.0005572 0.9994491 ... 1.0001518 1.0001457 1.0003194]
  [1.0000802 0.9999347 0.9993896 ... 0.9998848 0.9999194 1.0001113]
  ...
  [0.9998428 0.9999211 1.0005177 ... 1.0002512 1.0001653 1.0001671]
  [0.9998565 1.000428  1.0001053 ... 1.0004591 0.9997166 0.9992372]
  [1.0001239 0.9997884 0.9999167 ... 0.9999461 1.0000457 1.0004265]]

 [[0.9996266 1.0005374 1.0001258 ... 1.0000607 0.9997862 0.9997063]
  [1.0000114 0.9998777 0.9997409 ... 1.0001518 1.0003351 1.0003186]
  [1.000101  0.9998183 0.9993893 ... 1.0002916 1.0001415 0.9999936]
  ...
  [0.9998428 0.9999198 1.0005174 ... 0.9998117 0.9997497 1.0000063]
  [0.9998568 1.000428  1.0003483 ... 1.0004591 1.0001657 0.9997517]
  [1.0001236 0.9997879 0.9994703 ... 0.9997531 1.0003318 1.0002578]]]","[[[0.00000000e+00 5.47958334e-05 1.78105106e-05 ... 4.22120113e-05
   0.00000000e+00 0.00000000e+00]
  [3.52882746e-05 0.00000000e+00 3.43474771e-05 ... 0.00000000e+00
   3.59702769e-05 1.99972255e-05]
  [1.19587049e-05 0.00000000e+00 0.00000000e+00 ... 4.87360980e-05
   2.58969415e-05 0.00000000e+00]
  ...
  [9.68025695e-06 1.32164569e-05 5.02127344e-05 ... 0.00000000e+00
   0.00000000e+00 1.34488373e-06]
  [5.37458462e-06 4.32013075e-05 6.71001534e-05 ... 4.20683386e-05
   7.27669155e-05 5.56246913e-05]
  [2.10714883e-05 2.26973183e-06 0.00000000e+00 ... 0.00000000e+00
   5.87073168e-05 5.19288048e-06]]

 [[1.25802261e-05 0.00000000e+00 0.00000000e+00 ... 0.00000000e+00
   4.68531667e-06 4.57449800e-05]
  [0.00000000e+00 7.27216817e-05 0.00000000e+00 ... 4.92423525e-06
   0.00000000e+00 0.00000000e+00]
  [0.00000000e+00 5.22617890e-06 1.75751480e-05 ... 0.00000000e+00
   0.00000000e+00 2.27095678e-05]
  ...
  [0.00000000e+00 0.00000000e+00 0.00000000e+00 ... 3.75735780e-05
   3.64228417e-05 0.00000000e+00]
  [0.00000000e+00 0.00000000e+00 0.00000000e+00 ... 0.00000000e+00
   0.00000000e+00 0.00000000e+00]
  [0.00000000e+00 0.00000000e+00 5.80752474e-05 ... 2.93810914e-05
   0.00000000e+00 0.00000000e+00]]]","[[0. 0. 0. ... 0. 0. 0.]
 [0. 0. 0. ... 0. 0. 0.]
 [0. 0. 0. ... 0. 0. 0.]
 ...
 [0. 0. 0. ... 0. 0. 0.]
 [0. 0. 0. ... 0. 0. 0.]
 [0. 0. 0. ... 0. 0. 0.]]","[[0. 0. 0. ... 0. 0. 0.]
 [0. 0. 0. ... 0. 0. 0.]
 [0. 0. 0. ... 0. 0. 0.]
 ...
 [0. 0. 0. ... 0. 0. 0.]
 [0. 0. 0. ... 0. 0. 0.]
 [0. 0. 0. ... 0. 0. 0.]]",0.5615727356817732,0.3646153600709619
422,4,20.0,25.0,0.0,1e-05,0.01,0.4000000000000001,4.412662573266633,0.4597613519519719,0.4800490690559012,"[[[0.9996631 1.0004992 1.0002131 ... 0.9997366 0.9997368 0.9999907]
  [0.9997822 1.0001646 0.9994485 ... 1.0001514 1.0001452 1.0003185]
  [1.0000805 0.9999347 0.9993891 ... 0.9998846 0.9999189 1.0001107]
  ...
  [0.9998428 0.9999209 1.0005171 ... 1.000251  1.0001651 1.0001665]
  [0.9998565 1.0004278 1.0001045 ... 1.0004588 0.9993182 0.9992364]
  [1.0001234 0.9997877 0.9999157 ... 0.9999456 1.0000448 1.0004258]]

 [[0.9996266 1.0005372 1.0001256 ... 1.0000609 0.9997865 0.9997065]
  [1.0000113 0.9998778 0.9997411 ... 1.000152  1.0003355 1.0003189]
  [1.000101  0.9998183 0.9993896 ... 1.0009698 1.000142  0.9999939]
  ...
  [0.9998428 0.99992   1.0005174 ... 0.9998117 0.9997496 1.0000062]
  [0.9998565 1.0004282 1.0003484 ... 1.0004593 1.0001658 0.9997516]
  [1.0001236 0.9997881 0.9994706 ... 0.9997532 1.0003321 1.0002578]]]","[[[5.80925311e-04 0.00000000e+00 0.00000000e+00 ... 0.00000000e+00
   2.37897003e-04 7.97496835e-04]
  [0.00000000e+00 5.56813087e-04 0.00000000e+00 ... 0.00000000e+00
   0.00000000e+00 0.00000000e+00]
  [0.00000000e+00 4.14149091e-04 8.69340432e-04 ... 0.00000000e+00
   0.00000000e+00 1.64550971e-04]
  ...
  [2.23974795e-04 1.15179621e-04 0.00000000e+00 ... 8.54516102e-04
   9.11254300e-04 2.05103507e-04]
  [2.04525121e-04 0.00000000e+00 0.00000000e+00 ... 0.00000000e+00
   0.00000000e+00 0.00000000e+00]
  [0.00000000e+00 3.01391635e-04 1.34861908e-03 ... 6.08488931e-04
   0.00000000e+00 0.00000000e+00]]

 [[0.00000000e+00 1.37370351e-03 1.02195873e-04 ... 8.83818924e-04
   0.00000000e+00 0.00000000e+00]
  [5.48374414e-04 0.00000000e+00 4.49617625e-05 ... 3.65713412e-04
   1.23681006e-03 7.65222845e-04]
  [2.88683119e-04 0.00000000e+00 0.00000000e+00 ... 4.79139192e-03
   8.47838764e-04 0.00000000e+00]
  ...
  [0.00000000e+00 0.00000000e+00 1.24063970e-03 ... 0.00000000e+00
   0.00000000e+00 0.00000000e+00]
  [0.00000000e+00 1.02721857e-03 1.38996429e-03 ... 1.10205506e-03
   2.32618301e-03 5.77003195e-04]
  [2.96887828e-04 0.00000000e+00 0.00000000e+00 ... 0.00000000e+00
   1.44953015e-03 2.36162366e-04]]]","[[0. 0. 0. ... 0. 0. 0.]
 [0. 0. 0. ... 0. 0. 0.]
 [0. 0. 0. ... 0. 0. 0.]
 ...
 [0. 0. 0. ... 0. 0. 0.]
 [0. 0. 0. ... 0. 0. 0.]
 [0. 0. 0. ... 0. 0. 0.]]","[[0. 0. 0. ... 0. 0. 0.]
 [0. 0. 0. ... 0. 0. 0.]
 [0. 0. 0. ... 0. 0. 0.]
 ...
 [0. 0. 0. ... 0. 0. 0.]
 [0. 0. 0. ... 0. 0. 0.]
 [0. 0. 0. ... 0. 0. 0.]]",0.12203256913007852,0.048451908935747384
422,4,20.0,25.0,0.0,1e-05,0.02,0.4000000000000001,14.385185334481763,0.4597613519519719,0.525898874526582,"[[[0.9996266 1.0005372 1.0001259 ... 1.0000608 0.9997868 0.999707 ]
  [1.000011  0.9998774 0.9997409 ... 1.0001518 1.0003355 1.0003192]
  [1.0001007 0.9998178 0.9993895 ... 1.0009694 1.000142  0.9999941]
  ...
  [0.9998427 0.9999198 1.0005176 ... 0.9998114 0.9997497 1.0000066]
  [0.9998566 1.000428  1.0003486 ... 1.0004591 1.000166  0.999752 ]
  [1.0001239 0.9997882 0.9994709 ... 0.9997531 1.0003324 1.0002583]]

 [[0.9996266 1.0005372 1.0001255 ... 1.0000606 0.9997863 0.9997065]
  [1.0000114 0.9998778 0.999741  ... 1.0001518 1.0003352 1.0003189]
  [1.000101  0.9998182 0.9993894 ... 1.0002916 1.0001415 0.9999937]
  ...
  [0.999843  0.9999199 1.0005174 ... 0.9998117 0.9997496 1.0000064]
  [0.9998567 1.0004278 1.0003482 ... 1.0004591 1.0001656 0.9997518]
  [1.0001231 0.9997875 0.9994699 ... 0.9997528 1.0003316 1.0002577]]]","[[[5.32163137e-04 0.00000000e+00 0.00000000e+00 ... 0.00000000e+00
   3.05140019e-04 4.18879105e-04]
  [0.00000000e+00 1.73567427e-04 3.68901610e-04 ... 0.00000000e+00
   0.00000000e+00 0.00000000e+00]
  [0.00000000e+00 2.58501651e-04 8.70394685e-04 ... 4.88497996e-04
   0.00000000e+00 9.57798001e-06]
  ...
  [2.23336080e-04 1.14011339e-04 0.00000000e+00 ... 2.67929423e-04
   3.56992653e-04 0.00000000e+00]
  [2.04036717e-04 0.00000000e+00 0.00000000e+00 ... 0.00000000e+00
   0.00000000e+00 3.53927003e-04]
  [0.00000000e+00 3.03760223e-04 7.56879649e-04 ... 3.52646290e-04
   0.00000000e+00 0.00000000e+00]]

 [[0.00000000e+00 1.28750420e-03 3.00091985e-04 ... 1.44604421e-04
   0.00000000e+00 0.00000000e+00]
  [2.84880521e-05 0.00000000e+00 0.00000000e+00 ... 3.63776927e-04
   8.03002060e-04 7.63589782e-04]
  [2.42584522e-04 0.00000000e+00 0.00000000e+00 ... 0.00000000e+00
   3.38117231e-04 0.00000000e+00]
  ...
  [0.00000000e+00 0.00000000e+00 1.23953061e-03 ... 0.00000000e+00
   0.00000000e+00 1.51159039e-05]
  [0.00000000e+00 1.02526015e-03 8.33866757e-04 ... 1.10037284e-03
   3.95832903e-04 0.00000000e+00]
  [2.93560917e-04 0.00000000e+00 0.00000000e+00 ... 0.00000000e+00
   7.93337064e-04 6.16457558e-04]]]","[[0. 0. 0. ... 0. 0. 0.]
 [0. 0. 0. ... 0. 0. 0.]
 [0. 0. 0. ... 0. 0. 0.]
 ...
 [0. 0. 0. ... 0. 0. 0.]
 [0. 0. 0. ... 0. 0. 0.]
 [0. 0. 0. ... 0. 0. 0.]]","[[0. 0. 0. ... 0. 0. 0.]
 [0. 0. 0. ... 0. 0. 0.]
 [0. 0. 0. ... 0. 0. 0.]
 ...
 [0. 0. 0. ... 0. 0. 0.]
 [0. 0. 0. ... 0. 0. 0.]
 [0. 0. 0. ... 0. 0. 0.]]",0.4345443119838599,0.28205353123198706
422,4,20.0,25.0,0.0,1e-05,0.03,0.4000000000000001,17.461626991936736,0.4597613519519719,0.5400431642829107,"[[[0.9996631 1.0004995 1.0002134 ... 0.9997371 0.9997159 0.9999909]
  [0.9997822 1.0001647 0.999449  ... 1.000152  1.0001456 1.0003189]
  [1.0000803 0.9999347 0.9993895 ... 1.000292  0.9999193 1.000111 ]
  ...
  [0.9998429 0.9999213 1.0005175 ... 1.0002515 1.0001653 1.0001667]
  [0.9998564 1.0004281 1.0001051 ... 1.0004591 0.9997161 1.0001082]
  [1.0001231 0.9997877 0.9999158 ... 1.000525  1.000045  1.000426 ]]

 [[0.9996266 1.0005372 1.0001256 ... 1.0000606 0.9997863 0.9997064]
  [1.0000112 0.9998776 0.9997409 ... 1.0001515 1.0003351 1.0003186]
  [1.0001011 0.9998183 0.9998542 ... 1.0002918 1.000142  0.9999938]
  ...
  [0.999843  0.9999199 1.0005174 ... 0.9998115 0.9997496 1.0000063]
  [0.9998567 1.0004282 1.0003484 ... 1.0004591 1.0001659 0.9997517]
  [1.0001236 0.999788  0.9994703 ... 0.9997529 1.0003319 1.0002578]]]","[[[5.80762906e-04 0.00000000e+00 0.00000000e+00 ... 0.00000000e+00
   2.10388917e-04 7.97902326e-04]
  [0.00000000e+00 5.57473039e-04 0.00000000e+00 ... 0.00000000e+00
   0.00000000e+00 0.00000000e+00]
  [0.00000000e+00 4.13990652e-04 0.00000000e+00 ... 0.00000000e+00
   0.00000000e+00 1.65039183e-04]
  ...
  [2.23418308e-04 1.15923668e-04 0.00000000e+00 ... 8.55668549e-04
   9.11423243e-04 2.04786684e-04]
  [2.03638477e-04 0.00000000e+00 0.00000000e+00 ... 0.00000000e+00
   0.00000000e+00 8.29482135e-04]
  [0.00000000e+00 3.01565815e-04 1.34936809e-03 ... 1.38209566e-03
   0.00000000e+00 0.00000000e+00]]

 [[0.00000000e+00 1.37343045e-03 1.01914461e-04 ... 8.81330837e-04
   0.00000000e+00 0.00000000e+00]
  [5.48090542e-04 0.00000000e+00 4.31625920e-05 ... 3.62400631e-04
   1.23460065e-03 7.63571282e-04]
  [2.89781151e-04 0.00000000e+00 7.08082908e-04 ... 6.99543283e-04
   8.47161306e-04 0.00000000e+00]
  ...
  [0.00000000e+00 0.00000000e+00 1.24007025e-03 ... 0.00000000e+00
   0.00000000e+00 0.00000000e+00]
  [0.00000000e+00 1.02692754e-03 1.38886002e-03 ... 1.10065254e-03
   1.42139154e-03 0.00000000e+00]
  [2.97699430e-04 0.00000000e+00 0.00000000e+00 ... 0.00000000e+00
   1.44841312e-03 2.35890157e-04]]]","[[0. 0. 0. ... 0. 0. 0.]
 [0. 0. 0. ... 0. 0. 0.]
 [0. 0. 0. ... 0. 0. 0.]
 ...
 [0. 0. 0. ... 0. 0. 0.]
 [0. 0. 0. ... 0. 0. 0.]
 [0. 0. 0. ... 0. 0. 0.]]","[[0. 0. 0. ... 0. 0. 0.]
 [0. 0. 0. ... 0. 0. 0.]
 [0. 0. 0. ... 0. 0. 0.]
 ...
 [0. 0. 0. ... 0. 0. 0.]
 [0. 0. 0. ... 0. 0. 0.]
 [0. 0. 0. ... 0. 0. 0.]]",0.39312132921216264,0.24016192869794012
422,4,20.0,25.0,0.05,1e-05,0.01,0.4000000000000001,18.44949808263137,0.4597613519519719,0.544585013765031,"[[[0.9996631 1.0004992 1.0002131 ... 0.9997368 0.9997159 0.9999909]
  [0.9997821 1.0005572 0.9994488 ... 1.0001518 1.0001454 1.0003186]
  [1.0000803 0.9999347 0.9993894 ... 1.0002918 0.9999191 1.0001107]
  ...
  [0.9998427 0.9999209 1.0005174 ... 1.0002514 1.0001653 1.0001668]
  [0.9998564 1.0004277 1.0001049 ... 1.0004591 0.999716  0.9982738]
  [1.0001233 0.9997878 0.9999159 ... 0.999946  1.0000451 1.0004259]]

 [[0.9996266 1.0005374 1.0001258 ... 1.0000609 0.9997864 0.9997065]
  [1.0000112 0.9998777 0.9997411 ... 1.000152  1.0003355 1.0003189]
  [1.000101  0.9998183 0.9993896 ... 1.000292  1.0001421 0.9999941]
  ...
  [0.9998428 0.9999199 1.0005175 ... 0.9998118 0.9997496 1.0000062]
  [0.9998566 1.0004281 1.0003484 ... 1.0004593 1.000166  0.9997518]
  [1.0001236 0.999788  0.9994705 ... 0.9997531 1.0003324 1.0002582]]]","[[[0.00000000e+00 3.47716875e-05 0.00000000e+00 ... 2.76504104e-05
   0.00000000e+00 0.00000000e+00]
  [1.90361639e-05 0.00000000e+00 1.30130494e-05 ... 0.00000000e+00
   2.57690863e-05 6.67519046e-06]
  [0.00000000e+00 0.00000000e+00 0.00000000e+00 ... 4.18031052e-06
   2.01026360e-05 0.00000000e+00]
  ...
  [0.00000000e+00 0.00000000e+00 2.82232093e-05 ... 0.00000000e+00
   0.00000000e+00 0.00000000e+00]
  [0.00000000e+00 2.11853007e-05 4.50239648e-05 ... 1.98691123e-05
   4.78924341e-05 1.40805545e-04]
  [0.00000000e+00 0.00000000e+00 0.00000000e+00 ... 0.00000000e+00
   3.85322005e-05 0.00000000e+00]]

 [[4.34741328e-05 0.00000000e+00 4.98749979e-06 ... 0.00000000e+00
   3.01632144e-05 7.40011924e-05]
  [0.00000000e+00 1.03819742e-04 0.00000000e+00 ... 1.54257622e-05
   0.00000000e+00 2.18495215e-07]
  [8.46335699e-06 3.45936211e-05 5.51229011e-05 ... 3.69832814e-06
   0.00000000e+00 3.94943189e-05]
  ...
  [1.81642513e-05 1.25071987e-05 0.00000000e+00 ... 7.65373450e-05
   7.68132773e-05 3.07124283e-05]
  [2.70616201e-05 0.00000000e+00 0.00000000e+00 ... 0.00000000e+00
   0.00000000e+00 0.00000000e+00]
  [5.60748256e-06 2.36868572e-05 9.37573954e-05 ... 6.14801878e-05
   0.00000000e+00 2.72039512e-05]]]","[[0. 0. 0. ... 0. 0. 0.]
 [0. 0. 0. ... 0. 0. 0.]
 [0. 0. 0. ... 0. 0. 0.]
 ...
 [0. 0. 0. ... 0. 0. 0.]
 [0. 0. 0. ... 0. 0. 0.]
 [0. 0. 0. ... 0. 0. 0.]]","[[0. 0. 0. ... 0. 0. 0.]
 [0. 0. 0. ... 0. 0. 0.]
 [0. 0. 0. ... 0. 0. 0.]
 ...
 [0. 0. 0. ... 0. 0. 0.]
 [0. 0. 0. ... 0. 0. 0.]
 [0. 0. 0. ... 0. 0. 0.]]",0.5565331086975897,0.27322617039497626
422,4,20.0,25.0,0.05,1e-05,0.02,0.4000000000000001,30.44032413415678,0.4597613519519719,0.5997141977297334,"[[[0.9996266 1.0005372 1.0001259 ... 1.0000609 0.9997869 0.9997067]
  [1.0000111 0.9998775 0.9997409 ... 1.0001519 1.0003355 1.0003189]
  [1.0001009 0.9998181 0.9993896 ... 1.000292  1.0001423 0.9999941]
  ...
  [0.999843  0.9999198 1.0005177 ... 0.9998118 0.9997498 1.0000062]
  [0.9998567 1.0004282 1.0003488 ... 1.0004593 1.0001662 0.999752 ]
  [1.0001239 0.9997884 0.999471  ... 0.9997534 1.0003324 1.0002583]]

 [[0.9996631 1.0004995 1.0002134 ... 0.9997368 0.9997159 0.999991 ]
  [0.9997824 1.0005575 0.9994493 ... 1.000152  1.0001457 1.0003186]
  [1.0000806 0.9999351 0.9998544 ... 1.000292  0.9999193 1.000111 ]
  ...
  [0.999843  0.9999215 1.0005176 ... 1.0002517 1.0001657 1.0001669]
  [0.9998567 1.0004283 1.0001051 ... 1.0004596 0.9997166 0.999237 ]
  [1.0001236 0.999788  0.9999162 ... 0.999946  1.0000451 1.0004259]]]","[[[0.00000000e+00 0.00000000e+00 0.00000000e+00 ... 0.00000000e+00
   0.00000000e+00 0.00000000e+00]
  [0.00000000e+00 5.90284268e-05 0.00000000e+00 ... 0.00000000e+00
   0.00000000e+00 0.00000000e+00]
  [0.00000000e+00 0.00000000e+00 0.00000000e+00 ... 0.00000000e+00
   0.00000000e+00 0.00000000e+00]
  ...
  [0.00000000e+00 0.00000000e+00 0.00000000e+00 ... 1.59438307e-05
   5.03749853e-06 0.00000000e+00]
  [0.00000000e+00 0.00000000e+00 0.00000000e+00 ... 0.00000000e+00
   0.00000000e+00 0.00000000e+00]
  [0.00000000e+00 0.00000000e+00 0.00000000e+00 ... 0.00000000e+00
   0.00000000e+00 0.00000000e+00]]

 [[1.08127615e-04 6.65053741e-05 7.12350020e-05 ... 1.25790901e-04
   1.02459834e-04 4.78263722e-05]
  [1.34850340e-04 0.00000000e+00 1.60980462e-04 ... 5.95403712e-05
   9.07805168e-05 6.19129761e-05]
  [8.64072327e-05 7.93076278e-05 2.55137690e-05 ... 5.53566655e-05
   1.19806165e-04 6.67429088e-05]
  ...
  [1.05733779e-04 1.05812670e-04 6.79270104e-05 ... 1.06180049e-05
   2.38679894e-05 5.73505867e-05]
  [9.69479635e-05 6.72982367e-05 1.28195947e-04 ... 4.82631597e-05
   1.54004937e-04 1.96649295e-04]
  [8.00602443e-05 1.11480277e-04 5.30827281e-05 ... 5.25237745e-05
   1.05984048e-04 2.82193894e-05]]]","[[0. 0. 0. ... 0. 0. 0.]
 [0. 0. 0. ... 0. 0. 0.]
 [0. 0. 0. ... 0. 0. 0.]
 ...
 [0. 0. 0. ... 0. 0. 0.]
 [0. 0. 0. ... 0. 0. 0.]
 [0. 0. 0. ... 0. 0. 0.]]","[[0. 0. 0. ... 0. 0. 0.]
 [0. 0. 0. ... 0. 0. 0.]
 [0. 0. 0. ... 0. 0. 0.]
 ...
 [0. 0. 0. ... 0. 0. 0.]
 [0. 0. 0. ... 0. 0. 0.]
 [0. 0. 0. ... 0. 0. 0.]]",0.557889293503312,0.31314734187633536
422,4,20.0,25.0,0.05,1e-05,0.03,0.4000000000000001,41.60388822333277,0.4597613519519719,0.6510399509121538,"[[[0.9996631 1.0004992 1.0002131 ... 0.9997374 0.999716  0.9999914]
  [0.9997823 1.0001647 0.9994489 ... 1.0001521 1.0001456 1.0003192]
  [1.0000803 0.9999348 0.9998542 ... 1.000292  0.9999194 1.0001113]
  ...
  [0.9998429 0.9999213 1.0005176 ... 1.0002515 1.0001653 1.0001668]
  [0.9998565 1.000428  1.0001053 ... 1.0004591 0.9997161 0.999237 ]
  [1.0001231 0.9997877 0.9999159 ... 0.9999458 1.000045  1.0004264]]

 [[0.9996631 1.0004992 1.0002129 ... 0.9997368 0.9997368 0.9999908]
  [0.9997821 1.0001646 0.9994485 ... 1.0001518 1.0001453 1.0003186]
  [1.0000805 0.9999347 0.9993891 ... 1.0002916 0.9999189 1.0001107]
  ...
  [0.9998428 0.9999211 1.0005172 ... 1.0002513 1.0001653 1.0001668]
  [0.9998565 1.0004278 1.0001047 ... 1.000459  0.999716  0.9982738]
  [1.0001236 0.9997878 0.9999156 ... 0.9999458 1.000045  1.000426 ]]]","[[[0.00000000e+00 8.25084824e-06 0.00000000e+00 ... 0.00000000e+00
   0.00000000e+00 0.00000000e+00]
  [0.00000000e+00 0.00000000e+00 0.00000000e+00 ... 2.12862981e-06
   0.00000000e+00 3.92624529e-06]
  [0.00000000e+00 0.00000000e+00 0.00000000e+00 ... 1.17131986e-05
   0.00000000e+00 0.00000000e+00]
  ...
  [0.00000000e+00 0.00000000e+00 0.00000000e+00 ... 0.00000000e+00
   0.00000000e+00 0.00000000e+00]
  [0.00000000e+00 0.00000000e+00 0.00000000e+00 ... 6.09813273e-06
   0.00000000e+00 0.00000000e+00]
  [0.00000000e+00 0.00000000e+00 0.00000000e+00 ... 0.00000000e+00
   0.00000000e+00 1.45121908e-05]]

 [[5.57406238e-05 4.26609970e-06 3.06095167e-05 ... 3.27496955e-05
   3.70042430e-05 2.81779176e-05]
  [4.49400697e-05 1.81257956e-05 6.63335328e-05 ... 1.89949608e-06
   1.19798859e-05 5.01070542e-06]
  [2.45923992e-05 2.78671430e-05 1.19326229e-04 ... 0.00000000e+00
   2.99475661e-05 2.25460885e-05]
  ...
  [6.31586940e-05 7.11530901e-05 4.10801759e-05 ... 3.31970661e-05
   3.37949720e-05 2.90629580e-05]
  [4.51941836e-05 2.59081529e-05 6.11997617e-05 ... 6.12059042e-06
   4.66404400e-05 2.66262209e-04]
  [2.54743803e-05 6.19601348e-05 6.28648872e-05 ... 2.84073656e-05
   1.97471895e-05 0.00000000e+00]]]","[[0. 0. 0. ... 0. 0. 0.]
 [0. 0. 0. ... 0. 0. 0.]
 [0. 0. 0. ... 0. 0. 0.]
 ...
 [0. 0. 0. ... 0. 0. 0.]
 [0. 0. 0. ... 0. 0. 0.]
 [0. 0. 0. ... 0. 0. 0.]]","[[0. 0. 0. ... 0. 0. 0.]
 [0. 0. 0. ... 0. 0. 0.]
 [0. 0. 0. ... 0. 0. 0.]
 ...
 [0. 0. 0. ... 0. 0. 0.]
 [0. 0. 0. ... 0. 0. 0.]
 [0. 0. 0. ... 0. 0. 0.]]",0.5500752435375981,0.39084056662788375
422,4,20.0,25.0,0.0,1e-05,0.01,0.5000000000000001,1.642605438432316,0.5761167866264221,0.5855801122952692,"[[[0.9996266 1.0005374 1.0001258 ... 1.0000609 0.9997864 0.9997064]
  [1.0000113 0.9998779 0.9997411 ... 1.0001519 1.0003352 1.0003185]
  [1.000101  0.9998183 0.9993896 ... 1.0002918 1.0001419 0.9999935]
  ...
  [0.9990144 0.9999199 1.0005172 ... 0.9998117 0.9997496 1.0000061]
  [0.9998564 1.0004278 1.0003482 ... 0.9996344 1.0001657 0.9997514]
  [1.0001231 0.9997877 0.9994702 ... 0.9997527 1.0003318 1.0002573]]

 [[0.9996266 1.0005372 1.0001256 ... 1.0000606 0.9997863 0.9997069]
  [1.0000113 0.9998776 0.999741  ... 1.0001518 1.0003352 1.000319 ]
  [1.0001009 0.9998181 0.9993896 ... 1.0009696 1.000142  0.9999941]
  ...
  [0.9990144 0.9999198 1.0005174 ... 0.9998116 0.9997497 1.0000067]
  [0.9998564 1.0004277 1.0003482 ... 0.9996344 1.0001656 0.999752 ]
  [1.0001233 0.9997878 0.9994703 ... 0.9997529 1.0003318 1.0002582]]]","[[[5.32139417e-04 0.00000000e+00 0.00000000e+00 ... 0.00000000e+00
   3.04560581e-04 4.16910048e-04]
  [0.00000000e+00 1.74917722e-04 3.69115463e-04 ... 0.00000000e+00
   0.00000000e+00 0.00000000e+00]
  [0.00000000e+00 2.59526698e-04 8.69959170e-04 ... 0.00000000e+00
   0.00000000e+00 7.61226571e-06]
  ...
  [1.40497523e-03 1.14469923e-04 0.00000000e+00 ... 2.68622121e-04
   3.56473411e-04 0.00000000e+00]
  [2.04593773e-04 0.00000000e+00 0.00000000e+00 ... 5.21009423e-04
   0.00000000e+00 3.52610161e-04]
  [0.00000000e+00 3.02198084e-04 7.54748179e-04 ... 3.51893678e-04
   0.00000000e+00 0.00000000e+00]]

 [[0.00000000e+00 1.28700237e-03 3.00962394e-04 ... 1.44376269e-04
   0.00000000e+00 0.00000000e+00]
  [2.71548644e-05 0.00000000e+00 0.00000000e+00 ... 3.63544122e-04
   8.03579325e-04 7.65806798e-04]
  [2.41516755e-04 0.00000000e+00 0.00000000e+00 ... 3.86461702e-03
   3.40651923e-04 0.00000000e+00]
  ...
  [0.00000000e+00 0.00000000e+00 1.24039533e-03 ... 0.00000000e+00
   0.00000000e+00 1.73638890e-05]
  [0.00000000e+00 1.02501777e-03 8.34724309e-04 ... 0.00000000e+00
   3.96698239e-04 0.00000000e+00]
  [2.95787183e-04 0.00000000e+00 0.00000000e+00 ... 0.00000000e+00
   7.95296549e-04 6.21168683e-04]]]","[[0. 0. 0. ... 0. 0. 0.]
 [0. 0. 0. ... 0. 0. 0.]
 [0. 0. 0. ... 0. 0. 0.]
 ...
 [0. 0. 0. ... 0. 0. 0.]
 [0. 0. 0. ... 0. 0. 0.]
 [0. 0. 0. ... 0. 0. 0.]]","[[0. 0. 0. ... 0. 0. 0.]
 [0. 0. 0. ... 0. 0. 0.]
 [0. 0. 0. ... 0. 0. 0.]
 ...
 [0. 0. 0. ... 0. 0. 0.]
 [0. 0. 0. ... 0. 0. 0.]
 [0. 0. 0. ... 0. 0. 0.]]",0.2466179436859105,0.1268846534449203
422,4,20.0,25.0,0.0,1e-05,0.02,0.5000000000000001,5.131094737389491,0.5761167866264221,0.6056778847462279,"[[[0.9996631 1.0004991 1.0002129 ... 0.9997365 0.9997368 0.9999909]
  [0.999782  1.0001642 0.9994482 ... 1.0001513 1.000145  1.0003186]
  [1.00008   0.9999342 0.9993888 ... 1.0002913 0.9999188 1.0001107]
  ...
  [0.9998428 0.9999207 1.0005169 ... 1.0002508 1.0001647 1.0001663]
  [0.9998564 1.0004275 1.0001045 ... 1.0004586 0.9997155 0.9992364]
  [1.0001236 0.9997878 0.9999157 ... 0.9999456 1.0000446 1.0004259]]

 [[0.9996266 1.0005372 1.0001256 ... 1.0000607 0.9997863 0.9997064]
  [1.0000112 0.9998774 0.9997408 ... 1.0001518 1.0003352 1.0003186]
  [1.0001009 0.9998181 0.9993894 ... 1.0002918 1.0001419 0.9999935]
  ...
  [0.9990144 0.9999198 1.0005174 ... 0.9998116 0.9997496 1.0000062]
  [0.9998567 1.000428  1.0003484 ... 1.0004591 1.0001657 0.9997512]
  [1.0001236 0.9997879 0.9994704 ... 0.9997529 1.0003318 1.0002576]]]","[[[5.80910039e-04 0.00000000e+00 0.00000000e+00 ... 0.00000000e+00
   2.38368268e-04 7.98046366e-04]
  [0.00000000e+00 5.57312652e-04 0.00000000e+00 ... 0.00000000e+00
   0.00000000e+00 0.00000000e+00]
  [0.00000000e+00 4.14155018e-04 8.69418105e-04 ... 0.00000000e+00
   0.00000000e+00 1.65685020e-04]
  ...
  [2.51100289e-03 1.15577889e-04 0.00000000e+00 ... 8.54504355e-04
   9.10756476e-04 2.04767588e-04]
  [2.03768972e-04 0.00000000e+00 0.00000000e+00 ... 0.00000000e+00
   0.00000000e+00 0.00000000e+00]
  [0.00000000e+00 3.02027467e-04 1.34909497e-03 ... 6.09286254e-04
   0.00000000e+00 0.00000000e+00]]

 [[0.00000000e+00 1.37400208e-03 1.02768073e-04 ... 8.83019751e-04
   0.00000000e+00 0.00000000e+00]
  [5.48248367e-04 0.00000000e+00 4.42750036e-05 ... 3.64916808e-04
   1.23627988e-03 7.63866724e-04]
  [2.89234575e-04 0.00000000e+00 0.00000000e+00 ... 7.00675705e-04
   8.47457088e-04 0.00000000e+00]
  ...
  [0.00000000e+00 0.00000000e+00 1.24121187e-03 ... 0.00000000e+00
   0.00000000e+00 0.00000000e+00]
  [0.00000000e+00 1.02695088e-03 1.38999469e-03 ... 1.10152620e-03
   1.42141048e-03 5.75086948e-04]
  [2.96375986e-04 0.00000000e+00 0.00000000e+00 ... 0.00000000e+00
   1.44844153e-03 2.34812313e-04]]]","[[0. 0. 0. ... 0. 0. 0.]
 [0. 0. 0. ... 0. 0. 0.]
 [0. 0. 0. ... 0. 0. 0.]
 ...
 [0. 0. 0. ... 0. 0. 0.]
 [0. 0. 0. ... 0. 0. 0.]
 [0. 0. 0. ... 0. 0. 0.]]","[[0. 0. 0. ... 0. 0. 0.]
 [0. 0. 0. ... 0. 0. 0.]
 [0. 0. 0. ... 0. 0. 0.]
 ...
 [0. 0. 0. ... 0. 0. 0.]
 [0. 0. 0. ... 0. 0. 0.]
 [0. 0. 0. ... 0. 0. 0.]]",0.27936638349847276,0.14025615853393886
422,4,20.0,25.0,0.0,1e-05,0.03,0.5000000000000001,9.346166532783057,0.5761167866264221,0.6299616209278459,"[[[0.9996631 1.0004991 1.0002133 ... 0.9997366 0.999737  0.9999907]
  [0.9997821 1.0005572 0.9994487 ... 1.0001514 1.0001454 1.0003184]
  [1.0000802 0.9999346 0.9993893 ... 1.0002913 0.9999191 1.0001104]
  ...
  [0.9998427 0.9999209 1.0005171 ... 1.000251  1.0001653 1.0001663]
  [0.9998562 1.0004276 1.0001047 ... 1.0004587 0.999716  0.9992361]
  [1.0001231 0.9997876 0.9999157 ... 0.9999455 1.0000448 1.0004255]]

 [[1.0009124 1.0000354 1.0000834 ... 0.999764  0.9997159 0.9997081]
  [1.0000831 1.0001647 1.0003705 ... 1.0003848 1.0003937 0.9998949]
  [1.0001278 1.0001372 0.999854  ... 1.000292  1.0001967 1.0001582]
  ...
  [1.0005641 1.0003282 1.0000209 ... 0.9994283 1.0003784 0.9998975]
  [0.9999944 1.0005205 0.999761  ... 1.0001034 0.9997161 0.9992366]
  [0.9999469 0.9993101 0.9999161 ... 0.9999458 0.9999538 0.9997253]]]","[[[0.00000000e+00 5.68194539e-04 5.43585126e-05 ... 2.99712552e-04
   4.33017225e-04 7.93097299e-04]
  [0.00000000e+00 2.88786918e-04 0.00000000e+00 ... 0.00000000e+00
   0.00000000e+00 7.14792169e-04]
  [0.00000000e+00 0.00000000e+00 0.00000000e+00 ... 0.00000000e+00
   0.00000000e+00 0.00000000e+00]
  ...
  [0.00000000e+00 0.00000000e+00 6.32321298e-04 ... 1.91288136e-03
   0.00000000e+00 5.04804033e-04]
  [0.00000000e+00 0.00000000e+00 7.99237626e-04 ... 3.26834730e-04
   4.04441652e-04 1.08752792e-03]
  [3.10890599e-04 1.62086497e-03 1.19152198e-04 ... 7.68559347e-05
   1.87318412e-04 1.32569958e-03]]

 [[5.02762241e-03 0.00000000e+00 0.00000000e+00 ... 0.00000000e+00
   0.00000000e+00 0.00000000e+00]
  [8.83870174e-04 0.00000000e+00 2.98510266e-03 ... 1.45316107e-03
   1.50847214e-03 0.00000000e+00]
  [4.14471183e-04 7.89710906e-04 7.07482142e-04 ... 7.01131621e-04
   1.10284875e-03 4.87880387e-04]
  ...
  [2.99267798e-03 1.71298004e-03 0.00000000e+00 ... 0.00000000e+00
   1.39137634e-03 0.00000000e+00]
  [3.00919258e-04 1.45859920e-03 0.00000000e+00 ... 0.00000000e+00
   0.00000000e+00 0.00000000e+00]
  [0.00000000e+00 0.00000000e+00 0.00000000e+00 ... 0.00000000e+00
   0.00000000e+00 0.00000000e+00]]]","[[0. 0. 0. ... 0. 0. 0.]
 [0. 0. 0. ... 0. 0. 0.]
 [0. 0. 0. ... 0. 0. 0.]
 ...
 [0. 0. 0. ... 0. 0. 0.]
 [0. 0. 0. ... 0. 0. 0.]
 [0. 0. 0. ... 0. 0. 0.]]","[[0. 0. 0. ... 0. 0. 0.]
 [0. 0. 0. ... 0. 0. 0.]
 [0. 0. 0. ... 0. 0. 0.]
 ...
 [0. 0. 0. ... 0. 0. 0.]
 [0. 0. 0. ... 0. 0. 0.]
 [0. 0. 0. ... 0. 0. 0.]]",0.38233747771758675,0.2358351369053232
422,4,20.0,25.0,0.05,1e-05,0.01,0.5000000000000001,9.490938004702087,0.5761167866264221,0.6307956736798176,"[[[0.9996631 1.0004991 1.0002131 ... 0.9997365 0.9997367 0.9999911]
  [0.9997823 1.0005572 0.9994488 ... 1.0001513 1.000145  1.0003188]
  [1.0000805 0.9999348 0.9993894 ... 1.0002913 0.9999189 1.000111 ]
  ...
  [0.999843  0.9999211 1.0005172 ... 1.000251  1.0001651 1.0001667]
  [0.9998565 1.0004276 1.0001047 ... 1.0004587 0.9993182 0.9992366]
  [1.0001231 0.9997873 0.9999157 ... 0.9999455 1.0000448 1.0004256]]

 [[0.9996631 1.0004995 1.0002131 ... 0.9997366 0.9997367 0.9999905]
  [0.9997821 1.0001647 0.9994487 ... 1.0001515 1.0001451 1.0003186]
  [1.00008   0.9999348 0.9993894 ... 0.9998848 0.9999189 1.0001105]
  ...
  [0.9998425 0.9999212 1.000517  ... 1.000251  1.0001651 1.0001667]
  [0.999856  1.0004277 1.0001045 ... 1.0004588 0.9993182 0.9992362]
  [1.0001233 0.9997879 0.9999159 ... 0.9999459 1.000045  1.0004258]]]","[[[0.00000000e+00 3.05256218e-05 7.31048748e-06 ... 3.89459127e-06
   0.00000000e+00 6.17118894e-06]
  [0.00000000e+00 0.00000000e+00 0.00000000e+00 ... 3.17040265e-05
   2.22416538e-05 2.70381110e-05]
  [7.92507464e-06 8.87877603e-07 0.00000000e+00 ... 0.00000000e+00
   6.31326811e-06 1.09358343e-05]
  ...
  [0.00000000e+00 0.00000000e+00 1.38068943e-05 ... 2.44756923e-05
   1.55870568e-05 1.10028679e-05]
  [0.00000000e+00 1.77168534e-05 0.00000000e+00 ... 4.11251774e-05
   0.00000000e+00 0.00000000e+00]
  [7.92229893e-06 0.00000000e+00 0.00000000e+00 ... 1.30459898e-05
   1.53825513e-05 3.37249202e-05]]

 [[1.92461638e-05 0.00000000e+00 0.00000000e+00 ... 0.00000000e+00
   0.00000000e+00 0.00000000e+00]
  [7.86156504e-06 3.29216894e-05 3.42700910e-05 ... 0.00000000e+00
   0.00000000e+00 0.00000000e+00]
  [0.00000000e+00 0.00000000e+00 3.14481975e-05 ... 2.45657183e-05
   0.00000000e+00 0.00000000e+00]
  ...
  [2.07197441e-05 2.66131798e-05 0.00000000e+00 ... 0.00000000e+00
   0.00000000e+00 0.00000000e+00]
  [1.30316785e-05 0.00000000e+00 2.02056304e-05 ... 0.00000000e+00
   3.12755626e-05 4.35274057e-05]
  [0.00000000e+00 2.53697045e-05 2.53289731e-05 ... 0.00000000e+00
   0.00000000e+00 0.00000000e+00]]]","[[0. 0. 0. ... 0. 0. 0.]
 [0. 0. 0. ... 0. 0. 0.]
 [0. 0. 0. ... 0. 0. 0.]
 ...
 [0. 0. 0. ... 0. 0. 0.]
 [0. 0. 0. ... 0. 0. 0.]
 [0. 0. 0. ... 0. 0. 0.]]","[[0. 0. 0. ... 0. 0. 0.]
 [0. 0. 0. ... 0. 0. 0.]
 [0. 0. 0. ... 0. 0. 0.]
 ...
 [0. 0. 0. ... 0. 0. 0.]
 [0. 0. 0. ... 0. 0. 0.]
 [0. 0. 0. ... 0. 0. 0.]]",0.5522822392274076,0.2959920540192886
422,4,20.0,25.0,0.05,1e-05,0.02,0.5000000000000001,19.856557686207058,0.5761167866264221,0.69051374870282,"[[[0.9996631 1.0004996 1.0002134 ... 0.9997368 0.999737  0.9999907]
  [0.9997818 1.0001647 0.9994487 ... 1.0001518 1.0001451 1.0003183]
  [1.0000799 0.9999345 0.9993888 ... 1.0002918 0.9999191 1.0001107]
  ...
  [0.9998428 0.9999212 1.0005171 ... 1.0002512 1.0001649 1.000166 ]
  [0.9998562 1.0004277 1.0001045 ... 1.000459  0.9993182 0.9992361]
  [1.0001235 0.999788  0.999916  ... 0.9999461 1.0000451 1.0004258]]

 [[0.9996631 1.0004992 1.0002134 ... 0.9997366 0.9997158 0.999991 ]
  [0.999782  1.000557  0.9994484 ... 1.0001518 1.0001456 1.0003188]
  [1.00008   0.9999345 0.9993893 ... 0.9998846 0.9999192 1.0001109]
  ...
  [0.9998427 0.9999209 1.000517  ... 1.0002512 1.0001653 1.0001665]
  [0.9998564 1.0004277 1.0001049 ... 1.0004588 0.999716  1.0001082]
  [1.0001234 0.9997878 0.9999159 ... 0.9999458 1.0000451 1.0004264]]]","[[[0.00000000e+00 0.00000000e+00 0.00000000e+00 ... 0.00000000e+00
   0.00000000e+00 0.00000000e+00]
  [0.00000000e+00 3.31989521e-05 0.00000000e+00 ... 0.00000000e+00
   0.00000000e+00 0.00000000e+00]
  [0.00000000e+00 0.00000000e+00 0.00000000e+00 ... 0.00000000e+00
   0.00000000e+00 0.00000000e+00]
  ...
  [0.00000000e+00 0.00000000e+00 0.00000000e+00 ... 0.00000000e+00
   0.00000000e+00 0.00000000e+00]
  [0.00000000e+00 0.00000000e+00 0.00000000e+00 ... 0.00000000e+00
   0.00000000e+00 5.13053030e-05]
  [0.00000000e+00 0.00000000e+00 0.00000000e+00 ... 0.00000000e+00
   0.00000000e+00 0.00000000e+00]]

 [[1.03838979e-04 4.95288024e-05 6.69291632e-05 ... 7.23789095e-05
   8.79867852e-05 7.52678789e-05]
  [9.30827451e-05 0.00000000e+00 1.11368467e-04 ... 3.70777600e-05
   5.12320549e-05 4.85642897e-05]
  [6.91018730e-05 7.82846001e-05 1.08448722e-04 ... 1.04260581e-04
   6.46269122e-05 6.32336040e-05]
  ...
  [1.03351226e-04 9.71547059e-05 5.54733285e-05 ... 5.79203370e-05
   7.53102234e-05 8.25855082e-05]
  [1.02693253e-04 5.99523750e-05 8.38679443e-05 ... 4.22533855e-05
   5.59565323e-05 0.00000000e+00]
  [7.77147497e-05 1.01610465e-04 9.22600901e-05 ... 6.88409647e-05
   7.24826719e-05 5.61715316e-05]]]","[[0. 0. 0. ... 0. 0. 0.]
 [0. 0. 0. ... 0. 0. 0.]
 [0. 0. 0. ... 0. 0. 0.]
 ...
 [0. 0. 0. ... 0. 0. 0.]
 [0. 0. 0. ... 0. 0. 0.]
 [0. 0. 0. ... 0. 0. 0.]]","[[0. 0. 0. ... 0. 0. 0.]
 [0. 0. 0. ... 0. 0. 0.]
 [0. 0. 0. ... 0. 0. 0.]
 ...
 [0. 0. 0. ... 0. 0. 0.]
 [0. 0. 0. ... 0. 0. 0.]
 [0. 0. 0. ... 0. 0. 0.]]",0.5546470857951101,0.3391896953505893
422,4,20.0,25.0,0.05,1e-05,0.03,0.5000000000000001,28.688461462179966,0.5761167866264221,0.7413958289348928,"[[[0.9996266 1.0005373 1.0001258 ... 1.0000609 0.9997868 0.9997066]
  [1.0000114 0.999878  0.9997415 ... 1.000152  1.0003355 1.0003189]
  [1.0001011 0.9998184 0.99939   ... 1.0002918 1.0001421 0.9999939]
  ...
  [0.999843  0.9999202 1.000518  ... 0.9998119 0.9997501 1.0000064]
  [0.9998566 1.0004282 1.0003489 ... 1.0004591 1.000166  0.9997521]
  [1.0001237 0.9997882 0.9994706 ... 0.9997529 1.0003319 1.0002582]]

 [[0.9996631 1.0004991 1.0002134 ... 0.9997368 0.9997159 0.9999909]
  [0.9997822 1.0001646 0.9994488 ... 1.0001518 1.0001456 1.0003189]
  [1.0000803 0.9999345 0.9993894 ... 0.9998848 0.9999193 1.0001109]
  ...
  [0.9998427 0.9999209 1.0005172 ... 1.000251  1.0001653 1.0001667]
  [0.9998564 1.0004276 1.0001048 ... 1.0004588 0.9997161 0.9992364]
  [1.0001231 0.9997875 0.9999162 ... 0.9999456 1.0000451 1.000426 ]]]","[[[0.00000000e+00 0.00000000e+00 0.00000000e+00 ... 0.00000000e+00
   0.00000000e+00 0.00000000e+00]
  [0.00000000e+00 0.00000000e+00 0.00000000e+00 ... 0.00000000e+00
   0.00000000e+00 0.00000000e+00]
  [0.00000000e+00 0.00000000e+00 0.00000000e+00 ... 0.00000000e+00
   0.00000000e+00 0.00000000e+00]
  ...
  [0.00000000e+00 0.00000000e+00 0.00000000e+00 ... 2.29554511e-05
   9.75405153e-06 0.00000000e+00]
  [0.00000000e+00 0.00000000e+00 0.00000000e+00 ... 0.00000000e+00
   0.00000000e+00 0.00000000e+00]
  [0.00000000e+00 0.00000000e+00 0.00000000e+00 ... 0.00000000e+00
   0.00000000e+00 7.60499247e-06]]

 [[9.43831234e-05 5.68346800e-05 7.05149149e-05 ... 9.40562843e-05
   7.73283950e-05 2.92289621e-05]
  [1.17347024e-04 3.03449634e-05 1.55981870e-04 ... 1.76577262e-05
   5.99299537e-05 3.96355527e-05]
  [7.21130104e-05 6.92105192e-05 1.17693359e-04 ... 8.67215266e-05
   8.51469136e-05 4.40870980e-05]
  ...
  [1.04471678e-04 1.08230888e-04 7.50806324e-05 ... 0.00000000e+00
   1.59834675e-05 5.25348802e-05]
  [9.18837962e-05 6.67663634e-05 1.33015576e-04 ... 3.01112840e-05
   1.40365856e-04 1.87542032e-04]
  [7.09782005e-05 1.07690899e-04 5.52190862e-05 ... 2.72453635e-05
   8.65496734e-05 1.37622402e-05]]]","[[0. 0. 0. ... 0. 0. 0.]
 [0. 0. 0. ... 0. 0. 0.]
 [0. 0. 0. ... 0. 0. 0.]
 ...
 [0. 0. 0. ... 0. 0. 0.]
 [0. 0. 0. ... 0. 0. 0.]
 [0. 0. 0. ... 0. 0. 0.]]","[[0. 0. 0. ... 0. 0. 0.]
 [0. 0. 0. ... 0. 0. 0.]
 [0. 0. 0. ... 0. 0. 0.]
 ...
 [0. 0. 0. ... 0. 0. 0.]
 [0. 0. 0. ... 0. 0. 0.]
 [0. 0. 0. ... 0. 0. 0.]]",0.5413910323366943,0.42415359574377953
422,4,20.0,25.0,0.0,1e-05,0.01,0.6000000000000001,2.529948705866792,0.6804282065740157,0.6632137219674438,"[[[0.9996631 1.0004995 1.0002131 ... 0.9997371 0.999737  0.999991 ]
  [0.9997823 1.0005574 0.9994487 ... 1.000152  1.0001454 1.0003188]
  [1.0000803 0.9999348 0.9993891 ... 1.0002918 0.9999191 1.0001107]
  ...
  [0.999843  0.9999212 1.0005172 ... 1.0002513 1.0001653 1.0001667]
  [0.9998567 1.000428  1.000105  ... 1.0004593 0.9997161 0.9982738]
  [1.0001235 0.9997881 0.9999159 ... 0.999946  1.000045  1.000426 ]]

 [[0.9996631 1.0004992 1.0002128 ... 0.9997365 0.9997367 0.9999908]
  [0.9997822 1.0005572 0.9994483 ... 1.0001514 1.0001451 1.0003186]
  [1.0000803 0.9999344 0.9993888 ... 1.0002913 0.9999188 1.0001107]
  ...
  [0.9998429 0.9999211 1.0005169 ... 1.0002509 1.0001647 1.0001665]
  [0.9998566 1.000428  1.0001045 ... 1.0004587 0.9997157 0.9992364]
  [1.0001235 0.9997878 0.9999156 ... 0.9999455 1.0000445 1.0004258]]]","[[[4.80084693e-04 0.00000000e+00 0.00000000e+00 ... 3.76309532e-04
   3.75571587e-04 1.33376999e-05]
  [3.10520992e-04 0.00000000e+00 7.86838173e-04 ... 0.00000000e+00
   0.00000000e+00 0.00000000e+00]
  [0.00000000e+00 9.40791595e-05 8.71479886e-04 ... 0.00000000e+00
   1.16089455e-04 0.00000000e+00]
  ...
  [2.24055998e-04 1.12624536e-04 0.00000000e+00 ... 0.00000000e+00
   0.00000000e+00 0.00000000e+00]
  [2.04518449e-04 0.00000000e+00 0.00000000e+00 ... 0.00000000e+00
   4.05717127e-04 0.00000000e+00]
  [0.00000000e+00 3.02775243e-04 1.20674293e-04 ... 7.82779788e-05
   0.00000000e+00 0.00000000e+00]]

 [[0.00000000e+00 1.19612430e-03 5.09280204e-04 ... 0.00000000e+00
   0.00000000e+00 0.00000000e+00]
  [0.00000000e+00 1.33495894e-03 0.00000000e+00 ... 3.61566522e-04
   3.46962269e-04 7.63558142e-04]
  [1.92598003e-04 0.00000000e+00 0.00000000e+00 ... 6.97312762e-04
   0.00000000e+00 2.65472782e-04]
  ...
  [0.00000000e+00 0.00000000e+00 1.23812490e-03 ... 6.00719193e-04
   3.93573097e-04 3.98943140e-04]
  [0.00000000e+00 1.02582532e-03 2.49525466e-04 ... 1.09817931e-03
   0.00000000e+00 3.60917495e-04]
  [2.96053672e-04 0.00000000e+00 0.00000000e+00 ... 0.00000000e+00
   1.05487651e-04 1.02014127e-03]]]","[[0. 0. 0. ... 0. 0. 0.]
 [0. 0. 0. ... 0. 0. 0.]
 [0. 0. 0. ... 0. 0. 0.]
 ...
 [0. 0. 0. ... 0. 0. 0.]
 [0. 0. 0. ... 0. 0. 0.]
 [0. 0. 0. ... 0. 0. 0.]]","[[0. 0. 0. ... 0. 0. 0.]
 [0. 0. 0. ... 0. 0. 0.]
 [0. 0. 0. ... 0. 0. 0.]
 ...
 [0. 0. 0. ... 0. 0. 0.]
 [0. 0. 0. ... 0. 0. 0.]
 [0. 0. 0. ... 0. 0. 0.]]",0.2437968801303129,0.1292640225474917
422,4,20.0,25.0,0.0,1e-05,0.02,0.6000000000000001,0.0023628287607975708,0.6804282065740157,0.6804442839273772,"[[[0.9996631 1.0004995 1.0002134 ... 0.9997369 0.999737  0.999991 ]
  [0.9997822 1.0001647 0.9994487 ... 1.0001516 1.0001452 1.0003189]
  [1.0000803 0.9999348 0.9993893 ... 0.9998848 0.999919  1.0001111]
  ...
  [0.9998428 0.9999211 1.0005171 ... 1.0002512 1.0001653 1.0001668]
  [0.9998566 1.000428  1.0001049 ... 1.0004591 0.9997161 0.9992368]
  [1.0001234 0.9997878 0.9999157 ... 0.9999458 1.0000451 1.0004262]]

 [[0.9996266 1.0005373 1.0001256 ... 1.0000609 0.9997863 0.9997062]
  [1.0000113 0.9998778 0.9997408 ... 1.0001518 1.0003349 1.0003183]
  [1.0001009 0.9998182 0.9993894 ... 1.0002918 1.0001416 0.9999933]
  ...
  [0.9990144 0.99992   1.0005174 ... 0.9998118 0.9997496 1.0000061]
  [0.9998566 1.0004281 1.0003483 ... 1.0004593 1.0001658 0.9997513]
  [1.0001235 0.999788  0.9994704 ... 0.9997531 1.000332  1.0002578]]]","[[[5.80911217e-04 0.00000000e+00 0.00000000e+00 ... 0.00000000e+00
   2.38695514e-04 7.98704072e-04]
  [0.00000000e+00 5.56954786e-04 0.00000000e+00 ... 0.00000000e+00
   0.00000000e+00 0.00000000e+00]
  [0.00000000e+00 4.14615688e-04 8.70052809e-04 ... 0.00000000e+00
   0.00000000e+00 1.66653750e-04]
  ...
  [2.51099983e-03 1.15395909e-04 0.00000000e+00 ... 8.54322349e-04
   9.11550755e-04 2.05728070e-04]
  [2.04336731e-04 0.00000000e+00 0.00000000e+00 ... 0.00000000e+00
   0.00000000e+00 0.00000000e+00]
  [0.00000000e+00 3.01862063e-04 1.34909379e-03 ... 6.08958329e-04
   0.00000000e+00 0.00000000e+00]]

 [[0.00000000e+00 1.37374803e-03 1.01686573e-04 ... 8.83161354e-04
   0.00000000e+00 0.00000000e+00]
  [5.48401900e-04 0.00000000e+00 4.30560728e-05 ... 3.64081855e-04
   1.23405389e-03 7.61653865e-04]
  [2.88432571e-04 0.00000000e+00 0.00000000e+00 ... 1.62541349e-03
   8.45924427e-04 0.00000000e+00]
  ...
  [0.00000000e+00 0.00000000e+00 1.24067841e-03 ... 0.00000000e+00
   0.00000000e+00 0.00000000e+00]
  [0.00000000e+00 1.02642256e-03 1.38862645e-03 ... 1.10154363e-03
   1.42059710e-03 5.74687151e-04]
  [2.96357310e-04 0.00000000e+00 0.00000000e+00 ... 0.00000000e+00
   1.44845125e-03 2.35371220e-04]]]","[[0. 0. 0. ... 0. 0. 0.]
 [0. 0. 0. ... 0. 0. 0.]
 [0. 0. 0. ... 0. 0. 0.]
 ...
 [0. 0. 0. ... 0. 0. 0.]
 [0. 0. 0. ... 0. 0. 0.]
 [0. 0. 0. ... 0. 0. 0.]]","[[0. 0. 0. ... 0. 0. 0.]
 [0. 0. 0. ... 0. 0. 0.]
 [0. 0. 0. ... 0. 0. 0.]
 ...
 [0. 0. 0. ... 0. 0. 0.]
 [0. 0. 0. ... 0. 0. 0.]
 [0. 0. 0. ... 0. 0. 0.]]",0.28370945920387486,0.15177719719726887
422,4,20.0,25.0,0.0,1e-05,0.03,0.6000000000000001,3.9213143558114294,0.6804282065740157,0.7071099355193928,"[[[0.9996631 1.0004992 1.0002129 ... 0.9997367 0.9997367 0.9999909]
  [0.9997822 1.0005572 0.9994485 ... 1.0001516 1.0001451 1.0003186]
  [1.0000805 0.9999348 0.9993891 ... 0.9998848 0.9999189 1.0001107]
  ...
  [0.999843  0.9999212 1.0005172 ... 1.000251  1.000165  1.0001663]
  [0.9998565 1.0004278 1.0001045 ... 1.0004588 0.999318  0.9992362]
  [1.0001236 0.9997878 0.9999157 ... 0.9999456 1.0000448 1.0004258]]

 [[0.9996266 1.0005372 1.0001258 ... 1.0000606 0.9997865 0.9997064]
  [1.0000113 0.9998777 0.9997411 ... 1.0001518 1.0003355 1.0003186]
  [1.000101  0.9998182 0.9993896 ... 1.0009694 1.0001419 0.9999936]
  ...
  [0.9998428 0.9999199 1.0005176 ... 0.9998117 0.9997498 1.0000064]
  [0.9998567 1.0004281 1.0003484 ... 1.0004591 1.0001659 0.9997517]
  [1.0001236 0.999788  0.9994705 ... 0.999753  1.000332  1.0002578]]]","[[[5.80939346e-04 0.00000000e+00 0.00000000e+00 ... 0.00000000e+00
   2.37825662e-04 7.98075768e-04]
  [0.00000000e+00 1.08075453e-03 0.00000000e+00 ... 0.00000000e+00
   0.00000000e+00 0.00000000e+00]
  [0.00000000e+00 4.14646204e-04 8.69347563e-04 ... 0.00000000e+00
   0.00000000e+00 1.65383596e-04]
  ...
  [2.24223891e-04 1.15918945e-04 0.00000000e+00 ... 8.54524433e-04
   9.10612555e-04 2.04139074e-04]
  [2.03878201e-04 0.00000000e+00 0.00000000e+00 ... 0.00000000e+00
   0.00000000e+00 0.00000000e+00]
  [0.00000000e+00 3.01891863e-04 1.34895884e-03 ... 6.08995047e-04
   0.00000000e+00 0.00000000e+00]]

 [[0.00000000e+00 1.37368222e-03 1.03276194e-04 ... 8.81863473e-04
   0.00000000e+00 0.00000000e+00]
  [5.48352062e-04 0.00000000e+00 4.49438937e-05 ... 3.64051483e-04
   1.23707434e-03 7.63823147e-04]
  [2.88662244e-04 0.00000000e+00 0.00000000e+00 ... 4.78931951e-03
   8.47276351e-04 0.00000000e+00]
  ...
  [0.00000000e+00 0.00000000e+00 1.24145368e-03 ... 0.00000000e+00
   0.00000000e+00 0.00000000e+00]
  [0.00000000e+00 1.02664374e-03 1.38994083e-03 ... 1.10092143e-03
   2.32712666e-03 5.77667337e-04]
  [2.96321950e-04 0.00000000e+00 0.00000000e+00 ... 0.00000000e+00
   1.44895254e-03 2.36141346e-04]]]","[[0. 0. 0. ... 0. 0. 0.]
 [0. 0. 0. ... 0. 0. 0.]
 [0. 0. 0. ... 0. 0. 0.]
 ...
 [0. 0. 0. ... 0. 0. 0.]
 [0. 0. 0. ... 0. 0. 0.]
 [0. 0. 0. ... 0. 0. 0.]]","[[0. 0. 0. ... 0. 0. 0.]
 [0. 0. 0. ... 0. 0. 0.]
 [0. 0. 0. ... 0. 0. 0.]
 ...
 [0. 0. 0. ... 0. 0. 0.]
 [0. 0. 0. ... 0. 0. 0.]
 [0. 0. 0. ... 0. 0. 0.]]",0.38602241824136113,0.2551026213259994
422,4,20.0,25.0,0.05,1e-05,0.01,0.6000000000000001,3.297720387039899,0.6804282065740157,0.702866826261377,"[[[0.9996631 1.0004995 1.0002134 ... 0.9997375 0.9997161 0.999991 ]
  [0.9997824 1.0005575 0.999449  ... 1.0001521 1.0001458 1.0003189]
  [1.0000805 0.999935  0.9993896 ... 1.000292  0.9999194 1.0001107]
  ...
  [0.999843  0.9999213 1.0005175 ... 1.0002515 1.0001656 1.0001665]
  [0.9998568 1.0004282 1.0001053 ... 1.0004594 0.9997164 0.9992366]
  [1.0001237 0.9997881 0.9999163 ... 0.9999464 1.0000452 1.0004258]]

 [[0.9996266 1.0005372 1.0001255 ... 1.0000607 0.9997864 0.9997067]
  [1.0000113 0.9998776 0.9997408 ... 1.0001519 1.0003353 1.0003192]
  [1.0001009 0.9998179 0.9993893 ... 1.0009696 1.0001417 0.9999937]
  ...
  [0.9998428 0.9999199 1.0005174 ... 0.9998116 0.9997495 1.0000063]
  [0.9998567 1.0004281 1.0003484 ... 0.9996346 1.0001657 0.9997517]
  [1.0001239 0.9997881 0.9994704 ... 0.9997528 1.0003319 1.000258 ]]]","[[[0.00000000e+00 5.39956181e-05 1.61315044e-05 ... 4.71671822e-05
   0.00000000e+00 0.00000000e+00]
  [3.46529767e-05 0.00000000e+00 3.17415758e-05 ... 4.20531180e-06
   3.82735150e-05 2.08770878e-05]
  [9.59302924e-06 0.00000000e+00 0.00000000e+00 ... 1.29695271e-04
   2.52029078e-05 0.00000000e+00]
  ...
  [1.14018570e-05 1.32671677e-05 4.87095773e-05 ... 0.00000000e+00
   0.00000000e+00 4.91386974e-06]
  [7.38946657e-06 4.32500839e-05 6.61412377e-05 ... 0.00000000e+00
   8.24795312e-05 5.95690547e-05]
  [2.26727883e-05 2.24452311e-06 0.00000000e+00 ... 0.00000000e+00
   6.53839736e-05 8.80468704e-06]]

 [[1.14509296e-05 0.00000000e+00 0.00000000e+00 ... 0.00000000e+00
   0.00000000e+00 4.17971400e-05]
  [0.00000000e+00 7.55528284e-05 0.00000000e+00 ... 0.00000000e+00
   0.00000000e+00 0.00000000e+00]
  [0.00000000e+00 9.91006222e-06 2.38015516e-05 ... 0.00000000e+00
   0.00000000e+00 2.32758170e-05]
  ...
  [0.00000000e+00 0.00000000e+00 0.00000000e+00 ... 2.46339237e-05
   2.67919258e-05 0.00000000e+00]
  [0.00000000e+00 0.00000000e+00 0.00000000e+00 ... 9.07921222e-05
   0.00000000e+00 0.00000000e+00]
  [0.00000000e+00 0.00000000e+00 5.99547199e-05 ... 1.38548373e-05
   0.00000000e+00 0.00000000e+00]]]","[[0. 0. 0. ... 0. 0. 0.]
 [0. 0. 0. ... 0. 0. 0.]
 [0. 0. 0. ... 0. 0. 0.]
 ...
 [0. 0. 0. ... 0. 0. 0.]
 [0. 0. 0. ... 0. 0. 0.]
 [0. 0. 0. ... 0. 0. 0.]]","[[0. 0. 0. ... 0. 0. 0.]
 [0. 0. 0. ... 0. 0. 0.]
 [0. 0. 0. ... 0. 0. 0.]
 ...
 [0. 0. 0. ... 0. 0. 0.]
 [0. 0. 0. ... 0. 0. 0.]
 [0. 0. 0. ... 0. 0. 0.]]",0.5531108258176264,0.32121720116637803
422,4,20.0,25.0,0.05,1e-05,0.02,0.6000000000000001,12.383009777217476,0.6804282065740157,0.7646856979210216,"[[[0.9996631 1.0004995 1.0002134 ... 0.9997369 0.9997158 0.9999907]
  [0.9997821 1.0001647 0.9994488 ... 1.0001515 1.0001451 1.0003183]
  [1.0000802 0.9999349 0.9993894 ... 0.9998848 0.9999191 1.0001107]
  ...
  [0.9998428 0.9999212 1.0005174 ... 1.0002513 1.0001653 1.0001667]
  [0.9998564 1.000428  1.000105  ... 1.0004592 0.9997161 1.0001082]
  [1.0001231 0.9997875 0.9999159 ... 0.999946  1.000045  1.0004258]]

 [[0.9996266 1.0005373 1.0001255 ... 1.0000606 0.9997862 0.999706 ]
  [1.0000111 0.9998774 0.9997408 ... 0.99941   1.0003347 1.000318 ]
  [1.0001006 0.9998178 0.9993893 ... 1.0002913 1.0001413 0.9999933]
  ...
  [0.9998426 0.9999194 0.999886  ... 0.9998117 0.9997496 1.0000062]
  [0.9998562 1.0004276 1.0003481 ... 0.9996344 1.0001653 0.9997515]
  [1.0001235 0.999788  0.9994702 ... 0.9997527 1.0003315 1.0002576]]]","[[[1.46081966e-05 8.04241579e-05 3.89518190e-05 ... 8.78540955e-05
   3.75813949e-05 0.00000000e+00]
  [6.59894707e-05 0.00000000e+00 5.39334816e-05 ... 0.00000000e+00
   8.14349955e-05 5.75339499e-05]
  [4.39380142e-05 1.54009815e-05 0.00000000e+00 ... 1.01084337e-04
   6.86205185e-05 1.91039637e-05]
  ...
  [4.15177333e-05 4.52422243e-05 0.00000000e+00 ... 0.00000000e+00
   0.00000000e+00 3.73250237e-05]
  [4.06411460e-05 7.31194931e-05 9.56899824e-05 ... 0.00000000e+00
   1.17124776e-04 0.00000000e+00]
  [5.44540606e-05 3.06128805e-05 0.00000000e+00 ... 1.35637050e-05
   1.00825124e-04 4.47450053e-05]]

 [[0.00000000e+00 0.00000000e+00 0.00000000e+00 ... 0.00000000e+00
   0.00000000e+00 0.00000000e+00]
  [0.00000000e+00 0.00000000e+00 0.00000000e+00 ... 6.76831878e-05
   0.00000000e+00 0.00000000e+00]
  [0.00000000e+00 0.00000000e+00 0.00000000e+00 ... 0.00000000e+00
   0.00000000e+00 0.00000000e+00]
  ...
  [0.00000000e+00 0.00000000e+00 9.12574625e-06 ... 0.00000000e+00
   0.00000000e+00 0.00000000e+00]
  [0.00000000e+00 0.00000000e+00 0.00000000e+00 ... 3.77968559e-05
   0.00000000e+00 0.00000000e+00]
  [0.00000000e+00 0.00000000e+00 1.94144193e-05 ... 0.00000000e+00
   0.00000000e+00 0.00000000e+00]]]","[[0. 0. 0. ... 0. 0. 0.]
 [0. 0. 0. ... 0. 0. 0.]
 [0. 0. 0. ... 0. 0. 0.]
 ...
 [0. 0. 0. ... 0. 0. 0.]
 [0. 0. 0. ... 0. 0. 0.]
 [0. 0. 0. ... 0. 0. 0.]]","[[0. 0. 0. ... 0. 0. 0.]
 [0. 0. 0. ... 0. 0. 0.]
 [0. 0. 0. ... 0. 0. 0.]
 ...
 [0. 0. 0. ... 0. 0. 0.]
 [0. 0. 0. ... 0. 0. 0.]
 [0. 0. 0. ... 0. 0. 0.]]",0.5559910361564288,0.37724900740454326
422,4,20.0,25.0,0.05,1e-05,0.03,0.6000000000000001,20.280481453494335,0.6804282065740157,0.8184223228126031,"[[[0.9996631 1.0004996 1.0002135 ... 0.999737  0.9997161 0.9999913]
  [0.9997826 1.0005575 0.999449  ... 1.000152  1.0001458 1.0003192]
  [1.000081  0.9999353 0.9998542 ... 0.9998854 0.9999197 1.000111 ]
  ...
  [0.9998431 0.9999214 1.0005176 ... 1.0002515 1.0001657 1.0001668]
  [0.9998568 1.0004283 1.0001051 ... 1.0004594 0.9997164 0.9982738]
  [1.0001236 0.9997881 0.9999162 ... 0.9999462 1.0000454 1.0004262]]

 [[0.9996266 1.0005372 1.0001256 ... 1.0000607 0.9997864 0.9997064]
  [1.0000114 0.999878  0.999741  ... 1.0001518 1.0003353 1.0003188]
  [1.0001009 0.9998181 0.9993893 ... 1.000292  1.000142  0.9999939]
  ...
  [0.9990144 0.9999201 1.0005175 ... 0.9998118 0.9997498 1.0000064]
  [0.9998566 1.0004281 1.0003483 ... 1.0004593 1.000166  0.9997518]
  [1.0001233 0.9997879 0.9994702 ... 0.9997531 1.0003321 1.000258 ]]]","[[[0.00000000e+00 4.87497067e-05 1.22945789e-05 ... 3.23612022e-05
   0.00000000e+00 0.00000000e+00]
  [2.64858318e-05 0.00000000e+00 2.89041673e-05 ... 0.00000000e+00
   2.57177959e-05 1.02405328e-05]
  [9.90699733e-07 0.00000000e+00 0.00000000e+00 ... 3.75857303e-05
   1.42434742e-05 0.00000000e+00]
  ...
  [0.00000000e+00 1.60442821e-05 4.66457870e-05 ... 0.00000000e+00
   0.00000000e+00 1.94929376e-06]
  [4.35487764e-06 4.20318841e-05 6.36304732e-05 ... 3.70180101e-05
   6.58550456e-05 1.61361133e-04]
  [1.52655424e-05 0.00000000e+00 0.00000000e+00 ... 0.00000000e+00
   5.10786021e-05 0.00000000e+00]]

 [[2.38060788e-05 0.00000000e+00 0.00000000e+00 ... 0.00000000e+00
   1.92875593e-05 5.87827060e-05]
  [0.00000000e+00 8.43958149e-05 0.00000000e+00 ... 2.27252336e-05
   0.00000000e+00 0.00000000e+00]
  [3.21625510e-06 1.88176396e-05 8.71149103e-05 ... 0.00000000e+00
   0.00000000e+00 4.16198935e-05]
  ...
  [1.34883412e-04 0.00000000e+00 0.00000000e+00 ... 4.09360118e-05
   4.09052034e-05 0.00000000e+00]
  [0.00000000e+00 0.00000000e+00 0.00000000e+00 ... 0.00000000e+00
   0.00000000e+00 0.00000000e+00]
  [0.00000000e+00 0.00000000e+00 6.55773876e-05 ... 4.24611070e-05
   0.00000000e+00 3.18387169e-06]]]","[[0. 0. 0. ... 0. 0. 0.]
 [0. 0. 0. ... 0. 0. 0.]
 [0. 0. 0. ... 0. 0. 0.]
 ...
 [0. 0. 0. ... 0. 0. 0.]
 [0. 0. 0. ... 0. 0. 0.]
 [0. 0. 0. ... 0. 0. 0.]]","[[0. 0. 0. ... 0. 0. 0.]
 [0. 0. 0. ... 0. 0. 0.]
 [0. 0. 0. ... 0. 0. 0.]
 ...
 [0. 0. 0. ... 0. 0. 0.]
 [0. 0. 0. ... 0. 0. 0.]
 [0. 0. 0. ... 0. 0. 0.]]",0.5374148316831296,0.48287170049349276
422,4,20.0,25.0,0.0,1e-05,0.01,0.7000000000000002,5.171839501752053,0.7692998109390029,0.7295128594299557,"[[[0.9996266 1.0005374 1.0001255 ... 1.0000606 0.999786  0.9997061]
  [1.0000113 0.9998779 0.9997409 ... 1.0001519 1.0003352 1.0003184]
  [1.000101  0.9998184 0.9993894 ... 1.0009696 1.0001419 0.9999932]
  ...
  [0.9998428 0.9999201 1.0005172 ... 0.9998116 0.9997496 1.0000058]
  [0.9998566 1.0004282 1.0003483 ... 1.0004591 1.0001656 0.9997512]
  [0.9991356 0.999788  0.9994702 ... 0.9997528 1.0003318 1.0002573]]

 [[0.9996266 1.0005375 1.0001258 ... 1.0000609 0.9997863 0.9997064]
  [1.0000112 0.999878  0.999741  ... 1.0001519 1.0003351 1.0003186]
  [1.000101  0.9998184 0.9998542 ... 1.0009698 1.000142  0.9999938]
  ...
  [0.9998428 0.9999201 1.0005174 ... 0.9998121 0.9997499 1.0000066]
  [0.9998564 1.0004282 1.0003483 ... 0.9996348 1.0001659 0.9997517]
  [0.9991356 0.9997881 0.9994703 ... 0.9997532 1.000332  1.000258 ]]]","[[[5.32165044e-04 0.00000000e+00 0.00000000e+00 ... 0.00000000e+00
   3.04111631e-04 4.18020284e-04]
  [0.00000000e+00 1.73793173e-04 3.68903392e-04 ... 0.00000000e+00
   0.00000000e+00 0.00000000e+00]
  [0.00000000e+00 2.58809098e-04 0.00000000e+00 ... 0.00000000e+00
   0.00000000e+00 8.06601016e-06]
  ...
  [2.23985795e-04 1.13827219e-04 0.00000000e+00 ... 2.67010282e-04
   3.56008001e-04 0.00000000e+00]
  [2.04859693e-04 0.00000000e+00 0.00000000e+00 ... 1.62022270e-03
   0.00000000e+00 3.53221734e-04]
  [1.23210758e-03 3.01798612e-04 7.54775618e-04 ... 3.51258451e-04
   0.00000000e+00 0.00000000e+00]]

 [[0.00000000e+00 1.28862955e-03 3.02017081e-04 ... 1.46810491e-04
   0.00000000e+00 0.00000000e+00]
  [2.65495833e-05 0.00000000e+00 0.00000000e+00 ... 3.64050919e-04
   8.02972246e-04 7.64358246e-04]
  [2.42027124e-04 0.00000000e+00 7.08079946e-04 ... 2.32420941e-03
   3.40601861e-04 0.00000000e+00]
  ...
  [0.00000000e+00 0.00000000e+00 1.24034984e-03 ... 0.00000000e+00
   0.00000000e+00 1.73013339e-05]
  [0.00000000e+00 1.02638703e-03 8.34964416e-04 ... 0.00000000e+00
   3.98595379e-04 0.00000000e+00]
  [0.00000000e+00 0.00000000e+00 0.00000000e+00 ... 0.00000000e+00
   7.96364070e-04 6.20008119e-04]]]","[[0. 0. 0. ... 0. 0. 0.]
 [0. 0. 0. ... 0. 0. 0.]
 [0. 0. 0. ... 0. 0. 0.]
 ...
 [0. 0. 0. ... 0. 0. 0.]
 [0. 0. 0. ... 0. 0. 0.]
 [0. 0. 0. ... 0. 0. 0.]]","[[0. 0. 0. ... 0. 0. 0.]
 [0. 0. 0. ... 0. 0. 0.]
 [0. 0. 0. ... 0. 0. 0.]
 ...
 [0. 0. 0. ... 0. 0. 0.]
 [0. 0. 0. ... 0. 0. 0.]
 [0. 0. 0. ... 0. 0. 0.]]",0.2600820803398346,0.1573262037744441
422,4,20.0,25.0,0.0,1e-05,0.02,0.7000000000000002,3.9723902879461437,0.7692998109390029,0.7387402199640739,"[[[0.9996266 1.0005372 1.0001256 ... 1.0000607 0.9997862 0.9997062]
  [1.0000112 0.9998776 0.9997408 ... 1.0001518 1.0003351 1.0003185]
  [1.0001009 0.999818  0.9993893 ... 1.0009694 1.0001415 0.9999932]
  ...
  [0.9998428 0.9999198 1.0005172 ... 0.9998116 0.9997495 1.000006 ]
  [0.9998565 1.0004278 1.0003481 ... 0.9996346 1.0001657 0.9997513]
  [0.9991356 0.9997879 0.9994702 ... 0.999753  1.0003319 1.0002576]]

 [[0.9996631 1.0004997 1.0002134 ... 0.9997372 0.999716  0.9999908]
  [0.9997822 1.0005575 0.9994489 ... 1.0001521 1.0001456 1.0003186]
  [1.0000803 0.9999351 0.9993895 ... 0.9998852 0.9999193 1.0001107]
  ...
  [0.9998429 0.9999215 1.0005175 ... 1.0002515 1.0001655 1.0001667]
  [0.9998565 1.0004282 1.000105  ... 1.0004593 0.9997161 0.9992364]
  [1.0001234 0.9997881 0.999916  ... 0.9999461 1.0000451 1.0004256]]]","[[[4.31292914e-04 0.00000000e+00 0.00000000e+00 ... 8.06135179e-04
   4.98425580e-04 0.00000000e+00]
  [6.15932583e-04 0.00000000e+00 1.17503732e-03 ... 0.00000000e+00
   4.54839960e-05 0.00000000e+00]
  [0.00000000e+00 0.00000000e+00 8.69732584e-04 ... 1.60962089e-03
   4.11476037e-04 0.00000000e+00]
  ...
  [2.23790910e-04 1.09537797e-04 0.00000000e+00 ... 0.00000000e+00
   0.00000000e+00 0.00000000e+00]
  [2.04507124e-04 0.00000000e+00 1.74628544e-04 ... 0.00000000e+00
   1.00447797e-03 1.77577343e-03]
  [0.00000000e+00 3.01695212e-04 0.00000000e+00 ... 0.00000000e+00
   3.18427984e-04 0.00000000e+00]]

 [[0.00000000e+00 1.11273615e-03 7.11100312e-04 ... 0.00000000e+00
   0.00000000e+00 6.25517141e-04]
  [0.00000000e+00 2.88281835e-03 0.00000000e+00 ... 3.65483354e-04
   0.00000000e+00 7.64131405e-04]
  [1.45989879e-04 1.10684271e-04 0.00000000e+00 ... 0.00000000e+00
   0.00000000e+00 5.32863832e-04]
  ...
  [0.00000000e+00 0.00000000e+00 1.24095331e-03 ... 1.60372866e-03
   1.34298226e-03 7.65052341e-04]
  [0.00000000e+00 1.02724501e-03 0.00000000e+00 ... 2.97688304e-03
   0.00000000e+00 0.00000000e+00]
  [2.54357737e-03 0.00000000e+00 8.13126207e-04 ... 3.10166082e-04
   0.00000000e+00 1.40210811e-03]]]","[[0. 0. 0. ... 0. 0. 0.]
 [0. 0. 0. ... 0. 0. 0.]
 [0. 0. 0. ... 0. 0. 0.]
 ...
 [0. 0. 0. ... 0. 0. 0.]
 [0. 0. 0. ... 0. 0. 0.]
 [0. 0. 0. ... 0. 0. 0.]]","[[0. 0. 0. ... 0. 0. 0.]
 [0. 0. 0. ... 0. 0. 0.]
 [0. 0. 0. ... 0. 0. 0.]
 ...
 [0. 0. 0. ... 0. 0. 0.]
 [0. 0. 0. ... 0. 0. 0.]
 [0. 0. 0. ... 0. 0. 0.]]",0.2906790402693256,0.16151158638731714
422,4,20.0,25.0,0.0,1e-05,0.03,0.7000000000000002,0.47155608354336426,0.769299810939003,0.7656721308798325,"[[[0.9996266 1.0005369 1.0001252 ... 1.0000604 0.999786  0.9997062]
  [1.0000113 0.9998774 0.9997406 ... 1.0001515 1.0003349 1.0003185]
  [1.0001009 0.9998178 0.9993891 ... 1.0009692 1.0001415 0.9999934]
  ...
  [0.9990144 0.9999197 0.9998859 ... 0.9998112 0.9997492 1.0000058]
  [0.9998568 1.0004278 1.0003481 ... 0.9996342 1.0001653 0.9997514]
  [1.0001237 0.9997878 0.9994701 ... 0.9997528 1.0003318 1.0002576]]

 [[0.9996631 1.0004994 1.0002133 ... 0.9997365 0.9997366 0.9999903]
  [0.9997822 1.0001647 0.9994487 ... 1.0001514 1.000145  1.0003182]
  [1.0000805 0.999935  0.9993894 ... 0.9998846 0.9999189 1.0001107]
  ...
  [0.9998428 0.9999211 1.0005171 ... 1.0002514 1.0001655 1.0001667]
  [0.9998563 1.0004277 1.0001045 ... 1.0004591 0.9997161 0.9992366]
  [1.0001231 0.9997876 0.9999157 ... 0.9999459 1.000045  1.000426 ]]]","[[[4.31344385e-04 0.00000000e+00 0.00000000e+00 ... 8.07837413e-04
   4.41316763e-04 0.00000000e+00]
  [6.16141406e-04 0.00000000e+00 1.17534206e-03 ... 0.00000000e+00
   4.68534055e-05 0.00000000e+00]
  [0.00000000e+00 0.00000000e+00 8.69867573e-04 ... 1.61099227e-03
   4.12671895e-04 0.00000000e+00]
  ...
  [0.00000000e+00 1.10664200e-04 0.00000000e+00 ... 0.00000000e+00
   0.00000000e+00 0.00000000e+00]
  [2.05523880e-04 0.00000000e+00 1.75997862e-04 ... 0.00000000e+00
   1.00405442e-03 1.77540766e-03]
  [0.00000000e+00 3.02902484e-04 0.00000000e+00 ... 0.00000000e+00
   3.18649751e-04 0.00000000e+00]]

 [[0.00000000e+00 1.11151861e-03 7.11531524e-04 ... 0.00000000e+00
   0.00000000e+00 6.22929527e-04]
  [0.00000000e+00 1.04852139e-03 0.00000000e+00 ... 3.62608935e-04
   0.00000000e+00 7.61831291e-04]
  [1.46462933e-04 1.10584491e-04 0.00000000e+00 ... 0.00000000e+00
   0.00000000e+00 5.32381385e-04]
  ...
  [1.50863869e-03 0.00000000e+00 2.67503550e-03 ... 1.60402663e-03
   1.34357029e-03 7.65243993e-04]
  [0.00000000e+00 1.02493098e-03 0.00000000e+00 ... 2.97662647e-03
   0.00000000e+00 0.00000000e+00]
  [2.93794145e-04 0.00000000e+00 8.11772840e-04 ... 3.09376811e-04
   0.00000000e+00 1.40424551e-03]]]","[[0. 0. 0. ... 0. 0. 0.]
 [0. 0. 0. ... 0. 0. 0.]
 [0. 0. 0. ... 0. 0. 0.]
 ...
 [0. 0. 0. ... 0. 0. 0.]
 [0. 0. 0. ... 0. 0. 0.]
 [0. 0. 0. ... 0. 0. 0.]]","[[0. 0. 0. ... 0. 0. 0.]
 [0. 0. 0. ... 0. 0. 0.]
 [0. 0. 0. ... 0. 0. 0.]
 ...
 [0. 0. 0. ... 0. 0. 0.]
 [0. 0. 0. ... 0. 0. 0.]
 [0. 0. 0. ... 0. 0. 0.]]",0.39041864592689995,0.2716176896318723
422,4,20.0,25.0,0.05,1e-05,0.01,0.7000000000000002,0.9956895322770594,0.7692998109390029,0.761639973249656,"[[[0.9996266 1.0005372 1.0001256 ... 1.0000609 0.9997863 0.9997063]
  [1.0000118 0.9998782 0.9997411 ... 1.0001521 1.0003353 1.0003188]
  [1.0001014 0.9998186 0.9998542 ... 1.0009698 1.0001419 0.9999937]
  ...
  [0.9998433 0.9999202 1.0005176 ... 0.9998121 0.9997499 1.0000066]
  [0.9998571 1.0004283 1.0003484 ... 0.9996348 1.0001658 0.9997517]
  [1.0001239 0.999788  0.9994704 ... 0.9997531 1.0003316 1.0002577]]

 [[0.9996266 1.0005372 1.0001258 ... 1.0000604 0.9997862 0.9997069]
  [1.0000114 0.9998776 0.9997408 ... 1.0001518 1.000335  1.0003186]
  [1.0001011 0.9998181 0.9993896 ... 1.0009696 1.0001419 0.9999937]
  ...
  [0.9990146 0.9999199 1.0005176 ... 0.9998118 0.9997499 1.0000066]
  [0.9998565 1.0004278 1.0003481 ... 0.9996346 1.0001659 0.9997518]
  [1.0001236 0.9997877 0.9994702 ... 0.999753  1.0003318 1.000258 ]]]","[[[0.00000000e+00 2.82847739e-05 2.24330842e-06 ... 0.00000000e+00
   0.00000000e+00 0.00000000e+00]
  [0.00000000e+00 0.00000000e+00 0.00000000e+00 ... 0.00000000e+00
   6.94103204e-06 8.09618422e-06]
  [0.00000000e+00 0.00000000e+00 0.00000000e+00 ... 4.52744054e-05
   0.00000000e+00 0.00000000e+00]
  ...
  [0.00000000e+00 0.00000000e+00 2.70854827e-05 ... 0.00000000e+00
   0.00000000e+00 7.09112121e-06]
  [0.00000000e+00 2.57351063e-05 1.58052934e-05 ... 0.00000000e+00
   1.02811755e-05 0.00000000e+00]
  [4.87637498e-06 0.00000000e+00 0.00000000e+00 ... 0.00000000e+00
   1.65446994e-05 1.30158969e-05]]

 [[3.60211202e-05 0.00000000e+00 8.45616250e-07 ... 8.42350295e-06
   2.90168781e-05 3.19315740e-05]
  [1.56738433e-05 2.14742531e-05 2.75755410e-05 ... 1.21711679e-05
   3.39743070e-07 0.00000000e+00]
  [1.63144392e-05 2.72342869e-05 1.14599282e-04 ... 0.00000000e+00
   1.92692559e-05 2.72782470e-05]
  ...
  [1.61820906e-04 1.42485498e-06 0.00000000e+00 ... 1.47609355e-05
   1.50526322e-05 0.00000000e+00]
  [3.59588867e-06 0.00000000e+00 0.00000000e+00 ... 2.81311088e-05
   0.00000000e+00 1.46426757e-05]
  [0.00000000e+00 2.16726411e-05 4.42866211e-05 ... 2.32778992e-05
   0.00000000e+00 0.00000000e+00]]]","[[0. 0. 0. ... 0. 0. 0.]
 [0. 0. 0. ... 0. 0. 0.]
 [0. 0. 0. ... 0. 0. 0.]
 ...
 [0. 0. 0. ... 0. 0. 0.]
 [0. 0. 0. ... 0. 0. 0.]
 [0. 0. 0. ... 0. 0. 0.]]","[[0. 0. 0. ... 0. 0. 0.]
 [0. 0. 0. ... 0. 0. 0.]
 [0. 0. 0. ... 0. 0. 0.]
 ...
 [0. 0. 0. ... 0. 0. 0.]
 [0. 0. 0. ... 0. 0. 0.]
 [0. 0. 0. ... 0. 0. 0.]]",0.5631846117166025,0.3945255617366391
422,4,20.0,25.0,0.05,1e-05,0.02,0.7000000000000002,7.14850305109464,0.7692998109390029,0.8242932313960428,"[[[0.9996266 1.0005374 1.0001258 ... 1.000061  0.9997865 0.9997069]
  [1.0000114 0.9998778 0.9997411 ... 1.0001521 1.0003355 1.0003192]
  [1.0001009 0.9998181 0.9993895 ... 1.000292  1.000142  0.9999942]
  ...
  [0.9990144 0.9999199 1.0005177 ... 0.9998119 0.9997498 1.0000066]
  [0.9998566 1.000428  1.0003484 ... 0.9996348 1.000166  0.9997522]
  [1.0001236 0.999788  0.9994705 ... 0.9997532 1.0003324 1.0002584]]

 [[0.9996631 1.0004994 1.0002131 ... 0.9997368 0.9997368 0.9999907]
  [0.999782  1.0001647 0.9994487 ... 1.0001518 1.0001456 1.0003186]
  [1.0000802 0.9999347 0.9993893 ... 1.0002918 0.9999189 1.0001104]
  ...
  [0.9998427 0.9999211 1.0005172 ... 1.0002513 1.0001653 1.0001667]
  [0.9998562 1.0004278 1.0001047 ... 1.000459  0.9993182 0.9992361]
  [1.0001235 0.999788  0.9999159 ... 0.9999456 1.0000448 1.0004259]]]","[[[0.00000000e+00 0.00000000e+00 0.00000000e+00 ... 0.00000000e+00
   0.00000000e+00 0.00000000e+00]
  [0.00000000e+00 0.00000000e+00 0.00000000e+00 ... 0.00000000e+00
   0.00000000e+00 0.00000000e+00]
  [0.00000000e+00 0.00000000e+00 0.00000000e+00 ... 0.00000000e+00
   0.00000000e+00 0.00000000e+00]
  ...
  [2.47933184e-05 0.00000000e+00 0.00000000e+00 ... 9.51693291e-06
   3.57024899e-06 0.00000000e+00]
  [0.00000000e+00 0.00000000e+00 0.00000000e+00 ... 7.25124957e-05
   0.00000000e+00 0.00000000e+00]
  [0.00000000e+00 0.00000000e+00 0.00000000e+00 ... 0.00000000e+00
   0.00000000e+00 6.21728560e-07]]

 [[1.01521739e-04 5.74474681e-05 6.47613187e-05 ... 1.22986025e-04
   9.50076957e-05 4.33225397e-05]
  [1.24997765e-04 3.12847723e-05 1.51035013e-04 ... 5.37340512e-05
   8.49490770e-05 5.49716401e-05]
  [7.94563688e-05 7.01626022e-05 1.12679953e-04 ... 4.67365108e-05
   1.11823004e-04 5.95284285e-05]
  ...
  [5.71234750e-06 1.08387337e-04 6.56007165e-05 ... 2.07955515e-05
   2.66655005e-05 6.23828340e-05]
  [1.00082444e-04 6.66246155e-05 1.25330298e-04 ... 0.00000000e+00
   2.33696559e-04 1.95798494e-04]
  [7.67564579e-05 1.07677688e-04 4.87171616e-05 ... 5.53025735e-05
   1.03530118e-04 2.52811307e-05]]]","[[0. 0. 0. ... 0. 0. 0.]
 [0. 0. 0. ... 0. 0. 0.]
 [0. 0. 0. ... 0. 0. 0.]
 ...
 [0. 0. 0. ... 0. 0. 0.]
 [0. 0. 0. ... 0. 0. 0.]
 [0. 0. 0. ... 0. 0. 0.]]","[[0. 0. 0. ... 0. 0. 0.]
 [0. 0. 0. ... 0. 0. 0.]
 [0. 0. 0. ... 0. 0. 0.]
 ...
 [0. 0. 0. ... 0. 0. 0.]
 [0. 0. 0. ... 0. 0. 0.]
 [0. 0. 0. ... 0. 0. 0.]]",0.5631587585526007,0.4484126129251126
422,4,20.0,25.0,0.05,1e-05,0.03,0.7000000000000002,14.183494391104984,0.769299810939003,0.8784134064743178,"[[[0.9996631 1.0004994 1.0002133 ... 0.9997371 0.999716  0.9999911]
  [0.9997822 1.0005572 0.9994485 ... 1.0001519 1.0001457 1.000319 ]
  [1.0000803 0.9999347 0.9993891 ... 1.0002918 0.9999192 1.0001111]
  ...
  [0.999843  0.9999212 1.0005174 ... 1.0002513 1.0001653 1.0001668]
  [0.9998567 1.000428  1.000105  ... 1.0004591 0.9993186 1.0001088]
  [1.0001234 0.9997878 0.9999158 ... 0.9999461 1.0000452 1.0004267]]

 [[0.9996631 1.0004991 1.0002128 ... 0.9997365 0.9997367 0.9999901]
  [0.9997824 1.0005572 0.9994483 ... 1.0001514 1.0001451 1.0003179]
  [1.0000803 0.9999345 0.999389  ... 1.0002913 0.9999186 1.00011  ]
  ...
  [0.9998429 0.9999209 1.0005168 ... 1.000251  1.0001651 1.000166 ]
  [0.9998561 1.0004272 1.0001043 ... 1.000459  0.9997157 0.9992358]
  [1.0001228 0.9997872 0.9999154 ... 0.9999456 1.0000445 1.0004252]]]","[[[0.00000000e+00 8.07271422e-06 0.00000000e+00 ... 0.00000000e+00
   0.00000000e+00 0.00000000e+00]
  [0.00000000e+00 1.36756848e-05 0.00000000e+00 ... 0.00000000e+00
   0.00000000e+00 0.00000000e+00]
  [0.00000000e+00 0.00000000e+00 0.00000000e+00 ... 0.00000000e+00
   0.00000000e+00 0.00000000e+00]
  ...
  [0.00000000e+00 0.00000000e+00 1.55846575e-06 ... 5.71270985e-06
   0.00000000e+00 0.00000000e+00]
  [0.00000000e+00 2.33235715e-06 0.00000000e+00 ... 1.57234621e-05
   1.61277619e-05 0.00000000e+00]
  [0.00000000e+00 0.00000000e+00 0.00000000e+00 ... 0.00000000e+00
   0.00000000e+00 1.29133367e-05]]

 [[5.84610776e-05 4.44814318e-06 2.56367797e-05 ... 3.87212550e-05
   4.24408054e-05 3.26058883e-05]
  [5.37537450e-05 0.00000000e+00 6.86849407e-05 ... 1.67556028e-05
   2.43220572e-05 1.53364119e-05]
  [3.68706774e-05 3.84724706e-05 6.51288833e-05 ... 1.36519072e-05
   4.86127938e-05 3.81479732e-05]
  ...
  [4.29466179e-05 4.80788253e-05 1.57447539e-05 ... 0.00000000e+00
   1.04399158e-05 1.12887830e-05]
  [3.70401086e-05 1.13513195e-05 4.27261958e-05 ... 0.00000000e+00
   0.00000000e+00 1.83672160e-04]
  [2.30634361e-05 5.47453804e-05 5.09137804e-05 ... 2.48158960e-05
   2.00798847e-05 0.00000000e+00]]]","[[0. 0. 0. ... 0. 0. 0.]
 [0. 0. 0. ... 0. 0. 0.]
 [0. 0. 0. ... 0. 0. 0.]
 ...
 [0. 0. 0. ... 0. 0. 0.]
 [0. 0. 0. ... 0. 0. 0.]
 [0. 0. 0. ... 0. 0. 0.]]","[[0. 0. 0. ... 0. 0. 0.]
 [0. 0. 0. ... 0. 0. 0.]
 [0. 0. 0. ... 0. 0. 0.]
 ...
 [0. 0. 0. ... 0. 0. 0.]
 [0. 0. 0. ... 0. 0. 0.]
 [0. 0. 0. ... 0. 0. 0.]]",0.5365335895798632,0.5777000936423374
422,4,20.0,25.0,0.0,1e-05,0.01,0.8000000000000003,7.352902414170594,0.8448255331851803,0.7827063361600776,"[[[0.9996266 1.0005374 1.0001256 ... 1.0000609 0.9997865 0.9997065]
  [1.0000113 0.999878  0.9997412 ... 1.0001521 1.0003355 1.000319 ]
  [1.0001009 0.9998183 0.9998544 ... 1.00097   1.0001421 0.9999939]
  ...
  [0.999843  0.9999204 1.0005177 ... 0.9998119 0.9997499 1.0000066]
  [0.999857  1.0004286 1.0003488 ... 1.0004596 1.000166  0.9997518]
  [1.0001239 0.9997884 0.9994705 ... 0.9997531 1.000332  1.000258 ]]

 [[0.9996266 1.0005373 1.0001256 ... 1.0000609 0.9997865 0.9997069]
  [1.0000113 0.9998779 0.999741  ... 1.000152  1.0003353 1.000319 ]
  [1.0001009 0.9998181 0.9993894 ... 1.000292  1.000142  0.9999938]
  ...
  [0.9990144 0.9999201 1.0005175 ... 0.9998118 0.9997498 1.0000066]
  [0.9998565 1.0004281 1.0003484 ... 1.0004593 1.0001659 0.9997517]
  [1.0001235 0.999788  0.9994705 ... 0.999753  1.0003318 1.0002578]]]","[[[5.32150993e-04 0.00000000e+00 0.00000000e+00 ... 0.00000000e+00
   3.04235942e-04 4.17078978e-04]
  [0.00000000e+00 1.74024083e-04 3.69289639e-04 ... 0.00000000e+00
   0.00000000e+00 0.00000000e+00]
  [0.00000000e+00 2.59538325e-04 1.49088318e-03 ... 4.88290524e-04
   0.00000000e+00 8.99927715e-06]
  ...
  [2.51125424e-03 1.14207322e-04 0.00000000e+00 ... 2.68212915e-04
   3.56715354e-04 0.00000000e+00]
  [2.05234860e-04 0.00000000e+00 0.00000000e+00 ... 0.00000000e+00
   0.00000000e+00 3.53998996e-04]
  [0.00000000e+00 3.02670900e-04 7.54666376e-04 ... 3.52131819e-04
   0.00000000e+00 0.00000000e+00]]

 [[0.00000000e+00 1.28753713e-03 3.01208784e-04 ... 1.46029089e-04
   0.00000000e+00 0.00000000e+00]
  [2.71350176e-05 0.00000000e+00 0.00000000e+00 ... 3.64100452e-04
   8.03579596e-04 7.64708181e-04]
  [2.41772337e-04 0.00000000e+00 0.00000000e+00 ... 0.00000000e+00
   3.40096964e-04 0.00000000e+00]
  ...
  [0.00000000e+00 0.00000000e+00 1.23985154e-03 ... 0.00000000e+00
   0.00000000e+00 1.57082296e-05]
  [0.00000000e+00 1.02504299e-03 8.34462875e-04 ... 1.10044173e-03
   3.97539440e-04 0.00000000e+00]
  [2.95256056e-04 0.00000000e+00 0.00000000e+00 ... 0.00000000e+00
   7.94736812e-04 6.17854545e-04]]]","[[0. 0. 0. ... 0. 0. 0.]
 [0. 0. 0. ... 0. 0. 0.]
 [0. 0. 0. ... 0. 0. 0.]
 ...
 [0. 0. 0. ... 0. 0. 0.]
 [0. 0. 0. ... 0. 0. 0.]
 [0. 0. 0. ... 0. 0. 0.]]","[[0. 0. 0. ... 0. 0. 0.]
 [0. 0. 0. ... 0. 0. 0.]
 [0. 0. 0. ... 0. 0. 0.]
 ...
 [0. 0. 0. ... 0. 0. 0.]
 [0. 0. 0. ... 0. 0. 0.]
 [0. 0. 0. ... 0. 0. 0.]]",0.2630231859659319,0.162389359882924
422,4,20.0,25.0,0.0,1e-05,0.02,0.8000000000000003,1.7080500743634952,0.8448255331851803,0.830395490037369,"[[[0.9996631 1.0004995 1.0002135 ... 0.9997371 0.999716  0.9999908]
  [0.9997822 1.0005574 0.999449  ... 1.0001519 1.0001456 1.0003186]
  [1.0000805 0.9999349 0.9993896 ... 1.000292  0.9999194 1.0001107]
  ...
  [0.999843  0.9999214 1.0005178 ... 1.0002518 1.0001659 1.0001668]
  [0.9998566 1.0004281 1.0001053 ... 1.0004594 0.9997164 0.9982738]
  [1.0001236 0.999788  0.9999163 ... 0.9999465 1.0000457 1.0004262]]

 [[0.9996631 1.0004996 1.0002135 ... 0.9997374 0.9997161 0.9999908]
  [0.9997821 1.0005574 0.9994488 ... 1.0001521 1.0001457 1.0003186]
  [1.0000803 0.9999349 0.9993894 ... 0.9998852 0.9999195 1.0001107]
  ...
  [0.9998428 0.9999212 1.0005176 ... 1.0002515 1.0001653 1.0001667]
  [0.9998565 1.0004282 1.0001051 ... 1.0004593 0.9997163 1.0001082]
  [1.0001237 0.9997884 0.9999163 ... 0.9999464 1.0000454 1.000426 ]]]","[[[4.80090725e-04 0.00000000e+00 0.00000000e+00 ... 3.73849326e-04
   4.04415174e-04 1.31068521e-05]
  [3.10694549e-04 0.00000000e+00 7.85929392e-04 ... 0.00000000e+00
   0.00000000e+00 0.00000000e+00]
  [0.00000000e+00 9.27623347e-05 8.70479657e-04 ... 7.06275253e-04
   1.14687154e-04 0.00000000e+00]
  ...
  [2.24230038e-04 1.12543258e-04 0.00000000e+00 ... 0.00000000e+00
   0.00000000e+00 0.00000000e+00]
  [2.04698746e-04 0.00000000e+00 0.00000000e+00 ... 0.00000000e+00
   4.04472360e-04 0.00000000e+00]
  [0.00000000e+00 3.00978729e-04 1.19264964e-04 ... 7.64544930e-05
   0.00000000e+00 0.00000000e+00]]

 [[0.00000000e+00 1.19778221e-03 5.11795083e-04 ... 0.00000000e+00
   0.00000000e+00 0.00000000e+00]
  [0.00000000e+00 1.33606280e-03 0.00000000e+00 ... 3.65162943e-04
   3.49457979e-04 7.63815066e-04]
  [1.92321165e-04 0.00000000e+00 0.00000000e+00 ... 0.00000000e+00
   0.00000000e+00 2.65459699e-04]
  ...
  [0.00000000e+00 0.00000000e+00 1.24009315e-03 ... 6.02415093e-04
   3.95000020e-04 3.99220103e-04]
  [0.00000000e+00 1.02665140e-03 2.51751637e-04 ... 1.10068198e-03
   0.00000000e+00 4.43578518e-03]
  [2.96884192e-04 0.00000000e+00 0.00000000e+00 ... 0.00000000e+00
   1.08308361e-04 1.02097553e-03]]]","[[0. 0. 0. ... 0. 0. 0.]
 [0. 0. 0. ... 0. 0. 0.]
 [0. 0. 0. ... 0. 0. 0.]
 ...
 [0. 0. 0. ... 0. 0. 0.]
 [0. 0. 0. ... 0. 0. 0.]
 [0. 0. 0. ... 0. 0. 0.]]","[[0. 0. 0. ... 0. 0. 0.]
 [0. 0. 0. ... 0. 0. 0.]
 [0. 0. 0. ... 0. 0. 0.]
 ...
 [0. 0. 0. ... 0. 0. 0.]
 [0. 0. 0. ... 0. 0. 0.]
 [0. 0. 0. ... 0. 0. 0.]]",0.43423882692530574,0.40128473629998074
422,4,20.0,25.0,0.0,1e-05,0.03,0.8000000000000003,3.5353167113417086,0.8448255331851803,0.8149582749288029,"[[[1.0009124 1.0000354 1.0000831 ... 0.9997639 0.9997157 0.999708 ]
  [1.000083  1.0001645 1.0003701 ... 1.0003848 1.0003936 0.9998948]
  [1.0001277 1.0001371 0.9998536 ... 1.0002917 1.0001965 1.000158 ]
  ...
  [1.000564  1.0003282 1.0000207 ... 0.9994283 1.0003781 0.9998973]
  [0.9999945 1.0005205 0.9997609 ... 1.0001032 0.9997158 1.0001082]
  [0.9999471 0.9993102 0.9999159 ... 0.9999458 0.9999537 0.9997252]]

 [[0.9996631 1.0004994 1.0002134 ... 0.9997367 0.9997159 0.999991 ]
  [0.9997823 1.000165  0.999449  ... 1.0001518 1.0001457 1.0003189]
  [1.000081  0.9999353 0.9998542 ... 0.9998848 0.9999194 1.0001113]
  ...
  [0.9998431 0.9999215 1.0005177 ... 1.0002513 1.0001656 1.0001669]
  [0.999857  1.0004283 1.0001053 ... 1.0004591 0.9997163 1.0001088]
  [1.0001236 0.9997881 0.9999162 ... 0.9999459 1.0000452 1.0004265]]]","[[[2.14645144e-03 0.00000000e+00 0.00000000e+00 ... 4.11326426e-04
   4.04376675e-04 0.00000000e+00]
  [7.11254672e-04 0.00000000e+00 2.01432967e-03 ... 9.45848117e-05
   1.23120783e-04 0.00000000e+00]
  [0.00000000e+00 3.61255967e-04 2.06847112e-04 ... 7.06972273e-04
   4.84358130e-04 0.00000000e+00]
  ...
  [1.18509591e-03 6.54329818e-04 0.00000000e+00 ... 0.00000000e+00
   4.75429539e-05 0.00000000e+00]
  [3.87142334e-04 0.00000000e+00 0.00000000e+00 ... 0.00000000e+00
   4.03556183e-04 0.00000000e+00]
  [0.00000000e+00 0.00000000e+00 1.18919458e-04 ... 7.69305058e-05
   0.00000000e+00 0.00000000e+00]]

 [[0.00000000e+00 2.25227296e-03 8.08063963e-04 ... 0.00000000e+00
   0.00000000e+00 6.22459004e-04]
  [0.00000000e+00 3.96782090e-04 0.00000000e+00 ... 0.00000000e+00
   0.00000000e+00 1.72920214e-03]
  [8.79260877e-05 0.00000000e+00 0.00000000e+00 ... 0.00000000e+00
   0.00000000e+00 1.61085051e-04]
  ...
  [0.00000000e+00 0.00000000e+00 2.37134530e-03 ... 2.47505821e-03
   0.00000000e+00 1.01349955e-03]
  [0.00000000e+00 8.17354310e-04 1.03584800e-03 ... 1.90981484e-03
   0.00000000e+00 2.62454816e-04]
  [6.98135590e-04 5.79687249e-04 0.00000000e+00 ... 0.00000000e+00
   3.16623410e-04 2.61779570e-03]]]","[[0. 0. 0. ... 0. 0. 0.]
 [0. 0. 0. ... 0. 0. 0.]
 [0. 0. 0. ... 0. 0. 0.]
 ...
 [0. 0. 0. ... 0. 0. 0.]
 [0. 0. 0. ... 0. 0. 0.]
 [0. 0. 0. ... 0. 0. 0.]]","[[0. 0. 0. ... 0. 0. 0.]
 [0. 0. 0. ... 0. 0. 0.]
 [0. 0. 0. ... 0. 0. 0.]
 ...
 [0. 0. 0. ... 0. 0. 0.]
 [0. 0. 0. ... 0. 0. 0.]
 [0. 0. 0. ... 0. 0. 0.]]",0.39846543229202136,0.28560146089060906
422,4,20.0,25.0,0.05,1e-05,0.01,0.8000000000000003,4.789179855910752,0.8448255331851803,0.804365318932285,"[[[0.9996266 1.0005378 1.0001259 ... 1.0000612 0.9997868 0.9997067]
  [1.0000117 0.9998785 0.9997414 ... 1.0001523 1.0003355 1.000319 ]
  [1.0001014 0.9998189 0.9998544 ... 1.0002924 1.0001423 0.9999943]
  ...
  [0.9998434 0.9999206 1.0005178 ... 0.9998123 0.9997501 1.0000068]
  [0.9998572 1.0004288 1.0003489 ... 1.0004597 1.000166  0.9997522]
  [1.0001239 0.9997886 0.9994708 ... 0.9997535 1.000332  1.0002583]]

 [[0.9996631 1.0004998 1.0002137 ... 0.9997375 0.9997163 0.9999915]
  [0.9997823 1.0005578 0.9994491 ... 1.0001523 1.000146  1.0003194]
  [1.0000803 0.9999351 0.9993896 ... 1.0002924 0.9999195 1.0001113]
  ...
  [0.999843  0.9999217 1.0005178 ... 1.000252  1.0001657 1.0001669]
  [0.9998567 1.0004283 1.0001053 ... 1.0004598 0.9997164 0.9992372]
  [1.0001234 0.9997882 0.9999165 ... 0.9999465 1.0000454 1.0004265]]]","[[[0.00000000e+00 0.00000000e+00 0.00000000e+00 ... 0.00000000e+00
   0.00000000e+00 0.00000000e+00]
  [0.00000000e+00 7.16926695e-05 0.00000000e+00 ... 0.00000000e+00
   0.00000000e+00 0.00000000e+00]
  [0.00000000e+00 0.00000000e+00 0.00000000e+00 ... 0.00000000e+00
   0.00000000e+00 0.00000000e+00]
  ...
  [0.00000000e+00 0.00000000e+00 0.00000000e+00 ... 2.01940102e-05
   8.15959499e-06 0.00000000e+00]
  [0.00000000e+00 0.00000000e+00 0.00000000e+00 ... 0.00000000e+00
   0.00000000e+00 0.00000000e+00]
  [0.00000000e+00 0.00000000e+00 0.00000000e+00 ... 0.00000000e+00
   0.00000000e+00 5.61926058e-06]]

 [[9.34763536e-05 5.27532845e-05 5.98643906e-05 ... 1.09298527e-04
   8.66495209e-05 3.26125078e-05]
  [1.14881804e-04 0.00000000e+00 1.38953958e-04 ... 3.93729244e-05
   7.10415819e-05 4.15993369e-05]
  [6.15655488e-05 5.02954069e-05 1.48513933e-04 ... 3.16919456e-05
   9.57556636e-05 4.20463628e-05]
  ...
  [1.04383282e-04 1.06998118e-04 7.26840181e-05 ... 3.59205748e-06
   1.86698571e-05 5.38415289e-05]
  [9.17417373e-05 6.44225090e-05 1.28104764e-04 ... 3.84956313e-05
   1.45582170e-04 1.89791540e-04]
  [7.04940242e-05 1.03511619e-04 4.73679897e-05 ... 3.94850049e-05
   9.39547164e-05 1.70697139e-05]]]","[[0. 0. 0. ... 0. 0. 0.]
 [0. 0. 0. ... 0. 0. 0.]
 [0. 0. 0. ... 0. 0. 0.]
 ...
 [0. 0. 0. ... 0. 0. 0.]
 [0. 0. 0. ... 0. 0. 0.]
 [0. 0. 0. ... 0. 0. 0.]]","[[0. 0. 0. ... 0. 0. 0.]
 [0. 0. 0. ... 0. 0. 0.]
 [0. 0. 0. ... 0. 0. 0.]
 ...
 [0. 0. 0. ... 0. 0. 0.]
 [0. 0. 0. ... 0. 0. 0.]
 [0. 0. 0. ... 0. 0. 0.]]",0.5712339770001587,0.47798422206643093
422,4,20.0,25.0,0.05,1e-05,0.02,0.8000000000000003,3.5478258077572535,0.8448255331851803,0.8747984714820469,"[[[0.9996266 1.0005373 1.0001256 ... 1.000061  0.9997863 0.9997066]
  [1.0000117 0.999878  0.9997411 ... 1.0001521 1.0003355 1.0003192]
  [1.0001011 0.9998182 0.9993896 ... 1.0009698 1.0001419 0.9999941]
  ...
  [0.9990146 0.9999202 1.0005177 ... 0.9998119 0.9997499 1.0000068]
  [0.9998568 1.0004282 1.0003486 ... 1.0004596 1.0001659 0.999752 ]
  [1.0001237 0.9997882 0.9994704 ... 0.9997531 1.000332  1.0002582]]

 [[0.9996266 1.0005373 1.0001259 ... 1.0000609 0.9997865 0.999707 ]
  [1.0000111 0.9998776 0.9997409 ... 1.0001518 1.0003353 1.0003192]
  [1.0001006 0.999818  0.9993894 ... 1.0009698 1.000142  0.9999939]
  ...
  [0.9998427 0.9999199 1.0005176 ... 0.9998116 0.9997498 1.0000067]
  [0.9998564 1.000428  1.0003486 ... 0.9996346 1.0001659 0.9997518]
  [1.0001233 0.9997879 0.9994708 ... 0.9997532 1.0003321 1.0002578]]]","[[[0.00000000e+00 1.98788074e-05 0.00000000e+00 ... 0.00000000e+00
   0.00000000e+00 0.00000000e+00]
  [0.00000000e+00 0.00000000e+00 0.00000000e+00 ... 0.00000000e+00
   0.00000000e+00 1.55741078e-06]
  [0.00000000e+00 0.00000000e+00 0.00000000e+00 ... 3.77503969e-05
   0.00000000e+00 0.00000000e+00]
  ...
  [6.16065104e-05 0.00000000e+00 8.31564333e-06 ... 0.00000000e+00
   0.00000000e+00 0.00000000e+00]
  [0.00000000e+00 5.14673221e-06 0.00000000e+00 ... 0.00000000e+00
   0.00000000e+00 0.00000000e+00]
  [0.00000000e+00 0.00000000e+00 0.00000000e+00 ... 0.00000000e+00
   5.43775361e-06 0.00000000e+00]]

 [[5.21264883e-05 0.00000000e+00 1.19103839e-05 ... 2.37107414e-05
   4.43724144e-05 4.82608246e-05]
  [2.42697650e-05 2.72713799e-05 3.09172296e-05 ... 2.57613481e-05
   1.31094350e-05 8.91199854e-06]
  [1.88478702e-05 2.54528385e-05 4.74210907e-05 ... 0.00000000e+00
   2.92772052e-05 3.44196631e-05]
  ...
  [0.00000000e+00 4.74217172e-05 4.64232219e-06 ... 3.36726586e-05
   4.23634994e-05 3.36476424e-05]
  [4.52706682e-05 6.79364109e-06 1.24815803e-05 ... 1.47631779e-04
   1.00420081e-05 4.77516282e-05]
  [2.01632141e-05 4.44598349e-05 6.33795367e-05 ... 3.68576711e-05
   2.83208356e-06 1.05138712e-05]]]","[[0. 0. 0. ... 0. 0. 0.]
 [0. 0. 0. ... 0. 0. 0.]
 [0. 0. 0. ... 0. 0. 0.]
 ...
 [0. 0. 0. ... 0. 0. 0.]
 [0. 0. 0. ... 0. 0. 0.]
 [0. 0. 0. ... 0. 0. 0.]]","[[0. 0. 0. ... 0. 0. 0.]
 [0. 0. 0. ... 0. 0. 0.]
 [0. 0. 0. ... 0. 0. 0.]
 ...
 [0. 0. 0. ... 0. 0. 0.]
 [0. 0. 0. ... 0. 0. 0.]
 [0. 0. 0. ... 0. 0. 0.]]",0.5765721859010234,0.5624746445670059
422,4,20.0,25.0,0.05,1e-05,0.03,0.8000000000000003,9.552426115501287,0.8448255331851803,0.9255268680475844,"[[[1.0009124 1.0000356 1.0000837 ... 0.9997641 0.9997159 0.9997085]
  [1.000083  1.0001647 1.0003707 ... 1.0003852 1.0002819 0.9998953]
  [1.0001277 1.0001372 0.9998541 ... 1.0002921 1.0001969 1.0001585]
  ...
  [1.0005637 1.0003282 1.0000211 ... 0.9994285 1.0003785 0.999898 ]
  [0.9999944 1.0005206 0.9997613 ... 1.0001038 0.9997163 1.0001088]
  [0.9999471 0.9993104 0.9999165 ... 0.9999462 0.9999541 0.9997258]]

 [[1.0009124 1.0000356 1.0000834 ... 0.9997642 0.999716  0.9997083]
  [1.000083  1.0001647 1.0003705 ... 1.0003852 1.0003937 0.9998951]
  [1.000128  1.0001374 0.9998541 ... 1.000292  1.0001968 1.0001583]
  ...
  [1.000564  1.0003283 1.000021  ... 0.9994287 1.0003785 0.9998977]
  [0.9999947 1.0005208 0.9997613 ... 1.0001037 1.0008446 0.9992368]
  [0.9999474 1.0001463 0.9999165 ... 0.9999461 0.999954  0.9997257]]]","[[[0.00000000e+00 0.00000000e+00 0.00000000e+00 ... 0.00000000e+00
   0.00000000e+00 0.00000000e+00]
  [0.00000000e+00 0.00000000e+00 0.00000000e+00 ... 0.00000000e+00
   0.00000000e+00 0.00000000e+00]
  [0.00000000e+00 0.00000000e+00 0.00000000e+00 ... 0.00000000e+00
   0.00000000e+00 0.00000000e+00]
  ...
  [0.00000000e+00 0.00000000e+00 0.00000000e+00 ... 0.00000000e+00
   0.00000000e+00 0.00000000e+00]
  [0.00000000e+00 0.00000000e+00 0.00000000e+00 ... 0.00000000e+00
   1.22878400e-04 0.00000000e+00]
  [0.00000000e+00 3.50342578e-05 0.00000000e+00 ... 0.00000000e+00
   0.00000000e+00 0.00000000e+00]]

 [[4.64642891e-05 1.14542212e-04 1.08406887e-04 ... 1.10043932e-04
   1.14134455e-04 1.21170371e-04]
  [1.00637507e-04 9.71661274e-05 8.36925341e-05 ... 6.88028434e-05
   5.67187727e-05 1.07894128e-04]
  [8.96080272e-05 8.96284789e-05 1.07997413e-04 ... 7.21058094e-05
   8.17563240e-05 8.65118523e-05]
  ...
  [6.48132143e-05 8.71463408e-05 1.04551590e-04 ... 1.31031662e-04
   7.35861625e-05 1.04552638e-04]
  [1.03114771e-04 7.87564919e-05 1.26827102e-04 ... 9.20375028e-05
   0.00000000e+00 2.62341124e-04]
  [1.13171180e-04 2.76964139e-07 1.20329052e-04 ... 9.89644192e-05
   1.02445525e-04 1.14185043e-04]]]","[[0. 0. 0. ... 0. 0. 0.]
 [0. 0. 0. ... 0. 0. 0.]
 [0. 0. 0. ... 0. 0. 0.]
 ...
 [0. 0. 0. ... 0. 0. 0.]
 [0. 0. 0. ... 0. 0. 0.]
 [0. 0. 0. ... 0. 0. 0.]]","[[0. 0. 0. ... 0. 0. 0.]
 [0. 0. 0. ... 0. 0. 0.]
 [0. 0. 0. ... 0. 0. 0.]
 ...
 [0. 0. 0. ... 0. 0. 0.]
 [0. 0. 0. ... 0. 0. 0.]
 [0. 0. 0. ... 0. 0. 0.]]",0.5326470776461631,0.7048519730260242
422,4,20.0,25.0,0.0,1e-05,0.01,0.2,33.29755871316746,0.2195538823841587,0.2926599652780626,"[[[0.9996266 1.0005374 1.0001258 ... 1.0000608 0.9997865 0.9997067]
  [1.0000113 0.9998777 0.999741  ... 1.0001518 1.0003355 1.0003189]
  [1.000101  0.9998183 0.9993896 ... 1.0009696 1.0001421 0.9999938]
  ...
  [0.9998433 0.9999202 1.0005177 ... 0.9998118 0.9997499 1.0000064]
  [0.9998568 1.0004282 1.0003486 ... 0.9996344 1.0001659 0.9997516]
  [1.0001237 0.9997879 0.9994705 ... 0.9997527 1.000332  1.0002578]]

 [[0.9996266 1.0005372 1.0001254 ... 1.0000606 0.9997862 0.9997063]
  [1.0000112 0.9998776 0.9997409 ... 1.0001518 1.0003352 1.0003189]
  [1.0001009 0.999818  0.9993894 ... 1.000292  1.000142  0.9999941]
  ...
  [0.9990144 0.9999198 1.0005174 ... 0.9998114 0.9997495 1.0000064]
  [0.9998566 1.000428  1.0003483 ... 1.000459  1.0001656 0.9997517]
  [0.9991356 0.9997878 0.9994701 ... 0.9997526 1.0003316 1.0002576]]]","[[[5.32147937e-04 0.00000000e+00 0.00000000e+00 ... 0.00000000e+00
   3.05056549e-04 4.18960558e-04]
  [0.00000000e+00 1.74608573e-04 3.69373436e-04 ... 0.00000000e+00
   0.00000000e+00 0.00000000e+00]
  [0.00000000e+00 2.59698093e-04 8.70460474e-04 ... 4.87810695e-04
   0.00000000e+00 8.01667204e-06]
  ...
  [2.51164864e-03 1.14873302e-04 0.00000000e+00 ... 2.69282834e-04
   3.57536836e-04 0.00000000e+00]
  [2.04664489e-04 0.00000000e+00 0.00000000e+00 ... 0.00000000e+00
   0.00000000e+00 3.53759265e-04]
  [2.55104243e-03 3.02524941e-04 7.55649122e-04 ... 3.52725029e-04
   0.00000000e+00 0.00000000e+00]]

 [[0.00000000e+00 1.28698677e-03 2.99833237e-04 ... 1.44633683e-04
   0.00000000e+00 0.00000000e+00]
  [2.65837110e-05 0.00000000e+00 0.00000000e+00 ... 3.63804890e-04
   8.03025396e-04 7.64424536e-04]
  [2.41506571e-04 0.00000000e+00 0.00000000e+00 ... 0.00000000e+00
   3.40100723e-04 0.00000000e+00]
  ...
  [0.00000000e+00 0.00000000e+00 1.23929793e-03 ... 0.00000000e+00
   0.00000000e+00 1.54255624e-05]
  [0.00000000e+00 1.02530529e-03 8.34454842e-04 ... 2.97574430e-03
   3.96142276e-04 0.00000000e+00]
  [0.00000000e+00 0.00000000e+00 0.00000000e+00 ... 0.00000000e+00
   7.94183357e-04 6.17014287e-04]]]","[[0. 0. 0. ... 0. 0. 0.]
 [0. 0. 0. ... 0. 0. 0.]
 [0. 0. 0. ... 0. 0. 0.]
 ...
 [0. 0. 0. ... 0. 0. 0.]
 [0. 0. 0. ... 0. 0. 0.]
 [0. 0. 0. ... 0. 0. 0.]]","[[0. 0. 0. ... 0. 0. 0.]
 [0. 0. 0. ... 0. 0. 0.]
 [0. 0. 0. ... 0. 0. 0.]
 ...
 [0. 0. 0. ... 0. 0. 0.]
 [0. 0. 0. ... 0. 0. 0.]
 [0. 0. 0. ... 0. 0. 0.]]",0.2862137987022897,0.11337638359608662
422,4,20.0,25.0,0.0,1e-05,0.02,0.2,40.76476741067514,0.2195538823841587,0.30905451187916827,"[[[0.9996631 1.0004994 1.0002134 ... 0.9997368 0.999737  0.999991 ]
  [0.9997826 1.0005575 0.999449  ... 1.0001518 1.0001456 1.000319 ]
  [1.0000806 0.999935  0.9993895 ... 0.999885  0.9999192 1.000111 ]
  ...
  [0.999843  0.9999215 1.0005175 ... 1.0002515 1.0001653 1.0001669]
  [0.9998566 1.0004281 1.000105  ... 1.0004591 0.9997161 0.9982738]
  [1.0001236 0.9997881 0.9999162 ... 0.9999461 1.0000451 1.0004259]]

 [[0.9996631 1.0004997 1.0002136 ... 0.999737  0.9997161 0.999991 ]
  [0.9997823 1.000165  0.999449  ... 1.0001518 1.0001457 1.0003189]
  [1.0000803 0.999935  0.9993895 ... 1.0002916 0.9999192 1.0001109]
  ...
  [0.9998427 0.9999213 1.0005174 ... 1.0002512 1.0001653 1.0001667]
  [0.9998566 1.0004282 1.000105  ... 1.000459  0.9997161 0.9992366]
  [1.0001234 0.9997881 0.9999162 ... 0.999946  1.0000453 1.0004264]]]","[[[4.80040157e-04 0.00000000e+00 0.00000000e+00 ... 3.74383826e-04
   4.32441181e-04 1.27990476e-05]
  [3.10545253e-04 2.88527841e-04 7.85209507e-04 ... 0.00000000e+00
   0.00000000e+00 0.00000000e+00]
  [0.00000000e+00 9.26213058e-05 8.70007779e-04 ... 0.00000000e+00
   1.15136748e-04 0.00000000e+00]
  ...
  [2.24503938e-04 1.12315905e-04 0.00000000e+00 ... 0.00000000e+00
   0.00000000e+00 0.00000000e+00]
  [2.04316815e-04 0.00000000e+00 0.00000000e+00 ... 0.00000000e+00
   4.04519255e-04 0.00000000e+00]
  [0.00000000e+00 3.01907033e-04 1.19378443e-04 ... 7.70742236e-05
   0.00000000e+00 0.00000000e+00]]

 [[0.00000000e+00 1.19870062e-03 5.12721299e-04 ... 0.00000000e+00
   0.00000000e+00 0.00000000e+00]
  [0.00000000e+00 0.00000000e+00 0.00000000e+00 ... 3.63860827e-04
   3.49556963e-04 7.64206597e-04]
  [1.92135742e-04 0.00000000e+00 0.00000000e+00 ... 1.62379656e-03
   0.00000000e+00 2.65562665e-04]
  ...
  [0.00000000e+00 0.00000000e+00 1.23989658e-03 ... 6.01377399e-04
   3.96435652e-04 3.99031879e-04]
  [0.00000000e+00 1.02674602e-03 2.51837081e-04 ... 1.09991780e-03
   0.00000000e+00 3.61828980e-04]
  [2.95297580e-04 0.00000000e+00 0.00000000e+00 ... 0.00000000e+00
   1.09194283e-04 1.02327137e-03]]]","[[0. 0. 0. ... 0. 0. 0.]
 [0. 0. 0. ... 0. 0. 0.]
 [0. 0. 0. ... 0. 0. 0.]
 ...
 [0. 0. 0. ... 0. 0. 0.]
 [0. 0. 0. ... 0. 0. 0.]
 [0. 0. 0. ... 0. 0. 0.]]","[[0. 0. 0. ... 0. 0. 0.]
 [0. 0. 0. ... 0. 0. 0.]
 [0. 0. 0. ... 0. 0. 0.]
 ...
 [0. 0. 0. ... 0. 0. 0.]
 [0. 0. 0. ... 0. 0. 0.]
 [0. 0. 0. ... 0. 0. 0.]]",0.5006803318582781,0.2885665672771245
422,4,20.0,25.0,0.0,1e-05,0.03,0.2,47.649990606269185,0.21955388238415866,0.32417128671590956,"[[[0.9996266 1.0005372 1.0001254 ... 1.0000607 0.999786  0.9997065]
  [1.0000113 0.9998777 0.9997406 ... 1.0001518 1.0003349 1.0003186]
  [1.0001009 0.9998181 0.9993892 ... 1.0009694 1.0001415 0.9999935]
  ...
  [0.9998428 0.9999197 0.9998857 ... 0.9998115 0.9997493 1.0000061]
  [0.9998566 1.0004278 1.000348  ... 1.0004593 1.0001656 0.9997516]
  [1.0001235 0.9997878 0.99947   ... 0.9997531 1.0003316 1.0002577]]

 [[0.9996266 1.0005372 1.0001254 ... 1.0000606 0.999786  0.9997061]
  [1.0000114 0.9998777 0.9997408 ... 1.0001518 1.0003349 1.0003184]
  [1.0001011 0.9998181 0.9993894 ... 1.0002918 1.0001417 0.9999935]
  ...
  [0.9990144 0.9999198 0.9998859 ... 0.9998117 0.9997495 1.000006 ]
  [0.9998566 1.0004278 1.0003482 ... 0.9996346 1.0001656 0.9997512]
  [0.9991356 0.9997877 0.9994699 ... 0.999753  1.0003315 1.0002576]]]","[[[5.32221511e-04 0.00000000e+00 0.00000000e+00 ... 0.00000000e+00
   3.04978567e-04 4.19449220e-04]
  [0.00000000e+00 1.74348944e-04 3.69215560e-04 ... 0.00000000e+00
   0.00000000e+00 0.00000000e+00]
  [0.00000000e+00 2.59280263e-04 8.69972242e-04 ... 4.87885321e-04
   0.00000000e+00 9.32634646e-06]
  ...
  [2.51108188e-03 1.14308903e-04 1.62309971e-04 ... 2.68043543e-04
   3.56803628e-04 0.00000000e+00]
  [2.04415684e-04 0.00000000e+00 0.00000000e+00 ... 1.62108216e-03
   0.00000000e+00 3.55143770e-04]
  [2.55079733e-03 3.02767401e-04 7.55740556e-04 ... 3.52197199e-04
   0.00000000e+00 0.00000000e+00]]

 [[0.00000000e+00 1.28740505e-03 3.00524281e-04 ... 1.44797404e-04
   0.00000000e+00 0.00000000e+00]
  [2.75814496e-05 0.00000000e+00 0.00000000e+00 ... 3.63697334e-04
   8.02602235e-04 7.62629139e-04]
  [2.42786229e-04 0.00000000e+00 0.00000000e+00 ... 0.00000000e+00
   3.40231933e-04 0.00000000e+00]
  ...
  [0.00000000e+00 0.00000000e+00 0.00000000e+00 ... 0.00000000e+00
   0.00000000e+00 1.39006785e-05]
  [0.00000000e+00 1.02544269e-03 8.35136869e-04 ... 0.00000000e+00
   3.96840977e-04 0.00000000e+00]
  [0.00000000e+00 0.00000000e+00 0.00000000e+00 ... 0.00000000e+00
   7.94322545e-04 6.17163852e-04]]]","[[0. 0. 0. ... 0. 0. 0.]
 [0. 0. 0. ... 0. 0. 0.]
 [0. 0. 0. ... 0. 0. 0.]
 ...
 [0. 0. 0. ... 0. 0. 0.]
 [0. 0. 0. ... 0. 0. 0.]
 [0. 0. 0. ... 0. 0. 0.]]","[[0. 0. 0. ... 0. 0. 0.]
 [0. 0. 0. ... 0. 0. 0.]
 [0. 0. 0. ... 0. 0. 0.]
 ...
 [0. 0. 0. ... 0. 0. 0.]
 [0. 0. 0. ... 0. 0. 0.]
 [0. 0. 0. ... 0. 0. 0.]]",0.575984832743281,0.3830290635521223
422,4,20.0,25.0,0.05,1e-05,0.01,0.2,57.577745390365365,0.2195538823841587,0.34596805777797185,"[[[0.9996631 1.0004995 1.0002133 ... 0.9997368 0.9997158 0.9999914]
  [0.999782  1.0001647 0.9994488 ... 1.0001518 1.0001456 1.0003192]
  [1.0000805 0.9999348 0.9993894 ... 1.0002918 0.9999194 1.0001113]
  ...
  [0.999843  0.9999213 1.0005175 ... 1.000251  1.0001655 1.0001673]
  [0.9998567 1.000428  1.0001051 ... 1.000459  0.9993186 0.999237 ]
  [1.0001234 0.9997879 0.9999161 ... 1.000525  1.0000451 1.0004265]]

 [[0.9996266 1.0005368 1.000125  ... 1.0000603 0.9997859 0.9997063]
  [1.0000112 0.9998774 0.9997405 ... 1.0001515 1.0003349 1.0003185]
  [1.0001007 0.9998178 1.0009134 ... 1.0009694 1.0001417 0.9999935]
  ...
  [0.9998428 0.9999198 0.9998859 ... 0.9998113 0.9997493 1.0000061]
  [0.9998564 1.0004277 1.0003479 ... 0.9996342 1.0001653 0.9997514]
  [0.9991356 0.9997876 0.9994698 ... 0.9997525 1.0003315 1.0002576]]]","[[[0.00000000e+00 3.84387570e-05 0.00000000e+00 ... 4.07482183e-05
   0.00000000e+00 0.00000000e+00]
  [1.60844373e-05 0.00000000e+00 0.00000000e+00 ... 0.00000000e+00
   2.67545794e-05 8.15130517e-06]
  [0.00000000e+00 0.00000000e+00 2.00214279e-04 ... 1.11941896e-04
   1.26479348e-05 0.00000000e+00]
  ...
  [7.13945558e-06 1.25707298e-05 0.00000000e+00 ... 0.00000000e+00
   0.00000000e+00 2.38648733e-07]
  [8.80713074e-06 4.07616477e-05 6.18250461e-05 ... 0.00000000e+00
   1.23410378e-04 5.62028249e-05]
  [0.00000000e+00 0.00000000e+00 0.00000000e+00 ... 0.00000000e+00
   6.06618550e-05 8.38484278e-06]]

 [[2.31077686e-05 0.00000000e+00 6.22737247e-06 ... 0.00000000e+00
   9.67798514e-06 5.35776823e-05]
  [0.00000000e+00 7.00737520e-05 1.70484163e-05 ... 1.86712416e-05
   0.00000000e+00 0.00000000e+00]
  [2.31567117e-05 6.93608479e-05 0.00000000e+00 ... 0.00000000e+00
   0.00000000e+00 4.96054802e-05]
  ...
  [0.00000000e+00 0.00000000e+00 6.41601061e-05 ... 3.18774892e-05
   3.64633869e-05 0.00000000e+00]
  [0.00000000e+00 0.00000000e+00 0.00000000e+00 ... 9.65922431e-05
   0.00000000e+00 0.00000000e+00]
  [1.60969120e-04 0.00000000e+00 8.17330606e-05 ... 9.30993328e-05
   0.00000000e+00 0.00000000e+00]]]","[[0. 0. 0. ... 0. 0. 0.]
 [0. 0. 0. ... 0. 0. 0.]
 [0. 0. 0. ... 0. 0. 0.]
 ...
 [0. 0. 0. ... 0. 0. 0.]
 [0. 0. 0. ... 0. 0. 0.]
 [0. 0. 0. ... 0. 0. 0.]]","[[0. 0. 0. ... 0. 0. 0.]
 [0. 0. 0. ... 0. 0. 0.]
 [0. 0. 0. ... 0. 0. 0.]
 ...
 [0. 0. 0. ... 0. 0. 0.]
 [0. 0. 0. ... 0. 0. 0.]
 [0. 0. 0. ... 0. 0. 0.]]",0.5912733935651882,0.28081307818540013
422,4,20.0,25.0,0.05,1e-05,0.02,0.2,75.6164474572407,0.2195538823841587,0.3855727284975081,"[[[0.9996631 1.0004992 1.0002133 ... 0.9997368 0.9997158 0.9999908]
  [0.9997824 1.000165  0.9994491 ... 1.0001518 1.0001456 1.0003188]
  [1.0000805 0.9999349 0.9993894 ... 0.9998848 0.9999193 1.000111 ]
  ...
  [0.999843  0.9999213 1.0005176 ... 1.0002512 1.0001653 1.0001667]
  [0.9998567 1.000428  1.000105  ... 1.000459  0.9993186 0.9982738]
  [1.0001236 0.9997879 0.9999162 ... 0.9999458 1.0000451 1.000426 ]]

 [[0.9996631 1.0004995 1.0002135 ... 0.9997374 0.9997164 0.9999914]
  [0.9997821 1.0005574 0.9994491 ... 1.000152  1.0001458 1.0003192]
  [1.00008   0.9999348 0.9993896 ... 1.0002918 0.9999194 1.0001111]
  ...
  [0.9998426 0.9999212 1.0005175 ... 1.0002512 1.0001656 1.0001671]
  [0.9998562 1.0004278 1.0001051 ... 1.0004591 0.9997163 0.999237 ]
  [1.0001234 0.999788  0.9999166 ... 0.9999462 1.0000454 1.0004265]]]","[[[0.00000000e+00 0.00000000e+00 0.00000000e+00 ... 0.00000000e+00
   0.00000000e+00 0.00000000e+00]
  [0.00000000e+00 4.40339165e-05 0.00000000e+00 ... 0.00000000e+00
   0.00000000e+00 0.00000000e+00]
  [0.00000000e+00 0.00000000e+00 0.00000000e+00 ... 4.06697615e-05
   0.00000000e+00 0.00000000e+00]
  ...
  [0.00000000e+00 0.00000000e+00 0.00000000e+00 ... 0.00000000e+00
   0.00000000e+00 0.00000000e+00]
  [0.00000000e+00 0.00000000e+00 0.00000000e+00 ... 0.00000000e+00
   0.00000000e+00 1.87581128e-05]
  [0.00000000e+00 0.00000000e+00 0.00000000e+00 ... 0.00000000e+00
   0.00000000e+00 0.00000000e+00]]

 [[8.69672502e-05 3.16559454e-05 4.82264300e-05 ... 6.08677856e-05
   7.25889096e-05 6.02845841e-05]
  [7.66391704e-05 0.00000000e+00 9.25412041e-05 ... 3.18085954e-05
   4.13791416e-05 3.42061551e-05]
  [5.19229158e-05 5.95456859e-05 8.83276741e-05 ... 0.00000000e+00
   5.71897749e-05 4.81784130e-05]
  ...
  [8.58717050e-05 8.03605334e-05 3.87580145e-05 ... 5.21476433e-05
   6.28874161e-05 6.49238266e-05]
  [8.25923387e-05 4.23374094e-05 6.59313386e-05 ... 3.15229219e-05
   3.96806458e-05 2.78277760e-06]
  [5.92943689e-05 8.35967876e-05 7.40598634e-05 ... 5.66569025e-05
   5.75475712e-05 3.72321583e-05]]]","[[0. 0. 0. ... 0. 0. 0.]
 [0. 0. 0. ... 0. 0. 0.]
 [0. 0. 0. ... 0. 0. 0.]
 ...
 [0. 0. 0. ... 0. 0. 0.]
 [0. 0. 0. ... 0. 0. 0.]
 [0. 0. 0. ... 0. 0. 0.]]","[[0. 0. 0. ... 0. 0. 0.]
 [0. 0. 0. ... 0. 0. 0.]
 [0. 0. 0. ... 0. 0. 0.]
 ...
 [0. 0. 0. ... 0. 0. 0.]
 [0. 0. 0. ... 0. 0. 0.]
 [0. 0. 0. ... 0. 0. 0.]]",0.5919088331614939,0.3144635187617727
422,4,20.0,25.0,0.05,1e-05,0.03,0.2,90.96047948210766,0.21955388238415866,0.41926114652237206,"[[[0.9996631 1.0004995 1.0002133 ... 0.9997368 0.9997159 0.9999909]
  [0.9997823 1.0005574 0.9994487 ... 1.0001518 1.0001454 1.0003186]
  [1.0000805 0.9999349 0.9993893 ... 1.0002918 0.9999191 1.0001106]
  ...
  [0.9998428 0.9999211 1.0005171 ... 1.0002513 1.0001653 1.0001667]
  [0.9998566 1.000428  1.0001049 ... 1.0004593 0.9997164 0.9992366]
  [1.0001234 0.9997878 0.9999157 ... 0.999946  1.0000451 1.0004262]]

 [[0.9996631 1.0004995 1.0002136 ... 0.9997371 0.9997159 0.9999914]
  [0.9997823 1.0005574 0.999449  ... 1.0001518 1.0001454 1.000319 ]
  [1.0000803 0.999935  0.9998544 ... 0.999885  0.9999194 1.0001111]
  ...
  [0.9998429 0.9999214 1.0005176 ... 1.0002515 1.0001655 1.0001668]
  [0.9998565 1.000428  1.0001051 ... 1.0004592 0.9997163 0.9992368]
  [1.0001231 0.9997878 0.9999162 ... 0.9999464 1.0000457 1.0004259]]]","[[[0.00000000e+00 3.79131516e-06 0.00000000e+00 ... 0.00000000e+00
   0.00000000e+00 0.00000000e+00]
  [0.00000000e+00 8.53288158e-06 0.00000000e+00 ... 0.00000000e+00
   0.00000000e+00 0.00000000e+00]
  [0.00000000e+00 0.00000000e+00 2.20579589e-05 ... 0.00000000e+00
   0.00000000e+00 0.00000000e+00]
  ...
  [0.00000000e+00 0.00000000e+00 2.19658854e-06 ... 0.00000000e+00
   0.00000000e+00 0.00000000e+00]
  [0.00000000e+00 0.00000000e+00 0.00000000e+00 ... 9.76587742e-06
   0.00000000e+00 0.00000000e+00]
  [0.00000000e+00 0.00000000e+00 0.00000000e+00 ... 0.00000000e+00
   0.00000000e+00 5.92238374e-06]]

 [[6.51444602e-05 1.15610249e-05 3.15807660e-05 ... 3.93378394e-05
   4.91832158e-05 3.71787690e-05]
  [5.86833153e-05 5.90317250e-06 8.04752716e-05 ... 9.90415274e-06
   2.13996993e-05 1.66479779e-05]
  [3.97364596e-05 4.91304288e-05 0.00000000e+00 ... 8.23345888e-05
   4.04289835e-05 3.66343965e-05]
  ...
  [5.60804481e-05 5.44968760e-05 1.47483244e-05 ... 1.70707446e-05
   2.72229686e-05 2.95775578e-05]
  [5.07911003e-05 1.76922576e-05 4.45442004e-05 ... 2.22318227e-07
   5.30717289e-05 8.80703144e-05]
  [3.25672495e-05 6.14309899e-05 5.53221832e-05 ... 3.00448237e-05
   2.69153841e-05 5.58626049e-06]]]","[[0. 0. 0. ... 0. 0. 0.]
 [0. 0. 0. ... 0. 0. 0.]
 [0. 0. 0. ... 0. 0. 0.]
 ...
 [0. 0. 0. ... 0. 0. 0.]
 [0. 0. 0. ... 0. 0. 0.]
 [0. 0. 0. ... 0. 0. 0.]]","[[0. 0. 0. ... 0. 0. 0.]
 [0. 0. 0. ... 0. 0. 0.]
 [0. 0. 0. ... 0. 0. 0.]
 ...
 [0. 0. 0. ... 0. 0. 0.]
 [0. 0. 0. ... 0. 0. 0.]
 [0. 0. 0. ... 0. 0. 0.]]",0.5856804584957359,0.3607629607783764
422,4,20.0,25.0,0.0,1e-05,0.01,0.30000000000000004,13.840996880504806,0.35330309463000426,0.4022037649364701,"[[[0.9996266 1.0005372 1.0001255 ... 1.0000604 0.9997862 0.9997063]
  [1.0000112 0.9998776 0.9997408 ... 1.0001518 1.0003351 1.0003186]
  [1.0001009 0.999818  0.9993894 ... 1.0009694 1.0001419 0.9999937]
  ...
  [0.9998428 0.9999196 1.0005172 ... 0.9998113 0.9997495 1.0000061]
  [0.9998566 1.0004278 1.0003483 ... 0.9996342 1.0001656 0.9997513]
  [1.0001235 0.9997876 0.9994702 ... 0.9997526 1.0003318 1.0002577]]

 [[0.9996266 1.0005372 1.0001259 ... 1.000061  0.9997866 0.9997065]
  [1.0000113 0.9998776 0.9997411 ... 1.000152  1.0003355 1.0003188]
  [1.000101  0.9998182 0.9998542 ... 1.0009698 1.0001421 0.9999938]
  ...
  [0.999843  0.9999202 1.0005178 ... 0.9998119 0.9997499 1.0000066]
  [0.9998567 1.0004283 1.0003486 ... 0.9996348 1.000166  0.9997518]
  [1.0001237 0.9997882 0.9994706 ... 0.9997534 1.0003324 1.0002578]]]","[[[5.32158212e-04 0.00000000e+00 0.00000000e+00 ... 0.00000000e+00
   3.03518595e-04 4.18001026e-04]
  [0.00000000e+00 1.74461300e-04 3.68574025e-04 ... 0.00000000e+00
   0.00000000e+00 0.00000000e+00]
  [0.00000000e+00 2.58820074e-04 0.00000000e+00 ... 0.00000000e+00
   0.00000000e+00 8.69577005e-06]
  ...
  [2.23483443e-04 1.12940641e-04 0.00000000e+00 ... 2.67264859e-04
   3.55841703e-04 0.00000000e+00]
  [2.04027131e-04 0.00000000e+00 0.00000000e+00 ... 5.19639374e-04
   0.00000000e+00 3.53042569e-04]
  [0.00000000e+00 3.00986487e-04 7.53949017e-04 ... 3.50274005e-04
   0.00000000e+00 0.00000000e+00]]

 [[0.00000000e+00 1.28751138e-03 3.02580798e-04 ... 1.47654430e-04
   0.00000000e+00 0.00000000e+00]
  [2.73906220e-05 0.00000000e+00 0.00000000e+00 ... 3.64894546e-04
   8.04929602e-04 7.64387223e-04]
  [2.42308149e-04 0.00000000e+00 7.08090831e-04 ... 2.32476441e-03
   3.41173235e-04 0.00000000e+00]
  ...
  [0.00000000e+00 0.00000000e+00 1.24258275e-03 ... 0.00000000e+00
   0.00000000e+00 1.67741476e-05]
  [0.00000000e+00 1.02776869e-03 8.36084134e-04 ... 0.00000000e+00
   3.99164100e-04 0.00000000e+00]
  [2.97171775e-04 0.00000000e+00 0.00000000e+00 ... 0.00000000e+00
   7.98049207e-04 6.18383564e-04]]]","[[0. 0. 0. ... 0. 0. 0.]
 [0. 0. 0. ... 0. 0. 0.]
 [0. 0. 0. ... 0. 0. 0.]
 ...
 [0. 0. 0. ... 0. 0. 0.]
 [0. 0. 0. ... 0. 0. 0.]
 [0. 0. 0. ... 0. 0. 0.]]","[[0. 0. 0. ... 0. 0. 0.]
 [0. 0. 0. ... 0. 0. 0.]
 [0. 0. 0. ... 0. 0. 0.]
 ...
 [0. 0. 0. ... 0. 0. 0.]
 [0. 0. 0. ... 0. 0. 0.]
 [0. 0. 0. ... 0. 0. 0.]]",0.2713772147337697,0.12039343130918091
422,4,20.0,25.0,0.0,1e-05,0.02,0.30000000000000004,20.354414546421427,0.35330309463000426,0.4252158711163309,"[[[0.9996266 1.0005375 1.0001256 ... 1.0000608 0.9997865 0.9997069]
  [1.0000112 0.999878  0.999741  ... 1.0001518 1.0003353 1.0003192]
  [1.0001009 0.9998184 0.9993896 ... 1.000292  1.000142  0.9999941]
  ...
  [0.999843  0.9999202 1.0005176 ... 0.9998116 0.9997496 1.0000066]
  [0.9998568 1.0004283 1.0003486 ... 1.0004591 1.0001658 0.999752 ]
  [1.0001237 0.9997884 0.9994705 ... 0.9997531 1.0003319 1.0002582]]

 [[0.9996631 1.0004995 1.0002135 ... 0.9997369 0.999716  0.9999909]
  [0.9997822 1.000165  0.999449  ... 1.0001518 1.0001456 1.0003188]
  [1.0000802 0.9999347 0.9993893 ... 0.9998846 0.9999191 1.0001107]
  ...
  [0.9998427 0.9999211 1.0005174 ... 1.000251  1.0001653 1.0001667]
  [0.9998565 1.000428  1.0001051 ... 1.000459  0.9997161 0.9992366]
  [1.0001235 0.9997879 0.9999161 ... 1.000525  1.0000451 1.000426 ]]]","[[[4.31287786e-04 0.00000000e+00 0.00000000e+00 ... 8.07110852e-04
   4.98819482e-04 0.00000000e+00]
  [6.15927796e-04 0.00000000e+00 1.17501589e-03 ... 0.00000000e+00
   4.58006816e-05 0.00000000e+00]
  [0.00000000e+00 0.00000000e+00 8.70776114e-04 ... 7.07886952e-04
   4.12604492e-04 0.00000000e+00]
  ...
  [2.24521597e-04 1.11244601e-04 0.00000000e+00 ... 0.00000000e+00
   0.00000000e+00 0.00000000e+00]
  [2.04978720e-04 0.00000000e+00 1.74929322e-04 ... 0.00000000e+00
   1.00463578e-03 1.77615206e-03]
  [0.00000000e+00 3.02818740e-04 0.00000000e+00 ... 0.00000000e+00
   3.18425044e-04 0.00000000e+00]]

 [[0.00000000e+00 1.11082221e-03 7.11668998e-04 ... 0.00000000e+00
   0.00000000e+00 6.24172150e-04]
  [0.00000000e+00 1.04838148e-03 0.00000000e+00 ... 3.63815782e-04
   0.00000000e+00 7.63065160e-04]
  [1.45437093e-04 1.07936298e-04 0.00000000e+00 ... 0.00000000e+00
   0.00000000e+00 5.30832068e-04]
  ...
  [0.00000000e+00 0.00000000e+00 1.23959006e-03 ... 1.60151254e-03
   1.34215793e-03 7.63698207e-04]
  [0.00000000e+00 1.02505752e-03 0.00000000e+00 ... 1.09988118e-03
   0.00000000e+00 0.00000000e+00]
  [2.95558609e-04 0.00000000e+00 8.12737543e-04 ... 3.01401265e-03
   0.00000000e+00 1.40298094e-03]]]","[[0. 0. 0. ... 0. 0. 0.]
 [0. 0. 0. ... 0. 0. 0.]
 [0. 0. 0. ... 0. 0. 0.]
 ...
 [0. 0. 0. ... 0. 0. 0.]
 [0. 0. 0. ... 0. 0. 0.]
 [0. 0. 0. ... 0. 0. 0.]]","[[0. 0. 0. ... 0. 0. 0.]
 [0. 0. 0. ... 0. 0. 0.]
 [0. 0. 0. ... 0. 0. 0.]
 ...
 [0. 0. 0. ... 0. 0. 0.]
 [0. 0. 0. ... 0. 0. 0.]
 [0. 0. 0. ... 0. 0. 0.]]",0.30336408075823346,0.1403745248468289
422,4,20.0,25.0,0.0,1e-05,0.03,0.30000000000000004,25.079610471828023,0.3533030946300043,0.44191013454812333,"[[[0.9996266 1.0005374 1.0001256 ... 1.0000608 0.9997864 0.999706 ]
  [1.0000113 0.9998778 0.9997409 ... 1.0001518 1.0003352 1.0003183]
  [1.0001009 0.9998182 0.9993894 ... 1.0002918 1.0001419 0.9999931]
  ...
  [0.9998428 0.9999199 1.0005174 ... 0.9998118 0.9997496 1.0000058]
  [0.9998566 1.0004281 1.0003484 ... 1.0004593 1.0001657 0.9997512]
  [1.0001235 0.999788  0.9994704 ... 0.9997532 1.000332  1.0002576]]

 [[0.9996631 1.0004992 1.0002131 ... 0.999737  0.9997159 0.999991 ]
  [0.9997822 1.0001647 0.9994487 ... 1.000152  1.0001456 1.0003189]
  [1.0000803 0.9999348 0.9993893 ... 0.9998852 0.9999193 1.0001111]
  ...
  [0.9998431 0.9999214 1.0005175 ... 1.0002514 1.0001653 1.0001668]
  [0.9998566 1.0004281 1.0001051 ... 1.0004591 0.999716  0.9992366]
  [1.0001234 0.9997879 0.9999158 ... 0.9999459 1.000045  1.000426 ]]]","[[[4.31260509e-04 0.00000000e+00 0.00000000e+00 ... 8.06748035e-04
   4.98793862e-04 0.00000000e+00]
  [6.16056344e-04 0.00000000e+00 1.17565172e-03 ... 0.00000000e+00
   4.56079438e-05 0.00000000e+00]
  [0.00000000e+00 0.00000000e+00 8.70505506e-04 ... 7.06045322e-04
   4.11915570e-04 0.00000000e+00]
  ...
  [2.23095681e-04 1.09986057e-04 0.00000000e+00 ... 0.00000000e+00
   0.00000000e+00 0.00000000e+00]
  [2.04297125e-04 0.00000000e+00 1.74734406e-04 ... 0.00000000e+00
   1.00477564e-03 1.77508482e-03]
  [0.00000000e+00 3.02228908e-04 0.00000000e+00 ... 0.00000000e+00
   3.18883619e-04 0.00000000e+00]]

 [[0.00000000e+00 1.11002655e-03 7.10054074e-04 ... 0.00000000e+00
   0.00000000e+00 6.26951798e-04]
  [0.00000000e+00 1.04771826e-03 0.00000000e+00 ... 3.64990585e-04
   0.00000000e+00 7.65849645e-04]
  [1.46055623e-04 1.08955401e-04 0.00000000e+00 ... 0.00000000e+00
   0.00000000e+00 5.34869386e-04]
  ...
  [0.00000000e+00 0.00000000e+00 1.24075054e-03 ... 1.60268944e-03
   1.34221292e-03 7.65941038e-04]
  [0.00000000e+00 1.02622026e-03 0.00000000e+00 ... 1.09994040e-03
   0.00000000e+00 0.00000000e+00]
  [2.95596151e-04 0.00000000e+00 8.11541874e-04 ... 3.08710130e-04
   0.00000000e+00 1.40439039e-03]]]","[[0. 0. 0. ... 0. 0. 0.]
 [0. 0. 0. ... 0. 0. 0.]
 [0. 0. 0. ... 0. 0. 0.]
 ...
 [0. 0. 0. ... 0. 0. 0.]
 [0. 0. 0. ... 0. 0. 0.]
 [0. 0. 0. ... 0. 0. 0.]]","[[0. 0. 0. ... 0. 0. 0.]
 [0. 0. 0. ... 0. 0. 0.]
 [0. 0. 0. ... 0. 0. 0.]
 ...
 [0. 0. 0. ... 0. 0. 0.]
 [0. 0. 0. ... 0. 0. 0.]
 [0. 0. 0. ... 0. 0. 0.]]",0.4201703574745699,0.2397265780122077
422,4,20.0,25.0,0.05,1e-05,0.01,0.30000000000000004,29.496155104698584,0.35330309463000426,0.45751392341177033,"[[[0.9996631 1.0004992 1.000213  ... 0.9997367 0.9997156 0.9999904]
  [0.999782  1.0005572 0.9994488 ... 1.0001518 1.0001456 1.0003184]
  [1.0000803 0.9999348 0.9993895 ... 1.0002918 0.9999193 1.0001106]
  ...
  [0.9998428 0.9999211 1.0005175 ... 1.000251  1.0001651 1.0001663]
  [0.9998565 1.000428  1.000105  ... 1.0004588 0.999716  0.9992361]
  [1.0001236 0.9997879 0.9999157 ... 0.9999459 1.0000451 1.0004257]]

 [[0.9996266 1.0005372 1.0001259 ... 1.0000608 0.9997868 0.9997065]
  [1.0000113 0.9998777 0.9997411 ... 1.000152  1.0003358 1.0003192]
  [1.000101  0.9998182 0.9998544 ... 1.0009698 1.0001425 0.9999943]
  ...
  [0.9990146 0.99992   1.0005178 ... 0.9998119 0.9997502 1.0000069]
  [0.9998567 1.0004282 1.0003488 ... 1.0004593 1.0001664 0.9997523]
  [1.0001236 0.9997881 0.9994708 ... 0.999753  1.000332  1.0002577]]]","[[[0.00000000e+00 1.33206539e-05 0.00000000e+00 ... 9.94295748e-06
   0.00000000e+00 0.00000000e+00]
  [0.00000000e+00 0.00000000e+00 0.00000000e+00 ... 0.00000000e+00
   0.00000000e+00 0.00000000e+00]
  [0.00000000e+00 0.00000000e+00 0.00000000e+00 ... 9.35786043e-05
   0.00000000e+00 0.00000000e+00]
  ...
  [0.00000000e+00 0.00000000e+00 2.50562470e-05 ... 0.00000000e+00
   0.00000000e+00 0.00000000e+00]
  [0.00000000e+00 1.68729002e-05 3.75671549e-05 ... 1.11187386e-05
   4.46725633e-05 3.05161010e-05]
  [0.00000000e+00 0.00000000e+00 0.00000000e+00 ... 0.00000000e+00
   2.78783277e-05 0.00000000e+00]]

 [[7.53411167e-05 5.77836892e-08 4.35655606e-05 ... 6.49846721e-06
   6.00471764e-05 1.04222270e-04]
  [3.06977299e-05 1.55059313e-04 4.52533355e-05 ... 5.86825839e-05
   2.41547320e-05 4.40308993e-05]
  [6.84626214e-05 1.01922261e-04 3.56544145e-05 ... 0.00000000e+00
   4.25907454e-05 9.50875484e-05]
  ...
  [1.69936985e-04 7.11725484e-06 0.00000000e+00 ... 8.68626438e-05
   8.05070882e-05 2.07772379e-05]
  [2.29987660e-05 0.00000000e+00 0.00000000e+00 ... 0.00000000e+00
   0.00000000e+00 0.00000000e+00]
  [2.24272216e-05 4.45526529e-05 1.18800092e-04 ... 8.25661755e-05
   0.00000000e+00 4.06140828e-05]]]","[[0. 0. 0. ... 0. 0. 0.]
 [0. 0. 0. ... 0. 0. 0.]
 [0. 0. 0. ... 0. 0. 0.]
 ...
 [0. 0. 0. ... 0. 0. 0.]
 [0. 0. 0. ... 0. 0. 0.]
 [0. 0. 0. ... 0. 0. 0.]]","[[0. 0. 0. ... 0. 0. 0.]
 [0. 0. 0. ... 0. 0. 0.]
 [0. 0. 0. ... 0. 0. 0.]
 ...
 [0. 0. 0. ... 0. 0. 0.]
 [0. 0. 0. ... 0. 0. 0.]
 [0. 0. 0. ... 0. 0. 0.]]",0.5677319855339897,0.28452440080956815
422,4,20.0,25.0,0.05,1e-05,0.02,0.30000000000000004,42.78244118560582,0.35330309463000426,0.5044547832970111,"[[[0.9996631 1.0004995 1.0002135 ... 0.9997368 0.999737  0.9999905]
  [0.9997821 1.0005572 0.9994487 ... 1.0001518 1.0001456 1.0003185]
  [1.0000803 0.9999349 0.9993896 ... 0.999885  0.9999194 1.0001107]
  ...
  [0.9998428 0.9999212 1.0005176 ... 1.0002513 1.0001655 1.0001665]
  [0.9998566 1.0004281 1.0001051 ... 1.0004592 0.9997163 1.0001082]
  [1.0001237 0.9997881 0.9999163 ... 0.9999459 1.0000454 1.000426 ]]

 [[0.9996631 1.0004995 1.0002131 ... 0.9997366 0.9997367 0.9999904]
  [0.999782  1.0001647 0.9994485 ... 1.0001514 1.000145  1.0003182]
  [1.0000799 0.9999345 0.9993891 ... 0.9998843 0.9999185 1.0001101]
  ...
  [0.9998424 0.9999208 1.000517  ... 1.0002507 1.0001647 1.000166 ]
  [0.9998564 1.0004278 1.0001049 ... 1.0004586 0.9997155 0.9992361]
  [1.0001233 0.9997879 0.9999159 ... 0.9999455 1.0000445 1.0004255]]]","[[[0.00000000e+00 0.00000000e+00 0.00000000e+00 ... 0.00000000e+00
   0.00000000e+00 0.00000000e+00]
  [0.00000000e+00 0.00000000e+00 0.00000000e+00 ... 0.00000000e+00
   0.00000000e+00 0.00000000e+00]
  [0.00000000e+00 0.00000000e+00 0.00000000e+00 ... 0.00000000e+00
   0.00000000e+00 0.00000000e+00]
  ...
  [0.00000000e+00 0.00000000e+00 0.00000000e+00 ... 0.00000000e+00
   0.00000000e+00 0.00000000e+00]
  [0.00000000e+00 0.00000000e+00 0.00000000e+00 ... 0.00000000e+00
   0.00000000e+00 0.00000000e+00]
  [0.00000000e+00 0.00000000e+00 0.00000000e+00 ... 0.00000000e+00
   0.00000000e+00 0.00000000e+00]]

 [[1.00111996e-04 4.18592942e-05 6.24986565e-05 ... 9.26145009e-05
   9.41304241e-05 7.79102589e-05]
  [9.71552960e-05 1.17101622e-04 1.13206368e-04 ... 6.68249899e-05
   7.20171017e-05 6.19067041e-05]
  [8.84724025e-05 9.25462031e-05 1.25097090e-04 ... 8.96106156e-05
   9.59066034e-05 8.75871595e-05]
  ...
  [8.46445747e-05 8.32504326e-05 4.41303567e-05 ... 6.67149163e-05
   6.60375198e-05 5.94218411e-05]
  [7.79222592e-05 4.66197079e-05 7.23583781e-05 ... 4.98208954e-05
   9.05796276e-05 2.28703842e-04]
  [6.37190181e-05 9.17622318e-05 8.37653231e-05 ... 8.15978389e-05
   6.88788800e-05 3.91570226e-05]]]","[[0. 0. 0. ... 0. 0. 0.]
 [0. 0. 0. ... 0. 0. 0.]
 [0. 0. 0. ... 0. 0. 0.]
 ...
 [0. 0. 0. ... 0. 0. 0.]
 [0. 0. 0. ... 0. 0. 0.]
 [0. 0. 0. ... 0. 0. 0.]]","[[0. 0. 0. ... 0. 0. 0.]
 [0. 0. 0. ... 0. 0. 0.]
 [0. 0. 0. ... 0. 0. 0.]
 ...
 [0. 0. 0. ... 0. 0. 0.]
 [0. 0. 0. ... 0. 0. 0.]
 [0. 0. 0. ... 0. 0. 0.]]",0.5705727719830372,0.33011795265677274
422,4,20.0,25.0,0.05,1e-05,0.03,0.30000000000000004,54.67269557894885,0.3533030946300043,0.5464634200280721,"[[[0.9996266 1.0005373 1.0001259 ... 1.0000609 0.9997864 0.9997064]
  [1.0000112 0.9998778 0.9997414 ... 1.000152  1.0003355 1.000319 ]
  [1.000101  0.9998183 0.9993896 ... 1.000292  1.0001419 0.9999938]
  ...
  [0.999843  0.9999201 1.0005177 ... 0.9998119 0.9997498 1.0000063]
  [0.9998568 1.0004283 1.0003486 ... 0.9996348 1.000166  0.9997518]
  [1.0001239 0.9997882 0.9994705 ... 0.9997535 1.0003321 1.000258 ]]

 [[0.9996631 1.0004992 1.0002131 ... 0.9997367 0.999737  0.9999906]
  [0.9997824 1.000165  0.9994488 ... 1.0001519 1.0001456 1.0003189]
  [1.0000803 0.9999349 0.9993893 ... 1.000292  0.9999193 1.0001109]
  ...
  [0.999843  0.9999214 1.0005175 ... 1.0002512 1.0001653 1.0001667]
  [0.9998565 1.0004281 1.000105  ... 1.000459  0.999716  1.000108 ]
  [1.0001233 0.9997878 0.999916  ... 0.9999459 1.000045  1.0004256]]]","[[[0.00000000e+00 0.00000000e+00 0.00000000e+00 ... 0.00000000e+00
   0.00000000e+00 0.00000000e+00]
  [0.00000000e+00 0.00000000e+00 0.00000000e+00 ... 0.00000000e+00
   0.00000000e+00 0.00000000e+00]
  [0.00000000e+00 0.00000000e+00 0.00000000e+00 ... 0.00000000e+00
   0.00000000e+00 0.00000000e+00]
  ...
  [0.00000000e+00 0.00000000e+00 0.00000000e+00 ... 1.39830854e-05
   0.00000000e+00 0.00000000e+00]
  [0.00000000e+00 0.00000000e+00 0.00000000e+00 ... 7.25724238e-05
   0.00000000e+00 0.00000000e+00]
  [0.00000000e+00 0.00000000e+00 0.00000000e+00 ... 0.00000000e+00
   0.00000000e+00 0.00000000e+00]]

 [[1.06854517e-04 6.12120255e-05 6.71757820e-05 ... 1.21597629e-04
   9.83664081e-05 4.89195490e-05]
  [1.25153757e-04 3.00745921e-05 1.47849147e-04 ... 5.19138333e-05
   8.48740301e-05 5.60627851e-05]
  [7.52742971e-05 6.40167045e-05 1.03244762e-04 ... 4.50566815e-05
   1.09521065e-04 5.63454517e-05]
  ...
  [1.22357200e-04 1.19592131e-04 8.03139183e-05 ... 1.34370687e-05
   3.53621061e-05 7.68986240e-05]
  [1.15830561e-04 7.69788346e-05 1.36672726e-04 ... 0.00000000e+00
   1.72450088e-04 4.69106560e-05]
  [8.91874238e-05 1.16228759e-04 5.59699232e-05 ... 5.50927892e-05
   1.14772652e-04 4.23898318e-05]]]","[[0. 0. 0. ... 0. 0. 0.]
 [0. 0. 0. ... 0. 0. 0.]
 [0. 0. 0. ... 0. 0. 0.]
 ...
 [0. 0. 0. ... 0. 0. 0.]
 [0. 0. 0. ... 0. 0. 0.]
 [0. 0. 0. ... 0. 0. 0.]]","[[0. 0. 0. ... 0. 0. 0.]
 [0. 0. 0. ... 0. 0. 0.]
 [0. 0. 0. ... 0. 0. 0.]
 ...
 [0. 0. 0. ... 0. 0. 0.]
 [0. 0. 0. ... 0. 0. 0.]
 [0. 0. 0. ... 0. 0. 0.]]",0.5603804896698685,0.3913087403039509
422,4,20.0,25.0,0.0,1e-05,0.01,0.4000000000000001,4.415264008623148,0.49287140535341134,0.5146329791227756,"[[[0.9996266 1.0005373 1.0001255 ... 1.0000608 0.9997861 0.9997063]
  [1.0000113 0.9998778 0.999741  ... 1.0001519 1.0003351 1.0003186]
  [1.0001009 0.9998182 0.9993895 ... 1.0009696 1.0001417 0.9999936]
  ...
  [0.9998428 0.9999199 1.0005172 ... 0.9998117 0.9997495 1.0000063]
  [0.9998565 1.000428  1.0003482 ... 1.0004593 1.0001656 0.9997514]
  [1.0001233 0.9997878 0.99947   ... 0.9997529 1.0003318 1.0002574]]

 [[0.9996266 1.0005372 1.0001256 ... 1.0000607 0.9997862 0.9997064]
  [1.0000111 0.9998776 0.9997408 ... 1.0001518 1.0003349 1.0003186]
  [1.0001009 0.9998181 0.9993894 ... 1.0002918 1.0001417 0.9999937]
  ...
  [0.9998427 0.9999198 1.0005175 ... 0.9998117 0.9997496 1.0000063]
  [0.9998564 1.0004278 1.0003483 ... 1.0004591 1.0001657 0.9997517]
  [0.9991356 0.9997881 0.9994705 ... 0.9997529 1.0003319 1.0002582]]]","[[[5.32153545e-04 0.00000000e+00 0.00000000e+00 ... 0.00000000e+00
   3.04504705e-04 4.18325752e-04]
  [0.00000000e+00 1.74773348e-04 3.69708303e-04 ... 0.00000000e+00
   0.00000000e+00 0.00000000e+00]
  [0.00000000e+00 2.59380900e-04 8.70387043e-04 ... 4.88149341e-04
   0.00000000e+00 8.93718371e-06]
  ...
  [2.24305653e-04 1.14486822e-04 0.00000000e+00 ... 2.68314559e-04
   3.56664293e-04 0.00000000e+00]
  [2.04688473e-04 0.00000000e+00 0.00000000e+00 ... 0.00000000e+00
   0.00000000e+00 3.53450226e-04]
  [2.55041158e-03 3.01548698e-04 7.54030419e-04 ... 3.52147330e-04
   0.00000000e+00 0.00000000e+00]]

 [[0.00000000e+00 1.28724957e-03 3.01481113e-04 ... 1.45182556e-04
   0.00000000e+00 0.00000000e+00]
  [2.60151125e-05 0.00000000e+00 0.00000000e+00 ... 3.63522556e-04
   8.02158225e-04 7.63839670e-04]
  [2.41763353e-04 0.00000000e+00 0.00000000e+00 ... 0.00000000e+00
   3.39787665e-04 0.00000000e+00]
  ...
  [0.00000000e+00 0.00000000e+00 1.24092216e-03 ... 0.00000000e+00
   0.00000000e+00 1.51161226e-05]
  [0.00000000e+00 1.02527853e-03 8.35255328e-04 ... 1.09985715e-03
   3.97496347e-04 0.00000000e+00]
  [0.00000000e+00 0.00000000e+00 0.00000000e+00 ... 0.00000000e+00
   7.95828145e-04 6.20872613e-04]]]","[[0. 0. 0. ... 0. 0. 0.]
 [0. 0. 0. ... 0. 0. 0.]
 [0. 0. 0. ... 0. 0. 0.]
 ...
 [0. 0. 0. ... 0. 0. 0.]
 [0. 0. 0. ... 0. 0. 0.]
 [0. 0. 0. ... 0. 0. 0.]]","[[0. 0. 0. ... 0. 0. 0.]
 [0. 0. 0. ... 0. 0. 0.]
 [0. 0. 0. ... 0. 0. 0.]
 ...
 [0. 0. 0. ... 0. 0. 0.]
 [0. 0. 0. ... 0. 0. 0.]
 [0. 0. 0. ... 0. 0. 0.]]",0.2583727880853985,0.12364375599989158
422,4,20.0,25.0,0.0,1e-05,0.02,0.4000000000000001,10.81665436693211,0.49287140535341134,0.5461836017439308,"[[[0.9996266 1.0005374 1.0001259 ... 1.0000607 0.9997864 0.9997065]
  [1.0000114 0.999878  0.9997411 ... 1.0001519 1.0003355 1.000319 ]
  [1.0001009 0.9998183 0.9993894 ... 1.0009694 1.0001419 0.9999937]
  ...
  [0.9998428 0.99992   1.0005175 ... 0.9998116 0.9997498 1.0000066]
  [0.9998566 1.0004282 1.0003484 ... 1.0004593 1.000166  0.9997518]
  [1.0001236 0.9997882 0.9994705 ... 0.9997534 1.0003324 1.0002582]]

 [[0.9996266 1.0005373 1.0001256 ... 1.0000609 0.9997863 0.9997066]
  [1.0000112 0.9998778 0.9997408 ... 1.0001518 1.0003351 1.0003188]
  [1.0001007 0.999818  0.9993892 ... 1.0009692 1.0001414 0.9999936]
  ...
  [0.9998428 0.9999198 0.999886  ... 0.9998115 0.9997494 1.0000063]
  [0.9998566 1.000428  1.0003483 ... 1.0004591 1.0001653 0.9997517]
  [0.9991356 0.9997879 0.99947   ... 0.9997528 1.0003315 1.0002578]]]","[[[5.32218842e-04 0.00000000e+00 0.00000000e+00 ... 0.00000000e+00
   3.04632102e-04 4.17965439e-04]
  [0.00000000e+00 1.74418021e-04 3.69847154e-04 ... 0.00000000e+00
   0.00000000e+00 0.00000000e+00]
  [0.00000000e+00 2.59766046e-04 8.70947335e-04 ... 0.00000000e+00
   0.00000000e+00 9.23660354e-06]
  ...
  [2.24035081e-04 1.14703681e-04 1.00500037e-03 ... 2.68868840e-04
   3.57614794e-04 0.00000000e+00]
  [2.04415755e-04 0.00000000e+00 0.00000000e+00 ... 0.00000000e+00
   0.00000000e+00 3.54068326e-04]
  [2.55095339e-03 3.02662414e-04 7.56040910e-04 ... 3.53087839e-04
   0.00000000e+00 0.00000000e+00]]

 [[0.00000000e+00 1.28742347e-03 3.00567578e-04 ... 1.46471981e-04
   0.00000000e+00 0.00000000e+00]
  [2.61974231e-05 0.00000000e+00 0.00000000e+00 ... 3.63431511e-04
   8.02364053e-04 7.63487958e-04]
  [2.41109339e-04 0.00000000e+00 0.00000000e+00 ... 2.32190585e-03
   3.37750985e-04 0.00000000e+00]
  ...
  [0.00000000e+00 0.00000000e+00 0.00000000e+00 ... 0.00000000e+00
   0.00000000e+00 1.44757616e-05]
  [0.00000000e+00 1.02519331e-03 8.34618469e-04 ... 1.09975688e-03
   3.94634064e-04 0.00000000e+00]
  [0.00000000e+00 0.00000000e+00 0.00000000e+00 ... 0.00000000e+00
   7.92695776e-04 6.17199047e-04]]]","[[0. 0. 0. ... 0. 0. 0.]
 [0. 0. 0. ... 0. 0. 0.]
 [0. 0. 0. ... 0. 0. 0.]
 ...
 [0. 0. 0. ... 0. 0. 0.]
 [0. 0. 0. ... 0. 0. 0.]
 [0. 0. 0. ... 0. 0. 0.]]","[[0. 0. 0. ... 0. 0. 0.]
 [0. 0. 0. ... 0. 0. 0.]
 [0. 0. 0. ... 0. 0. 0.]
 ...
 [0. 0. 0. ... 0. 0. 0.]
 [0. 0. 0. ... 0. 0. 0.]
 [0. 0. 0. ... 0. 0. 0.]]",0.4426633850179134,0.29539352017030585
422,4,20.0,25.0,0.0,1e-05,0.03,0.4000000000000001,12.379264531270726,0.49287140535341134,0.5538852604211018,"[[[1.0009124 1.0000355 1.0000832 ... 0.9997639 0.9997155 0.9997077]
  [1.0000829 1.0001645 1.0003701 ... 1.0003847 1.0003934 0.9998944]
  [1.0001276 1.0001369 0.9998534 ... 1.0002913 1.0001961 1.0001575]
  ...
  [1.000564  1.000328  1.0000205 ... 0.9994281 1.000378  0.9998971]
  [0.9999945 1.0005205 0.9997606 ... 1.0001034 0.9997157 0.9992361]
  [0.9999468 0.9993099 0.9999157 ... 0.9999455 0.9999534 0.9997248]]

 [[0.9996266 1.0005375 1.0001259 ... 1.0000609 0.9997866 0.9997067]
  [1.0000114 0.9998782 0.9997414 ... 1.0001521 1.0003355 1.000319 ]
  [1.000101  0.9998184 0.9998544 ... 1.0009698 1.0001421 0.9999939]
  ...
  [0.999843  0.9999202 1.0005177 ... 0.9998122 0.9997501 1.0000069]
  [0.9998567 1.0004283 1.0003486 ... 1.0004597 1.0001662 0.9997521]
  [1.0001236 0.9997881 0.9994706 ... 0.9997534 1.0003321 1.0002584]]]","[[[2.24748071e-03 0.00000000e+00 0.00000000e+00 ... 0.00000000e+00
   2.09229209e-04 4.19399401e-04]
  [7.90480982e-05 5.55568593e-04 1.20753707e-03 ... 9.36143839e-05
   0.00000000e+00 0.00000000e+00]
  [0.00000000e+00 6.83807106e-04 2.06211245e-04 ... 0.00000000e+00
   0.00000000e+00 2.26954826e-04]
  ...
  [1.18559287e-03 6.57800902e-04 0.00000000e+00 ... 0.00000000e+00
   1.19400801e-03 0.00000000e+00]
  [3.88139836e-04 0.00000000e+00 0.00000000e+00 ... 0.00000000e+00
   0.00000000e+00 0.00000000e+00]
  [0.00000000e+00 0.00000000e+00 1.34868784e-03 ... 6.07816145e-04
   0.00000000e+00 0.00000000e+00]]

 [[0.00000000e+00 2.42983920e-03 3.98728617e-04 ... 8.21602483e-04
   0.00000000e+00 0.00000000e+00]
  [0.00000000e+00 0.00000000e+00 0.00000000e+00 ... 0.00000000e+00
   6.72285295e-04 1.73040630e-03]
  [1.81474093e-04 0.00000000e+00 0.00000000e+00 ... 3.86613609e-03
   2.17724324e-04 0.00000000e+00]
  ...
  [0.00000000e+00 0.00000000e+00 2.37159758e-03 ... 4.23572928e-04
   0.00000000e+00 2.66206822e-04]
  [0.00000000e+00 8.17057574e-04 2.17279074e-03 ... 1.91202740e-03
   1.42307798e-03 5.79795932e-04]
  [6.98503472e-04 5.80061142e-04 0.00000000e+00 ... 0.00000000e+00
   1.65740539e-03 1.83334291e-03]]]","[[0. 0. 0. ... 0. 0. 0.]
 [0. 0. 0. ... 0. 0. 0.]
 [0. 0. 0. ... 0. 0. 0.]
 ...
 [0. 0. 0. ... 0. 0. 0.]
 [0. 0. 0. ... 0. 0. 0.]
 [0. 0. 0. ... 0. 0. 0.]]","[[0. 0. 0. ... 0. 0. 0.]
 [0. 0. 0. ... 0. 0. 0.]
 [0. 0. 0. ... 0. 0. 0.]
 ...
 [0. 0. 0. ... 0. 0. 0.]
 [0. 0. 0. ... 0. 0. 0.]
 [0. 0. 0. ... 0. 0. 0.]]",0.39055752920391806,0.2310407453409586
422,4,20.0,25.0,0.05,1e-05,0.01,0.4000000000000001,15.539335140024837,0.49287140535341134,0.5694603448406282,"[[[0.9996631 1.0004995 1.0002131 ... 0.9997366 0.9997156 0.9999908]
  [0.9997822 1.0005574 0.9994489 ... 1.0001515 1.0001453 1.0003186]
  [1.0000802 0.999935  0.9993896 ... 0.999885  0.9999192 1.0001107]
  ...
  [0.9998428 0.9999213 1.0005174 ... 1.0002512 1.0001655 1.0001671]
  [0.9998564 1.0004281 1.000105  ... 1.0004591 0.999716  1.0001082]
  [1.0001231 0.9997876 0.9999156 ... 0.9999456 1.0000447 1.0004256]]

 [[0.9996266 1.0005372 1.0001253 ... 1.0000604 0.9997858 0.9997061]
  [1.0000111 0.9998773 0.9997403 ... 0.9994098 1.0003344 1.000318 ]
  [1.0001009 0.9998179 0.9993891 ... 1.0002913 1.0001414 0.999993 ]
  ...
  [0.9998426 0.9999194 0.9998858 ... 0.9998112 0.9997491 1.0000056]
  [0.9998564 1.0004277 1.000348  ... 0.9996342 1.0001653 0.9997511]
  [1.0001231 0.9997875 0.99947   ... 0.9997524 1.0003313 1.0002573]]]","[[[0.00000000e+00 5.66394492e-05 1.78664454e-05 ... 4.89648276e-05
   2.29694951e-06 0.00000000e+00]
  [3.59641633e-05 0.00000000e+00 3.04450401e-05 ... 0.00000000e+00
   4.19671956e-05 2.20051790e-05]
  [9.52589034e-06 0.00000000e+00 0.00000000e+00 ... 4.91754591e-05
   2.56759296e-05 0.00000000e+00]
  ...
  [1.80175558e-05 2.46236874e-05 0.00000000e+00 ... 0.00000000e+00
   0.00000000e+00 1.13969645e-05]
  [1.64277032e-05 5.17584269e-05 7.73526526e-05 ... 0.00000000e+00
   8.81177187e-05 0.00000000e+00]
  [2.86144641e-05 7.80479503e-06 0.00000000e+00 ... 0.00000000e+00
   6.90483009e-05 1.57995710e-05]]

 [[5.89747534e-06 0.00000000e+00 0.00000000e+00 ... 0.00000000e+00
   0.00000000e+00 3.67220641e-05]
  [0.00000000e+00 7.52070838e-05 0.00000000e+00 ... 1.42372289e-04
   0.00000000e+00 0.00000000e+00]
  [0.00000000e+00 1.19743690e-05 3.04543506e-05 ... 0.00000000e+00
   0.00000000e+00 2.49614974e-05]
  ...
  [0.00000000e+00 0.00000000e+00 3.84954274e-05 ... 2.19493617e-05
   2.17188281e-05 0.00000000e+00]
  [0.00000000e+00 0.00000000e+00 0.00000000e+00 ... 8.88713593e-05
   0.00000000e+00 2.28174411e-05]
  [0.00000000e+00 0.00000000e+00 5.18614063e-05 ... 1.33907307e-05
   0.00000000e+00 0.00000000e+00]]]","[[0. 0. 0. ... 0. 0. 0.]
 [0. 0. 0. ... 0. 0. 0.]
 [0. 0. 0. ... 0. 0. 0.]
 ...
 [0. 0. 0. ... 0. 0. 0.]
 [0. 0. 0. ... 0. 0. 0.]
 [0. 0. 0. ... 0. 0. 0.]]","[[0. 0. 0. ... 0. 0. 0.]
 [0. 0. 0. ... 0. 0. 0.]
 [0. 0. 0. ... 0. 0. 0.]
 ...
 [0. 0. 0. ... 0. 0. 0.]
 [0. 0. 0. ... 0. 0. 0.]
 [0. 0. 0. ... 0. 0. 0.]]",0.5624905624728078,0.3105246448886785
422,4,20.0,25.0,0.05,1e-05,0.02,0.4000000000000001,26.45995906653315,0.49287140535341134,0.6232849774605707,"[[[0.9996631 1.0004992 1.0002131 ... 0.9997365 0.9997367 0.9999906]
  [0.9997821 1.0005572 0.9994488 ... 1.0001516 1.0001453 1.0003185]
  [1.0000803 0.9999347 0.9993892 ... 0.9998846 0.9999189 1.0001107]
  ...
  [0.9998428 0.9999211 1.0005172 ... 1.000251  1.0001651 1.0001665]
  [0.9998568 1.0004278 1.0001049 ... 1.000459  0.999716  0.9982738]
  [1.0001235 0.9997878 0.9999158 ... 0.9999458 1.0000448 1.0004259]]

 [[0.9996266 1.0005374 1.0001258 ... 1.0000612 0.9997865 0.9997065]
  [1.0000112 0.9998778 0.9997408 ... 1.000152  1.0003351 1.0003186]
  [1.0001005 0.999818  0.9993893 ... 1.0002918 1.0001415 0.9999933]
  ...
  [0.9998427 0.9999197 0.9998859 ... 0.9998117 0.9997495 1.0000061]
  [0.9998565 1.000428  1.0003483 ... 1.0004593 1.0001657 0.9997514]
  [0.9991354 0.9997878 0.9994701 ... 0.9997535 1.0003318 1.0002577]]]","[[[9.38224412e-06 7.62718975e-05 3.45953055e-05 ... 6.23131122e-05
   1.36282370e-05 0.00000000e+00]
  [5.62856042e-05 0.00000000e+00 5.03556393e-05 ... 2.13105273e-05
   5.76459745e-05 4.20191045e-05]
  [3.30449581e-05 7.96657894e-06 0.00000000e+00 ... 7.14933022e-05
   4.84732368e-05 3.55748178e-06]
  ...
  [2.55200616e-05 3.26802677e-05 0.00000000e+00 ... 0.00000000e+00
   0.00000000e+00 1.54943161e-05]
  [2.71359056e-05 6.45455048e-05 8.60389183e-05 ... 5.95497182e-05
   8.80123345e-05 1.83582399e-04]
  [0.00000000e+00 2.72152768e-05 0.00000000e+00 ... 0.00000000e+00
   7.73177347e-05 2.82469683e-05]]

 [[0.00000000e+00 0.00000000e+00 0.00000000e+00 ... 0.00000000e+00
   0.00000000e+00 7.12855028e-06]
  [0.00000000e+00 4.06076704e-05 0.00000000e+00 ... 0.00000000e+00
   0.00000000e+00 0.00000000e+00]
  [0.00000000e+00 0.00000000e+00 0.00000000e+00 ... 0.00000000e+00
   0.00000000e+00 0.00000000e+00]
  ...
  [0.00000000e+00 0.00000000e+00 2.99592313e-05 ... 9.99879550e-06
   1.09568821e-05 0.00000000e+00]
  [0.00000000e+00 0.00000000e+00 0.00000000e+00 ... 0.00000000e+00
   0.00000000e+00 0.00000000e+00]
  [1.19716315e-04 0.00000000e+00 3.06938117e-05 ... 0.00000000e+00
   0.00000000e+00 0.00000000e+00]]]","[[0. 0. 0. ... 0. 0. 0.]
 [0. 0. 0. ... 0. 0. 0.]
 [0. 0. 0. ... 0. 0. 0.]
 ...
 [0. 0. 0. ... 0. 0. 0.]
 [0. 0. 0. ... 0. 0. 0.]
 [0. 0. 0. ... 0. 0. 0.]]","[[0. 0. 0. ... 0. 0. 0.]
 [0. 0. 0. ... 0. 0. 0.]
 [0. 0. 0. ... 0. 0. 0.]
 ...
 [0. 0. 0. ... 0. 0. 0.]
 [0. 0. 0. ... 0. 0. 0.]
 [0. 0. 0. ... 0. 0. 0.]]",0.5649322870719253,0.3548846133614757
422,4,20.0,25.0,0.05,1e-05,0.03,0.4000000000000001,35.51089800201714,0.49287140535341134,0.6678944673895697,"[[[0.9996266 1.0005374 1.0001255 ... 1.0000609 0.9997865 0.9997069]
  [1.0000114 0.999878  0.9997408 ... 1.0001521 1.0003355 1.0003192]
  [1.000101  0.9998184 0.9993893 ... 1.000292  1.0001419 0.9999939]
  ...
  [0.9990146 0.9999202 1.0005174 ... 0.9998118 0.9997497 1.0000067]
  [0.9998568 1.0004286 1.0003483 ... 1.0004593 1.0001658 0.999752 ]
  [1.0001237 0.9997882 0.9994703 ... 0.9997531 1.0003318 1.000258 ]]

 [[0.9996266 1.0005374 1.0001259 ... 1.0000609 0.9997865 0.9997069]
  [1.0000114 0.9998779 0.9997411 ... 1.0001519 1.0003355 1.0003189]
  [1.000101  0.9998183 0.9993896 ... 1.000292  1.0001419 0.9999938]
  ...
  [0.9990144 0.9999201 1.0005176 ... 0.9998119 0.9997499 1.0000066]
  [0.9998565 1.0004281 1.0003484 ... 0.9996348 1.0001659 0.9997517]
  [1.0001236 0.9997882 0.9994706 ... 0.9997531 1.0003319 1.0002578]]]","[[[0.00000000e+00 5.39100774e-05 2.93079032e-05 ... 1.93175302e-05
   1.61808477e-06 0.00000000e+00]
  [1.92494157e-05 1.43709257e-05 9.35170408e-06 ... 2.13213020e-05
   3.31311542e-05 3.51233334e-05]
  [2.48709387e-05 1.44813445e-05 0.00000000e+00 ... 2.84151783e-05
   2.00108999e-05 1.28987866e-05]
  ...
  [0.00000000e+00 1.00233495e-05 4.33509474e-05 ... 7.83490132e-06
   2.94690598e-06 1.98605449e-05]
  [1.01666965e-05 4.27097821e-05 3.50785058e-05 ... 0.00000000e+00
   3.17397142e-05 2.68730679e-06]
  [2.58480280e-05 3.81844448e-06 0.00000000e+00 ... 4.85130047e-06
   3.88399920e-05 3.40686319e-05]]

 [[0.00000000e+00 0.00000000e+00 0.00000000e+00 ... 0.00000000e+00
   0.00000000e+00 0.00000000e+00]
  [0.00000000e+00 0.00000000e+00 0.00000000e+00 ... 0.00000000e+00
   0.00000000e+00 0.00000000e+00]
  [0.00000000e+00 0.00000000e+00 0.00000000e+00 ... 0.00000000e+00
   0.00000000e+00 0.00000000e+00]
  ...
  [3.77753650e-05 0.00000000e+00 0.00000000e+00 ... 0.00000000e+00
   0.00000000e+00 0.00000000e+00]
  [0.00000000e+00 0.00000000e+00 0.00000000e+00 ... 9.46459000e-05
   0.00000000e+00 0.00000000e+00]
  [0.00000000e+00 0.00000000e+00 6.12218926e-06 ... 0.00000000e+00
   0.00000000e+00 0.00000000e+00]]]","[[0. 0. 0. ... 0. 0. 0.]
 [0. 0. 0. ... 0. 0. 0.]
 [0. 0. 0. ... 0. 0. 0.]
 ...
 [0. 0. 0. ... 0. 0. 0.]
 [0. 0. 0. ... 0. 0. 0.]
 [0. 0. 0. ... 0. 0. 0.]]","[[0. 0. 0. ... 0. 0. 0.]
 [0. 0. 0. ... 0. 0. 0.]
 [0. 0. 0. ... 0. 0. 0.]
 ...
 [0. 0. 0. ... 0. 0. 0.]
 [0. 0. 0. ... 0. 0. 0.]
 [0. 0. 0. ... 0. 0. 0.]]",0.5529842147872582,0.4314788473359813
422,4,20.0,25.0,0.0,1e-05,0.01,0.5000000000000001,1.548556607636764,0.6209300474310921,0.6113145941527959,"[[[0.9996631 1.0004994 1.0002131 ... 0.9997368 0.999737  0.9999908]
  [0.9997822 1.0001646 0.9994486 ... 1.0001518 1.0001454 1.0003186]
  [1.0000803 0.9999347 0.9993893 ... 1.0002918 0.9999193 1.0001107]
  ...
  [0.9998427 0.999921  1.0005171 ... 1.000251  1.0001651 1.0001664]
  [0.9998565 1.0004278 1.0001048 ... 1.000459  0.9997159 0.9992364]
  [1.0001235 0.9997879 0.9999157 ... 0.9999458 1.0000448 1.0004258]]

 [[0.9996631 1.0004992 1.000213  ... 0.9997366 0.9997367 0.9999904]
  [0.9997822 1.0001647 0.9994485 ... 1.0001515 1.0001451 1.0003182]
  [1.0000803 0.9999349 0.9993893 ... 0.9998848 0.9999189 1.0001104]
  ...
  [0.9998425 0.9999208 1.000517  ... 1.000251  1.0001651 1.0001663]
  [0.9998562 1.0004276 1.0001045 ... 1.000459  0.9993182 0.9992362]
  [1.000123  0.9997875 0.9999154 ... 0.9999455 1.0000447 1.0004255]]]","[[[4.80095591e-04 0.00000000e+00 0.00000000e+00 ... 3.75593153e-04
   3.75583284e-04 1.42603893e-05]
  [3.10372240e-04 0.00000000e+00 7.86195192e-04 ... 0.00000000e+00
   0.00000000e+00 0.00000000e+00]
  [0.00000000e+00 9.24512304e-05 8.70414320e-04 ... 7.07263982e-04
   1.16171396e-04 0.00000000e+00]
  ...
  [2.24654578e-04 1.13216068e-04 0.00000000e+00 ... 0.00000000e+00
   0.00000000e+00 0.00000000e+00]
  [2.05364321e-04 0.00000000e+00 0.00000000e+00 ... 0.00000000e+00
   1.50276209e-03 1.08888717e-03]
  [0.00000000e+00 3.03370587e-04 1.20936939e-04 ... 7.80521482e-05
   0.00000000e+00 0.00000000e+00]]

 [[0.00000000e+00 1.19637633e-03 5.10379431e-04 ... 0.00000000e+00
   0.00000000e+00 0.00000000e+00]
  [0.00000000e+00 3.95184350e-04 0.00000000e+00 ... 3.62651564e-04
   3.46947095e-04 7.61587307e-04]
  [1.92581956e-04 0.00000000e+00 0.00000000e+00 ... 0.00000000e+00
   0.00000000e+00 2.63788554e-04]
  ...
  [0.00000000e+00 0.00000000e+00 1.23894275e-03 ... 6.01796335e-04
   3.95766422e-04 3.98354514e-04]
  [0.00000000e+00 1.02440916e-03 2.50055656e-04 ... 1.10008355e-03
   0.00000000e+00 0.00000000e+00]
  [2.93804210e-04 0.00000000e+00 0.00000000e+00 ... 0.00000000e+00
   1.06852051e-04 1.01899424e-03]]]","[[0. 0. 0. ... 0. 0. 0.]
 [0. 0. 0. ... 0. 0. 0.]
 [0. 0. 0. ... 0. 0. 0.]
 ...
 [0. 0. 0. ... 0. 0. 0.]
 [0. 0. 0. ... 0. 0. 0.]
 [0. 0. 0. ... 0. 0. 0.]]","[[0. 0. 0. ... 0. 0. 0.]
 [0. 0. 0. ... 0. 0. 0.]
 [0. 0. 0. ... 0. 0. 0.]
 ...
 [0. 0. 0. ... 0. 0. 0.]
 [0. 0. 0. ... 0. 0. 0.]
 [0. 0. 0. ... 0. 0. 0.]]",0.2429640799941839,0.12606888304263592
422,4,20.0,25.0,0.0,1e-05,0.02,0.5000000000000001,1.5706126956449618,0.6209300474310921,0.6306824535871192,"[[[0.9996631 1.0004995 1.0002135 ... 0.9997372 0.999716  0.9999911]
  [0.9997822 1.0001647 0.9994489 ... 1.000152  1.0001457 1.0003189]
  [1.0000803 0.9999348 0.9993896 ... 0.9998852 0.9999194 1.000111 ]
  ...
  [0.999843  0.9999214 1.0005176 ... 1.0002514 1.0001655 1.0001667]
  [0.9998567 1.0004281 1.0001051 ... 1.0004593 0.9993186 1.0001082]
  [1.0001235 0.999788  0.9999162 ... 0.999946  1.0000452 1.0004258]]

 [[0.9996266 1.0005372 1.0001255 ... 1.0000604 0.9997859 0.9997064]
  [1.0000113 0.9998776 0.9997407 ... 1.0001516 1.0003349 1.0003185]
  [1.0001009 0.9998181 0.9993892 ... 1.0002918 1.0001415 0.9999936]
  ...
  [0.9998428 0.9999198 1.0005172 ... 0.9998113 0.9997492 1.000006 ]
  [0.9998564 1.0004278 1.0003481 ... 0.9996341 1.0001653 0.9997514]
  [1.0001235 0.9997878 0.99947   ... 0.9997526 1.0003315 1.0002576]]]","[[[5.80894932e-04 0.00000000e+00 0.00000000e+00 ... 0.00000000e+00
   2.11746298e-04 7.98350954e-04]
  [0.00000000e+00 5.57602940e-04 0.00000000e+00 ... 0.00000000e+00
   0.00000000e+00 0.00000000e+00]
  [0.00000000e+00 4.14938692e-04 8.71100938e-04 ... 0.00000000e+00
   0.00000000e+00 1.65660901e-04]
  ...
  [2.24184678e-04 1.16443449e-04 0.00000000e+00 ... 8.56115026e-04
   9.12854367e-04 2.05891567e-04]
  [2.04977453e-04 0.00000000e+00 0.00000000e+00 ... 1.62247483e-03
   0.00000000e+00 8.30425244e-04]
  [0.00000000e+00 3.02580436e-04 1.35087116e-03 ... 6.10659514e-04
   0.00000000e+00 0.00000000e+00]]

 [[0.00000000e+00 1.37321394e-03 1.00877529e-04 ... 8.80292986e-04
   0.00000000e+00 0.00000000e+00]
  [5.48420373e-04 0.00000000e+00 4.23883133e-05 ... 3.62747766e-04
   1.23299884e-03 7.62790580e-04]
  [2.88444433e-04 0.00000000e+00 0.00000000e+00 ... 1.62449692e-03
   8.44449440e-04 0.00000000e+00]
  ...
  [0.00000000e+00 0.00000000e+00 1.23905114e-03 ... 0.00000000e+00
   0.00000000e+00 0.00000000e+00]
  [0.00000000e+00 1.02505901e-03 1.38698842e-03 ... 0.00000000e+00
   2.32305935e-03 0.00000000e+00]
  [2.96114485e-04 0.00000000e+00 0.00000000e+00 ... 0.00000000e+00
   1.44598498e-03 2.35106065e-04]]]","[[0. 0. 0. ... 0. 0. 0.]
 [0. 0. 0. ... 0. 0. 0.]
 [0. 0. 0. ... 0. 0. 0.]
 ...
 [0. 0. 0. ... 0. 0. 0.]
 [0. 0. 0. ... 0. 0. 0.]
 [0. 0. 0. ... 0. 0. 0.]]","[[0. 0. 0. ... 0. 0. 0.]
 [0. 0. 0. ... 0. 0. 0.]
 [0. 0. 0. ... 0. 0. 0.]
 ...
 [0. 0. 0. ... 0. 0. 0.]
 [0. 0. 0. ... 0. 0. 0.]
 [0. 0. 0. ... 0. 0. 0.]]",0.2883976665596013,0.1527269639551653
422,4,20.0,25.0,0.0,1e-05,0.03,0.5000000000000001,8.067287619447063,0.6209300474310924,0.6710222602729277,"[[[0.9996266 1.0005372 1.0001255 ... 1.0000606 0.999786  0.9997061]
  [1.0000112 0.9998777 0.9997408 ... 1.0001518 1.0003349 1.0003184]
  [1.0001009 0.999818  0.9993891 ... 1.0009694 1.0001415 0.9999933]
  ...
  [0.9998427 0.9999196 0.9998858 ... 0.9998114 0.9997493 1.0000058]
  [0.9998565 1.0004278 1.000348  ... 0.9996344 1.0001655 0.9997515]
  [1.0001233 0.9997878 0.99947   ... 0.9997528 1.0003315 1.0002576]]

 [[0.9996266 1.0005374 1.0001258 ... 1.0000608 0.9997865 0.9997065]
  [1.0000114 0.9998777 0.999741  ... 1.0001518 1.0003353 1.0003186]
  [1.000101  0.9998183 0.9998542 ... 1.0009696 1.000142  0.9999937]
  ...
  [0.999843  0.9999199 1.0005177 ... 0.9998116 0.9997498 1.0000063]
  [0.9998567 1.0004281 1.0003484 ... 0.9996346 1.0001659 0.9997517]
  [1.0001236 0.999788  0.9994706 ... 0.9997531 1.0003321 1.0002578]]]","[[[5.32145079e-04 0.00000000e+00 0.00000000e+00 ... 0.00000000e+00
   3.03593576e-04 4.17670377e-04]
  [0.00000000e+00 1.74274396e-04 3.68721771e-04 ... 0.00000000e+00
   0.00000000e+00 0.00000000e+00]
  [0.00000000e+00 2.58471552e-04 0.00000000e+00 ... 0.00000000e+00
   0.00000000e+00 8.52833424e-06]
  ...
  [2.23302734e-04 1.13739639e-04 0.00000000e+00 ... 2.68239994e-04
   3.55920010e-04 0.00000000e+00]
  [2.03847243e-04 0.00000000e+00 0.00000000e+00 ... 5.20366827e-04
   0.00000000e+00 3.53593610e-04]
  [0.00000000e+00 3.01863491e-04 7.53686986e-04 ... 3.51402795e-04
   0.00000000e+00 0.00000000e+00]]

 [[0.00000000e+00 1.28865342e-03 3.02059238e-04 ... 1.46301312e-04
   0.00000000e+00 0.00000000e+00]
  [2.79736612e-05 0.00000000e+00 0.00000000e+00 ... 3.63819212e-04
   8.04948908e-04 7.64396581e-04]
  [2.42340551e-04 0.00000000e+00 7.08798658e-04 ... 2.32424476e-03
   3.41465358e-04 0.00000000e+00]
  ...
  [0.00000000e+00 0.00000000e+00 2.67817054e-03 ... 0.00000000e+00
   0.00000000e+00 1.62302818e-05]
  [0.00000000e+00 1.02669331e-03 8.36376983e-04 ... 0.00000000e+00
   3.98895011e-04 0.00000000e+00]
  [2.97182591e-04 0.00000000e+00 0.00000000e+00 ... 0.00000000e+00
   7.97493905e-04 6.18678587e-04]]]","[[0. 0. 0. ... 0. 0. 0.]
 [0. 0. 0. ... 0. 0. 0.]
 [0. 0. 0. ... 0. 0. 0.]
 ...
 [0. 0. 0. ... 0. 0. 0.]
 [0. 0. 0. ... 0. 0. 0.]
 [0. 0. 0. ... 0. 0. 0.]]","[[0. 0. 0. ... 0. 0. 0.]
 [0. 0. 0. ... 0. 0. 0.]
 [0. 0. 0. ... 0. 0. 0.]
 ...
 [0. 0. 0. ... 0. 0. 0.]
 [0. 0. 0. ... 0. 0. 0.]
 [0. 0. 0. ... 0. 0. 0.]]",0.5082243876887247,0.44756764331169663
422,4,20.0,25.0,0.05,1e-05,0.01,0.5000000000000001,6.579666108073496,0.6209300474310921,0.6617851713167604,"[[[1.0009124 1.0000356 1.0000833 ... 0.9997639 0.9997155 0.9997078]
  [1.0000832 1.0001649 1.0003705 ... 1.000385  1.0003937 0.9998948]
  [1.0001278 1.0001373 0.999854  ... 1.0002918 1.0001968 1.000158 ]
  ...
  [1.0005639 1.0003282 1.0000206 ... 0.9994284 1.0003784 0.9998973]
  [0.9999945 1.0005206 0.9997609 ... 1.0001036 1.0008446 1.000108 ]
  [0.999947  0.9993104 0.9999161 ... 0.9999461 0.999954  0.9997253]]

 [[0.9996631 1.0004994 1.0002133 ... 0.9997368 0.9997158 0.9999907]
  [0.9997824 1.000165  0.9994493 ... 1.0001518 1.0001456 1.0003186]
  [1.0000806 0.9999351 0.9998542 ... 0.9998848 0.9999191 1.0001109]
  ...
  [0.9998428 0.9999209 1.0005172 ... 1.0002513 1.0001657 1.0001669]
  [0.9998565 1.0004278 1.0001049 ... 1.0004591 0.9997161 0.9992368]
  [1.000123  0.9997875 0.9999157 ... 0.9999455 1.000045  1.0004257]]]","[[[0.00000000e+00 4.59443379e-05 0.00000000e+00 ... 0.00000000e+00
   0.00000000e+00 6.70918601e-07]
  [0.00000000e+00 0.00000000e+00 0.00000000e+00 ... 0.00000000e+00
   0.00000000e+00 3.61143197e-05]
  [0.00000000e+00 0.00000000e+00 0.00000000e+00 ... 0.00000000e+00
   0.00000000e+00 0.00000000e+00]
  ...
  [0.00000000e+00 0.00000000e+00 3.12054057e-05 ... 7.74115813e-05
   0.00000000e+00 8.65216170e-06]
  [0.00000000e+00 0.00000000e+00 0.00000000e+00 ... 4.24227011e-05
   0.00000000e+00 0.00000000e+00]
  [0.00000000e+00 0.00000000e+00 0.00000000e+00 ... 0.00000000e+00
   0.00000000e+00 7.84619891e-05]]

 [[2.38510510e-04 0.00000000e+00 3.98262263e-05 ... 4.93121211e-05
   6.30588123e-05 1.65097078e-05]
  [1.10416395e-04 4.67120254e-05 2.12551415e-04 ... 4.74995705e-05
   6.57139564e-05 0.00000000e+00]
  [6.94847637e-05 9.68224611e-05 6.87444804e-05 ... 9.40745753e-05
   9.44886999e-05 6.52865399e-05]
  ...
  [1.68958975e-04 1.35468925e-04 0.00000000e+00 ... 0.00000000e+00
   7.00554578e-05 9.72131903e-06]
  [8.45214749e-05 5.88253155e-05 4.17808039e-05 ... 0.00000000e+00
   2.04391648e-04 2.08531617e-04]
  [2.91565537e-05 2.87693915e-05 9.23620391e-05 ... 4.05276833e-05
   2.62600065e-05 0.00000000e+00]]]","[[0. 0. 0. ... 0. 0. 0.]
 [0. 0. 0. ... 0. 0. 0.]
 [0. 0. 0. ... 0. 0. 0.]
 ...
 [0. 0. 0. ... 0. 0. 0.]
 [0. 0. 0. ... 0. 0. 0.]
 [0. 0. 0. ... 0. 0. 0.]]","[[0. 0. 0. ... 0. 0. 0.]
 [0. 0. 0. ... 0. 0. 0.]
 [0. 0. 0. ... 0. 0. 0.]
 ...
 [0. 0. 0. ... 0. 0. 0.]
 [0. 0. 0. ... 0. 0. 0.]
 [0. 0. 0. ... 0. 0. 0.]]",0.5625676659452377,0.3664194047018538
422,4,20.0,25.0,0.05,1e-05,0.02,0.5000000000000001,15.747814400912537,0.6209300474310921,0.7187129588600387,"[[[0.9996266 1.0005374 1.0001256 ... 1.0000609 0.9997866 0.9997067]
  [1.0000114 0.999878  0.9997412 ... 1.0001519 1.0003355 1.0003189]
  [1.0001014 0.9998187 0.9998542 ... 1.00097   1.0001423 0.9999938]
  ...
  [0.9998434 0.9999206 1.0005178 ... 0.9998119 0.9997501 1.0000064]
  [0.9998571 1.0004286 1.0003484 ... 1.0004596 1.0001662 0.9997515]
  [1.0001239 0.9997884 0.9994705 ... 0.9997534 1.0003321 1.0002577]]

 [[0.9996631 1.0004995 1.0002134 ... 0.9997368 0.9997158 0.9999907]
  [0.9997823 1.000165  0.9994489 ... 1.0001518 1.0001456 1.0003188]
  [1.0000805 0.999935  0.9993895 ... 1.0002918 0.9999193 1.0001109]
  ...
  [0.999843  0.9999214 1.0005175 ... 1.0002513 1.0001655 1.0001667]
  [0.9998565 1.0004281 1.000105  ... 1.000459  0.999716  1.000108 ]
  [1.0001237 0.9997882 0.999916  ... 0.9999455 1.000045  1.0004256]]]","[[[0.00000000e+00 0.00000000e+00 0.00000000e+00 ... 0.00000000e+00
   0.00000000e+00 2.89770833e-07]
  [0.00000000e+00 1.59031695e-05 0.00000000e+00 ... 0.00000000e+00
   0.00000000e+00 0.00000000e+00]
  [0.00000000e+00 0.00000000e+00 0.00000000e+00 ... 0.00000000e+00
   0.00000000e+00 0.00000000e+00]
  ...
  [0.00000000e+00 0.00000000e+00 0.00000000e+00 ... 2.99395177e-05
   1.32946648e-05 0.00000000e+00]
  [0.00000000e+00 0.00000000e+00 0.00000000e+00 ... 0.00000000e+00
   0.00000000e+00 4.06847894e-06]
  [0.00000000e+00 0.00000000e+00 0.00000000e+00 ... 0.00000000e+00
   0.00000000e+00 7.51196956e-06]]

 [[7.67287789e-05 3.24849995e-05 4.04427464e-05 ... 8.95862811e-05
   6.97188042e-05 1.71909959e-05]
  [9.22694662e-05 0.00000000e+00 1.16886076e-04 ... 1.38998195e-05
   4.86473727e-05 2.19210311e-05]
  [3.94507582e-05 2.78348635e-05 1.29849481e-04 ... 8.91612600e-05
   6.91642231e-05 1.93459822e-05]
  ...
  [9.81724932e-05 9.60019088e-05 5.79524564e-05 ... 0.00000000e+00
   1.01460190e-05 5.24307569e-05]
  [8.98726821e-05 5.25847723e-05 1.13065692e-04 ... 2.28860891e-05
   1.41852299e-04 2.00083103e-05]
  [6.12120675e-05 8.96536355e-05 3.05037156e-05 ... 2.26601000e-05
   8.35384276e-05 1.32191875e-05]]]","[[0. 0. 0. ... 0. 0. 0.]
 [0. 0. 0. ... 0. 0. 0.]
 [0. 0. 0. ... 0. 0. 0.]
 ...
 [0. 0. 0. ... 0. 0. 0.]
 [0. 0. 0. ... 0. 0. 0.]
 [0. 0. 0. ... 0. 0. 0.]]","[[0. 0. 0. ... 0. 0. 0.]
 [0. 0. 0. ... 0. 0. 0.]
 [0. 0. 0. ... 0. 0. 0.]
 ...
 [0. 0. 0. ... 0. 0. 0.]
 [0. 0. 0. ... 0. 0. 0.]
 [0. 0. 0. ... 0. 0. 0.]]",0.5671343508834402,0.4138746729811906
422,4,20.0,25.0,0.05,1e-05,0.03,0.5000000000000001,23.44796738507724,0.6209300474310924,0.7665255224368795,"[[[0.9996266 1.0005374 1.0001259 ... 1.0000606 0.9997865 0.9997067]
  [1.0000112 0.9998777 0.9997411 ... 1.0001515 1.0003353 1.0003192]
  [1.0001007 0.9998181 0.9993895 ... 1.0009694 1.000142  0.9999937]
  ...
  [0.9998427 0.9999198 1.0005174 ... 0.9998114 0.9997496 1.0000066]
  [0.9998564 1.0004278 1.0003483 ... 1.0004591 1.0001659 0.9997516]
  [1.0001235 0.9997881 0.9994705 ... 0.9997528 1.0003319 1.0002576]]

 [[0.9996631 1.0004992 1.0002135 ... 0.9997369 0.999716  0.9999907]
  [0.9997823 1.0005574 0.9994488 ... 1.0001518 1.0001456 1.0003185]
  [1.0000806 0.9999348 0.9993894 ... 1.0002916 0.9999191 1.0001107]
  ...
  [0.9998431 0.9999211 1.0005172 ... 1.0002513 1.0001653 1.0001665]
  [0.9998567 1.0004278 1.0001049 ... 1.000459  0.999716  1.0001082]
  [1.0001236 0.9997879 0.9999163 ... 0.9999458 1.0000453 1.0004262]]]","[[[0.00000000e+00 0.00000000e+00 0.00000000e+00 ... 0.00000000e+00
   0.00000000e+00 0.00000000e+00]
  [0.00000000e+00 6.45682652e-05 0.00000000e+00 ... 0.00000000e+00
   0.00000000e+00 0.00000000e+00]
  [0.00000000e+00 0.00000000e+00 0.00000000e+00 ... 0.00000000e+00
   0.00000000e+00 0.00000000e+00]
  ...
  [0.00000000e+00 0.00000000e+00 0.00000000e+00 ... 2.57172200e-05
   8.90987239e-06 0.00000000e+00]
  [0.00000000e+00 0.00000000e+00 0.00000000e+00 ... 0.00000000e+00
   0.00000000e+00 0.00000000e+00]
  [0.00000000e+00 0.00000000e+00 0.00000000e+00 ... 0.00000000e+00
   0.00000000e+00 0.00000000e+00]]

 [[1.01621247e-04 6.19401560e-05 6.87755859e-05 ... 1.04352035e-04
   8.70110052e-05 3.78076892e-05]
  [1.23115068e-04 0.00000000e+00 1.53501866e-04 ... 3.01425732e-05
   6.87299988e-05 4.55995540e-05]
  [7.08006009e-05 6.64583012e-05 1.08812039e-04 ... 1.07292353e-04
   9.09605708e-05 4.57651817e-05]
  ...
  [1.07625382e-04 1.07086279e-04 7.11758211e-05 ... 0.00000000e+00
   1.74283428e-05 6.06671852e-05]
  [1.03984180e-04 6.87258643e-05 1.30557185e-04 ... 3.30156506e-05
   1.52845234e-04 3.24789483e-05]
  [8.04081527e-05 1.10834886e-04 5.30925866e-05 ... 3.53635676e-05
   9.79007905e-05 2.97374478e-05]]]","[[0. 0. 0. ... 0. 0. 0.]
 [0. 0. 0. ... 0. 0. 0.]
 [0. 0. 0. ... 0. 0. 0.]
 ...
 [0. 0. 0. ... 0. 0. 0.]
 [0. 0. 0. ... 0. 0. 0.]
 [0. 0. 0. ... 0. 0. 0.]]","[[0. 0. 0. ... 0. 0. 0.]
 [0. 0. 0. ... 0. 0. 0.]
 [0. 0. 0. ... 0. 0. 0.]
 ...
 [0. 0. 0. ... 0. 0. 0.]
 [0. 0. 0. ... 0. 0. 0.]
 [0. 0. 0. ... 0. 0. 0.]]",0.550446523344842,0.504725748134134
422,4,20.0,25.0,0.0,1e-05,0.01,0.6000000000000001,4.503162284663187,0.7240056054927195,0.691402458127324,"[[[0.9996631 1.0004992 1.000213  ... 0.9997368 0.999737  0.9999907]
  [0.9997821 1.000557  0.9994485 ... 1.0001515 1.0001452 1.0003186]
  [1.0000803 0.9999345 0.9993891 ... 0.9998846 0.9999189 1.0001109]
  ...
  [0.9998429 0.9999209 1.0005171 ... 1.000251  1.0001651 1.0001663]
  [0.9998566 1.0004278 1.0001049 ... 1.0004587 0.9993182 0.9992364]
  [1.0001235 0.9997878 0.999916  ... 0.9999456 1.0000448 1.0004258]]

 [[0.9996631 1.0004995 1.0002135 ... 0.9997371 0.999716  0.9999911]
  [0.9997821 1.0005574 0.9994489 ... 1.0001519 1.0001456 1.0003189]
  [1.0000803 0.9999349 0.9993894 ... 1.0002918 0.9999193 1.000111 ]
  ...
  [0.9998428 0.9999212 1.0005174 ... 1.0002514 1.0001655 1.0001667]
  [0.9998565 1.0004281 1.0001051 ... 1.0004593 0.9993186 0.9982738]
  [1.0001234 0.9997879 0.999916  ... 0.9999458 1.000045  1.0004259]]]","[[[4.80044015e-04 0.00000000e+00 0.00000000e+00 ... 3.74224782e-04
   4.32775683e-04 1.20762049e-05]
  [3.10491856e-04 0.00000000e+00 7.84834816e-04 ... 0.00000000e+00
   0.00000000e+00 0.00000000e+00]
  [0.00000000e+00 9.21624489e-05 8.69796009e-04 ... 0.00000000e+00
   1.14413962e-04 0.00000000e+00]
  ...
  [2.24017292e-04 1.11854829e-04 0.00000000e+00 ... 0.00000000e+00
   0.00000000e+00 0.00000000e+00]
  [2.04646884e-04 0.00000000e+00 0.00000000e+00 ... 0.00000000e+00
   9.70589856e-04 3.74757726e-03]
  [0.00000000e+00 3.02009318e-04 1.19641451e-04 ... 7.68574773e-05
   0.00000000e+00 0.00000000e+00]]

 [[0.00000000e+00 1.19784627e-03 5.12961362e-04 ... 0.00000000e+00
   0.00000000e+00 0.00000000e+00]
  [0.00000000e+00 1.33722145e-03 0.00000000e+00 ... 3.64949414e-04
   3.49805339e-04 7.65014388e-04]
  [1.92666051e-04 0.00000000e+00 0.00000000e+00 ... 1.62585143e-03
   0.00000000e+00 2.66384626e-04]
  ...
  [0.00000000e+00 0.00000000e+00 1.24069497e-03 ... 6.03561341e-04
   3.97529509e-04 4.00386929e-04]
  [0.00000000e+00 1.02672322e-03 2.52651533e-04 ... 1.10238938e-03
   0.00000000e+00 0.00000000e+00]
  [2.95564645e-04 0.00000000e+00 0.00000000e+00 ... 0.00000000e+00
   1.08056847e-04 1.02131087e-03]]]","[[0. 0. 0. ... 0. 0. 0.]
 [0. 0. 0. ... 0. 0. 0.]
 [0. 0. 0. ... 0. 0. 0.]
 ...
 [0. 0. 0. ... 0. 0. 0.]
 [0. 0. 0. ... 0. 0. 0.]
 [0. 0. 0. ... 0. 0. 0.]]","[[0. 0. 0. ... 0. 0. 0.]
 [0. 0. 0. ... 0. 0. 0.]
 [0. 0. 0. ... 0. 0. 0.]
 ...
 [0. 0. 0. ... 0. 0. 0.]
 [0. 0. 0. ... 0. 0. 0.]
 [0. 0. 0. ... 0. 0. 0.]]",0.2634922909915537,0.14059721632996414
422,4,20.0,25.0,0.0,1e-05,0.02,0.6000000000000001,3.0087020567451592,0.7240056054927195,0.7022224339493098,"[[[0.9996266 1.0005375 1.0001261 ... 1.000061  0.9997866 0.9997071]
  [1.0000114 0.999878  0.9997414 ... 1.0001523 1.0003357 1.0003194]
  [1.000101  0.9998184 0.9998544 ... 1.0002924 1.0001423 0.9999943]
  ...
  [0.9998428 0.9999201 1.0005177 ... 0.9998122 0.9997501 1.0000068]
  [0.9998565 1.0004282 1.0003486 ... 1.0004597 1.000166  0.9997521]
  [1.0001233 0.9997881 0.9994705 ... 0.9997532 1.0003321 1.0002584]]

 [[0.9996631 1.0004994 1.0002135 ... 0.9997371 0.9997161 0.9999911]
  [0.9997822 1.0001647 0.9994489 ... 1.0001519 1.0001457 1.0003189]
  [1.0000803 0.9999348 0.9993895 ... 1.0002918 0.9999193 1.0001109]
  ...
  [0.9998425 0.9999211 1.0005172 ... 1.000251  1.0001653 1.0001667]
  [0.9998564 1.000428  1.000105  ... 1.0004591 0.9993186 0.9992368]
  [1.0001234 0.9997879 0.999916  ... 0.9999458 1.0000453 1.0004262]]]","[[[4.31269020e-04 0.00000000e+00 0.00000000e+00 ... 8.06911799e-04
   4.98624609e-04 0.00000000e+00]
  [6.16219719e-04 0.00000000e+00 1.17580176e-03 ... 0.00000000e+00
   4.59191150e-05 0.00000000e+00]
  [0.00000000e+00 0.00000000e+00 1.49050988e-03 ... 0.00000000e+00
   4.12559365e-04 0.00000000e+00]
  ...
  [2.24757360e-04 1.11149338e-04 0.00000000e+00 ... 0.00000000e+00
   0.00000000e+00 0.00000000e+00]
  [2.04644530e-04 0.00000000e+00 1.75245969e-04 ... 0.00000000e+00
   2.10220248e-03 1.77562933e-03]
  [0.00000000e+00 3.02401554e-04 0.00000000e+00 ... 0.00000000e+00
   3.18062715e-04 0.00000000e+00]]

 [[0.00000000e+00 1.11029877e-03 7.10618961e-04 ... 0.00000000e+00
   0.00000000e+00 6.24919323e-04]
  [0.00000000e+00 1.04730435e-03 0.00000000e+00 ... 3.63058360e-04
   0.00000000e+00 7.63402177e-04]
  [1.45778105e-04 1.08541206e-04 0.00000000e+00 ... 6.98258918e-04
   0.00000000e+00 5.31037177e-04]
  ...
  [0.00000000e+00 0.00000000e+00 1.23877841e-03 ... 1.60019026e-03
   1.34110965e-03 7.63193346e-04]
  [0.00000000e+00 1.02535960e-03 0.00000000e+00 ... 1.09911289e-03
   0.00000000e+00 0.00000000e+00]
  [2.96118793e-04 0.00000000e+00 8.12487405e-04 ... 3.08416594e-04
   0.00000000e+00 1.40303469e-03]]]","[[0. 0. 0. ... 0. 0. 0.]
 [0. 0. 0. ... 0. 0. 0.]
 [0. 0. 0. ... 0. 0. 0.]
 ...
 [0. 0. 0. ... 0. 0. 0.]
 [0. 0. 0. ... 0. 0. 0.]
 [0. 0. 0. ... 0. 0. 0.]]","[[0. 0. 0. ... 0. 0. 0.]
 [0. 0. 0. ... 0. 0. 0.]
 [0. 0. 0. ... 0. 0. 0.]
 ...
 [0. 0. 0. ... 0. 0. 0.]
 [0. 0. 0. ... 0. 0. 0.]
 [0. 0. 0. ... 0. 0. 0.]]",0.2927355868190962,0.15317755789750456
422,4,20.0,25.0,0.0,1e-05,0.03,0.6000000000000001,0.3757421189653129,0.7240056054927195,0.7267259994962255,"[[[0.9996266 1.0005372 1.0001255 ... 1.0000608 0.9997864 0.9997065]
  [1.0000113 0.9998776 0.9997409 ... 1.000152  1.0003355 1.0003188]
  [1.0001009 0.9998181 0.9993895 ... 1.0002918 1.0001419 0.9999935]
  ...
  [0.9990144 0.9999198 1.0005172 ... 0.9998116 0.9997496 1.0000061]
  [0.9998567 1.000428  1.0003483 ... 1.0004591 1.0001657 0.9997515]
  [1.0001236 0.9997878 0.9994703 ... 0.9997531 1.0003319 1.0002576]]

 [[0.9996631 1.0004996 1.0002134 ... 0.999737  0.9997161 0.9999913]
  [0.999782  1.0005574 0.9994489 ... 1.0001521 1.0001458 1.000319 ]
  [1.0000802 0.9999349 0.9993894 ... 0.9998852 0.9999195 1.0001111]
  ...
  [0.9998431 0.9999217 1.0005176 ... 1.0002513 1.0001653 1.0001667]
  [0.9998568 1.0004286 1.0001055 ... 1.0004591 0.9993186 0.9992366]
  [1.0001237 0.9997884 0.9999165 ... 0.999946  1.0000453 1.000426 ]]]","[[[4.31328872e-04 0.00000000e+00 0.00000000e+00 ... 8.06816319e-04
   4.98366209e-04 0.00000000e+00]
  [6.16620098e-04 0.00000000e+00 1.17522972e-03 ... 0.00000000e+00
   4.53372098e-05 0.00000000e+00]
  [0.00000000e+00 0.00000000e+00 8.70414586e-04 ... 7.06118247e-04
   4.11496335e-04 0.00000000e+00]
  ...
  [0.00000000e+00 1.09079995e-04 0.00000000e+00 ... 0.00000000e+00
   0.00000000e+00 0.00000000e+00]
  [2.03869495e-04 0.00000000e+00 1.73665655e-04 ... 0.00000000e+00
   2.10177673e-03 1.77554610e-03]
  [0.00000000e+00 3.00747389e-04 0.00000000e+00 ... 0.00000000e+00
   3.17797452e-04 0.00000000e+00]]

 [[0.00000000e+00 1.11211912e-03 7.11316101e-04 ... 0.00000000e+00
   0.00000000e+00 6.27011735e-04]
  [0.00000000e+00 2.88219944e-03 0.00000000e+00 ... 3.64886729e-04
   0.00000000e+00 7.65203289e-04]
  [1.45371290e-04 1.09650519e-04 0.00000000e+00 ... 0.00000000e+00
   0.00000000e+00 5.33795671e-04]
  ...
  [1.51005455e-03 0.00000000e+00 1.24145150e-03 ... 1.60256185e-03
   1.34209968e-03 7.64727930e-04]
  [0.00000000e+00 1.02858837e-03 0.00000000e+00 ... 1.10037980e-03
   0.00000000e+00 0.00000000e+00]
  [2.96877093e-04 0.00000000e+00 8.15026469e-04 ... 3.09297814e-04
   0.00000000e+00 1.40428321e-03]]]","[[0. 0. 0. ... 0. 0. 0.]
 [0. 0. 0. ... 0. 0. 0.]
 [0. 0. 0. ... 0. 0. 0.]
 ...
 [0. 0. 0. ... 0. 0. 0.]
 [0. 0. 0. ... 0. 0. 0.]
 [0. 0. 0. ... 0. 0. 0.]]","[[0. 0. 0. ... 0. 0. 0.]
 [0. 0. 0. ... 0. 0. 0.]
 [0. 0. 0. ... 0. 0. 0.]
 ...
 [0. 0. 0. ... 0. 0. 0.]
 [0. 0. 0. ... 0. 0. 0.]
 [0. 0. 0. ... 0. 0. 0.]]",0.40254854928389494,0.2688151737513899
422,4,20.0,25.0,0.05,1e-05,0.01,0.6000000000000001,1.27406706523074,0.7240056054927195,0.7332299224627267,"[[[0.9996631 1.0004996 1.0002133 ... 0.9997369 0.999716  0.9999909]
  [0.9997823 1.0005578 0.9994489 ... 1.0001518 1.0001457 1.0003188]
  [1.0000803 0.9999349 0.9993894 ... 0.999885  0.9999195 1.0001107]
  ...
  [0.9998429 0.9999214 1.0005175 ... 1.0002513 1.0001655 1.0001664]
  [0.9998565 1.0004281 1.0001051 ... 1.0004592 0.9997164 1.0001082]
  [1.0001233 0.999788  0.9999161 ... 0.9999456 1.0000451 1.0004256]]

 [[0.9996266 1.0005373 1.0001259 ... 1.0000612 0.9997868 0.999707 ]
  [1.0000113 0.9998778 0.9997412 ... 1.0001521 1.0003357 1.0003192]
  [1.000101  0.9998183 0.9998542 ... 1.000292  1.0001421 0.9999939]
  ...
  [0.9990144 0.99992   1.0005176 ... 0.9998121 0.9997499 1.0000068]
  [0.9998568 1.0004282 1.0003486 ... 0.9996348 1.000166  0.999752 ]
  [0.9991356 0.999788  0.9994705 ... 0.9997527 1.0003318 1.000258 ]]]","[[[1.42837202e-05 7.65950052e-05 3.12639584e-05 ... 6.97285533e-05
   2.51010721e-05 0.00000000e+00]
  [5.88762398e-05 0.00000000e+00 4.43071757e-05 ... 3.08180706e-05
   6.55883527e-05 4.82766474e-05]
  [3.50498653e-05 4.39873135e-06 6.82646880e-05 ... 8.44095850e-05
   5.56526625e-05 8.77032234e-06]
  ...
  [0.00000000e+00 3.20357881e-05 5.77665488e-05 ... 0.00000000e+00
   0.00000000e+00 2.93986122e-05]
  [4.25514254e-05 6.55194559e-05 7.94092571e-05 ... 0.00000000e+00
   1.06085461e-04 0.00000000e+00]
  [0.00000000e+00 2.88858284e-05 0.00000000e+00 ... 0.00000000e+00
   8.99640153e-05 4.30873738e-05]]

 [[0.00000000e+00 0.00000000e+00 0.00000000e+00 ... 0.00000000e+00
   0.00000000e+00 0.00000000e+00]
  [0.00000000e+00 4.31898903e-05 0.00000000e+00 ... 0.00000000e+00
   0.00000000e+00 0.00000000e+00]
  [0.00000000e+00 0.00000000e+00 0.00000000e+00 ... 0.00000000e+00
   0.00000000e+00 0.00000000e+00]
  ...
  [9.94081478e-05 0.00000000e+00 0.00000000e+00 ... 2.69438017e-06
   1.91947994e-07 0.00000000e+00]
  [0.00000000e+00 0.00000000e+00 0.00000000e+00 ... 6.20848485e-05
   0.00000000e+00 0.00000000e+00]
  [1.06705432e-04 0.00000000e+00 3.58718710e-05 ... 0.00000000e+00
   0.00000000e+00 0.00000000e+00]]]","[[0. 0. 0. ... 0. 0. 0.]
 [0. 0. 0. ... 0. 0. 0.]
 [0. 0. 0. ... 0. 0. 0.]
 ...
 [0. 0. 0. ... 0. 0. 0.]
 [0. 0. 0. ... 0. 0. 0.]
 [0. 0. 0. ... 0. 0. 0.]]","[[0. 0. 0. ... 0. 0. 0.]
 [0. 0. 0. ... 0. 0. 0.]
 [0. 0. 0. ... 0. 0. 0.]
 ...
 [0. 0. 0. ... 0. 0. 0.]
 [0. 0. 0. ... 0. 0. 0.]
 [0. 0. 0. ... 0. 0. 0.]]",0.5714952881003509,0.4405931633333656
422,4,20.0,25.0,0.05,1e-05,0.02,0.6000000000000001,9.43638500740547,0.7240056054927195,0.7923255619022097,"[[[0.9996631 1.0004996 1.0002134 ... 0.9997371 0.9997159 0.999991 ]
  [0.9997823 1.000165  0.999449  ... 1.0001521 1.0001458 1.0003189]
  [1.0000805 0.999935  0.9998542 ... 0.9998854 0.9999195 1.000111 ]
  ...
  [0.9998428 0.9999212 1.0005175 ... 1.0002517 1.0001657 1.0001667]
  [0.9998564 1.000428  1.0001051 ... 1.0004593 0.9997163 0.9992366]
  [1.0001231 0.9997879 0.9999161 ... 0.9999462 1.0000454 1.0004259]]

 [[0.9996631 1.0004992 1.0002131 ... 0.9997371 0.9997368 0.9999907]
  [0.9997822 1.0001646 0.9994487 ... 1.0001518 1.0001452 1.0003184]
  [1.0000803 0.9999347 0.9993893 ... 0.9998848 0.9999189 1.0001105]
  ...
  [0.9998425 0.9999209 1.000517  ... 1.000251  1.0001653 1.0001663]
  [0.9998564 1.0004278 1.0001047 ... 1.000459  0.9997157 0.9992364]
  [1.0001236 0.9997878 0.9999157 ... 0.9999458 1.0000448 1.0004258]]]","[[[0.00000000e+00 9.14249809e-06 0.00000000e+00 ... 0.00000000e+00
   0.00000000e+00 0.00000000e+00]
  [0.00000000e+00 0.00000000e+00 0.00000000e+00 ... 0.00000000e+00
   0.00000000e+00 4.39854942e-07]
  [0.00000000e+00 0.00000000e+00 0.00000000e+00 ... 0.00000000e+00
   0.00000000e+00 0.00000000e+00]
  ...
  [0.00000000e+00 0.00000000e+00 0.00000000e+00 ... 0.00000000e+00
   0.00000000e+00 0.00000000e+00]
  [0.00000000e+00 0.00000000e+00 0.00000000e+00 ... 8.09989590e-06
   0.00000000e+00 0.00000000e+00]
  [0.00000000e+00 0.00000000e+00 0.00000000e+00 ... 0.00000000e+00
   0.00000000e+00 7.09564854e-06]]

 [[5.84253733e-05 2.76824297e-06 2.47168673e-05 ... 4.07281273e-05
   4.41176103e-05 3.35684673e-05]
  [4.80096161e-05 1.84932334e-05 6.36574571e-05 ... 1.19410890e-05
   1.94357937e-05 1.07290531e-05]
  [2.81835000e-05 3.01734675e-05 1.19753328e-04 ... 3.16722848e-05
   3.77004567e-05 2.83775478e-05]
  ...
  [5.58996907e-05 5.75221379e-05 2.31991103e-05 ... 2.00136647e-05
   2.70414439e-05 2.84880205e-05]
  [4.97503201e-05 1.82297669e-05 4.77919762e-05 ... 2.97867255e-06
   5.34795330e-05 8.70813008e-05]
  [2.93079553e-05 5.83752555e-05 5.35559251e-05 ... 3.24557403e-05
   2.70874608e-05 3.63130009e-06]]]","[[0. 0. 0. ... 0. 0. 0.]
 [0. 0. 0. ... 0. 0. 0.]
 [0. 0. 0. ... 0. 0. 0.]
 ...
 [0. 0. 0. ... 0. 0. 0.]
 [0. 0. 0. ... 0. 0. 0.]
 [0. 0. 0. ... 0. 0. 0.]]","[[0. 0. 0. ... 0. 0. 0.]
 [0. 0. 0. ... 0. 0. 0.]
 [0. 0. 0. ... 0. 0. 0.]
 ...
 [0. 0. 0. ... 0. 0. 0.]
 [0. 0. 0. ... 0. 0. 0.]
 [0. 0. 0. ... 0. 0. 0.]]",0.5759045328685374,0.501772221148424
422,4,20.0,25.0,0.05,1e-05,0.03,0.6000000000000001,15.894954171382034,0.7240056054927195,0.8390859646840243,"[[[0.9996266 1.0005375 1.0001258 ... 1.000061  0.9997866 0.9997063]
  [1.0000112 0.9998779 0.9997411 ... 1.0001518 1.0003351 1.0003184]
  [1.0001009 0.9998184 0.9993896 ... 1.0009694 1.0001417 0.9999933]
  ...
  [0.9998428 0.9999198 1.0005172 ... 0.9998115 0.9997495 1.0000058]
  [0.9998565 1.000428  1.0003484 ... 0.9996344 1.0001656 0.9997512]
  [0.9991356 0.9997879 0.9994703 ... 0.9997527 1.0003318 1.0002576]]

 [[1.0009124 1.0000359 1.0000836 ... 0.999764  0.9997159 0.9997082]
  [1.0000832 1.0001649 1.0003705 ... 1.0003849 1.0003936 0.9998946]
  [1.0001278 1.0001373 0.9998539 ... 1.000292  1.0001967 1.000158 ]
  ...
  [1.0018206 1.0003288 1.0000211 ... 0.9994281 1.000378  0.9998969]
  [0.9999949 1.0005212 0.9997612 ... 1.0001032 0.999716  0.9992362]
  [0.9999475 1.0001463 0.9999163 ... 0.9999459 0.9999539 0.9997249]]]","[[[9.67292831e-05 0.00000000e+00 0.00000000e+00 ... 0.00000000e+00
   0.00000000e+00 0.00000000e+00]
  [0.00000000e+00 0.00000000e+00 0.00000000e+00 ... 0.00000000e+00
   0.00000000e+00 0.00000000e+00]
  [0.00000000e+00 0.00000000e+00 0.00000000e+00 ... 0.00000000e+00
   0.00000000e+00 0.00000000e+00]
  ...
  [2.25054867e-04 0.00000000e+00 0.00000000e+00 ... 0.00000000e+00
   0.00000000e+00 0.00000000e+00]
  [0.00000000e+00 0.00000000e+00 0.00000000e+00 ... 0.00000000e+00
   0.00000000e+00 0.00000000e+00]
  [0.00000000e+00 0.00000000e+00 0.00000000e+00 ... 0.00000000e+00
   0.00000000e+00 0.00000000e+00]]

 [[0.00000000e+00 2.45650012e-04 1.76922736e-04 ... 2.01730633e-04
   1.73871085e-04 1.80927706e-04]
  [1.55312643e-04 1.27466773e-04 7.01069234e-05 ... 8.74384322e-05
   1.11714648e-04 2.16610879e-04]
  [1.42418927e-04 1.13121668e-04 1.11808264e-04 ... 2.04077571e-04
   1.20915636e-04 1.16504807e-04]
  ...
  [0.00000000e+00 1.16044364e-04 2.18132830e-04 ... 2.54416228e-04
   6.14339219e-05 2.05206313e-04]
  [1.74024439e-04 1.37226881e-04 2.56223925e-04 ... 9.02878842e-05
   2.32745978e-04 2.81379116e-04]
  [8.20566554e-05 1.28579926e-04 1.20958739e-04 ... 1.31561572e-04
   1.95691679e-04 2.44095402e-04]]]","[[0. 0. 0. ... 0. 0. 0.]
 [0. 0. 0. ... 0. 0. 0.]
 [0. 0. 0. ... 0. 0. 0.]
 ...
 [0. 0. 0. ... 0. 0. 0.]
 [0. 0. 0. ... 0. 0. 0.]
 [0. 0. 0. ... 0. 0. 0.]]","[[0. 0. 0. ... 0. 0. 0.]
 [0. 0. 0. ... 0. 0. 0.]
 [0. 0. 0. ... 0. 0. 0.]
 ...
 [0. 0. 0. ... 0. 0. 0.]
 [0. 0. 0. ... 0. 0. 0.]
 [0. 0. 0. ... 0. 0. 0.]]",0.5494288265157289,0.6014702399012797
422,4,20.0,25.0,0.0,1e-05,0.01,0.7000000000000002,13.298220873611806,0.7981140336329563,0.6919790666171534,"[[[0.9996266 1.0005372 1.0001256 ... 1.0000608 0.9997865 0.9997065]
  [1.0000113 0.9998778 0.999741  ... 1.0001518 1.0003355 1.0003189]
  [1.0001009 0.9998182 0.9993895 ... 1.0002918 1.000142  0.9999938]
  ...
  [0.9990144 0.99992   1.0005175 ... 0.9998115 0.9997496 1.0000063]
  [0.9998566 1.0004281 1.0003484 ... 0.9996344 1.0001658 0.9997516]
  [1.0001236 0.9997879 0.9994705 ... 0.9997529 1.0003319 1.0002578]]

 [[0.9996631 1.0004992 1.0002133 ... 0.9997369 0.999737  0.9999908]
  [0.9997823 1.0005574 0.9994489 ... 1.000152  1.0001456 1.000319 ]
  [1.0000806 0.9999349 0.9993895 ... 1.000292  0.9999192 1.0001109]
  ...
  [0.9998429 0.9999211 1.0005172 ... 1.0002515 1.0001653 1.0001667]
  [0.9998566 1.0004278 1.0001049 ... 1.0004593 0.9997161 1.0001082]
  [1.0001233 0.9997874 0.9999157 ... 0.999946  1.0000451 1.0004258]]]","[[[4.31304946e-04 0.00000000e+00 0.00000000e+00 ... 8.07125361e-04
   4.40766685e-04 0.00000000e+00]
  [6.15770692e-04 0.00000000e+00 1.17536104e-03 ... 0.00000000e+00
   4.59700524e-05 0.00000000e+00]
  [0.00000000e+00 0.00000000e+00 8.70052885e-04 ... 0.00000000e+00
   4.12449954e-04 0.00000000e+00]
  ...
  [0.00000000e+00 1.11022199e-04 0.00000000e+00 ... 0.00000000e+00
   0.00000000e+00 0.00000000e+00]
  [2.04350867e-04 0.00000000e+00 1.75443946e-04 ... 0.00000000e+00
   1.00465403e-03 0.00000000e+00]
  [0.00000000e+00 3.03677291e-04 0.00000000e+00 ... 0.00000000e+00
   3.18442210e-04 0.00000000e+00]]

 [[0.00000000e+00 1.11049535e-03 7.10531860e-04 ... 0.00000000e+00
   0.00000000e+00 6.24818559e-04]
  [0.00000000e+00 2.88170884e-03 0.00000000e+00 ... 3.64908635e-04
   0.00000000e+00 7.64975450e-04]
  [1.47093040e-04 1.09437076e-04 0.00000000e+00 ... 7.00109830e-04
   0.00000000e+00 5.32052116e-04]
  ...
  [1.50897266e-03 0.00000000e+00 1.23927410e-03 ... 1.60397695e-03
   1.34212652e-03 7.64211544e-04]
  [0.00000000e+00 1.02501501e-03 0.00000000e+00 ... 2.97740300e-03
   0.00000000e+00 1.07075503e-03]
  [2.94683800e-04 0.00000000e+00 8.11043752e-04 ... 3.09866487e-04
   0.00000000e+00 1.40265071e-03]]]","[[0. 0. 0. ... 0. 0. 0.]
 [0. 0. 0. ... 0. 0. 0.]
 [0. 0. 0. ... 0. 0. 0.]
 ...
 [0. 0. 0. ... 0. 0. 0.]
 [0. 0. 0. ... 0. 0. 0.]
 [0. 0. 0. ... 0. 0. 0.]]","[[0. 0. 0. ... 0. 0. 0.]
 [0. 0. 0. ... 0. 0. 0.]
 [0. 0. 0. ... 0. 0. 0.]
 ...
 [0. 0. 0. ... 0. 0. 0.]
 [0. 0. 0. ... 0. 0. 0.]
 [0. 0. 0. ... 0. 0. 0.]]",0.12197117270146066,0.04324930083762356
422,4,20.0,25.0,0.0,1e-05,0.02,0.7000000000000002,0.9923415611682865,0.7981140336329563,0.7901940163716998,"[[[0.9996266 1.0005372 1.0001256 ... 1.0000608 0.9997864 0.9997065]
  [1.0000113 0.9998777 0.999741  ... 1.0001518 1.0003352 1.0003188]
  [1.0001007 0.9998178 0.9993893 ... 1.0009694 1.0001419 0.9999937]
  ...
  [0.9998427 0.9999198 1.0005172 ... 0.9998115 0.9997495 1.0000061]
  [0.9998564 1.0004278 1.0003483 ... 0.9996342 1.0001656 0.9997514]
  [1.0001233 0.9997878 0.9994701 ... 0.9997526 1.0003318 1.0002577]]

 [[0.9996266 1.0005374 1.0001258 ... 1.000061  0.9997865 0.9997064]
  [1.0000112 0.9998778 0.9997411 ... 1.0001521 1.0003355 1.0003189]
  [1.0001009 0.9998181 0.9993894 ... 1.0009698 1.000142  0.9999936]
  ...
  [0.9990144 0.9999201 1.0005176 ... 0.9998117 0.9997498 1.0000062]
  [0.9998565 1.0004282 1.0003484 ... 0.9996346 1.0001657 0.9997515]
  [1.0001236 0.9997881 0.9994706 ... 0.9997529 1.0003318 1.0002577]]]","[[[5.32155534e-04 0.00000000e+00 0.00000000e+00 ... 0.00000000e+00
   3.04085059e-04 4.18566893e-04]
  [0.00000000e+00 1.73953968e-04 3.68885908e-04 ... 0.00000000e+00
   0.00000000e+00 0.00000000e+00]
  [0.00000000e+00 2.58821378e-04 8.70067725e-04 ... 0.00000000e+00
   0.00000000e+00 9.18382696e-06]
  ...
  [2.51087330e-03 1.13350848e-04 0.00000000e+00 ... 2.68000628e-04
   3.56174690e-04 0.00000000e+00]
  [2.04450561e-04 0.00000000e+00 0.00000000e+00 ... 5.20135992e-04
   0.00000000e+00 3.53947810e-04]
  [0.00000000e+00 3.01551892e-04 7.53865236e-04 ... 3.51757401e-04
   0.00000000e+00 0.00000000e+00]]

 [[0.00000000e+00 1.28863324e-03 3.01763831e-04 ... 1.46837166e-04
   0.00000000e+00 0.00000000e+00]
  [2.65720008e-05 0.00000000e+00 0.00000000e+00 ... 3.65446106e-04
   8.04658846e-04 7.64677043e-04]
  [2.42037973e-04 0.00000000e+00 0.00000000e+00 ... 2.32476176e-03
   3.40616518e-04 0.00000000e+00]
  ...
  [0.00000000e+00 0.00000000e+00 1.24146043e-03 ... 0.00000000e+00
   0.00000000e+00 1.50943694e-05]
  [0.00000000e+00 1.02720723e-03 8.35526292e-04 ... 0.00000000e+00
   3.97487336e-04 0.00000000e+00]
  [2.97158723e-04 0.00000000e+00 0.00000000e+00 ... 0.00000000e+00
   7.95265386e-04 6.17828121e-04]]]","[[0. 0. 0. ... 0. 0. 0.]
 [0. 0. 0. ... 0. 0. 0.]
 [0. 0. 0. ... 0. 0. 0.]
 ...
 [0. 0. 0. ... 0. 0. 0.]
 [0. 0. 0. ... 0. 0. 0.]
 [0. 0. 0. ... 0. 0. 0.]]","[[0. 0. 0. ... 0. 0. 0.]
 [0. 0. 0. ... 0. 0. 0.]
 [0. 0. 0. ... 0. 0. 0.]
 ...
 [0. 0. 0. ... 0. 0. 0.]
 [0. 0. 0. ... 0. 0. 0.]
 [0. 0. 0. ... 0. 0. 0.]]",0.4487119694344153,0.39785151002816943
422,4,20.0,25.0,0.0,1e-05,0.03,0.7000000000000002,1.415702531036279,0.7981140336329564,0.8094129542076539,"[[[0.9996631 1.0004992 1.0002129 ... 0.9997368 0.9997367 0.9999904]
  [0.9997822 1.0005572 0.9994484 ... 1.0001518 1.0001452 1.0003184]
  [1.0000803 0.9999348 0.9993891 ... 1.0002918 0.9999189 1.0001105]
  ...
  [0.9998429 0.9999209 1.000517  ... 1.0002513 1.0001651 1.0001663]
  [0.9998566 1.000428  1.0001047 ... 1.0004591 0.9993182 0.9992362]
  [1.0001235 0.9997879 0.9999157 ... 0.9999459 1.0000448 1.0004255]]

 [[0.9996631 1.0004994 1.0002133 ... 0.9997371 0.9997163 0.9999913]
  [0.9997821 1.0001647 0.9994488 ... 1.000152  1.0001457 1.000319 ]
  [1.0000802 0.9999347 0.9993894 ... 0.9998848 0.9999191 1.0001107]
  ...
  [0.9998428 0.9999212 1.0005174 ... 1.0002513 1.0001653 1.0001667]
  [0.9998565 1.000428  1.000105  ... 1.000459  0.999716  1.0001082]
  [1.0001234 0.9997879 0.9999162 ... 0.9999458 1.0000451 1.000426 ]]]","[[[4.80056248e-04 0.00000000e+00 0.00000000e+00 ... 3.74227797e-04
   4.31564604e-04 1.11971678e-05]
  [3.10660152e-04 2.88723180e-04 7.85094122e-04 ... 0.00000000e+00
   0.00000000e+00 0.00000000e+00]
  [0.00000000e+00 9.32238465e-05 8.69805562e-04 ... 7.07220702e-04
   1.14912853e-04 0.00000000e+00]
  ...
  [2.24022820e-04 1.11858733e-04 0.00000000e+00 ... 0.00000000e+00
   0.00000000e+00 0.00000000e+00]
  [2.04657532e-04 0.00000000e+00 0.00000000e+00 ... 0.00000000e+00
   0.00000000e+00 0.00000000e+00]
  [0.00000000e+00 3.02176448e-04 1.18759553e-04 ... 7.72600430e-05
   0.00000000e+00 0.00000000e+00]]

 [[0.00000000e+00 1.19727572e-03 5.12100661e-04 ... 0.00000000e+00
   0.00000000e+00 0.00000000e+00]
  [0.00000000e+00 0.00000000e+00 0.00000000e+00 ... 3.64960950e-04
   3.50347507e-04 7.66093634e-04]
  [1.92094613e-04 0.00000000e+00 0.00000000e+00 ... 0.00000000e+00
   0.00000000e+00 2.66064226e-04]
  ...
  [0.00000000e+00 0.00000000e+00 1.24095779e-03 ... 6.02443384e-04
   3.96963899e-04 4.00378128e-04]
  [0.00000000e+00 1.02588079e-03 2.52626144e-04 ... 1.09989446e-03
   2.24312687e-04 2.24380803e-03]
  [2.95541014e-04 0.00000000e+00 0.00000000e+00 ... 0.00000000e+00
   1.08597748e-04 1.02265652e-03]]]","[[0. 0. 0. ... 0. 0. 0.]
 [0. 0. 0. ... 0. 0. 0.]
 [0. 0. 0. ... 0. 0. 0.]
 ...
 [0. 0. 0. ... 0. 0. 0.]
 [0. 0. 0. ... 0. 0. 0.]
 [0. 0. 0. ... 0. 0. 0.]]","[[0. 0. 0. ... 0. 0. 0.]
 [0. 0. 0. ... 0. 0. 0.]
 [0. 0. 0. ... 0. 0. 0.]
 ...
 [0. 0. 0. ... 0. 0. 0.]
 [0. 0. 0. ... 0. 0. 0.]
 [0. 0. 0. ... 0. 0. 0.]]",0.5180859436853599,0.5444472033014135
422,4,20.0,25.0,0.05,1e-05,0.01,0.7000000000000002,2.537002611612326,0.7981140336329563,0.7778658597560437,"[[[0.9996266 1.0005374 1.0001258 ... 1.0000613 0.9997868 0.9997067]
  [1.0000113 0.999878  0.9997411 ... 1.0001521 1.0003357 1.000319 ]
  [1.0001011 0.9998183 0.9993896 ... 1.000292  1.0001421 0.9999939]
  ...
  [0.9998433 0.9999204 1.0005177 ... 0.9998118 0.9997499 1.0000063]
  [0.9998568 1.0004282 1.0003484 ... 1.0004593 1.0001659 0.9997518]
  [1.0001237 0.9997878 0.9994705 ... 0.9997532 1.000332  1.0002577]]

 [[0.9996266 1.0005375 1.0001258 ... 1.000061  0.9997866 0.9997067]
  [1.0000114 0.9998783 0.9997415 ... 1.0001523 1.0003357 1.0003192]
  [1.000101  0.9998186 0.9998542 ... 1.0002924 1.0001423 0.9999942]
  ...
  [0.999843  0.9999202 1.0005178 ... 0.9998119 0.9997501 1.0000068]
  [0.9998566 1.0004282 1.0003486 ... 1.0004596 1.000166  0.9997518]
  [1.0001233 0.9997879 0.9994702 ... 0.9997532 1.000332  1.0002578]]]","[[[0.00000000e+00 3.01774426e-05 6.03296550e-06 ... 4.91648677e-06
   0.00000000e+00 0.00000000e+00]
  [0.00000000e+00 0.00000000e+00 0.00000000e+00 ... 7.13972308e-06
   1.45308508e-05 1.25380326e-05]
  [0.00000000e+00 0.00000000e+00 3.59837850e-05 ... 1.43312484e-05
   2.67631730e-07 0.00000000e+00]
  ...
  [0.00000000e+00 0.00000000e+00 3.04584658e-05 ... 0.00000000e+00
   0.00000000e+00 2.39768215e-06]
  [0.00000000e+00 2.49230962e-05 1.93535399e-05 ... 3.10804548e-05
   1.05264764e-05 0.00000000e+00]
  [5.55323274e-06 0.00000000e+00 0.00000000e+00 ... 0.00000000e+00
   1.95999869e-05 1.42457148e-05]]

 [[3.31271355e-05 0.00000000e+00 0.00000000e+00 ... 0.00000000e+00
   2.00025261e-05 2.65509832e-05]
  [1.17034192e-05 1.99830998e-05 2.73869487e-05 ... 0.00000000e+00
   0.00000000e+00 0.00000000e+00]
  [1.23845128e-05 2.96921981e-05 0.00000000e+00 ... 0.00000000e+00
   4.55102836e-06 1.97454927e-05]
  ...
  [9.94866812e-06 7.66107369e-06 0.00000000e+00 ... 7.30563450e-06
   1.22726075e-05 0.00000000e+00]
  [1.14185685e-05 0.00000000e+00 0.00000000e+00 ... 0.00000000e+00
   0.00000000e+00 1.71288413e-05]
  [0.00000000e+00 1.94852916e-05 3.82121541e-05 ... 1.44580004e-05
   0.00000000e+00 0.00000000e+00]]]","[[0. 0. 0. ... 0. 0. 0.]
 [0. 0. 0. ... 0. 0. 0.]
 [0. 0. 0. ... 0. 0. 0.]
 ...
 [0. 0. 0. ... 0. 0. 0.]
 [0. 0. 0. ... 0. 0. 0.]
 [0. 0. 0. ... 0. 0. 0.]]","[[0. 0. 0. ... 0. 0. 0.]
 [0. 0. 0. ... 0. 0. 0.]
 [0. 0. 0. ... 0. 0. 0.]
 ...
 [0. 0. 0. ... 0. 0. 0.]
 [0. 0. 0. ... 0. 0. 0.]
 [0. 0. 0. ... 0. 0. 0.]]",0.577385678670951,0.5124351645412547
422,4,20.0,25.0,0.05,1e-05,0.02,0.7000000000000002,5.00540326872788,0.7981140336329563,0.8380628595605962,"[[[0.9996266 1.0005375 1.0001261 ... 1.0000609 0.9997864 0.999707 ]
  [1.0000113 0.999878  0.9997412 ... 1.000152  1.0003355 1.0003192]
  [1.0001007 0.9998182 0.9993896 ... 1.000292  1.0001419 0.9999944]
  ...
  [0.9998427 0.9999199 1.0005176 ... 0.9998118 0.9997496 1.0000068]
  [0.9998564 1.000428  1.0003484 ... 1.0004591 1.0001657 0.9997522]
  [1.0001233 0.999788  0.9994703 ... 0.9997532 1.0003318 1.0002583]]

 [[0.9996631 1.0004994 1.0002133 ... 0.9997371 0.9997166 0.9999916]
  [0.9997823 1.000165  0.999449  ... 1.000152  1.0001462 1.0003195]
  [1.0000806 0.9999349 0.9998542 ... 1.000292  0.9999197 1.0001115]
  ...
  [0.9998433 0.9999215 1.0005178 ... 1.0002513 1.0001659 1.0001671]
  [0.999857  1.0004282 1.0001055 ... 1.0004591 0.9997164 1.0001088]
  [1.000124  0.9997882 0.9999166 ... 0.9999459 1.0000454 1.0004262]]]","[[[0.00000000e+00 0.00000000e+00 0.00000000e+00 ... 0.00000000e+00
   0.00000000e+00 0.00000000e+00]
  [0.00000000e+00 1.88513082e-06 0.00000000e+00 ... 0.00000000e+00
   0.00000000e+00 0.00000000e+00]
  [0.00000000e+00 0.00000000e+00 1.35548421e-05 ... 0.00000000e+00
   0.00000000e+00 0.00000000e+00]
  ...
  [0.00000000e+00 0.00000000e+00 0.00000000e+00 ... 8.29258074e-06
   0.00000000e+00 0.00000000e+00]
  [0.00000000e+00 0.00000000e+00 0.00000000e+00 ... 0.00000000e+00
   0.00000000e+00 0.00000000e+00]
  [0.00000000e+00 0.00000000e+00 0.00000000e+00 ... 0.00000000e+00
   0.00000000e+00 0.00000000e+00]]

 [[9.95634042e-05 5.30096382e-05 5.71618065e-05 ... 1.15022170e-04
   9.53407565e-05 4.15459921e-05]
  [1.15945682e-04 2.13973159e-05 1.39284583e-04 ... 4.16965952e-05
   7.51832019e-05 4.68718180e-05]
  [6.34183440e-05 5.46162331e-05 2.11717638e-06 ... 3.20655674e-05
   9.75336107e-05 4.49078729e-05]
  ...
  [1.22841238e-04 1.16959144e-04 7.37156105e-05 ... 2.32886826e-05
   4.14894523e-05 8.04346976e-05]
  [1.12932012e-04 7.21340307e-05 1.28817339e-04 ... 5.32047609e-05
   1.70308816e-04 4.60717593e-05]
  [8.36460250e-05 1.09398574e-04 4.68578422e-05 ... 4.98616630e-05
   1.09907906e-04 3.79994144e-05]]]","[[0. 0. 0. ... 0. 0. 0.]
 [0. 0. 0. ... 0. 0. 0.]
 [0. 0. 0. ... 0. 0. 0.]
 ...
 [0. 0. 0. ... 0. 0. 0.]
 [0. 0. 0. ... 0. 0. 0.]
 [0. 0. 0. ... 0. 0. 0.]]","[[0. 0. 0. ... 0. 0. 0.]
 [0. 0. 0. ... 0. 0. 0.]
 [0. 0. 0. ... 0. 0. 0.]
 ...
 [0. 0. 0. ... 0. 0. 0.]
 [0. 0. 0. ... 0. 0. 0.]
 [0. 0. 0. ... 0. 0. 0.]]",0.578546481146678,0.5680525996058511
422,4,20.0,25.0,0.05,1e-05,0.03,0.7000000000000002,11.454283636794722,0.7981140336329564,0.8895322787903385,"[[[0.9996266 1.0005372 1.0001256 ... 1.0000608 0.9997863 0.9997066]
  [1.0000113 0.9998777 0.9997409 ... 1.0001518 1.0003352 1.0003188]
  [1.000101  0.9998181 0.9993894 ... 1.000292  1.0001419 0.9999938]
  ...
  [0.9998428 0.9999197 1.0005172 ... 0.9998117 0.9997497 1.0000064]
  [0.9998567 1.000428  1.0003483 ... 1.0004593 1.0001658 0.9997517]
  [1.0001235 0.9997881 0.9994703 ... 0.999753  1.0003318 1.0002578]]

 [[0.9996266 1.0005372 1.0001253 ... 1.0000609 0.999786  0.9997063]
  [1.0000112 0.9998776 0.9997406 ... 1.0001518 1.0003349 1.0003184]
  [1.0001009 0.999818  0.9993891 ... 1.0002916 1.0001414 0.9999933]
  ...
  [0.9998428 0.9999198 0.9998859 ... 0.9998116 0.9997492 1.0000058]
  [0.9998567 1.000428  1.0003481 ... 0.9996344 1.0001653 0.9997512]
  [1.0001235 0.9997878 0.9994702 ... 0.9997528 1.0003314 1.0002575]]]","[[[0.00000000e+00 1.83221398e-05 0.00000000e+00 ... 0.00000000e+00
   0.00000000e+00 0.00000000e+00]
  [0.00000000e+00 0.00000000e+00 0.00000000e+00 ... 0.00000000e+00
   2.40876430e-06 2.27608480e-06]
  [0.00000000e+00 0.00000000e+00 0.00000000e+00 ... 2.05403813e-07
   0.00000000e+00 0.00000000e+00]
  ...
  [0.00000000e+00 0.00000000e+00 0.00000000e+00 ... 0.00000000e+00
   0.00000000e+00 0.00000000e+00]
  [0.00000000e+00 9.21889471e-06 2.89473092e-06 ... 0.00000000e+00
   7.21885622e-07 0.00000000e+00]
  [0.00000000e+00 0.00000000e+00 0.00000000e+00 ... 0.00000000e+00
   8.21986391e-06 1.82482055e-06]]

 [[5.18034156e-05 0.00000000e+00 1.80589447e-05 ... 1.82719242e-05
   4.02377580e-05 4.56288409e-05]
  [2.66151572e-05 3.31330632e-05 4.04192902e-05 ... 1.75439852e-05
   7.83314721e-06 7.64850762e-06]
  [2.36662804e-05 3.49996396e-05 6.00299785e-05 ... 1.00974670e-05
   2.32170418e-05 3.43921541e-05]
  ...
  [4.00185575e-05 3.49220784e-05 1.21322792e-04 ... 2.98276350e-05
   3.80536639e-05 2.48810702e-05]
  [3.63231332e-05 5.96975473e-08 7.89756323e-06 ... 1.43213063e-04
   5.19557697e-06 4.11344698e-05]
  [1.70874250e-05 4.32863974e-05 6.65608233e-05 ... 3.18625529e-05
   0.00000000e+00 6.22209252e-06]]]","[[0. 0. 0. ... 0. 0. 0.]
 [0. 0. 0. ... 0. 0. 0.]
 [0. 0. 0. ... 0. 0. 0.]
 ...
 [0. 0. 0. ... 0. 0. 0.]
 [0. 0. 0. ... 0. 0. 0.]
 [0. 0. 0. ... 0. 0. 0.]]","[[0. 0. 0. ... 0. 0. 0.]
 [0. 0. 0. ... 0. 0. 0.]
 [0. 0. 0. ... 0. 0. 0.]
 ...
 [0. 0. 0. ... 0. 0. 0.]
 [0. 0. 0. ... 0. 0. 0.]
 [0. 0. 0. ... 0. 0. 0.]]",0.5461717028434785,0.7031923821607005
422,4,20.0,25.0,0.0,1e-05,0.01,0.8000000000000003,15.475590760132397,0.8577592954990216,0.7250159772205983,"[[[0.9996266 1.0005373 1.0001256 ... 1.0000603 0.999786  0.999706 ]
  [1.0000112 0.9998778 0.9997408 ... 0.99941   1.0003349 1.0003184]
  [1.0001007 0.9998181 0.9993891 ... 1.0002913 1.0001414 0.9999933]
  ...
  [0.9998427 0.9999199 0.9998859 ... 0.9998115 0.9997495 1.0000061]
  [0.9998562 1.0004277 1.0003477 ... 0.9996342 1.0001653 0.9997512]
  [1.0001231 0.9997875 0.9994698 ... 0.9997528 1.0003315 1.0002574]]

 [[0.9996631 1.0004994 1.0002134 ... 0.9997368 0.9997159 0.9999909]
  [0.9997822 1.0001647 0.9994489 ... 1.0001518 1.0001456 1.0003188]
  [1.0000805 0.999935  0.9993895 ... 1.0002918 0.9999193 1.0001109]
  ...
  [0.9998429 0.9999213 1.0005175 ... 1.0002513 1.0001656 1.0001668]
  [0.9998565 1.0004278 1.000105  ... 1.0004588 0.9993186 0.9992366]
  [1.0001233 0.9997878 0.9999161 ... 0.9999458 1.0000452 1.000426 ]]]","[[[4.31355765e-04 0.00000000e+00 0.00000000e+00 ... 8.06863829e-04
   4.98412338e-04 0.00000000e+00]
  [6.15992907e-04 0.00000000e+00 1.17509421e-03 ... 0.00000000e+00
   4.52240155e-05 0.00000000e+00]
  [0.00000000e+00 0.00000000e+00 8.69548703e-04 ... 0.00000000e+00
   4.11373278e-04 0.00000000e+00]
  ...
  [2.23693635e-04 1.10251428e-04 0.00000000e+00 ... 0.00000000e+00
   0.00000000e+00 0.00000000e+00]
  [2.04171030e-04 0.00000000e+00 1.74208026e-04 ... 0.00000000e+00
   2.10133570e-03 1.77518349e-03]
  [0.00000000e+00 3.02018599e-04 0.00000000e+00 ... 0.00000000e+00
   3.17685943e-04 0.00000000e+00]]

 [[0.00000000e+00 1.11069535e-03 7.11003129e-04 ... 0.00000000e+00
   0.00000000e+00 6.26230654e-04]
  [0.00000000e+00 1.04756045e-03 0.00000000e+00 ... 2.05145924e-03
   0.00000000e+00 7.64858664e-04]
  [1.46716568e-04 1.09895077e-04 0.00000000e+00 ... 7.00559658e-04
   0.00000000e+00 5.33050885e-04]
  ...
  [0.00000000e+00 0.00000000e+00 2.67669553e-03 ... 1.60278277e-03
   1.34343422e-03 7.65233762e-04]
  [0.00000000e+00 1.02574787e-03 0.00000000e+00 ... 2.97550305e-03
   0.00000000e+00 0.00000000e+00]
  [2.95683714e-04 0.00000000e+00 8.14122225e-04 ... 3.09087351e-04
   0.00000000e+00 1.40476403e-03]]]","[[0. 0. 0. ... 0. 0. 0.]
 [0. 0. 0. ... 0. 0. 0.]
 [0. 0. 0. ... 0. 0. 0.]
 ...
 [0. 0. 0. ... 0. 0. 0.]
 [0. 0. 0. ... 0. 0. 0.]
 [0. 0. 0. ... 0. 0. 0.]]","[[0. 0. 0. ... 0. 0. 0.]
 [0. 0. 0. ... 0. 0. 0.]
 [0. 0. 0. ... 0. 0. 0.]
 ...
 [0. 0. 0. ... 0. 0. 0.]
 [0. 0. 0. ... 0. 0. 0.]
 [0. 0. 0. ... 0. 0. 0.]]",0.11360507794924457,0.039701532814995326
422,4,20.0,25.0,0.0,1e-05,0.02,0.8000000000000003,2.5489312836370046,0.8577592954990216,0.8358956004777427,"[[[0.9996631 1.0004995 1.0002137 ... 0.9997369 0.9997161 0.9999913]
  [0.9997822 1.0005574 0.9994493 ... 1.0001518 1.0001458 1.0003192]
  [1.0000803 0.9999348 0.9998542 ... 0.9998848 0.9999195 1.0001113]
  ...
  [0.9998428 0.9999213 1.0005178 ... 1.0002513 1.0001659 1.0001673]
  [0.9998565 1.0004282 1.0001055 ... 1.0004591 0.9997167 0.9992372]
  [1.0001234 0.9997881 0.9999165 ... 0.9999458 1.0000457 1.0004267]]

 [[0.9996631 1.0004997 1.0002137 ... 0.9997371 0.9997163 0.9999913]
  [0.9997821 1.000165  0.9994491 ... 1.000152  1.0001458 1.0003192]
  [1.0000805 0.9999351 0.9998544 ... 1.000292  0.9999197 1.0001113]
  ...
  [0.999843  0.9999217 1.0005178 ... 1.0002517 1.000166  1.0001673]
  [0.9998567 1.0004283 1.0001053 ... 1.0004593 0.9997166 1.0001088]
  [1.0001235 0.9997882 0.9999163 ... 0.9999461 1.0000457 1.0004265]]]","[[[4.80087836e-04 0.00000000e+00 0.00000000e+00 ... 3.74430812e-04
   4.04077735e-04 1.24238656e-05]
  [3.10692381e-04 2.88417756e-04 7.85497636e-04 ... 0.00000000e+00
   0.00000000e+00 0.00000000e+00]
  [0.00000000e+00 9.21085143e-05 2.07263832e-04 ... 0.00000000e+00
   1.14102097e-04 0.00000000e+00]
  ...
  [2.23498486e-04 1.11150397e-04 0.00000000e+00 ... 0.00000000e+00
   0.00000000e+00 0.00000000e+00]
  [2.03880598e-04 0.00000000e+00 0.00000000e+00 ... 0.00000000e+00
   4.04052013e-04 0.00000000e+00]
  [0.00000000e+00 3.01631564e-04 1.19506629e-04 ... 7.63995953e-05
   0.00000000e+00 0.00000000e+00]]

 [[0.00000000e+00 1.19834459e-03 5.12369398e-04 ... 0.00000000e+00
   0.00000000e+00 0.00000000e+00]
  [0.00000000e+00 0.00000000e+00 0.00000000e+00 ... 3.64883987e-04
   3.49482493e-04 7.65251935e-04]
  [1.93150240e-04 0.00000000e+00 0.00000000e+00 ... 1.62592362e-03
   0.00000000e+00 2.66895598e-04]
  ...
  [0.00000000e+00 0.00000000e+00 1.24120170e-03 ... 6.04044303e-04
   3.98326507e-04 4.00913356e-04]
  [0.00000000e+00 1.02693492e-03 2.51760230e-04 ... 1.10149387e-03
   0.00000000e+00 2.24435345e-03]
  [2.96314622e-04 0.00000000e+00 0.00000000e+00 ... 0.00000000e+00
   1.09422861e-04 1.02212113e-03]]]","[[0. 0. 0. ... 0. 0. 0.]
 [0. 0. 0. ... 0. 0. 0.]
 [0. 0. 0. ... 0. 0. 0.]
 ...
 [0. 0. 0. ... 0. 0. 0.]
 [0. 0. 0. ... 0. 0. 0.]
 [0. 0. 0. ... 0. 0. 0.]]","[[0. 0. 0. ... 0. 0. 0.]
 [0. 0. 0. ... 0. 0. 0.]
 [0. 0. 0. ... 0. 0. 0.]
 ...
 [0. 0. 0. ... 0. 0. 0.]
 [0. 0. 0. ... 0. 0. 0.]
 [0. 0. 0. ... 0. 0. 0.]]",0.45079516544230946,0.42369068227204915
422,4,20.0,25.0,0.0,1e-05,0.03,0.8000000000000003,4.462106294383212,0.8577592954990215,0.8194851639839026,"[[[0.9996631 1.0004995 1.0002133 ... 0.9997368 0.9997158 0.9999907]
  [0.999782  1.0005572 0.9994487 ... 1.0001515 1.0001452 1.0003185]
  [1.0000802 0.9999347 0.9993893 ... 0.9998848 0.9999191 1.0001107]
  ...
  [0.9998429 0.9999212 1.0005174 ... 1.0002512 1.0001653 1.0001665]
  [0.9998566 1.0004282 1.0001051 ... 1.0004591 0.9997161 1.0001082]
  [1.0001235 0.9997879 0.999916  ... 0.9999458 1.000045  1.0004256]]

 [[0.9996266 1.0005373 1.0001259 ... 1.0000609 0.9997865 0.9997065]
  [1.0000114 0.9998778 0.9997411 ... 1.0001518 1.0003353 1.0003186]
  [1.0001009 0.9998181 0.9993895 ... 1.0009696 1.000142  0.9999937]
  ...
  [0.9990144 0.9999199 1.0005176 ... 0.9998118 0.9997498 1.0000064]
  [0.9998566 1.000428  1.0003486 ... 1.0004593 1.0001659 0.9997518]
  [1.0001235 0.9997879 0.9994705 ... 0.9997531 1.0003319 1.0002578]]]","[[[5.80902730e-04 0.00000000e+00 0.00000000e+00 ... 0.00000000e+00
   2.09866978e-04 7.97469828e-04]
  [0.00000000e+00 1.08039440e-03 0.00000000e+00 ... 0.00000000e+00
   0.00000000e+00 0.00000000e+00]
  [0.00000000e+00 4.14785706e-04 8.69717924e-04 ... 0.00000000e+00
   0.00000000e+00 1.65184286e-04]
  ...
  [2.51107065e-03 1.15877279e-04 0.00000000e+00 ... 8.54308956e-04
   9.11045009e-04 2.04412852e-04]
  [2.04323849e-04 0.00000000e+00 0.00000000e+00 ... 0.00000000e+00
   0.00000000e+00 8.29271932e-04]
  [0.00000000e+00 3.02185878e-04 1.34932840e-03 ... 6.08944896e-04
   0.00000000e+00 0.00000000e+00]]

 [[0.00000000e+00 1.37375046e-03 1.03069361e-04 ... 8.83456417e-04
   0.00000000e+00 0.00000000e+00]
  [5.49374655e-04 0.00000000e+00 4.44554736e-05 ... 3.64379435e-04
   1.23630524e-03 7.64154086e-04]
  [2.88705707e-04 0.00000000e+00 0.00000000e+00 ... 4.79048104e-03
   8.47341259e-04 0.00000000e+00]
  ...
  [0.00000000e+00 0.00000000e+00 1.24126245e-03 ... 0.00000000e+00
   0.00000000e+00 0.00000000e+00]
  [0.00000000e+00 1.02533377e-03 1.38920086e-03 ... 1.10157146e-03
   1.42118409e-03 0.00000000e+00]
  [2.96104746e-04 0.00000000e+00 0.00000000e+00 ... 0.00000000e+00
   1.44819117e-03 2.36757017e-04]]]","[[0. 0. 0. ... 0. 0. 0.]
 [0. 0. 0. ... 0. 0. 0.]
 [0. 0. 0. ... 0. 0. 0.]
 ...
 [0. 0. 0. ... 0. 0. 0.]
 [0. 0. 0. ... 0. 0. 0.]
 [0. 0. 0. ... 0. 0. 0.]]","[[0. 0. 0. ... 0. 0. 0.]
 [0. 0. 0. ... 0. 0. 0.]
 [0. 0. 0. ... 0. 0. 0.]
 ...
 [0. 0. 0. ... 0. 0. 0.]
 [0. 0. 0. ... 0. 0. 0.]
 [0. 0. 0. ... 0. 0. 0.]]",0.4031915411430988,0.28774010909303765
422,4,20.0,25.0,0.05,1e-05,0.01,0.8000000000000003,5.4038654740261824,0.8577592954990216,0.8114071370792998,"[[[0.9996266 1.0005372 1.0001259 ... 1.0000607 0.9997864 0.9997067]
  [1.0000114 0.9998778 0.9997411 ... 1.0001519 1.0003351 1.0003186]
  [1.000101  0.9998182 0.9993896 ... 1.0002918 1.0001419 0.9999936]
  ...
  [0.9998428 0.9999198 1.0005174 ... 0.9998121 0.9997501 1.0000066]
  [0.9998564 1.0004278 1.0003482 ... 1.0004593 1.0001659 0.9997517]
  [0.9991356 0.9997879 0.9994703 ... 0.9997534 1.0003321 1.0002583]]

 [[0.9996266 1.0005373 1.0001256 ... 1.0000606 0.9997859 0.9997059]
  [1.0000113 0.9998777 0.9997408 ... 0.99941   1.0003349 1.0003182]
  [1.0001009 0.999818  0.9993893 ... 1.0002913 1.0001414 0.9999932]
  ...
  [0.9998428 0.9999198 0.9998859 ... 0.9998111 0.9997491 1.0000057]
  [0.9998565 1.0004277 1.000348  ... 0.9996339 1.0001652 0.9997509]
  [0.9991356 0.9997875 0.9994702 ... 0.9997523 1.0003313 1.0002569]]]","[[[0.00000000e+00 4.46260830e-05 1.77202919e-05 ... 1.11995743e-05
   0.00000000e+00 0.00000000e+00]
  [3.39010808e-06 0.00000000e+00 0.00000000e+00 ... 0.00000000e+00
   2.06577944e-05 1.97007423e-05]
  [1.65745778e-06 0.00000000e+00 0.00000000e+00 ... 2.37645391e-06
   0.00000000e+00 0.00000000e+00]
  ...
  [1.18537370e-05 1.77937874e-05 0.00000000e+00 ... 1.28864536e-05
   8.08552279e-06 2.33900147e-05]
  [1.27179575e-05 4.61413376e-05 3.99759088e-05 ... 0.00000000e+00
   3.24978788e-05 4.37057501e-06]
  [0.00000000e+00 2.83986705e-06 0.00000000e+00 ... 0.00000000e+00
   3.48936358e-05 3.30168103e-05]]

 [[6.54470261e-06 0.00000000e+00 0.00000000e+00 ... 0.00000000e+00
   2.96342818e-06 4.88861867e-06]
  [0.00000000e+00 1.56612062e-06 9.48198302e-06 ... 1.41207797e-04
   0.00000000e+00 0.00000000e+00]
  [9.17211561e-07 1.31981167e-05 4.27457454e-05 ... 6.24728379e-06
   7.26847787e-06 1.50344710e-05]
  ...
  [0.00000000e+00 0.00000000e+00 5.32211577e-05 ... 0.00000000e+00
   0.00000000e+00 0.00000000e+00]
  [0.00000000e+00 0.00000000e+00 0.00000000e+00 ... 9.44455159e-05
   0.00000000e+00 0.00000000e+00]
  [2.96250245e-05 0.00000000e+00 1.35918122e-05 ... 0.00000000e+00
   0.00000000e+00 0.00000000e+00]]]","[[0. 0. 0. ... 0. 0. 0.]
 [0. 0. 0. ... 0. 0. 0.]
 [0. 0. 0. ... 0. 0. 0.]
 ...
 [0. 0. 0. ... 0. 0. 0.]
 [0. 0. 0. ... 0. 0. 0.]
 [0. 0. 0. ... 0. 0. 0.]]","[[0. 0. 0. ... 0. 0. 0.]
 [0. 0. 0. ... 0. 0. 0.]
 [0. 0. 0. ... 0. 0. 0.]
 ...
 [0. 0. 0. ... 0. 0. 0.]
 [0. 0. 0. ... 0. 0. 0.]
 [0. 0. 0. ... 0. 0. 0.]]",0.5809253369119821,0.5642938255806426
422,4,20.0,25.0,0.05,1e-05,0.02,0.8000000000000003,2.367517662037983,0.8577592954990216,0.8780668983177335,"[[[0.9996631 1.0004994 1.0002133 ... 0.9997369 0.999716  0.9999914]
  [0.9997821 1.0001647 0.9994488 ... 1.0001518 1.0001456 1.0003194]
  [1.0000805 0.9999348 0.9993894 ... 1.0002918 0.9999194 1.0001116]
  ...
  [0.999843  0.9999212 1.0005175 ... 1.0002513 1.0001655 1.0001673]
  [0.9998567 1.000428  1.0001051 ... 1.0004592 0.9997163 1.000109 ]
  [1.0001236 0.999788  0.999916  ... 0.9999458 1.0000452 1.0004265]]

 [[0.9996631 1.0004992 1.0002134 ... 0.9997369 0.999716  0.9999913]
  [0.9997822 1.0001646 0.9994488 ... 1.0001518 1.0001456 1.0003189]
  [1.0000806 0.9999347 0.9993895 ... 1.000292  0.9999194 1.0001113]
  ...
  [0.999843  0.9999212 1.0005174 ... 1.0002514 1.0001656 1.0001669]
  [0.9998567 1.0004278 1.000105  ... 1.0004593 0.9997163 1.0001088]
  [1.0001235 0.9997878 0.999916  ... 0.9999461 1.0000454 1.0004264]]]","[[[0.00000000e+00 0.00000000e+00 0.00000000e+00 ... 0.00000000e+00
   0.00000000e+00 0.00000000e+00]
  [0.00000000e+00 0.00000000e+00 0.00000000e+00 ... 0.00000000e+00
   0.00000000e+00 0.00000000e+00]
  [0.00000000e+00 0.00000000e+00 0.00000000e+00 ... 0.00000000e+00
   0.00000000e+00 0.00000000e+00]
  ...
  [0.00000000e+00 0.00000000e+00 0.00000000e+00 ... 0.00000000e+00
   0.00000000e+00 0.00000000e+00]
  [0.00000000e+00 0.00000000e+00 0.00000000e+00 ... 0.00000000e+00
   0.00000000e+00 0.00000000e+00]
  [0.00000000e+00 0.00000000e+00 0.00000000e+00 ... 0.00000000e+00
   0.00000000e+00 0.00000000e+00]]

 [[8.66350766e-05 2.86057440e-05 4.75982810e-05 ... 6.92590732e-05
   7.77878605e-05 6.28898676e-05]
  [7.65612875e-05 4.60782276e-05 9.02488782e-05 ... 4.42200995e-05
   5.03312078e-05 4.06162178e-05]
  [5.76320796e-05 6.01664438e-05 8.92319793e-05 ... 3.84888094e-05
   7.08569988e-05 5.89415251e-05]
  ...
  [8.39198117e-05 8.01363662e-05 4.00268100e-05 ... 4.52285857e-05
   5.66543094e-05 6.06719644e-05]
  [8.05198706e-05 4.19518313e-05 6.71539947e-05 ... 2.88228596e-05
   8.53448550e-05 6.06026648e-05]
  [5.83951626e-05 8.32469921e-05 7.48951038e-05 ... 5.93803017e-05
   5.71448074e-05 3.60384278e-05]]]","[[0. 0. 0. ... 0. 0. 0.]
 [0. 0. 0. ... 0. 0. 0.]
 [0. 0. 0. ... 0. 0. 0.]
 ...
 [0. 0. 0. ... 0. 0. 0.]
 [0. 0. 0. ... 0. 0. 0.]
 [0. 0. 0. ... 0. 0. 0.]]","[[0. 0. 0. ... 0. 0. 0.]
 [0. 0. 0. ... 0. 0. 0.]
 [0. 0. 0. ... 0. 0. 0.]
 ...
 [0. 0. 0. ... 0. 0. 0.]
 [0. 0. 0. ... 0. 0. 0.]
 [0. 0. 0. ... 0. 0. 0.]]",0.5823820717481178,0.6378205243569008
422,4,20.0,25.0,0.05,1e-05,0.03,0.8000000000000003,8.045090053615395,0.8577592954990215,0.9267668032651748,"[[[0.9996266 1.0005372 1.0001256 ... 1.000061  0.9997865 0.9997067]
  [1.0000111 0.9998777 0.9997409 ... 1.000152  1.0003352 1.0003188]
  [1.0001007 0.999818  0.9993894 ... 1.000292  1.0001419 0.9999937]
  ...
  [0.9990144 0.9999199 1.0005176 ... 0.9998116 0.9997496 1.0000062]
  [0.9998567 1.0004281 1.0003484 ... 1.0004593 1.0001658 0.9997517]
  [1.0001235 0.9997881 0.9994705 ... 0.9997532 1.000332  1.0002577]]

 [[0.9996266 1.0005373 1.0001258 ... 1.0000608 0.9997862 0.9997063]
  [1.0000111 0.9998777 0.999741  ... 1.0001518 1.0003349 1.0003184]
  [1.0001006 0.9998182 0.9993895 ... 1.0009694 1.0001416 0.9999934]
  ...
  [0.9998427 0.99992   1.0005174 ... 0.9998116 0.9997496 1.0000063]
  [0.9998564 1.0004281 1.0003484 ... 1.0004591 1.0001656 0.9997514]
  [1.0001235 0.999788  0.9994703 ... 0.9997531 1.0003318 1.000258 ]]]","[[[0.00000000e+00 2.72366507e-06 0.00000000e+00 ... 0.00000000e+00
   0.00000000e+00 0.00000000e+00]
  [0.00000000e+00 0.00000000e+00 0.00000000e+00 ... 0.00000000e+00
   0.00000000e+00 0.00000000e+00]
  [0.00000000e+00 0.00000000e+00 0.00000000e+00 ... 1.02695351e-04
   0.00000000e+00 0.00000000e+00]
  ...
  [5.51777845e-05 0.00000000e+00 5.72277638e-06 ... 0.00000000e+00
   0.00000000e+00 0.00000000e+00]
  [0.00000000e+00 0.00000000e+00 0.00000000e+00 ... 0.00000000e+00
   0.00000000e+00 0.00000000e+00]
  [0.00000000e+00 0.00000000e+00 0.00000000e+00 ... 0.00000000e+00
   0.00000000e+00 0.00000000e+00]]

 [[8.04950812e-05 1.48922950e-05 3.94735865e-05 ... 4.64128776e-05
   7.10611738e-05 7.58136148e-05]
  [5.94598946e-05 6.52019729e-05 7.07077237e-05 ... 4.96061779e-05
   4.13916346e-05 4.11891966e-05]
  [6.20602981e-05 7.41435180e-05 1.02948889e-04 ... 0.00000000e+00
   6.22872820e-05 7.06458735e-05]
  ...
  [0.00000000e+00 5.49288355e-05 8.89798028e-06 ... 5.84726758e-05
   6.15882059e-05 4.79234834e-05]
  [6.21441148e-05 2.03494458e-05 2.31014067e-05 ... 1.67222114e-05
   3.86077763e-05 6.71725552e-05]
  [4.24899153e-05 6.50489676e-05 8.18145618e-05 ... 6.69109427e-05
   2.99109535e-05 3.47402260e-05]]]","[[0. 0. 0. ... 0. 0. 0.]
 [0. 0. 0. ... 0. 0. 0.]
 [0. 0. 0. ... 0. 0. 0.]
 ...
 [0. 0. 0. ... 0. 0. 0.]
 [0. 0. 0. ... 0. 0. 0.]
 [0. 0. 0. ... 0. 0. 0.]]","[[0. 0. 0. ... 0. 0. 0.]
 [0. 0. 0. ... 0. 0. 0.]
 [0. 0. 0. ... 0. 0. 0.]
 ...
 [0. 0. 0. ... 0. 0. 0.]
 [0. 0. 0. ... 0. 0. 0.]
 [0. 0. 0. ... 0. 0. 0.]]",0.5349666135826552,0.7902488870828035
422,5,20.0,25.0,0.0,1e-05,0.01,0.2,29.311159901671953,0.23438405917277527,0.30308474554093684,"[[[0.9996631 1.0004992 1.0002133 ... 0.9997367 0.9997156 0.9999907]
  [0.9997823 1.0001647 0.9994487 ... 1.0001516 1.0001453 1.0003186]
  [1.0000803 0.9999348 0.9993893 ... 1.0002913 0.9999188 1.0001107]
  ...
  [0.9998429 0.999921  1.0005172 ... 1.0002513 1.0001653 1.0001667]
  [0.9998565 1.0004277 1.0001047 ... 1.000459  0.999716  1.0001082]
  [1.0001231 0.9997876 0.9999156 ... 0.9999458 1.000045  1.0004259]]

 [[0.9996631 1.0004994 1.0002134 ... 0.999737  0.999716  0.999991 ]
  [0.9997823 1.000165  0.9994491 ... 1.000152  1.0001458 1.000319 ]
  [1.0000808 0.9999349 0.9998542 ... 0.9998852 0.9999198 1.0001113]
  ...
  [0.9998433 0.9999217 1.000518  ... 1.0002517 1.0001659 1.0001669]
  [0.999857  1.0004286 1.0001056 ... 1.0004593 0.9997166 1.0001082]
  [1.0001237 0.9997881 0.9999166 ... 0.9999462 1.0000457 1.0004262]]]","[[[4.80077722e-04 0.00000000e+00 0.00000000e+00 ... 3.74345175e-04
   4.04250367e-04 1.24388298e-05]
  [3.10186116e-04 0.00000000e+00 7.84694970e-04 ... 0.00000000e+00
   0.00000000e+00 0.00000000e+00]
  [0.00000000e+00 9.25942619e-05 0.00000000e+00 ... 7.05463439e-04
   1.13053991e-04 0.00000000e+00]
  ...
  [2.22735800e-04 1.10731962e-04 0.00000000e+00 ... 0.00000000e+00
   0.00000000e+00 0.00000000e+00]
  [2.03040690e-04 0.00000000e+00 0.00000000e+00 ... 0.00000000e+00
   4.03082556e-04 0.00000000e+00]
  [0.00000000e+00 3.01309631e-04 1.17473896e-04 ... 7.62240842e-05
   0.00000000e+00 0.00000000e+00]]

 [[0.00000000e+00 1.19723375e-03 5.11803788e-04 ... 0.00000000e+00
   0.00000000e+00 0.00000000e+00]
  [0.00000000e+00 3.96054228e-04 0.00000000e+00 ... 3.65175387e-04
   3.50587400e-04 7.65511348e-04]
  [1.94835212e-04 0.00000000e+00 7.08368765e-04 ... 0.00000000e+00
   0.00000000e+00 2.68268015e-04]
  ...
  [0.00000000e+00 0.00000000e+00 1.24315002e-03 ... 6.04071732e-04
   3.99156051e-04 4.00628542e-04]
  [0.00000000e+00 1.02916553e-03 2.55364511e-04 ... 1.10178739e-03
   0.00000000e+00 2.59485307e-04]
  [2.97993034e-04 0.00000000e+00 0.00000000e+00 ... 0.00000000e+00
   1.11070012e-04 1.02209659e-03]]]","[[0. 0. 0. ... 0. 0. 0.]
 [0. 0. 0. ... 0. 0. 0.]
 [0. 0. 0. ... 0. 0. 0.]
 ...
 [0. 0. 0. ... 0. 0. 0.]
 [0. 0. 0. ... 0. 0. 0.]
 [0. 0. 0. ... 0. 0. 0.]]","[[0. 0. 0. ... 0. 0. 0.]
 [0. 0. 0. ... 0. 0. 0.]
 [0. 0. 0. ... 0. 0. 0.]
 ...
 [0. 0. 0. ... 0. 0. 0.]
 [0. 0. 0. ... 0. 0. 0.]
 [0. 0. 0. ... 0. 0. 0.]]",0.29089256123304114,0.11297252334231286
422,5,20.0,25.0,0.0,1e-05,0.02,0.2,36.59139463440262,0.23438405917277527,0.3201484552248172,"[[[0.9996266 1.0005372 1.0001255 ... 1.0000608 0.9997863 0.9997066]
  [1.0000113 0.9998779 0.9997408 ... 1.0001519 1.0003352 1.0003189]
  [1.0001009 0.9998183 0.9993892 ... 1.0009696 1.0001419 0.9999938]
  ...
  [0.999843  0.9999202 1.0005174 ... 0.9998116 0.9997495 1.0000063]
  [0.9998566 1.0004281 1.0003481 ... 0.9996344 1.0001656 0.9997516]
  [1.0001235 0.999788  0.9994702 ... 0.999753  1.0003318 1.0002577]]

 [[0.9996266 1.0005372 1.0001255 ... 1.0000607 0.9997863 0.9997061]
  [1.0000113 0.9998778 0.9997409 ... 1.0001518 1.0003351 1.0003183]
  [1.0001009 0.9998181 0.9993893 ... 1.0009696 1.0001417 0.9999932]
  ...
  [0.9990144 0.9999199 1.0005172 ... 0.9998117 0.9997496 1.0000061]
  [0.9998566 1.000428  1.0003484 ... 0.9996346 1.0001658 0.9997515]
  [1.0001236 0.999788  0.9994704 ... 0.9997531 1.0003319 1.0002578]]]","[[[5.32144690e-04 0.00000000e+00 0.00000000e+00 ... 0.00000000e+00
   3.04486963e-04 4.19536364e-04]
  [0.00000000e+00 1.74263933e-04 3.69051388e-04 ... 0.00000000e+00
   0.00000000e+00 0.00000000e+00]
  [0.00000000e+00 2.59528856e-04 8.70227996e-04 ... 0.00000000e+00
   0.00000000e+00 1.04812158e-05]
  ...
  [2.51124798e-03 1.14542127e-04 0.00000000e+00 ... 2.68142392e-04
   3.56650218e-04 0.00000000e+00]
  [2.04343456e-04 0.00000000e+00 0.00000000e+00 ... 5.20360185e-04
   0.00000000e+00 3.54250594e-04]
  [0.00000000e+00 3.02108478e-04 7.54425116e-04 ... 3.51641444e-04
   0.00000000e+00 0.00000000e+00]]

 [[0.00000000e+00 1.28753529e-03 3.00936915e-04 ... 1.45191938e-04
   0.00000000e+00 0.00000000e+00]
  [2.71484433e-05 0.00000000e+00 0.00000000e+00 ... 3.63534959e-04
   8.03014544e-04 7.61646343e-04]
  [2.41782348e-04 0.00000000e+00 0.00000000e+00 ... 2.32369654e-03
   3.39530656e-04 0.00000000e+00]
  ...
  [0.00000000e+00 0.00000000e+00 1.23955765e-03 ... 0.00000000e+00
   0.00000000e+00 1.40294102e-05]
  [0.00000000e+00 1.02557942e-03 8.36098635e-04 ... 0.00000000e+00
   3.98069946e-04 0.00000000e+00]
  [2.96632557e-04 0.00000000e+00 0.00000000e+00 ... 0.00000000e+00
   7.95839184e-04 6.18398754e-04]]]","[[0. 0. 0. ... 0. 0. 0.]
 [0. 0. 0. ... 0. 0. 0.]
 [0. 0. 0. ... 0. 0. 0.]
 ...
 [0. 0. 0. ... 0. 0. 0.]
 [0. 0. 0. ... 0. 0. 0.]
 [0. 0. 0. ... 0. 0. 0.]]","[[0. 0. 0. ... 0. 0. 0.]
 [0. 0. 0. ... 0. 0. 0.]
 [0. 0. 0. ... 0. 0. 0.]
 ...
 [0. 0. 0. ... 0. 0. 0.]
 [0. 0. 0. ... 0. 0. 0.]
 [0. 0. 0. ... 0. 0. 0.]]",0.51564322782378,0.29084580987070474
422,5,20.0,25.0,0.0,1e-05,0.03,0.2,42.687256125070824,0.23438405917277516,0.33443618282819526,"[[[0.9996266 1.0005374 1.0001261 ... 1.0000612 0.9997869 0.9997071]
  [1.0000112 0.9998778 0.9997412 ... 1.000152  1.0003357 1.0003192]
  [1.0001009 0.9998183 0.9998544 ... 1.0009698 1.0001423 0.9999942]
  ...
  [0.9990144 0.9999202 1.0005178 ... 0.9998118 0.9997501 1.0000067]
  [0.9998566 1.0004283 1.0003488 ... 1.0004593 1.0001662 0.9997518]
  [0.9991356 0.9997881 0.9994708 ... 0.9997532 1.0003324 1.0002582]]

 [[0.9996266 1.0005368 1.0001252 ... 1.0000604 0.9997862 0.9997061]
  [1.0000113 0.9998774 0.9997408 ... 1.0001518 1.0003351 1.0003184]
  [1.0001009 0.9998178 0.9993891 ... 1.0009694 1.0001415 0.9999933]
  ...
  [0.9998425 0.9999194 0.9998858 ... 0.9998113 0.9997493 1.0000057]
  [0.9998565 1.0004277 1.000348  ... 0.9996342 1.0001653 0.999751 ]
  [1.0001235 0.9997876 0.99947   ... 0.9997526 1.0003318 1.0002573]]]","[[[5.32011944e-04 0.00000000e+00 0.00000000e+00 ... 0.00000000e+00
   3.05478470e-04 4.20039300e-04]
  [0.00000000e+00 1.75126852e-04 3.69807153e-04 ... 0.00000000e+00
   0.00000000e+00 0.00000000e+00]
  [0.00000000e+00 2.60225227e-04 1.49156950e-03 ... 0.00000000e+00
   0.00000000e+00 1.05797885e-05]
  ...
  [0.00000000e+00 1.15725974e-04 1.00576867e-03 ... 2.69480661e-04
   3.58135947e-04 0.00000000e+00]
  [2.04537450e-04 0.00000000e+00 0.00000000e+00 ... 1.62203306e-03
   0.00000000e+00 3.55834212e-04]
  [0.00000000e+00 3.03118148e-04 7.56237762e-04 ... 3.53226127e-04
   0.00000000e+00 0.00000000e+00]]

 [[0.00000000e+00 1.28555139e-03 2.98140201e-04 ... 1.43488618e-04
   0.00000000e+00 0.00000000e+00]
  [2.76370013e-05 0.00000000e+00 0.00000000e+00 ... 3.63485385e-04
   8.02147255e-04 7.61604760e-04]
  [2.41999851e-04 0.00000000e+00 0.00000000e+00 ... 2.32253234e-03
   3.37553155e-04 0.00000000e+00]
  ...
  [1.50753926e-03 0.00000000e+00 0.00000000e+00 ... 0.00000000e+00
   0.00000000e+00 1.17680767e-05]
  [0.00000000e+00 1.02415468e-03 8.32474119e-04 ... 0.00000000e+00
   3.94716978e-04 0.00000000e+00]
  [2.54435204e-03 0.00000000e+00 0.00000000e+00 ... 0.00000000e+00
   7.94161650e-04 6.14771104e-04]]]","[[0. 0. 0. ... 0. 0. 0.]
 [0. 0. 0. ... 0. 0. 0.]
 [0. 0. 0. ... 0. 0. 0.]
 ...
 [0. 0. 0. ... 0. 0. 0.]
 [0. 0. 0. ... 0. 0. 0.]
 [0. 0. 0. ... 0. 0. 0.]]","[[0. 0. 0. ... 0. 0. 0.]
 [0. 0. 0. ... 0. 0. 0.]
 [0. 0. 0. ... 0. 0. 0.]
 ...
 [0. 0. 0. ... 0. 0. 0.]
 [0. 0. 0. ... 0. 0. 0.]
 [0. 0. 0. ... 0. 0. 0.]]",0.5927160095554422,0.3838656209441623
422,5,20.0,25.0,0.05,1e-05,0.01,0.2,51.54905743698032,0.23438405917277527,0.35520683245887513,"[[[0.9996266 1.0005375 1.0001256 ... 1.0000606 0.9997861 0.9997063]
  [1.0000111 0.9998779 0.9997408 ... 1.0001518 1.000335  1.0003186]
  [1.0001009 0.9998182 0.9993893 ... 1.0009694 1.0001417 0.9999936]
  ...
  [0.9998427 0.9999198 1.0005172 ... 0.9998117 0.9997497 1.0000066]
  [0.9998562 1.0004278 1.0003482 ... 1.0004593 1.0001657 0.9997517]
  [1.0001229 0.9997877 0.9994702 ... 0.9997529 1.0003318 1.0002577]]

 [[0.9996266 1.0005374 1.0001261 ... 1.000061  0.9997866 0.9997069]
  [1.0000114 0.999878  0.9997412 ... 1.0001521 1.0003355 1.0003194]
  [1.000101  0.9998184 0.9998542 ... 0.9998856 1.0001425 0.9999943]
  ...
  [0.9998433 0.9999204 1.0005178 ... 0.9998119 0.9997499 1.0000069]
  [0.9998568 1.0004286 1.000349  ... 1.0004596 1.0001662 0.999752 ]
  [1.0001237 0.9997882 0.9994706 ... 0.9997535 1.0003325 1.0002584]]]","[[[0.00000000e+00 2.05860703e-05 0.00000000e+00 ... 0.00000000e+00
   0.00000000e+00 0.00000000e+00]
  [0.00000000e+00 0.00000000e+00 0.00000000e+00 ... 1.14282871e-05
   1.42648180e-05 9.53686623e-06]
  [0.00000000e+00 0.00000000e+00 3.28868230e-05 ... 0.00000000e+00
   5.54643927e-06 0.00000000e+00]
  ...
  [0.00000000e+00 0.00000000e+00 1.13795424e-05 ... 0.00000000e+00
   0.00000000e+00 0.00000000e+00]
  [0.00000000e+00 9.50909291e-06 1.93716068e-06 ... 1.48838842e-05
   0.00000000e+00 0.00000000e+00]
  [0.00000000e+00 0.00000000e+00 0.00000000e+00 ... 0.00000000e+00
   9.11334851e-06 3.68377954e-06]]

 [[4.64481967e-05 0.00000000e+00 1.42819156e-05 ... 3.69169127e-06
   2.92356121e-05 3.75836946e-05]
  [1.92064370e-05 2.96680542e-05 4.00718382e-05 ... 0.00000000e+00
   0.00000000e+00 0.00000000e+00]
  [1.44127566e-05 3.22740299e-05 0.00000000e+00 ... 1.35260790e-04
   0.00000000e+00 2.05315730e-05]
  ...
  [3.77189163e-05 3.67735835e-05 0.00000000e+00 ... 4.01872315e-05
   4.19927382e-05 2.45257399e-05]
  [3.51584750e-05 0.00000000e+00 9.12789695e-06 ... 0.00000000e+00
   1.24424984e-05 4.04502405e-05]
  [1.40318197e-05 4.05989603e-05 6.27621003e-05 ... 3.30640436e-05
   0.00000000e+00 3.20197860e-06]]]","[[0. 0. 0. ... 0. 0. 0.]
 [0. 0. 0. ... 0. 0. 0.]
 [0. 0. 0. ... 0. 0. 0.]
 ...
 [0. 0. 0. ... 0. 0. 0.]
 [0. 0. 0. ... 0. 0. 0.]
 [0. 0. 0. ... 0. 0. 0.]]","[[0. 0. 0. ... 0. 0. 0.]
 [0. 0. 0. ... 0. 0. 0.]
 [0. 0. 0. ... 0. 0. 0.]
 ...
 [0. 0. 0. ... 0. 0. 0.]
 [0. 0. 0. ... 0. 0. 0.]
 [0. 0. 0. ... 0. 0. 0.]]",0.6003333520783245,0.29556473556130447
422,5,20.0,25.0,0.05,1e-05,0.02,0.2,69.38702371866911,0.23438405917277527,0.3970161819037683,"[[[0.9996631 1.0004992 1.000213  ... 0.9997369 0.9997158 0.9999911]
  [0.9997823 1.0001647 0.9994486 ... 1.0001518 1.0001453 1.0003186]
  [1.0000802 0.9999345 0.9993891 ... 1.0002918 0.9999191 1.0001106]
  ...
  [0.9998431 0.9999214 1.0005174 ... 1.000251  1.0001651 1.0001664]
  [0.9998565 1.0004278 1.0001048 ... 1.000459  0.9993182 0.9992361]
  [1.0001235 0.9997879 0.9999163 ... 0.9999458 1.000045  1.0004259]]

 [[0.9996266 1.0005372 1.0001256 ... 1.0000606 0.9997863 0.9997064]
  [1.0000111 0.9998775 0.999741  ... 1.0001518 1.0003353 1.0003186]
  [1.0001007 0.9998178 0.9993893 ... 1.0009692 1.0001419 0.9999936]
  ...
  [0.9998425 0.9999196 1.0005175 ... 0.9998116 0.9997496 1.0000062]
  [0.9998565 1.0004278 1.0003484 ... 0.9996344 1.0001658 0.9997517]
  [0.9991356 0.9997879 0.9994705 ... 0.9997528 1.0003321 1.0002578]]]","[[[0.00000000e+00 5.81170554e-05 1.65736736e-05 ... 5.02713411e-05
   3.99993093e-06 0.00000000e+00]
  [3.65485196e-05 0.00000000e+00 3.00624583e-05 ... 6.94010719e-06
   4.14224406e-05 2.45640720e-05]
  [1.05455565e-05 0.00000000e+00 0.00000000e+00 ... 1.31672945e-04
   2.71163796e-05 0.00000000e+00]
  ...
  [1.61574396e-05 1.71067038e-05 5.02510860e-05 ... 0.00000000e+00
   0.00000000e+00 9.47597310e-06]
  [1.89403545e-05 4.95616371e-05 6.81207117e-05 ... 0.00000000e+00
   1.31971315e-04 6.62976849e-05]
  [0.00000000e+00 1.22334451e-05 0.00000000e+00 ... 0.00000000e+00
   6.92736341e-05 2.00182199e-05]]

 [[0.00000000e+00 0.00000000e+00 0.00000000e+00 ... 0.00000000e+00
   0.00000000e+00 3.00149993e-05]
  [0.00000000e+00 2.47459494e-05 0.00000000e+00 ... 0.00000000e+00
   0.00000000e+00 0.00000000e+00]
  [0.00000000e+00 1.12614185e-05 2.60053575e-05 ... 0.00000000e+00
   0.00000000e+00 2.04397011e-05]
  ...
  [0.00000000e+00 0.00000000e+00 0.00000000e+00 ... 1.87325729e-05
   2.14532734e-05 0.00000000e+00]
  [0.00000000e+00 0.00000000e+00 0.00000000e+00 ... 8.64997117e-05
   0.00000000e+00 0.00000000e+00]
  [1.39524044e-04 0.00000000e+00 5.77361541e-05 ... 8.42223923e-06
   0.00000000e+00 0.00000000e+00]]]","[[0. 0. 0. ... 0. 0. 0.]
 [0. 0. 0. ... 0. 0. 0.]
 [0. 0. 0. ... 0. 0. 0.]
 ...
 [0. 0. 0. ... 0. 0. 0.]
 [0. 0. 0. ... 0. 0. 0.]
 [0. 0. 0. ... 0. 0. 0.]]","[[0. 0. 0. ... 0. 0. 0.]
 [0. 0. 0. ... 0. 0. 0.]
 [0. 0. 0. ... 0. 0. 0.]
 ...
 [0. 0. 0. ... 0. 0. 0.]
 [0. 0. 0. ... 0. 0. 0.]
 [0. 0. 0. ... 0. 0. 0.]]",0.6009167218017862,0.3315592580503544
422,5,20.0,25.0,0.05,1e-05,0.03,0.2,82.60208729751209,0.23438405917277516,0.42799018434212327,"[[[1.0009124 1.0000353 1.000083  ... 0.9997637 0.9997155 0.9997077]
  [1.000083  1.0001643 1.0003698 ... 1.0003846 1.0003933 0.9998945]
  [1.0001276 1.0001367 0.9998532 ... 1.0002917 1.0001963 1.000158 ]
  ...
  [1.0005639 1.000328  1.0000203 ... 0.9994284 1.000378  0.9998971]
  [0.9999943 1.00052   0.9997604 ... 1.0001032 0.9997157 0.9992361]
  [0.9999468 0.9993099 0.9999157 ... 0.9999458 0.9999537 0.9997247]]

 [[0.9996631 1.0004994 1.0002131 ... 0.9997372 0.9997158 0.999991 ]
  [0.9997822 1.0001646 0.9994486 ... 1.0001521 1.0001456 1.0003186]
  [1.0000808 0.9999348 0.9993893 ... 1.000292  0.9999191 1.0001107]
  ...
  [0.9998429 0.999921  1.000517  ... 1.0002517 1.0001653 1.0001667]
  [0.9998568 1.000428  1.0001048 ... 1.0004592 0.9997159 1.0001082]
  [1.0001239 0.9997882 0.9999159 ... 0.9999462 1.000045  1.0004264]]]","[[[0.00000000e+00 5.71795142e-05 1.05400327e-06 ... 0.00000000e+00
   0.00000000e+00 2.88400324e-06]
  [0.00000000e+00 0.00000000e+00 0.00000000e+00 ... 0.00000000e+00
   0.00000000e+00 4.18845017e-05]
  [0.00000000e+00 0.00000000e+00 0.00000000e+00 ... 0.00000000e+00
   0.00000000e+00 0.00000000e+00]
  ...
  [0.00000000e+00 0.00000000e+00 3.97416075e-05 ... 8.77786104e-05
   0.00000000e+00 1.97267170e-06]
  [0.00000000e+00 0.00000000e+00 0.00000000e+00 ... 4.49170649e-05
   0.00000000e+00 6.68168920e-05]
  [0.00000000e+00 2.95342431e-06 0.00000000e+00 ... 0.00000000e+00
   0.00000000e+00 6.95901951e-05]]

 [[2.28711288e-04 0.00000000e+00 1.42291118e-05 ... 4.71033902e-05
   6.27825348e-05 1.31450550e-05]
  [9.17820872e-05 1.81621863e-05 1.74519013e-04 ... 4.95782373e-05
   6.26022649e-05 0.00000000e+00]
  [4.31807015e-05 5.69346271e-05 1.10749068e-04 ... 1.95834286e-05
   8.94754392e-05 4.89374636e-05]
  ...
  [1.69830721e-04 1.27621906e-04 0.00000000e+00 ... 0.00000000e+00
   7.03416093e-05 1.97241830e-05]
  [9.42881368e-05 5.11260352e-05 2.68592931e-05 ... 0.00000000e+00
   7.76842716e-05 0.00000000e+00]
  [2.95934392e-05 1.76617319e-05 7.32435043e-05 ... 3.85122483e-05
   3.59067547e-05 0.00000000e+00]]]","[[0. 0. 0. ... 0. 0. 0.]
 [0. 0. 0. ... 0. 0. 0.]
 [0. 0. 0. ... 0. 0. 0.]
 ...
 [0. 0. 0. ... 0. 0. 0.]
 [0. 0. 0. ... 0. 0. 0.]
 [0. 0. 0. ... 0. 0. 0.]]","[[0. 0. 0. ... 0. 0. 0.]
 [0. 0. 0. ... 0. 0. 0.]
 [0. 0. 0. ... 0. 0. 0.]
 ...
 [0. 0. 0. ... 0. 0. 0.]
 [0. 0. 0. ... 0. 0. 0.]
 [0. 0. 0. ... 0. 0. 0.]]",0.5941947928658131,0.38016857272234994
422,5,20.0,25.0,0.0,1e-05,0.01,0.30000000000000004,10.278272773576498,0.3780073965969021,0.4168600279234268,"[[[1.0009124 1.0000356 1.0000834 ... 0.999764  0.9997158 0.9997079]
  [1.000083  1.0001647 1.0003705 ... 1.0003849 1.0002817 0.9998947]
  [1.0001278 1.0001372 0.999854  ... 1.0002918 1.0001967 1.000158 ]
  ...
  [1.0005639 1.0003281 1.0000209 ... 0.9994283 1.0003784 0.9998973]
  [0.9999945 1.0005205 0.9997609 ... 1.0001034 1.0008446 0.9992364]
  [0.999947  0.9993101 0.9999161 ... 0.9999461 0.9999541 0.9997254]]

 [[0.9996631 1.0004996 1.0002135 ... 0.9997371 0.9997159 0.9999911]
  [0.9997822 1.0005574 0.9994489 ... 1.0001519 1.0001456 1.000319 ]
  [1.0000803 0.9999348 0.9993895 ... 0.999885  0.9999193 1.0001111]
  ...
  [0.9998429 0.9999212 1.0005172 ... 1.0002514 1.0001655 1.0001669]
  [0.9998566 1.0004282 1.0001049 ... 1.0004592 0.9993186 0.9992368]
  [1.0001236 0.9997881 0.9999162 ... 0.9999461 1.0000453 1.0004264]]]","[[[2.14652776e-03 0.00000000e+00 0.00000000e+00 ... 4.10575618e-04
   4.04614314e-04 0.00000000e+00]
  [7.11655710e-04 0.00000000e+00 2.01520594e-03 ... 9.44901254e-05
   0.00000000e+00 0.00000000e+00]
  [0.00000000e+00 3.62961011e-04 1.49003960e-03 ... 7.06550875e-04
   4.85079062e-04 0.00000000e+00]
  ...
  [1.18565905e-03 6.55056972e-04 0.00000000e+00 ... 0.00000000e+00
   4.82569763e-05 0.00000000e+00]
  [3.88361541e-04 0.00000000e+00 0.00000000e+00 ... 0.00000000e+00
   3.00712850e-03 1.08718368e-03]
  [0.00000000e+00 0.00000000e+00 1.19224398e-04 ... 7.67493034e-05
   0.00000000e+00 0.00000000e+00]]

 [[0.00000000e+00 2.25271891e-03 8.07687615e-04 ... 0.00000000e+00
   0.00000000e+00 6.23153621e-04]
  [0.00000000e+00 2.22906755e-03 0.00000000e+00 ... 0.00000000e+00
   3.93887179e-05 1.72990375e-03]
  [8.47610014e-05 0.00000000e+00 0.00000000e+00 ... 0.00000000e+00
   0.00000000e+00 1.59853969e-04]
  ...
  [0.00000000e+00 0.00000000e+00 2.36873926e-03 ... 2.47549756e-03
   0.00000000e+00 1.01339003e-03]
  [0.00000000e+00 8.16687959e-04 1.03406813e-03 ... 1.90997247e-03
   0.00000000e+00 0.00000000e+00]
  [6.98144069e-04 5.79841972e-04 0.00000000e+00 ... 0.00000000e+00
   3.16096615e-04 2.61670077e-03]]]","[[0. 0. 0. ... 0. 0. 0.]
 [0. 0. 0. ... 0. 0. 0.]
 [0. 0. 0. ... 0. 0. 0.]
 ...
 [0. 0. 0. ... 0. 0. 0.]
 [0. 0. 0. ... 0. 0. 0.]
 [0. 0. 0. ... 0. 0. 0.]]","[[0. 0. 0. ... 0. 0. 0.]
 [0. 0. 0. ... 0. 0. 0.]
 [0. 0. 0. ... 0. 0. 0.]
 ...
 [0. 0. 0. ... 0. 0. 0.]
 [0. 0. 0. ... 0. 0. 0.]
 [0. 0. 0. ... 0. 0. 0.]]",0.11967576898089553,0.0439189438735075
422,5,20.0,25.0,0.0,1e-05,0.02,0.30000000000000004,17.500712628292458,0.3780073965969021,0.4441613847890157,"[[[0.9996266 1.0005374 1.0001256 ... 1.0000609 0.9997863 0.9997064]
  [1.0000114 0.9998779 0.9997411 ... 1.000152  1.0003355 1.0003186]
  [1.0001011 0.9998184 0.9998542 ... 1.0009698 1.0001421 0.9999939]
  ...
  [0.9998428 0.9999199 1.0005174 ... 0.9998118 0.9997497 1.0000064]
  [0.9998565 1.0004281 1.0003483 ... 1.0004593 1.0001659 0.9997517]
  [0.9991356 0.9997879 0.9994703 ... 0.9997531 1.000332  1.0002578]]

 [[0.9996266 1.0005373 1.0001256 ... 1.0000608 0.9997865 0.9997064]
  [1.0000113 0.9998779 0.9997411 ... 1.0001519 1.0003353 1.0003186]
  [1.0001009 0.9998182 0.9993895 ... 1.0002918 1.0001419 0.9999935]
  ...
  [0.9998428 0.99992   1.0005175 ... 0.9998116 0.9997497 1.0000062]
  [0.9998563 1.000428  1.0003483 ... 1.0004591 1.0001658 0.9997514]
  [0.9991354 0.9997879 0.9994704 ... 0.9997529 1.0003319 1.0002577]]]","[[[5.32147370e-04 0.00000000e+00 0.00000000e+00 ... 0.00000000e+00
   3.03991493e-04 4.18397595e-04]
  [0.00000000e+00 1.73937309e-04 3.68954787e-04 ... 0.00000000e+00
   0.00000000e+00 0.00000000e+00]
  [0.00000000e+00 2.59277089e-04 1.49030121e-03 ... 4.88293711e-04
   0.00000000e+00 9.81474125e-06]
  ...
  [2.23960997e-04 1.13811204e-04 0.00000000e+00 ... 2.68785695e-04
   3.56640209e-04 0.00000000e+00]
  [2.05006525e-04 0.00000000e+00 0.00000000e+00 ... 0.00000000e+00
   0.00000000e+00 3.54660949e-04]
  [1.23274606e-03 3.02190536e-04 7.54581298e-04 ... 3.52453150e-04
   0.00000000e+00 0.00000000e+00]]

 [[0.00000000e+00 1.28754928e-03 3.01225895e-04 ... 1.45488738e-04
   0.00000000e+00 0.00000000e+00]
  [2.68703684e-05 0.00000000e+00 0.00000000e+00 ... 3.63832276e-04
   8.03592070e-04 7.63856436e-04]
  [2.41243249e-04 0.00000000e+00 0.00000000e+00 ... 0.00000000e+00
   3.39555544e-04 0.00000000e+00]
  ...
  [0.00000000e+00 0.00000000e+00 1.24067966e-03 ... 0.00000000e+00
   0.00000000e+00 1.43101257e-05]
  [0.00000000e+00 1.02558815e-03 8.35010468e-04 ... 1.09988091e-03
   3.97259543e-04 0.00000000e+00]
  [0.00000000e+00 0.00000000e+00 0.00000000e+00 ... 0.00000000e+00
   7.95302034e-04 6.17572161e-04]]]","[[0. 0. 0. ... 0. 0. 0.]
 [0. 0. 0. ... 0. 0. 0.]
 [0. 0. 0. ... 0. 0. 0.]
 ...
 [0. 0. 0. ... 0. 0. 0.]
 [0. 0. 0. ... 0. 0. 0.]
 [0. 0. 0. ... 0. 0. 0.]]","[[0. 0. 0. ... 0. 0. 0.]
 [0. 0. 0. ... 0. 0. 0.]
 [0. 0. 0. ... 0. 0. 0.]
 ...
 [0. 0. 0. ... 0. 0. 0.]
 [0. 0. 0. ... 0. 0. 0.]
 [0. 0. 0. ... 0. 0. 0.]]",0.47655980695401007,0.2973177848133643
422,5,20.0,25.0,0.0,1e-05,0.03,0.30000000000000004,20.979035289562834,0.378007396596902,0.45730970172612384,"[[[0.9996631 1.0004995 1.0002131 ... 0.9997369 0.999737  0.9999908]
  [0.9997822 1.0001647 0.9994485 ... 1.0001518 1.0001454 1.0003186]
  [1.0000803 0.9999349 0.9993891 ... 1.0002918 0.9999191 1.0001107]
  ...
  [0.999843  0.9999213 1.000517  ... 1.0002509 1.0001649 1.0001662]
  [0.9998566 1.000428  1.0001045 ... 1.0004586 0.9997155 0.999236 ]
  [1.0001235 0.9997879 0.9999155 ... 0.9999454 1.0000445 1.0004253]]

 [[0.9996266 1.0005372 1.0001256 ... 1.0000607 0.9997863 0.9997064]
  [1.0000114 0.9998777 0.9997409 ... 1.0001518 1.0003353 1.0003188]
  [1.000101  0.9998181 0.9993894 ... 1.0002918 1.0001419 0.9999937]
  ...
  [0.999843  0.99992   1.0005175 ... 0.9998116 0.9997497 1.0000062]
  [0.999857  1.0004282 1.0003484 ... 1.0004591 1.0001658 0.9997516]
  [1.0001237 0.999788  0.9994704 ... 0.9997527 1.0003318 1.0002577]]]","[[[5.80889275e-04 0.00000000e+00 0.00000000e+00 ... 0.00000000e+00
   2.38669255e-04 7.97948563e-04]
  [0.00000000e+00 5.57260396e-04 0.00000000e+00 ... 0.00000000e+00
   0.00000000e+00 0.00000000e+00]
  [0.00000000e+00 4.15081802e-04 8.69789099e-04 ... 0.00000000e+00
   0.00000000e+00 1.65161027e-04]
  ...
  [2.23678541e-04 1.15693154e-04 0.00000000e+00 ... 8.54643377e-04
   9.10567366e-04 2.04586266e-04]
  [2.03162493e-04 0.00000000e+00 0.00000000e+00 ... 0.00000000e+00
   0.00000000e+00 0.00000000e+00]
  [0.00000000e+00 3.01994994e-04 1.34874549e-03 ... 6.09521604e-04
   0.00000000e+00 0.00000000e+00]]

 [[0.00000000e+00 1.37323071e-03 1.02273533e-04 ... 8.82101100e-04
   0.00000000e+00 0.00000000e+00]
  [5.48999816e-04 0.00000000e+00 4.42008464e-05 ... 3.63865985e-04
   1.23578657e-03 7.64466296e-04]
  [2.89033135e-04 0.00000000e+00 0.00000000e+00 ... 6.99625098e-04
   8.46819426e-04 0.00000000e+00]
  ...
  [0.00000000e+00 0.00000000e+00 1.24154320e-03 ... 0.00000000e+00
   0.00000000e+00 0.00000000e+00]
  [0.00000000e+00 1.02702499e-03 1.39004771e-03 ... 1.10155854e-03
   1.42199170e-03 5.78015813e-04]
  [2.97237697e-04 0.00000000e+00 0.00000000e+00 ... 0.00000000e+00
   1.44873778e-03 2.36747574e-04]]]","[[0. 0. 0. ... 0. 0. 0.]
 [0. 0. 0. ... 0. 0. 0.]
 [0. 0. 0. ... 0. 0. 0.]
 ...
 [0. 0. 0. ... 0. 0. 0.]
 [0. 0. 0. ... 0. 0. 0.]
 [0. 0. 0. ... 0. 0. 0.]]","[[0. 0. 0. ... 0. 0. 0.]
 [0. 0. 0. ... 0. 0. 0.]
 [0. 0. 0. ... 0. 0. 0.]
 ...
 [0. 0. 0. ... 0. 0. 0.]
 [0. 0. 0. ... 0. 0. 0.]
 [0. 0. 0. ... 0. 0. 0.]]",0.43096020924771294,0.2500614936483169
422,5,20.0,25.0,0.05,1e-05,0.01,0.30000000000000004,25.526124198772127,0.3780073965969021,0.4744980341327724,"[[[0.9996631 1.0004994 1.0002133 ... 0.9997368 0.9997158 0.9999904]
  [0.999782  1.0001646 0.9994487 ... 1.0001519 1.0001456 1.0003184]
  [1.0000803 0.9999347 0.9993893 ... 1.000292  0.9999193 1.0001106]
  ...
  [0.9998426 0.9999209 1.000517  ... 1.0002513 1.0001653 1.0001663]
  [0.9998564 1.0004277 1.0001045 ... 1.0004592 0.9997161 0.9992364]
  [1.0001233 0.9997876 0.9999157 ... 0.9999461 1.0000452 1.0004256]]

 [[1.0009124 1.0000356 1.0000836 ... 0.9997639 0.9997157 0.9997082]
  [1.000083  1.0001645 1.0003706 ... 1.0003847 1.0002815 0.9998948]
  [1.0001277 1.0001369 0.9998538 ... 1.0002918 1.0001966 1.0001582]
  ...
  [1.0005637 1.0003282 1.0000209 ... 0.9994282 1.0003783 0.9998975]
  [0.9999944 1.0005205 0.9997609 ... 1.0001037 1.0008446 1.0001084]
  [0.999947  0.9993102 0.9999159 ... 0.9999462 0.9999543 0.9997254]]]","[[[1.26074601e-04 0.00000000e+00 0.00000000e+00 ... 0.00000000e+00
   0.00000000e+00 0.00000000e+00]
  [0.00000000e+00 0.00000000e+00 4.77187910e-05 ... 0.00000000e+00
   0.00000000e+00 0.00000000e+00]
  [0.00000000e+00 0.00000000e+00 0.00000000e+00 ... 0.00000000e+00
   0.00000000e+00 0.00000000e+00]
  ...
  [4.47794745e-05 0.00000000e+00 0.00000000e+00 ... 0.00000000e+00
   0.00000000e+00 0.00000000e+00]
  [0.00000000e+00 0.00000000e+00 0.00000000e+00 ... 0.00000000e+00
   1.04694564e-04 2.86010715e-05]
  [0.00000000e+00 0.00000000e+00 0.00000000e+00 ... 0.00000000e+00
   0.00000000e+00 0.00000000e+00]]

 [[0.00000000e+00 1.80564273e-04 1.34104081e-04 ... 1.29519858e-04
   1.31067101e-04 1.73757505e-04]
  [8.37399272e-05 1.20179132e-04 0.00000000e+00 ... 6.08256488e-05
   7.96842938e-05 1.79505209e-04]
  [1.02518641e-04 8.73005016e-05 7.67527451e-05 ... 9.32076622e-05
   6.28797068e-05 9.68848973e-05]
  ...
  [0.00000000e+00 4.38133660e-05 1.62125179e-04 ... 2.55910446e-04
   7.06281115e-05 1.69406103e-04]
  [1.09306028e-04 6.59436169e-05 1.65093705e-04 ... 1.54710169e-04
   0.00000000e+00 1.17021458e-05]
  [1.45403404e-04 2.21443441e-04 1.12804005e-04 ... 1.19141094e-04
   1.34223681e-04 2.28443202e-04]]]","[[0. 0. 0. ... 0. 0. 0.]
 [0. 0. 0. ... 0. 0. 0.]
 [0. 0. 0. ... 0. 0. 0.]
 ...
 [0. 0. 0. ... 0. 0. 0.]
 [0. 0. 0. ... 0. 0. 0.]
 [0. 0. 0. ... 0. 0. 0.]]","[[0. 0. 0. ... 0. 0. 0.]
 [0. 0. 0. ... 0. 0. 0.]
 [0. 0. 0. ... 0. 0. 0.]
 ...
 [0. 0. 0. ... 0. 0. 0.]
 [0. 0. 0. ... 0. 0. 0.]
 [0. 0. 0. ... 0. 0. 0.]]",0.5725530758257021,0.30656166561359394
422,5,20.0,25.0,0.05,1e-05,0.02,0.30000000000000004,38.408115264537805,0.3780073965969021,0.5231929131903188,"[[[0.9996631 1.0004996 1.0002133 ... 0.9997371 0.9997159 0.9999911]
  [0.9997821 1.000165  0.999449  ... 1.0001518 1.0001456 1.0003189]
  [1.0000806 0.9999351 0.9998542 ... 1.0002918 0.9999192 1.0001113]
  ...
  [0.9998426 0.9999211 1.0005174 ... 1.0002512 1.0001653 1.0001669]
  [0.9998565 1.000428  1.0001049 ... 1.0004592 0.9997161 0.999237 ]
  [1.0001231 0.9997879 0.999916  ... 0.999946  1.0000453 1.0004265]]

 [[0.9996631 1.0004995 1.0002134 ... 0.9997369 0.999737  0.9999908]
  [0.9997821 1.0005574 0.9994489 ... 1.0001518 1.0001453 1.0003186]
  [1.0000803 0.9999349 0.9993894 ... 0.9998848 0.9999189 1.0001109]
  ...
  [0.9998425 0.9999211 1.0005174 ... 1.0002514 1.0001653 1.0001667]
  [0.9998563 1.0004278 1.000105  ... 1.0004591 0.9997161 0.9982738]
  [1.0001234 0.9997879 0.9999161 ... 0.999946  1.0000451 1.0004256]]]","[[[0.00000000e+00 1.02404200e-05 0.00000000e+00 ... 0.00000000e+00
   0.00000000e+00 0.00000000e+00]
  [0.00000000e+00 5.95370853e-05 0.00000000e+00 ... 4.58786305e-06
   0.00000000e+00 5.33309401e-06]
  [0.00000000e+00 0.00000000e+00 0.00000000e+00 ... 0.00000000e+00
   0.00000000e+00 0.00000000e+00]
  ...
  [0.00000000e+00 0.00000000e+00 6.79067206e-06 ... 5.22462579e-06
   2.47273383e-06 5.61253287e-06]
  [0.00000000e+00 7.92560279e-06 0.00000000e+00 ... 2.03785773e-05
   0.00000000e+00 0.00000000e+00]
  [0.00000000e+00 0.00000000e+00 0.00000000e+00 ... 0.00000000e+00
   0.00000000e+00 2.36658136e-05]]

 [[4.98279744e-05 6.75534727e-07 2.38888694e-05 ... 2.53873995e-05
   2.83986296e-05 2.02996803e-05]
  [4.78178608e-05 0.00000000e+00 7.00942510e-05 ... 0.00000000e+00
   8.39768702e-06 2.81769110e-06]
  [3.05598166e-05 3.83040677e-05 1.28183857e-04 ... 7.21635503e-05
   2.93058940e-05 2.56721888e-05]
  ...
  [3.13536903e-05 3.86138707e-05 7.10046551e-06 ... 3.11314335e-07
   1.75621642e-06 0.00000000e+00]
  [2.17173768e-05 2.03805254e-06 3.51081677e-05 ... 0.00000000e+00
   2.30444916e-05 2.42855837e-04]
  [1.06730755e-05 4.67202141e-05 4.62152153e-05 ... 1.34513908e-05
   4.24381988e-06 0.00000000e+00]]]","[[0. 0. 0. ... 0. 0. 0.]
 [0. 0. 0. ... 0. 0. 0.]
 [0. 0. 0. ... 0. 0. 0.]
 ...
 [0. 0. 0. ... 0. 0. 0.]
 [0. 0. 0. ... 0. 0. 0.]
 [0. 0. 0. ... 0. 0. 0.]]","[[0. 0. 0. ... 0. 0. 0.]
 [0. 0. 0. ... 0. 0. 0.]
 [0. 0. 0. ... 0. 0. 0.]
 ...
 [0. 0. 0. ... 0. 0. 0.]
 [0. 0. 0. ... 0. 0. 0.]
 [0. 0. 0. ... 0. 0. 0.]]",0.5785017029171607,0.3554633152550908
422,5,20.0,25.0,0.05,1e-05,0.03,0.30000000000000004,48.59157033414601,0.378007396596902,0.5616871265825599,"[[[0.9996631 1.0004994 1.0002136 ... 0.9997368 0.9997159 0.9999909]
  [0.9997821 1.0005574 0.9994489 ... 1.0001518 1.0001457 1.0003188]
  [1.0000803 0.9999348 0.9993896 ... 1.0002918 0.9999197 1.0001113]
  ...
  [0.9998429 0.9999213 1.0005177 ... 1.0002509 1.0001653 1.0001665]
  [0.9998565 1.0004278 1.0001051 ... 1.0004587 0.9997161 0.9992366]
  [1.0001234 0.9997876 0.9999163 ... 0.9999453 1.000045  1.000426 ]]

 [[0.9996266 1.0005372 1.0001255 ... 1.0000606 0.9997862 0.9997066]
  [1.0000112 0.9998777 0.9997408 ... 1.0001516 1.0003351 1.0003186]
  [1.0001007 0.9998178 0.9993891 ... 1.0002916 1.0001416 0.9999936]
  ...
  [0.9998428 0.9999198 0.9998859 ... 0.9998115 0.9997496 1.0000063]
  [0.9998566 1.0004278 1.0003482 ... 0.9996344 1.0001656 0.9997515]
  [0.9991356 0.9997877 0.99947   ... 0.9997525 1.0003315 1.0002574]]]","[[[7.77586055e-06 7.29327142e-05 2.93091685e-05 ... 5.86594242e-05
   1.48928018e-05 0.00000000e+00]
  [5.27362372e-05 0.00000000e+00 4.41941232e-05 ... 1.65158806e-05
   5.38898053e-05 3.89781533e-05]
  [2.85214450e-05 2.96987633e-06 0.00000000e+00 ... 1.74033140e-05
   4.32484848e-05 0.00000000e+00]
  ...
  [2.59849489e-05 3.19522627e-05 0.00000000e+00 ... 0.00000000e+00
   0.00000000e+00 1.85149804e-05]
  [3.05881441e-05 6.34890330e-05 8.39208525e-05 ... 0.00000000e+00
   9.66595507e-05 7.74678782e-05]
  [0.00000000e+00 2.54599793e-05 0.00000000e+00 ... 0.00000000e+00
   8.06412837e-05 3.20736010e-05]]

 [[0.00000000e+00 0.00000000e+00 0.00000000e+00 ... 0.00000000e+00
   0.00000000e+00 8.95054962e-06]
  [0.00000000e+00 4.77165282e-05 0.00000000e+00 ... 0.00000000e+00
   0.00000000e+00 0.00000000e+00]
  [0.00000000e+00 0.00000000e+00 1.18127685e-06 ... 0.00000000e+00
   0.00000000e+00 0.00000000e+00]
  ...
  [0.00000000e+00 0.00000000e+00 3.16292921e-05 ... 6.62900943e-06
   7.70302235e-06 0.00000000e+00]
  [0.00000000e+00 0.00000000e+00 0.00000000e+00 ... 7.07667300e-05
   0.00000000e+00 0.00000000e+00]
  [1.18405105e-04 0.00000000e+00 3.67018195e-05 ... 0.00000000e+00
   0.00000000e+00 0.00000000e+00]]]","[[0. 0. 0. ... 0. 0. 0.]
 [0. 0. 0. ... 0. 0. 0.]
 [0. 0. 0. ... 0. 0. 0.]
 ...
 [0. 0. 0. ... 0. 0. 0.]
 [0. 0. 0. ... 0. 0. 0.]
 [0. 0. 0. ... 0. 0. 0.]]","[[0. 0. 0. ... 0. 0. 0.]
 [0. 0. 0. ... 0. 0. 0.]
 [0. 0. 0. ... 0. 0. 0.]
 ...
 [0. 0. 0. ... 0. 0. 0.]
 [0. 0. 0. ... 0. 0. 0.]
 [0. 0. 0. ... 0. 0. 0.]]",0.5682371225407962,0.41967483469971484
422,5,20.0,25.0,0.0,1e-05,0.01,0.4000000000000001,1.5980383537516158,0.5255829380742313,0.5171839211430305,"[[[0.9996631 1.0004995 1.0002137 ... 0.9997371 0.9997161 0.999991 ]
  [0.9997823 1.0005575 0.9994493 ... 1.0001521 1.000146  1.000319 ]
  [1.0000805 0.999935  0.9998542 ... 1.000292  0.9999195 1.0001111]
  ...
  [0.999843  0.9999214 1.0005177 ... 1.0002515 1.0001657 1.0001669]
  [0.9998568 1.0004283 1.0001056 ... 1.0004596 0.9997167 1.0001088]
  [1.0001236 0.9997881 0.9999163 ... 0.9999461 1.0000457 1.0004264]]

 [[0.9996266 1.0005374 1.0001255 ... 1.0000613 0.9997864 0.9997066]
  [1.0000112 0.9998777 0.9997406 ... 1.0001521 1.0003349 1.0003186]
  [1.0001009 0.9998181 0.9993891 ... 1.000292  1.0001415 0.9999936]
  ...
  [0.999843  0.9999201 1.0005172 ... 0.9998118 0.9997495 1.0000063]
  [0.9998567 1.0004282 1.0003483 ... 1.0004596 1.0001656 0.9997516]
  [1.0001239 0.9997882 0.9994703 ... 0.9997532 1.0003318 1.0002578]]]","[[[5.80908587e-04 0.00000000e+00 0.00000000e+00 ... 0.00000000e+00
   2.10606071e-04 7.97550277e-04]
  [0.00000000e+00 1.08120226e-03 0.00000000e+00 ... 0.00000000e+00
   0.00000000e+00 0.00000000e+00]
  [0.00000000e+00 4.15184123e-04 1.49145072e-03 ... 0.00000000e+00
   0.00000000e+00 1.65834749e-04]
  ...
  [2.23704532e-04 1.15471191e-04 0.00000000e+00 ... 8.54808578e-04
   9.12363560e-04 2.05235898e-04]
  [2.04327147e-04 0.00000000e+00 0.00000000e+00 ... 0.00000000e+00
   0.00000000e+00 8.30578245e-04]
  [0.00000000e+00 3.01601263e-04 1.35021998e-03 ... 6.09189127e-04
   0.00000000e+00 0.00000000e+00]]

 [[0.00000000e+00 1.37430695e-03 1.00314353e-04 ... 8.84431741e-04
   0.00000000e+00 0.00000000e+00]
  [5.47573391e-04 0.00000000e+00 4.08647217e-05 ... 3.64671921e-04
   1.23215494e-03 7.63051516e-04]
  [2.88156321e-04 0.00000000e+00 0.00000000e+00 ... 6.99859500e-04
   8.44279440e-04 0.00000000e+00]
  ...
  [0.00000000e+00 0.00000000e+00 1.23875490e-03 ... 0.00000000e+00
   0.00000000e+00 0.00000000e+00]
  [0.00000000e+00 1.02616322e-03 1.38699374e-03 ... 1.10156895e-03
   1.41812703e-03 0.00000000e+00]
  [2.97489324e-04 0.00000000e+00 0.00000000e+00 ... 0.00000000e+00
   1.44598702e-03 2.34834274e-04]]]","[[0. 0. 0. ... 0. 0. 0.]
 [0. 0. 0. ... 0. 0. 0.]
 [0. 0. 0. ... 0. 0. 0.]
 ...
 [0. 0. 0. ... 0. 0. 0.]
 [0. 0. 0. ... 0. 0. 0.]
 [0. 0. 0. ... 0. 0. 0.]]","[[0. 0. 0. ... 0. 0. 0.]
 [0. 0. 0. ... 0. 0. 0.]
 [0. 0. 0. ... 0. 0. 0.]
 ...
 [0. 0. 0. ... 0. 0. 0.]
 [0. 0. 0. ... 0. 0. 0.]
 [0. 0. 0. ... 0. 0. 0.]]",0.11807220891605312,0.04518945711953809
422,5,20.0,25.0,0.0,1e-05,0.02,0.4000000000000001,5.099757564293021,0.5255829380742313,0.5523863937153054,"[[[0.9996266 1.0005372 1.0001256 ... 1.0000607 0.9997863 0.9997064]
  [1.0000113 0.9998778 0.999741  ... 1.0001519 1.0003352 1.0003186]
  [1.0001009 0.9998182 0.9993893 ... 1.0002918 1.0001419 0.9999935]
  ...
  [0.9998428 0.9999199 1.0005172 ... 0.9998117 0.9997496 1.0000063]
  [0.9998566 1.0004281 1.0003482 ... 0.9996346 1.0001659 0.9997517]
  [1.0001236 0.999788  0.9994703 ... 0.9997529 1.0003318 1.0002577]]

 [[0.9996631 1.0004995 1.000213  ... 0.999737  0.9997158 0.9999908]
  [0.9997821 1.0001647 0.9994485 ... 1.0001518 1.0001454 1.0003186]
  [1.0000805 0.9999349 0.9993893 ... 0.999885  0.9999192 1.0001107]
  ...
  [0.9998431 0.9999214 1.0005174 ... 1.0002514 1.0001653 1.0001667]
  [0.9998567 1.0004282 1.000105  ... 1.0004592 0.999716  1.0001082]
  [1.0001236 0.9997881 0.9999159 ... 0.9999459 1.0000448 1.0004256]]]","[[[4.31328999e-04 0.00000000e+00 0.00000000e+00 ... 8.06652436e-04
   4.99109574e-04 0.00000000e+00]
  [6.16452917e-04 0.00000000e+00 1.17653438e-03 ... 0.00000000e+00
   4.59989298e-05 0.00000000e+00]
  [0.00000000e+00 0.00000000e+00 8.70414943e-04 ... 7.06598741e-04
   4.12306388e-04 0.00000000e+00]
  ...
  [2.23169061e-04 1.10058267e-04 0.00000000e+00 ... 0.00000000e+00
   0.00000000e+00 0.00000000e+00]
  [2.04041545e-04 0.00000000e+00 1.74813829e-04 ... 0.00000000e+00
   1.00516451e-03 0.00000000e+00]
  [0.00000000e+00 3.01803768e-04 0.00000000e+00 ... 0.00000000e+00
   3.18962937e-04 0.00000000e+00]]

 [[0.00000000e+00 1.11156801e-03 7.09386615e-04 ... 0.00000000e+00
   0.00000000e+00 6.25051986e-04]
  [0.00000000e+00 1.04760413e-03 0.00000000e+00 ... 3.63503479e-04
   0.00000000e+00 7.63810772e-04]
  [1.46502521e-04 1.09395321e-04 0.00000000e+00 ... 0.00000000e+00
   0.00000000e+00 5.32142791e-04]
  ...
  [0.00000000e+00 0.00000000e+00 1.24034966e-03 ... 1.60283777e-03
   1.34208737e-03 7.64173571e-04]
  [0.00000000e+00 1.02665325e-03 0.00000000e+00 ... 2.97626680e-03
   0.00000000e+00 1.07058470e-03]
  [2.96320423e-04 0.00000000e+00 8.12257834e-04 ... 3.09277433e-04
   0.00000000e+00 1.40177442e-03]]]","[[0. 0. 0. ... 0. 0. 0.]
 [0. 0. 0. ... 0. 0. 0.]
 [0. 0. 0. ... 0. 0. 0.]
 ...
 [0. 0. 0. ... 0. 0. 0.]
 [0. 0. 0. ... 0. 0. 0.]
 [0. 0. 0. ... 0. 0. 0.]]","[[0. 0. 0. ... 0. 0. 0.]
 [0. 0. 0. ... 0. 0. 0.]
 [0. 0. 0. ... 0. 0. 0.]
 ...
 [0. 0. 0. ... 0. 0. 0.]
 [0. 0. 0. ... 0. 0. 0.]
 [0. 0. 0. ... 0. 0. 0.]]",0.3025635206093071,0.14593413235201377
422,5,20.0,25.0,0.0,1e-05,0.03,0.4000000000000001,11.2340071094421,0.5255829380742314,0.5846269627035052,"[[[0.9996631 1.0004994 1.0002134 ... 0.9997369 0.9997159 0.9999909]
  [0.9997821 1.0005572 0.9994488 ... 1.0001518 1.0001456 1.0003188]
  [1.0000803 0.9999347 0.9993895 ... 1.0002918 0.9999192 1.0001109]
  ...
  [0.999843  0.9999212 1.0005175 ... 1.0002512 1.0001655 1.0001667]
  [0.9998567 1.000428  1.0001051 ... 1.0004591 0.9993186 0.9992366]
  [1.0001235 0.9997879 0.9999161 ... 0.9999459 1.0000452 1.000426 ]]

 [[0.9996631 1.0004994 1.0002131 ... 0.9997371 0.9997158 0.9999908]
  [0.9997823 1.0005574 0.9994487 ... 1.0001521 1.0001456 1.0003186]
  [1.0000803 0.9999348 0.9993893 ... 0.9998852 0.9999192 1.0001107]
  ...
  [0.999843  0.9999212 1.0005172 ... 1.0002514 1.0001653 1.0001665]
  [0.9998566 1.000428  1.0001049 ... 1.000459  0.9993182 1.000108 ]
  [1.0001235 0.9997879 0.9999159 ... 0.9999459 1.000045  1.0004259]]]","[[[4.80181195e-04 0.00000000e+00 0.00000000e+00 ... 3.74523083e-04
   4.05244196e-04 1.32714287e-05]
  [3.09973413e-04 0.00000000e+00 7.85865556e-04 ... 0.00000000e+00
   0.00000000e+00 0.00000000e+00]
  [0.00000000e+00 9.28708287e-05 8.70826818e-04 ... 7.06202837e-04
   1.15274803e-04 0.00000000e+00]
  ...
  [2.23822903e-04 1.12387847e-04 0.00000000e+00 ... 0.00000000e+00
   0.00000000e+00 0.00000000e+00]
  [2.04616566e-04 0.00000000e+00 0.00000000e+00 ... 0.00000000e+00
   9.72442335e-04 0.00000000e+00]
  [0.00000000e+00 3.02302946e-04 1.20185849e-04 ... 7.72309100e-05
   0.00000000e+00 0.00000000e+00]]

 [[0.00000000e+00 1.19678766e-03 5.10246530e-04 ... 0.00000000e+00
   0.00000000e+00 0.00000000e+00]
  [0.00000000e+00 1.33644269e-03 0.00000000e+00 ... 3.65285104e-04
   3.48761607e-04 7.63399025e-04]
  [1.92429768e-04 0.00000000e+00 0.00000000e+00 ... 0.00000000e+00
   0.00000000e+00 2.65038708e-04]
  ...
  [0.00000000e+00 0.00000000e+00 1.23910015e-03 ... 6.03037405e-04
   3.95904730e-04 3.98768716e-04]
  [0.00000000e+00 1.02566324e-03 2.50765186e-04 ... 1.09966069e-03
   0.00000000e+00 2.24165351e-03]
  [2.95888840e-04 0.00000000e+00 0.00000000e+00 ... 0.00000000e+00
   1.07009107e-04 1.02053664e-03]]]","[[0. 0. 0. ... 0. 0. 0.]
 [0. 0. 0. ... 0. 0. 0.]
 [0. 0. 0. ... 0. 0. 0.]
 ...
 [0. 0. 0. ... 0. 0. 0.]
 [0. 0. 0. ... 0. 0. 0.]
 [0. 0. 0. ... 0. 0. 0.]]","[[0. 0. 0. ... 0. 0. 0.]
 [0. 0. 0. ... 0. 0. 0.]
 [0. 0. 0. ... 0. 0. 0.]
 ...
 [0. 0. 0. ... 0. 0. 0.]
 [0. 0. 0. ... 0. 0. 0.]
 [0. 0. 0. ... 0. 0. 0.]]",0.5358590078069064,0.4508026834141078
422,5,20.0,25.0,0.05,1e-05,0.01,0.4000000000000001,13.063768525406356,0.5255829380742313,0.5942438765132787,"[[[0.9996266 1.0005372 1.0001258 ... 1.0000609 0.9997865 0.9997067]
  [1.0000114 0.9998779 0.9997412 ... 1.0001521 1.0003355 1.000319 ]
  [1.0001013 0.9998184 0.9998542 ... 1.000292  1.0001421 0.9999938]
  ...
  [0.9998434 0.9999202 1.0005177 ... 0.9998119 0.9997501 1.0000063]
  [0.9998571 1.0004286 1.0003488 ... 1.0004596 1.0001664 0.9997518]
  [1.0001239 0.9997879 0.9994705 ... 0.9997535 1.0003326 1.0002582]]

 [[0.9996266 1.0005374 1.0001258 ... 1.0000612 0.9997868 0.9997067]
  [1.0000114 0.9998778 0.9997411 ... 1.0001523 1.0003357 1.0003192]
  [1.000101  0.9998183 0.9993896 ... 1.00097   1.0001423 0.9999941]
  ...
  [0.9998433 0.9999202 1.0005178 ... 0.9998121 0.9997501 1.0000067]
  [0.9998572 1.0004286 1.0003489 ... 1.0004597 1.0001663 0.9997521]
  [1.0001242 0.9997886 0.9994711 ... 0.9997534 1.0003324 1.0002583]]]","[[[0.00000000e+00 1.86200382e-05 0.00000000e+00 ... 0.00000000e+00
   0.00000000e+00 0.00000000e+00]
  [0.00000000e+00 0.00000000e+00 0.00000000e+00 ... 0.00000000e+00
   0.00000000e+00 0.00000000e+00]
  [0.00000000e+00 0.00000000e+00 0.00000000e+00 ... 1.12094527e-04
   0.00000000e+00 0.00000000e+00]
  ...
  [0.00000000e+00 0.00000000e+00 9.85958584e-06 ... 0.00000000e+00
   0.00000000e+00 0.00000000e+00]
  [0.00000000e+00 7.83592715e-06 3.25469396e-07 ... 1.67387271e-05
   0.00000000e+00 0.00000000e+00]
  [0.00000000e+00 0.00000000e+00 0.00000000e+00 ... 0.00000000e+00
   4.21775679e-06 0.00000000e+00]]

 [[5.34087842e-05 0.00000000e+00 1.60642914e-05 ... 2.31851911e-05
   4.61513699e-05 4.97710143e-05]
  [2.74010977e-05 3.12062841e-05 3.59529437e-05 ... 2.98393788e-05
   1.64591573e-05 1.17686498e-05]
  [2.32491821e-05 3.03962184e-05 1.15125725e-04 ... 0.00000000e+00
   3.52202790e-05 3.76089787e-05]
  ...
  [3.94968695e-05 3.95915310e-05 2.02566045e-06 ... 2.88959038e-05
   3.66798619e-05 2.33978424e-05]
  [3.81694996e-05 2.45520312e-06 1.17256479e-05 ... 0.00000000e+00
   1.30626456e-05 4.29226852e-05]
  [1.90427210e-05 4.39753943e-05 6.48647858e-05 ... 4.10815163e-05
   4.85538073e-06 9.87174533e-06]]]","[[0. 0. 0. ... 0. 0. 0.]
 [0. 0. 0. ... 0. 0. 0.]
 [0. 0. 0. ... 0. 0. 0.]
 ...
 [0. 0. 0. ... 0. 0. 0.]
 [0. 0. 0. ... 0. 0. 0.]
 [0. 0. 0. ... 0. 0. 0.]]","[[0. 0. 0. ... 0. 0. 0.]
 [0. 0. 0. ... 0. 0. 0.]
 [0. 0. 0. ... 0. 0. 0.]
 ...
 [0. 0. 0. ... 0. 0. 0.]
 [0. 0. 0. ... 0. 0. 0.]
 [0. 0. 0. ... 0. 0. 0.]]",0.5734253160876077,0.38360575083115306
422,5,20.0,25.0,0.05,1e-05,0.02,0.4000000000000001,22.79343714278151,0.5255829380742313,0.6453813546973655,"[[[1.0009124 1.0000358 1.0000838 ... 0.9997642 0.9997161 0.9997085]
  [1.0000833 1.0001651 1.0003707 ... 1.0003854 1.0003942 0.9998953]
  [1.0001279 1.0001372 0.9998541 ... 1.0002921 1.0001968 1.0001582]
  ...
  [1.0005641 1.0003285 1.0000212 ... 0.9994287 1.0003788 0.999898 ]
  [0.9999946 1.0005206 0.9997612 ... 1.000104  0.9997166 0.999237 ]
  [0.9999469 0.9993101 0.9999161 ... 0.9999462 0.9999541 0.9997257]]

 [[0.9996266 1.0005369 1.0001253 ... 1.000061  0.9997864 0.9997064]
  [1.0000112 0.9998776 0.9997406 ... 1.0001519 1.0003351 1.0003185]
  [1.0001009 0.9998178 0.9993892 ... 1.0009698 1.0001417 0.9999933]
  ...
  [0.999843  0.99992   1.0005174 ... 0.9998118 0.9997495 1.0000058]
  [0.9998565 1.0004278 1.0003483 ... 1.0004593 1.0001656 0.9997514]
  [1.0001231 0.9997875 0.9994699 ... 0.9997528 1.0003314 1.0002573]]]","[[[0.00000000e+00 9.64119393e-05 2.03946950e-05 ... 3.89326872e-05
   0.00000000e+00 0.00000000e+00]
  [0.00000000e+00 0.00000000e+00 0.00000000e+00 ... 0.00000000e+00
   1.50151361e-06 5.99800081e-05]
  [0.00000000e+00 0.00000000e+00 0.00000000e+00 ... 1.25713613e-04
   0.00000000e+00 0.00000000e+00]
  ...
  [0.00000000e+00 0.00000000e+00 9.22393461e-05 ... 4.64075117e-05
   0.00000000e+00 2.70585719e-05]
  [0.00000000e+00 2.08061845e-05 9.02182495e-05 ... 7.61189326e-05
   6.46469323e-05 4.63095380e-05]
  [3.05251159e-05 4.36745013e-05 0.00000000e+00 ... 0.00000000e+00
   6.00067399e-05 7.48383952e-05]]

 [[1.86209370e-04 0.00000000e+00 0.00000000e+00 ... 0.00000000e+00
   1.62512994e-05 2.46437705e-05]
  [1.09792078e-05 3.84428964e-05 8.35458731e-05 ... 3.41387897e-05
   5.32763497e-06 0.00000000e+00]
  [1.48255441e-05 5.23526199e-05 9.37152600e-05 ... 0.00000000e+00
   2.82770263e-05 4.86759405e-05]
  ...
  [7.84742032e-05 3.70260893e-05 0.00000000e+00 ... 0.00000000e+00
   7.46571983e-05 0.00000000e+00]
  [1.62477344e-05 0.00000000e+00 0.00000000e+00 ... 0.00000000e+00
   0.00000000e+00 0.00000000e+00]
  [0.00000000e+00 0.00000000e+00 8.65258740e-05 ... 3.70047457e-05
   0.00000000e+00 0.00000000e+00]]]","[[0. 0. 0. ... 0. 0. 0.]
 [0. 0. 0. ... 0. 0. 0.]
 [0. 0. 0. ... 0. 0. 0.]
 ...
 [0. 0. 0. ... 0. 0. 0.]
 [0. 0. 0. ... 0. 0. 0.]
 [0. 0. 0. ... 0. 0. 0.]]","[[0. 0. 0. ... 0. 0. 0.]
 [0. 0. 0. ... 0. 0. 0.]
 [0. 0. 0. ... 0. 0. 0.]
 ...
 [0. 0. 0. ... 0. 0. 0.]
 [0. 0. 0. ... 0. 0. 0.]
 [0. 0. 0. ... 0. 0. 0.]]",0.5741508536210029,0.42219789708885763
422,5,20.0,25.0,0.05,1e-05,0.03,0.4000000000000001,30.7329552702695,0.5255829380742314,0.6871101073407532,"[[[0.9996631 1.0004992 1.0002131 ... 0.999737  0.999737  0.9999907]
  [0.9997824 1.000165  0.9994488 ... 1.0001518 1.0001454 1.0003186]
  [1.0000803 0.9999349 0.9993894 ... 1.000292  0.9999191 1.0001107]
  ...
  [0.9998429 0.9999211 1.0005171 ... 1.0002513 1.0001653 1.0001667]
  [0.9998566 1.000428  1.0001049 ... 1.0004593 0.9993186 0.9992366]
  [1.0001236 0.9997879 0.9999159 ... 0.9999459 1.0000448 1.0004255]]

 [[0.9996266 1.0005372 1.0001259 ... 1.0000609 0.9997865 0.9997069]
  [1.0000114 0.9998777 0.9997411 ... 1.000152  1.0003355 1.0003192]
  [1.0001009 0.999818  0.9993896 ... 1.0009698 1.000142  0.9999943]
  ...
  [0.9998428 0.9999198 1.0005176 ... 0.9998116 0.9997497 1.0000064]
  [0.9998567 1.0004278 1.0003484 ... 0.9996344 1.0001657 0.999752 ]
  [1.0001235 0.9997879 0.9994705 ... 0.9997528 1.0003318 1.0002583]]]","[[[0.00000000e+00 3.51167712e-05 0.00000000e+00 ... 3.43291746e-05
   0.00000000e+00 0.00000000e+00]
  [2.01678355e-05 0.00000000e+00 1.10248773e-05 ... 0.00000000e+00
   2.81034367e-05 9.85928259e-06]
  [0.00000000e+00 0.00000000e+00 0.00000000e+00 ... 1.23579127e-04
   1.90083796e-05 0.00000000e+00]
  ...
  [0.00000000e+00 0.00000000e+00 2.96178169e-05 ... 0.00000000e+00
   0.00000000e+00 0.00000000e+00]
  [0.00000000e+00 2.38790252e-05 4.65309820e-05 ... 0.00000000e+00
   1.08521654e-04 3.96404400e-05]
  [4.89463792e-06 0.00000000e+00 0.00000000e+00 ... 0.00000000e+00
   4.82174125e-05 0.00000000e+00]]

 [[3.83765906e-05 0.00000000e+00 6.54079873e-06 ... 0.00000000e+00
   2.25823746e-05 6.57538678e-05]
  [0.00000000e+00 5.44098228e-05 0.00000000e+00 ... 1.35150453e-05
   0.00000000e+00 0.00000000e+00]
  [5.30091843e-06 3.33308564e-05 5.54158594e-05 ... 0.00000000e+00
   0.00000000e+00 3.51832198e-05]
  ...
  [9.32442679e-06 7.83777194e-06 0.00000000e+00 ... 5.75774143e-05
   6.19096793e-05 1.63039688e-05]
  [1.38884696e-05 0.00000000e+00 0.00000000e+00 ... 1.21990909e-04
   0.00000000e+00 0.00000000e+00]
  [0.00000000e+00 1.94759532e-05 9.30922688e-05 ... 4.02004527e-05
   0.00000000e+00 1.19201587e-05]]]","[[0. 0. 0. ... 0. 0. 0.]
 [0. 0. 0. ... 0. 0. 0.]
 [0. 0. 0. ... 0. 0. 0.]
 ...
 [0. 0. 0. ... 0. 0. 0.]
 [0. 0. 0. ... 0. 0. 0.]
 [0. 0. 0. ... 0. 0. 0.]]","[[0. 0. 0. ... 0. 0. 0.]
 [0. 0. 0. ... 0. 0. 0.]
 [0. 0. 0. ... 0. 0. 0.]
 ...
 [0. 0. 0. ... 0. 0. 0.]
 [0. 0. 0. ... 0. 0. 0.]
 [0. 0. 0. ... 0. 0. 0.]]",0.5597304000409561,0.5014589174871177
422,5,20.0,25.0,0.0,1e-05,0.01,0.5000000000000001,3.003253289475365,0.653634448903778,0.6340041508159311,"[[[0.9996631 1.0004995 1.0002134 ... 0.9997368 0.9997159 0.9999911]
  [0.9997822 1.0005574 0.9994489 ... 1.0001518 1.0001456 1.000319 ]
  [1.0000803 0.9999348 0.9993895 ... 0.9998848 0.9999192 1.0001111]
  ...
  [0.9998427 0.9999211 1.0005175 ... 1.0002512 1.0001653 1.0001669]
  [0.9998564 1.0004278 1.0001049 ... 1.000459  0.999716  0.9982738]
  [1.0001235 0.9997878 0.999916  ... 0.9999458 1.0000451 1.0004262]]

 [[0.9996631 1.0004994 1.0002134 ... 0.999737  0.9997158 0.9999907]
  [0.9997822 1.0001647 0.9994489 ... 1.0001518 1.0001456 1.0003185]
  [1.0000806 0.9999348 0.9993896 ... 0.999885  0.9999193 1.0001107]
  ...
  [0.999843  0.9999212 1.0005176 ... 1.0002513 1.0001656 1.0001667]
  [0.9998567 1.000428  1.0001051 ... 1.0004591 0.9997161 0.9992364]
  [1.0001236 0.9997879 0.9999162 ... 0.9999459 1.0000451 1.0004257]]]","[[[4.80087648e-04 0.00000000e+00 0.00000000e+00 ... 3.74432742e-04
   4.05151658e-04 1.38282663e-05]
  [3.10365232e-04 2.89076734e-04 7.85434869e-04 ... 0.00000000e+00
   0.00000000e+00 0.00000000e+00]
  [0.00000000e+00 9.29316735e-05 8.69902272e-04 ... 1.63531144e-04
   1.14853528e-04 0.00000000e+00]
  ...
  [2.23330536e-04 1.12137071e-04 0.00000000e+00 ... 0.00000000e+00
   0.00000000e+00 0.00000000e+00]
  [2.03794478e-04 0.00000000e+00 0.00000000e+00 ... 0.00000000e+00
   4.04409035e-04 0.00000000e+00]
  [0.00000000e+00 3.02051599e-04 1.19191350e-04 ... 7.70550516e-05
   0.00000000e+00 0.00000000e+00]]

 [[0.00000000e+00 1.19667443e-03 5.11516658e-04 ... 0.00000000e+00
   0.00000000e+00 0.00000000e+00]
  [0.00000000e+00 0.00000000e+00 0.00000000e+00 ... 3.63777596e-04
   3.48916698e-04 7.62454716e-04]
  [1.93707249e-04 0.00000000e+00 0.00000000e+00 ... 0.00000000e+00
   0.00000000e+00 2.64656412e-04]
  ...
  [0.00000000e+00 0.00000000e+00 1.24092407e-03 ... 6.02655589e-04
   3.97467207e-04 3.98954570e-04]
  [0.00000000e+00 1.02609203e-03 2.52578501e-04 ... 1.10065723e-03
   0.00000000e+00 3.60913967e-04]
  [2.96606019e-04 0.00000000e+00 0.00000000e+00 ... 0.00000000e+00
   1.07997771e-04 1.01931109e-03]]]","[[0. 0. 0. ... 0. 0. 0.]
 [0. 0. 0. ... 0. 0. 0.]
 [0. 0. 0. ... 0. 0. 0.]
 ...
 [0. 0. 0. ... 0. 0. 0.]
 [0. 0. 0. ... 0. 0. 0.]
 [0. 0. 0. ... 0. 0. 0.]]","[[0. 0. 0. ... 0. 0. 0.]
 [0. 0. 0. ... 0. 0. 0.]
 [0. 0. 0. ... 0. 0. 0.]
 ...
 [0. 0. 0. ... 0. 0. 0.]
 [0. 0. 0. ... 0. 0. 0.]
 [0. 0. 0. ... 0. 0. 0.]]",0.27024272970970514,0.14135621722248842
422,5,20.0,25.0,0.0,1e-05,0.02,0.5000000000000001,2.931813766226213,0.653634448903778,0.6727977936575358,"[[[0.9996266 1.0005375 1.0001259 ... 1.000061  0.9997866 0.9997066]
  [1.0000114 0.999878  0.9997412 ... 1.0001521 1.0003355 1.000319 ]
  [1.000101  0.9998184 0.9998542 ... 1.0009698 1.0001421 0.9999939]
  ...
  [0.9998428 0.9999201 1.0005177 ... 0.9998118 0.9997499 1.0000064]
  [0.9998566 1.0004283 1.0003486 ... 1.0004593 1.000166  0.9997518]
  [1.0001235 0.9997882 0.9994706 ... 0.9997531 1.0003324 1.000258 ]]

 [[0.9996266 1.0005372 1.0001255 ... 1.0000606 0.999786  0.9997062]
  [1.0000113 0.9998777 0.9997408 ... 1.0001515 1.0003349 1.0003186]
  [1.0001007 0.999818  0.9993891 ... 1.0009692 1.0001414 0.9999933]
  ...
  [0.9998426 0.9999196 0.9998858 ... 0.9998112 0.9997492 1.000006 ]
  [0.9998564 1.0004278 1.000348  ... 0.9996342 1.0001653 0.9997511]
  [1.0001233 0.9997878 0.9994702 ... 0.9997528 1.0003318 1.0002577]]]","[[[5.32120847e-04 0.00000000e+00 0.00000000e+00 ... 0.00000000e+00
   3.05676877e-04 4.19181357e-04]
  [0.00000000e+00 1.74655404e-04 3.69919762e-04 ... 0.00000000e+00
   0.00000000e+00 0.00000000e+00]
  [0.00000000e+00 2.59756452e-04 1.49143913e-03 ... 0.00000000e+00
   0.00000000e+00 1.02841939e-05]
  ...
  [2.24593459e-04 1.15260700e-04 1.00572091e-03 ... 2.69915221e-04
   3.58331694e-04 0.00000000e+00]
  [2.04809086e-04 0.00000000e+00 0.00000000e+00 ... 1.62213909e-03
   0.00000000e+00 3.55612410e-04]
  [0.00000000e+00 3.02894189e-04 7.55619479e-04 ... 3.52593201e-04
   0.00000000e+00 0.00000000e+00]]

 [[0.00000000e+00 1.28675880e-03 3.00157047e-04 ... 1.44144955e-04
   0.00000000e+00 0.00000000e+00]
  [2.69111821e-05 0.00000000e+00 0.00000000e+00 ... 3.61927729e-04
   8.01406639e-04 7.63089322e-04]
  [2.40991023e-04 0.00000000e+00 0.00000000e+00 ... 2.32124545e-03
   3.37366435e-04 0.00000000e+00]
  ...
  [0.00000000e+00 0.00000000e+00 0.00000000e+00 ... 0.00000000e+00
   0.00000000e+00 1.32490038e-05]
  [0.00000000e+00 1.02452430e-03 8.32825392e-04 ... 0.00000000e+00
   3.94808806e-04 0.00000000e+00]
  [2.95010799e-04 0.00000000e+00 0.00000000e+00 ... 0.00000000e+00
   7.93981518e-04 6.17350680e-04]]]","[[0. 0. 0. ... 0. 0. 0.]
 [0. 0. 0. ... 0. 0. 0.]
 [0. 0. 0. ... 0. 0. 0.]
 ...
 [0. 0. 0. ... 0. 0. 0.]
 [0. 0. 0. ... 0. 0. 0.]
 [0. 0. 0. ... 0. 0. 0.]]","[[0. 0. 0. ... 0. 0. 0.]
 [0. 0. 0. ... 0. 0. 0.]
 [0. 0. 0. ... 0. 0. 0.]
 ...
 [0. 0. 0. ... 0. 0. 0.]
 [0. 0. 0. ... 0. 0. 0.]
 [0. 0. 0. ... 0. 0. 0.]]",0.4495756659947166,0.3610576628704057
422,5,20.0,25.0,0.0,1e-05,0.03,0.5000000000000001,2.4839070318269036,0.653634448903778,0.669870120942542,"[[[0.9996631 1.0004994 1.0002133 ... 0.9997368 0.9997158 0.9999907]
  [0.9997818 1.000557  0.9994485 ... 1.0001514 1.0001452 1.0003183]
  [1.0000802 0.9999347 0.9993891 ... 0.9998846 0.9999189 1.0001105]
  ...
  [0.9998427 0.9999209 1.000517  ... 1.000251  1.0001651 1.0001663]
  [0.9998564 1.0004278 1.0001047 ... 1.0004588 0.999716  0.9992362]
  [1.0001234 0.9997879 0.9999159 ... 0.9999459 1.0000451 1.0004258]]

 [[0.9996266 1.0005373 1.0001259 ... 1.0000609 0.9997866 0.9997064]
  [1.0000113 0.9998779 0.9997412 ... 1.0001519 1.0003355 1.0003186]
  [1.000101  0.9998184 0.9998544 ... 1.000292  1.0001421 0.9999936]
  ...
  [0.999843  0.9999202 1.0005178 ... 0.9998118 0.9997499 1.0000061]
  [0.9998567 1.0004283 1.0003488 ... 1.0004593 1.0001662 0.9997515]
  [1.0001235 0.999788  0.9994706 ... 0.999753  1.0003321 1.0002576]]]","[[[5.80857986e-04 0.00000000e+00 0.00000000e+00 ... 0.00000000e+00
   2.09501123e-04 7.97759081e-04]
  [0.00000000e+00 1.07970429e-03 0.00000000e+00 ... 0.00000000e+00
   0.00000000e+00 0.00000000e+00]
  [0.00000000e+00 4.13920788e-04 0.00000000e+00 ... 0.00000000e+00
   0.00000000e+00 1.64989945e-04]
  ...
  [2.23263715e-04 1.14633270e-04 0.00000000e+00 ... 8.54133949e-04
   9.10372726e-04 2.05053448e-04]
  [2.03723099e-04 0.00000000e+00 0.00000000e+00 ... 0.00000000e+00
   0.00000000e+00 0.00000000e+00]
  [0.00000000e+00 3.01976840e-04 1.34879814e-03 ... 6.09324521e-04
   0.00000000e+00 0.00000000e+00]]

 [[0.00000000e+00 1.37409738e-03 1.03141933e-04 ... 8.83510847e-04
   0.00000000e+00 0.00000000e+00]
  [5.49438931e-04 0.00000000e+00 4.56215821e-05 ... 3.65251636e-04
   1.23691760e-03 7.64766544e-04]
  [2.89338803e-04 0.00000000e+00 7.09711370e-04 ... 1.62643573e-03
   8.48495548e-04 0.00000000e+00]
  ...
  [0.00000000e+00 0.00000000e+00 1.24322010e-03 ... 0.00000000e+00
   0.00000000e+00 0.00000000e+00]
  [0.00000000e+00 1.02787374e-03 1.39145680e-03 ... 1.10214714e-03
   1.42261796e-03 5.76964085e-04]
  [2.96445513e-04 0.00000000e+00 0.00000000e+00 ... 0.00000000e+00
   1.44909195e-03 2.35162437e-04]]]","[[0. 0. 0. ... 0. 0. 0.]
 [0. 0. 0. ... 0. 0. 0.]
 [0. 0. 0. ... 0. 0. 0.]
 ...
 [0. 0. 0. ... 0. 0. 0.]
 [0. 0. 0. ... 0. 0. 0.]
 [0. 0. 0. ... 0. 0. 0.]]","[[0. 0. 0. ... 0. 0. 0.]
 [0. 0. 0. ... 0. 0. 0.]
 [0. 0. 0. ... 0. 0. 0.]
 ...
 [0. 0. 0. ... 0. 0. 0.]
 [0. 0. 0. ... 0. 0. 0.]
 [0. 0. 0. ... 0. 0. 0.]]",0.4064284924817505,0.26597108330118824
422,5,20.0,25.0,0.05,1e-05,0.01,0.5000000000000001,5.281145252618106,0.653634448903778,0.6881538335715364,"[[[0.9996631 1.0004995 1.000213  ... 0.9997366 0.9997368 0.9999905]
  [0.9997821 1.0001647 0.9994488 ... 1.0001515 1.0001454 1.0003186]
  [1.0000803 0.9999348 0.9993893 ... 1.0002913 0.9999191 1.0001107]
  ...
  [0.9998427 0.9999211 1.000517  ... 1.000251  1.0001653 1.0001667]
  [0.9998562 1.0004277 1.0001045 ... 1.0004585 0.9997157 0.9992362]
  [1.0001233 0.9997875 0.9999156 ... 0.9999452 1.0000446 1.0004258]]

 [[0.9996266 1.0005373 1.0001252 ... 1.0000608 0.9997862 0.9997058]
  [1.0000112 0.9998777 0.9997406 ... 1.0001518 1.0003351 1.000318 ]
  [1.0001009 0.9998183 0.9993891 ... 1.000292  1.0001417 0.9999931]
  ...
  [0.999843  0.9999201 1.0005172 ... 0.9998116 0.9997495 1.0000058]
  [0.9998566 1.0004281 1.000348  ... 0.9996346 1.0001655 0.9997511]
  [1.0001233 0.9997881 0.9994702 ... 0.9997529 1.0003315 1.0002573]]]","[[[0.00000000e+00 4.97848413e-05 1.27373462e-05 ... 4.49356529e-05
   0.00000000e+00 0.00000000e+00]
  [3.26334576e-05 0.00000000e+00 2.88317961e-05 ... 4.29848543e-06
   3.87600648e-05 2.07086874e-05]
  [1.07744086e-05 0.00000000e+00 0.00000000e+00 ... 7.32993443e-06
   3.02783471e-05 0.00000000e+00]
  ...
  [3.17655793e-06 5.23151472e-06 4.13478852e-05 ... 0.00000000e+00
   0.00000000e+00 0.00000000e+00]
  [1.39697598e-06 3.71554286e-05 6.04356376e-05 ... 0.00000000e+00
   7.80640320e-05 5.38721513e-05]
  [1.82762359e-05 0.00000000e+00 0.00000000e+00 ... 0.00000000e+00
   6.23189210e-05 5.14012106e-06]]

 [[1.65708110e-05 0.00000000e+00 0.00000000e+00 ... 0.00000000e+00
   3.19627253e-06 4.55886583e-05]
  [0.00000000e+00 3.04672029e-05 0.00000000e+00 ... 0.00000000e+00
   0.00000000e+00 0.00000000e+00]
  [0.00000000e+00 1.11759939e-05 2.40708228e-05 ... 0.00000000e+00
   0.00000000e+00 2.06908853e-05]
  ...
  [0.00000000e+00 0.00000000e+00 0.00000000e+00 ... 3.09345318e-05
   3.69230961e-05 0.00000000e+00]
  [0.00000000e+00 0.00000000e+00 0.00000000e+00 ... 9.57422983e-05
   0.00000000e+00 0.00000000e+00]
  [0.00000000e+00 0.00000000e+00 6.73537052e-05 ... 1.76534841e-05
   0.00000000e+00 0.00000000e+00]]]","[[0. 0. 0. ... 0. 0. 0.]
 [0. 0. 0. ... 0. 0. 0.]
 [0. 0. 0. ... 0. 0. 0.]
 ...
 [0. 0. 0. ... 0. 0. 0.]
 [0. 0. 0. ... 0. 0. 0.]
 [0. 0. 0. ... 0. 0. 0.]]","[[0. 0. 0. ... 0. 0. 0.]
 [0. 0. 0. ... 0. 0. 0.]
 [0. 0. 0. ... 0. 0. 0.]
 ...
 [0. 0. 0. ... 0. 0. 0.]
 [0. 0. 0. ... 0. 0. 0.]
 [0. 0. 0. ... 0. 0. 0.]]",0.5759689485155435,0.4470162149580656
422,5,20.0,25.0,0.05,1e-05,0.02,0.5000000000000001,13.77172626243007,0.653634448903778,0.7436511959637496,"[[[0.9996631 1.0004996 1.0002134 ... 0.9997371 0.999716  0.9999909]
  [0.9997821 1.000165  0.9994489 ... 1.0001521 1.0001456 1.0003186]
  [1.0000803 0.999935  0.9993896 ... 1.000292  0.9999192 1.0001107]
  ...
  [0.9998428 0.9999214 1.0005176 ... 1.0002517 1.0001656 1.0001668]
  [0.9998566 1.0004282 1.0001051 ... 1.0004594 0.9997161 1.0001082]
  [1.0001233 0.999788  0.9999159 ... 0.9999464 1.0000452 1.0004257]]

 [[0.9996266 1.0005374 1.0001256 ... 1.0000609 0.9997866 0.9997064]
  [1.0000114 0.999878  0.9997412 ... 1.0001519 1.0003353 1.0003186]
  [1.0001011 0.9998183 0.9993896 ... 1.0009694 1.0001419 0.9999937]
  ...
  [0.9990144 0.9999202 1.0005177 ... 0.9998115 0.9997495 1.0000061]
  [0.9998568 1.0004282 1.0003484 ... 1.0004591 1.0001657 0.9997515]
  [1.000124  0.9997885 0.9994708 ... 0.9997531 1.0003321 1.0002578]]]","[[[0.00000000e+00 2.34967642e-05 0.00000000e+00 ... 7.82913071e-06
   0.00000000e+00 0.00000000e+00]
  [0.00000000e+00 0.00000000e+00 0.00000000e+00 ... 0.00000000e+00
   0.00000000e+00 0.00000000e+00]
  [0.00000000e+00 0.00000000e+00 0.00000000e+00 ... 7.80157570e-05
   0.00000000e+00 0.00000000e+00]
  ...
  [0.00000000e+00 1.27448857e-06 3.09923809e-05 ... 0.00000000e+00
   0.00000000e+00 0.00000000e+00]
  [0.00000000e+00 2.52331764e-05 4.57200659e-05 ... 1.54457047e-05
   5.30397941e-05 0.00000000e+00]
  [0.00000000e+00 0.00000000e+00 0.00000000e+00 ... 0.00000000e+00
   3.29680998e-05 0.00000000e+00]]

 [[6.19671475e-05 0.00000000e+00 2.16399073e-05 ... 9.98856772e-06
   5.75833368e-05 9.58637123e-05]
  [1.79574622e-05 8.47361464e-05 1.49435636e-05 ... 7.23409359e-05
   2.71757745e-05 3.80851008e-05]
  [5.36036239e-05 7.51038701e-05 8.93723916e-05 ... 0.00000000e+00
   4.91785826e-05 9.08773039e-05]
  ...
  [1.56178810e-04 0.00000000e+00 0.00000000e+00 ... 7.82284202e-05
   6.84208020e-05 4.89051782e-06]
  [5.61381625e-06 0.00000000e+00 0.00000000e+00 ... 0.00000000e+00
   0.00000000e+00 6.66559175e-05]
  [7.09401986e-06 2.81120348e-05 1.00783714e-04 ... 7.90799871e-05
   0.00000000e+00 2.58903311e-05]]]","[[0. 0. 0. ... 0. 0. 0.]
 [0. 0. 0. ... 0. 0. 0.]
 [0. 0. 0. ... 0. 0. 0.]
 ...
 [0. 0. 0. ... 0. 0. 0.]
 [0. 0. 0. ... 0. 0. 0.]
 [0. 0. 0. ... 0. 0. 0.]]","[[0. 0. 0. ... 0. 0. 0.]
 [0. 0. 0. ... 0. 0. 0.]
 [0. 0. 0. ... 0. 0. 0.]
 ...
 [0. 0. 0. ... 0. 0. 0.]
 [0. 0. 0. ... 0. 0. 0.]
 [0. 0. 0. ... 0. 0. 0.]]",0.5787152681896752,0.5034907759705044
422,5,20.0,25.0,0.05,1e-05,0.03,0.5000000000000001,20.248104523256533,0.653634448903778,0.7859830353178268,"[[[0.9996266 1.0005372 1.0001255 ... 1.0000609 0.9997865 0.9997069]
  [1.0000111 0.9998774 0.9997406 ... 1.0001515 1.0003351 1.0003189]
  [1.0001009 0.999818  0.9993893 ... 1.0009692 1.0001415 0.9999938]
  ...
  [0.9998428 0.9999198 1.0005172 ... 0.9998113 0.9997495 1.0000064]
  [0.9998565 1.0004278 1.0003482 ... 0.9996344 1.0001653 0.9997517]
  [1.0001239 0.9997881 0.9994706 ... 0.9997528 1.0003316 1.0002582]]

 [[0.9996266 1.0005375 1.0001259 ... 1.000061  0.9997868 0.9997067]
  [1.0000114 0.999878  0.9997412 ... 1.000152  1.0003355 1.0003189]
  [1.0001011 0.9998183 0.9998544 ... 1.000292  1.0001421 0.9999941]
  ...
  [0.9998433 0.9999202 1.0005178 ... 0.9998117 0.9997498 1.0000064]
  [0.9998568 1.0004282 1.0003488 ... 1.0004593 1.000166  0.9997518]
  [0.9991356 0.9997878 0.9994705 ... 0.9997534 1.0003324 1.0002582]]]","[[[0.00000000e+00 2.75767192e-05 0.00000000e+00 ... 3.67922281e-06
   0.00000000e+00 0.00000000e+00]
  [0.00000000e+00 0.00000000e+00 0.00000000e+00 ... 1.21660296e-05
   1.84704807e-05 1.60994880e-05]
  [0.00000000e+00 0.00000000e+00 3.18005413e-05 ... 0.00000000e+00
   7.92011765e-06 0.00000000e+00]
  ...
  [0.00000000e+00 0.00000000e+00 1.21376208e-05 ... 0.00000000e+00
   0.00000000e+00 0.00000000e+00]
  [0.00000000e+00 1.69479975e-05 3.69150331e-06 ... 1.15558700e-04
   2.38956889e-06 0.00000000e+00]
  [0.00000000e+00 0.00000000e+00 0.00000000e+00 ... 0.00000000e+00
   1.59702099e-05 1.77594797e-05]]

 [[2.54910479e-05 0.00000000e+00 1.23071334e-05 ... 0.00000000e+00
   1.87355482e-05 2.19793847e-05]
  [9.05993495e-06 2.30946245e-05 4.05985583e-05 ... 0.00000000e+00
   0.00000000e+00 0.00000000e+00]
  [5.94435469e-06 2.82755450e-05 0.00000000e+00 ... 5.59628860e-05
   0.00000000e+00 1.10910825e-05]
  ...
  [2.66812598e-05 2.96424007e-05 0.00000000e+00 ... 2.56560432e-05
   2.82283664e-05 1.10975444e-05]
  [1.37552066e-05 0.00000000e+00 6.17614447e-06 ... 0.00000000e+00
   1.54526940e-06 2.29975952e-05]
  [1.82811021e-04 2.25470210e-05 5.98547231e-05 ... 2.55634321e-05
   0.00000000e+00 0.00000000e+00]]]","[[0. 0. 0. ... 0. 0. 0.]
 [0. 0. 0. ... 0. 0. 0.]
 [0. 0. 0. ... 0. 0. 0.]
 ...
 [0. 0. 0. ... 0. 0. 0.]
 [0. 0. 0. ... 0. 0. 0.]
 [0. 0. 0. ... 0. 0. 0.]]","[[0. 0. 0. ... 0. 0. 0.]
 [0. 0. 0. ... 0. 0. 0.]
 [0. 0. 0. ... 0. 0. 0.]
 ...
 [0. 0. 0. ... 0. 0. 0.]
 [0. 0. 0. ... 0. 0. 0.]
 [0. 0. 0. ... 0. 0. 0.]]",0.5569845977182704,0.5942484196607037
422,5,20.0,25.0,0.0,1e-05,0.01,0.6000000000000001,12.095654090009566,0.754207768085177,0.6629814053376124,"[[[0.9996266 1.0005372 1.0001255 ... 1.0000606 0.999786  0.9997064]
  [1.0000113 0.9998778 0.9997408 ... 1.0001515 1.0003349 1.0003186]
  [1.0001009 0.9998181 0.9993893 ... 1.0009694 1.0001415 0.9999937]
  ...
  [0.9998427 0.9999196 0.9998858 ... 0.9998113 0.9997493 1.0000062]
  [0.9998562 1.0004277 1.0003479 ... 0.9996344 1.0001656 0.9997515]
  [1.0001233 0.9997878 0.9994702 ... 0.9997529 1.0003318 1.0002578]]

 [[0.9996631 1.0004994 1.0002133 ... 0.9997369 0.9997159 0.9999913]
  [0.9997823 1.0001647 0.9994488 ... 1.0001519 1.0001457 1.0003192]
  [1.0000803 0.9999348 0.9993896 ... 1.000292  0.9999195 1.0001115]
  ...
  [0.9998429 0.9999214 1.0005177 ... 1.0002512 1.0001655 1.0001669]
  [0.9998567 1.0004282 1.0001053 ... 1.0004591 0.9997163 1.0001088]
  [1.0001237 0.9997882 0.9999165 ... 0.9999459 1.0000452 1.0004264]]]","[[[4.31310988e-04 0.00000000e+00 0.00000000e+00 ... 8.06810113e-04
   4.98366438e-04 0.00000000e+00]
  [6.15776832e-04 0.00000000e+00 1.17537837e-03 ... 0.00000000e+00
   4.48499655e-05 0.00000000e+00]
  [0.00000000e+00 0.00000000e+00 8.69576889e-04 ... 4.87500546e-04
   4.10993378e-04 0.00000000e+00]
  ...
  [2.23653508e-04 1.09647839e-04 0.00000000e+00 ... 0.00000000e+00
   0.00000000e+00 0.00000000e+00]
  [2.03470442e-04 0.00000000e+00 1.73667982e-04 ... 0.00000000e+00
   1.00384527e-03 0.00000000e+00]
  [0.00000000e+00 3.01223838e-04 0.00000000e+00 ... 0.00000000e+00
   3.17958330e-04 0.00000000e+00]]

 [[0.00000000e+00 1.11103820e-03 7.10789053e-04 ... 0.00000000e+00
   0.00000000e+00 6.27308801e-04]
  [0.00000000e+00 1.04763592e-03 0.00000000e+00 ... 3.64892104e-04
   0.00000000e+00 7.66623048e-04]
  [1.45967587e-04 1.09136172e-04 0.00000000e+00 ... 0.00000000e+00
   0.00000000e+00 5.35101695e-04]
  ...
  [0.00000000e+00 0.00000000e+00 2.67815228e-03 ... 1.60270792e-03
   1.34335537e-03 7.65588975e-04]
  [0.00000000e+00 1.02748739e-03 0.00000000e+00 ... 2.97628497e-03
   0.00000000e+00 1.07380470e-03]
  [2.97714336e-04 0.00000000e+00 8.15328524e-04 ... 3.09304404e-04
   0.00000000e+00 1.40542633e-03]]]","[[0. 0. 0. ... 0. 0. 0.]
 [0. 0. 0. ... 0. 0. 0.]
 [0. 0. 0. ... 0. 0. 0.]
 ...
 [0. 0. 0. ... 0. 0. 0.]
 [0. 0. 0. ... 0. 0. 0.]
 [0. 0. 0. ... 0. 0. 0.]]","[[0. 0. 0. ... 0. 0. 0.]
 [0. 0. 0. ... 0. 0. 0.]
 [0. 0. 0. ... 0. 0. 0.]
 ...
 [0. 0. 0. ... 0. 0. 0.]
 [0. 0. 0. ... 0. 0. 0.]
 [0. 0. 0. ... 0. 0. 0.]]",0.12057802366166454,0.04017441158306033
422,5,20.0,25.0,0.0,1e-05,0.02,0.6000000000000001,0.08060004889132137,0.754207768085177,0.7548156599149958,"[[[0.9996266 1.0005372 1.0001258 ... 1.0000609 0.9997866 0.999707 ]
  [1.0000114 0.9998778 0.9997412 ... 1.0001521 1.0003357 1.0003194]
  [1.0001009 0.9998181 0.9998542 ... 1.00097   1.0001425 0.9999944]
  ...
  [0.9990146 0.9999202 1.0005178 ... 0.9998118 0.9997501 1.0000069]
  [0.9998567 1.0004281 1.0003486 ... 1.0004591 1.0001659 0.9997518]
  [1.0001236 0.9997879 0.9994706 ... 0.9997529 1.0003318 1.000258 ]]

 [[0.9996266 1.0005374 1.0001258 ... 1.0000612 0.9997868 0.999707 ]
  [1.0000113 0.9998779 0.9997411 ... 1.0001523 1.0003357 1.0003192]
  [1.0001009 0.9998182 0.9993896 ... 1.00097   1.0001423 0.9999942]
  ...
  [0.9998433 0.9999204 1.0005178 ... 0.9998121 0.9997498 1.0000068]
  [0.999857  1.0004286 1.0003488 ... 1.0004596 1.000166  0.9997521]
  [1.0001239 0.9997882 0.9994706 ... 0.9997531 1.0003318 1.000258 ]]]","[[[5.32115692e-04 0.00000000e+00 0.00000000e+00 ... 0.00000000e+00
   3.03541600e-04 4.17518839e-04]
  [0.00000000e+00 1.73751208e-04 3.69092773e-04 ... 0.00000000e+00
   0.00000000e+00 0.00000000e+00]
  [0.00000000e+00 2.58855727e-04 1.49011675e-03 ... 0.00000000e+00
   0.00000000e+00 8.45271374e-06]
  ...
  [0.00000000e+00 1.13037789e-04 0.00000000e+00 ... 2.67280645e-04
   3.56922517e-04 0.00000000e+00]
  [2.03326515e-04 0.00000000e+00 0.00000000e+00 ... 0.00000000e+00
   0.00000000e+00 3.52816661e-04]
  [0.00000000e+00 3.01343325e-04 7.54465093e-04 ... 3.51451028e-04
   0.00000000e+00 0.00000000e+00]]

 [[0.00000000e+00 1.28869466e-03 3.01548214e-04 ... 1.47198925e-04
   0.00000000e+00 0.00000000e+00]
  [2.69207886e-05 0.00000000e+00 0.00000000e+00 ... 3.65824301e-04
   8.04759664e-04 7.65060750e-04]
  [2.41826756e-04 0.00000000e+00 0.00000000e+00 ... 2.32459900e-03
   3.41008154e-04 0.00000000e+00]
  ...
  [1.51043420e-03 0.00000000e+00 1.24129628e-03 ... 0.00000000e+00
   0.00000000e+00 1.60612720e-05]
  [0.00000000e+00 1.02840769e-03 8.36726121e-04 ... 1.10269429e-03
   3.98422077e-04 0.00000000e+00]
  [2.97526492e-04 0.00000000e+00 0.00000000e+00 ... 0.00000000e+00
   7.95334847e-04 6.18467065e-04]]]","[[0. 0. 0. ... 0. 0. 0.]
 [0. 0. 0. ... 0. 0. 0.]
 [0. 0. 0. ... 0. 0. 0.]
 ...
 [0. 0. 0. ... 0. 0. 0.]
 [0. 0. 0. ... 0. 0. 0.]
 [0. 0. 0. ... 0. 0. 0.]]","[[0. 0. 0. ... 0. 0. 0.]
 [0. 0. 0. ... 0. 0. 0.]
 [0. 0. 0. ... 0. 0. 0.]
 ...
 [0. 0. 0. ... 0. 0. 0.]
 [0. 0. 0. ... 0. 0. 0.]
 [0. 0. 0. ... 0. 0. 0.]]",0.45244425675634375,0.3954080382251321
422,5,20.0,25.0,0.0,1e-05,0.03,0.6000000000000001,2.4519692753791915,0.754207768085177,0.7727007108311487,"[[[0.9996631 1.0004995 1.000213  ... 0.9997369 0.9997367 0.9999905]
  [0.999782  1.0001647 0.9994486 ... 1.0001518 1.0001452 1.0003184]
  [1.0000803 0.9999349 0.9993894 ... 1.000292  0.9999191 1.0001106]
  ...
  [0.999843  0.9999213 1.0005174 ... 1.0002514 1.0001653 1.0001667]
  [0.9998565 1.0004278 1.0001047 ... 1.0004591 0.9997159 1.000108 ]
  [1.0001236 0.999788  0.9999159 ... 0.999946  1.0000451 1.0004259]]

 [[0.9996631 1.0004992 1.0002131 ... 0.999737  0.999737  0.9999909]
  [0.9997823 1.0001647 0.9994488 ... 1.0001519 1.0001454 1.0003189]
  [1.0000803 0.9999348 0.9993895 ... 1.000292  0.9999192 1.000111 ]
  ...
  [0.999843  0.9999212 1.0005175 ... 1.0002515 1.0001655 1.0001667]
  [0.9998566 1.000428  1.0001051 ... 1.0004593 0.9993186 0.9992366]
  [1.0001236 0.9997879 0.9999161 ... 0.9999461 1.0000451 1.000426 ]]]","[[[4.80159927e-04 0.00000000e+00 0.00000000e+00 ... 3.74656153e-04
   3.74419015e-04 1.26087425e-05]
  [3.09870872e-04 0.00000000e+00 7.85443411e-04 ... 0.00000000e+00
   0.00000000e+00 0.00000000e+00]
  [0.00000000e+00 9.31651932e-05 8.69982240e-04 ... 0.00000000e+00
   1.15168690e-04 0.00000000e+00]
  ...
  [2.23790720e-04 1.12519359e-04 0.00000000e+00 ... 0.00000000e+00
   0.00000000e+00 0.00000000e+00]
  [2.04270868e-04 0.00000000e+00 0.00000000e+00 ... 0.00000000e+00
   1.50166276e-03 2.25131796e-03]
  [0.00000000e+00 3.02363098e-04 1.19431980e-04 ... 7.67008808e-05
   0.00000000e+00 0.00000000e+00]]

 [[0.00000000e+00 1.19599023e-03 5.11086994e-04 ... 0.00000000e+00
   0.00000000e+00 0.00000000e+00]
  [0.00000000e+00 3.94796350e-04 0.00000000e+00 ... 3.64228455e-04
   3.49065030e-04 7.65365859e-04]
  [1.92469167e-04 0.00000000e+00 0.00000000e+00 ... 6.99717285e-04
   0.00000000e+00 2.66739513e-04]
  ...
  [0.00000000e+00 0.00000000e+00 1.24053443e-03 ... 6.03119005e-04
   3.96804565e-04 3.99391644e-04]
  [0.00000000e+00 1.02597803e-03 2.53015876e-04 ... 1.10139332e-03
   0.00000000e+00 0.00000000e+00]
  [2.96210600e-04 0.00000000e+00 0.00000000e+00 ... 0.00000000e+00
   1.07884475e-04 1.02140484e-03]]]","[[0. 0. 0. ... 0. 0. 0.]
 [0. 0. 0. ... 0. 0. 0.]
 [0. 0. 0. ... 0. 0. 0.]
 ...
 [0. 0. 0. ... 0. 0. 0.]
 [0. 0. 0. ... 0. 0. 0.]
 [0. 0. 0. ... 0. 0. 0.]]","[[0. 0. 0. ... 0. 0. 0.]
 [0. 0. 0. ... 0. 0. 0.]
 [0. 0. 0. ... 0. 0. 0.]
 ...
 [0. 0. 0. ... 0. 0. 0.]
 [0. 0. 0. ... 0. 0. 0.]
 [0. 0. 0. ... 0. 0. 0.]]",0.5219778555112358,0.5409634749069284
422,5,20.0,25.0,0.05,1e-05,0.01,0.6000000000000001,0.08916634962856068,0.754207768085177,0.7535352685497604,"[[[1.0009124 1.0000356 1.0000832 ... 0.9997639 0.9997155 0.9997076]
  [1.0000832 1.0001649 1.0003704 ... 1.0003848 1.0003933 0.9998943]
  [1.0001278 1.0001373 0.9998536 ... 1.0002915 1.0001963 1.0001574]
  ...
  [1.0005639 1.000328  1.0000203 ... 0.9981242 1.0003779 0.9998967]
  [0.9999941 1.0005203 0.9997604 ... 1.0001032 0.9997157 0.9992358]
  [0.9999464 0.9993098 0.9999153 ... 0.9999456 0.9999534 0.9997245]]

 [[0.9996631 1.0004992 1.0002135 ... 0.9997368 0.999716  0.9999914]
  [0.9997821 1.0001646 0.999449  ... 1.0001518 1.0001457 1.0003192]
  [1.0000803 0.9999347 0.9993894 ... 1.0002918 0.9999194 1.000111 ]
  ...
  [0.999843  0.9999212 1.0005177 ... 1.0002509 1.0001653 1.0001667]
  [0.999857  1.000428  1.0001051 ... 1.000459  0.9997161 0.9992366]
  [1.0001235 0.9997881 0.9999163 ... 0.9999458 1.0000451 1.000426 ]]]","[[[0.00000000e+00 6.97858036e-05 1.27715701e-05 ... 0.00000000e+00
   0.00000000e+00 1.74015176e-05]
  [0.00000000e+00 3.02913150e-06 0.00000000e+00 ... 0.00000000e+00
   0.00000000e+00 5.62884710e-05]
  [0.00000000e+00 0.00000000e+00 0.00000000e+00 ... 1.49040146e-05
   0.00000000e+00 0.00000000e+00]
  ...
  [0.00000000e+00 0.00000000e+00 5.77442349e-05 ... 2.39316078e-04
   0.00000000e+00 1.97142215e-05]
  [0.00000000e+00 0.00000000e+00 1.53750333e-05 ... 4.90837896e-05
   0.00000000e+00 0.00000000e+00]
  [8.65231845e-06 1.79516042e-05 0.00000000e+00 ... 0.00000000e+00
   0.00000000e+00 8.91498291e-05]]

 [[2.05270087e-04 0.00000000e+00 0.00000000e+00 ... 2.56987756e-05
   3.88887846e-05 0.00000000e+00]
  [7.16284812e-05 1.43253181e-06 1.60809634e-04 ... 2.26516254e-05
   3.75328750e-05 0.00000000e+00]
  [2.55365795e-05 4.48042863e-05 1.04161146e-04 ... 0.00000000e+00
   6.28805741e-05 2.58940926e-05]
  ...
  [1.42153953e-04 9.97347377e-05 0.00000000e+00 ... 0.00000000e+00
   5.77542838e-05 0.00000000e+00]
  [6.07830899e-05 2.41649762e-05 0.00000000e+00 ... 0.00000000e+00
   5.34354774e-05 8.61291928e-05]
  [1.29409678e-06 0.00000000e+00 4.91267626e-05 ... 2.08985716e-05
   1.17884948e-05 0.00000000e+00]]]","[[0. 0. 0. ... 0. 0. 0.]
 [0. 0. 0. ... 0. 0. 0.]
 [0. 0. 0. ... 0. 0. 0.]
 ...
 [0. 0. 0. ... 0. 0. 0.]
 [0. 0. 0. ... 0. 0. 0.]
 [0. 0. 0. ... 0. 0. 0.]]","[[0. 0. 0. ... 0. 0. 0.]
 [0. 0. 0. ... 0. 0. 0.]
 [0. 0. 0. ... 0. 0. 0.]
 ...
 [0. 0. 0. ... 0. 0. 0.]
 [0. 0. 0. ... 0. 0. 0.]
 [0. 0. 0. ... 0. 0. 0.]]",0.5752554274221292,0.5057248224797091
422,5,20.0,25.0,0.05,1e-05,0.02,0.6000000000000001,7.686131125421591,0.754207768085177,0.8121771660983192,"[[[1.0009124 1.0000356 1.0000832 ... 0.999764  0.9997158 0.9997079]
  [1.000083  1.0001647 1.0003703 ... 1.0003849 1.0002817 0.9998947]
  [1.0001278 1.0001372 0.9998538 ... 1.0002918 1.0001966 1.000158 ]
  ...
  [1.0018206 1.0003285 1.000021  ... 0.9994284 1.0003783 0.9998971]
  [0.9999944 1.0005206 0.9997609 ... 1.0001032 0.9997157 0.9992361]
  [0.999947  0.9993099 0.9999157 ... 0.9999455 0.9999532 0.9997248]]

 [[1.0009124 1.0000356 1.0000838 ... 0.9997646 0.9997164 0.9997083]
  [1.0000832 1.000165  1.000371  ... 1.0003856 1.0002825 0.9998954]
  [1.000128  1.0001374 0.9998542 ... 1.0002923 1.0001972 1.0001582]
  ...
  [1.0005647 1.0003289 1.0000217 ... 0.9994289 1.0003788 0.9998975]
  [0.9999952 1.0005213 0.9997618 ... 1.0001037 0.9997166 0.9992368]
  [0.9999472 0.9993104 0.9999168 ... 0.9999459 0.9999541 0.9997253]]]","[[[2.04473641e-05 0.00000000e+00 0.00000000e+00 ... 0.00000000e+00
   0.00000000e+00 0.00000000e+00]
  [0.00000000e+00 0.00000000e+00 0.00000000e+00 ... 0.00000000e+00
   0.00000000e+00 0.00000000e+00]
  [0.00000000e+00 0.00000000e+00 0.00000000e+00 ... 0.00000000e+00
   0.00000000e+00 0.00000000e+00]
  ...
  [0.00000000e+00 0.00000000e+00 0.00000000e+00 ... 0.00000000e+00
   0.00000000e+00 0.00000000e+00]
  [0.00000000e+00 2.05026514e-06 0.00000000e+00 ... 0.00000000e+00
   0.00000000e+00 0.00000000e+00]
  [0.00000000e+00 0.00000000e+00 0.00000000e+00 ... 0.00000000e+00
   0.00000000e+00 0.00000000e+00]]

 [[0.00000000e+00 5.98268146e-05 5.66686747e-05 ... 8.03892535e-05
   7.81712240e-05 7.94199110e-05]
  [6.27468911e-05 5.64761539e-05 4.10241557e-05 ... 4.21559937e-05
   4.70788515e-05 7.28307653e-05]
  [5.94427415e-05 5.69896770e-05 7.37276471e-05 ... 5.03140756e-05
   5.66761655e-05 5.88027585e-05]
  ...
  [1.68905705e-04 2.97662952e-05 5.11530856e-05 ... 1.06487817e-04
   3.11403146e-05 5.62509255e-05]
  [4.70581223e-05 1.54811674e-05 6.98121229e-05 ... 5.55981237e-05
   7.30666657e-05 9.87404597e-05]
  [5.71661706e-05 1.02123935e-04 5.99366602e-05 ... 6.59152042e-05
   5.58838260e-05 6.87424876e-05]]]","[[0. 0. 0. ... 0. 0. 0.]
 [0. 0. 0. ... 0. 0. 0.]
 [0. 0. 0. ... 0. 0. 0.]
 ...
 [0. 0. 0. ... 0. 0. 0.]
 [0. 0. 0. ... 0. 0. 0.]
 [0. 0. 0. ... 0. 0. 0.]]","[[0. 0. 0. ... 0. 0. 0.]
 [0. 0. 0. ... 0. 0. 0.]
 [0. 0. 0. ... 0. 0. 0.]
 ...
 [0. 0. 0. ... 0. 0. 0.]
 [0. 0. 0. ... 0. 0. 0.]
 [0. 0. 0. ... 0. 0. 0.]]",0.5826615628417409,0.5681302518401649
422,5,20.0,25.0,0.05,1e-05,0.03,0.6000000000000001,13.60209064467027,0.754207768085177,0.8567957923492673,"[[[0.9996631 1.0004994 1.0002133 ... 0.9997369 0.9997368 0.9999907]
  [0.9997819 1.0001646 0.9994487 ... 1.0001518 1.0001451 1.0003184]
  [1.0000802 0.9999347 0.9993894 ... 0.999885  0.9999191 1.0001109]
  ...
  [0.9998427 0.9999209 1.0005172 ... 1.0002514 1.0001653 1.0001667]
  [0.9998562 1.0004277 1.0001047 ... 1.0004591 0.999716  1.0001082]
  [1.0001236 0.999788  0.9999161 ... 0.999946  1.000045  1.0004259]]

 [[0.9996631 1.0004998 1.0002137 ... 0.9997372 0.999716  0.9999913]
  [0.9997824 1.0005578 0.9994493 ... 1.0001523 1.0001458 1.000319 ]
  [1.0000806 0.9999354 0.9998546 ... 0.9998854 0.9999197 1.0001113]
  ...
  [0.9998434 0.9999218 1.000518  ... 1.0002518 1.0001659 1.0001673]
  [0.9998568 1.0004286 1.0001057 ... 1.0004596 0.9997167 0.9992368]
  [1.0001233 0.9997884 0.9999166 ... 0.9999461 1.0000453 1.0004262]]]","[[[0.00000000e+00 0.00000000e+00 0.00000000e+00 ... 0.00000000e+00
   0.00000000e+00 0.00000000e+00]
  [0.00000000e+00 4.19825634e-05 0.00000000e+00 ... 0.00000000e+00
   0.00000000e+00 0.00000000e+00]
  [0.00000000e+00 0.00000000e+00 1.10585837e-05 ... 0.00000000e+00
   0.00000000e+00 0.00000000e+00]
  ...
  [0.00000000e+00 0.00000000e+00 0.00000000e+00 ... 0.00000000e+00
   0.00000000e+00 0.00000000e+00]
  [0.00000000e+00 0.00000000e+00 0.00000000e+00 ... 0.00000000e+00
   0.00000000e+00 0.00000000e+00]
  [0.00000000e+00 0.00000000e+00 0.00000000e+00 ... 0.00000000e+00
   0.00000000e+00 0.00000000e+00]]

 [[8.15011692e-05 2.95523265e-05 4.91314475e-05 ... 5.93784152e-05
   6.93048127e-05 5.32644787e-05]
  [7.74965498e-05 0.00000000e+00 9.93898529e-05 ... 3.33768138e-05
   4.12962869e-05 3.43067024e-05]
  [5.73695803e-05 6.76331344e-05 6.25420847e-06 ... 5.54664603e-05
   6.19803358e-05 5.47875515e-05]
  ...
  [6.82800665e-05 6.96507580e-05 3.29181403e-05 ... 3.37313328e-05
   4.03555527e-05 3.90052777e-05]
  [6.02661703e-05 3.24878469e-05 6.08957733e-05 ... 1.72240094e-05
   6.36363602e-05 2.06921144e-04]
  [4.56210848e-05 7.65283177e-05 7.16745794e-05 ... 4.82624235e-05
   4.11939761e-05 1.58930498e-05]]]","[[0. 0. 0. ... 0. 0. 0.]
 [0. 0. 0. ... 0. 0. 0.]
 [0. 0. 0. ... 0. 0. 0.]
 ...
 [0. 0. 0. ... 0. 0. 0.]
 [0. 0. 0. ... 0. 0. 0.]
 [0. 0. 0. ... 0. 0. 0.]]","[[0. 0. 0. ... 0. 0. 0.]
 [0. 0. 0. ... 0. 0. 0.]
 [0. 0. 0. ... 0. 0. 0.]
 ...
 [0. 0. 0. ... 0. 0. 0.]
 [0. 0. 0. ... 0. 0. 0.]
 [0. 0. 0. ... 0. 0. 0.]]",0.5537029112068672,0.6759592159895257
422,5,20.0,25.0,0.0,1e-05,0.01,0.7000000000000002,7.43220693049111,0.8193069421871372,0.75841435484791,"[[[0.9996631 1.0004995 1.0002134 ... 0.999737  0.999716  0.9999913]
  [0.9997822 1.0005574 0.9994489 ... 1.0001518 1.0001456 1.000319 ]
  [1.0000805 0.9999349 0.9993895 ... 0.999885  0.9999193 1.0001111]
  ...
  [0.9998428 0.9999212 1.0005174 ... 1.0002515 1.0001656 1.0001669]
  [0.9998565 1.0004278 1.0001049 ... 1.0004593 0.9993186 0.9992368]
  [1.0001235 0.999788  0.999916  ... 0.9999461 1.0000453 1.0004262]]

 [[0.9996631 1.0004994 1.0002135 ... 0.9997372 0.9997161 0.9999909]
  [0.9997823 1.0005574 0.9994491 ... 1.0001523 1.0001458 1.0003189]
  [1.0000805 0.999935  0.9998544 ... 0.9998854 0.9999197 1.000111 ]
  ...
  [0.999843  0.9999213 1.0005178 ... 1.0002519 1.000166  1.0001669]
  [0.9998567 1.0004283 1.0001056 ... 1.0004598 0.9997167 0.9992368]
  [1.0001236 0.9997881 0.9999163 ... 0.9999462 1.0000454 1.0004259]]]","[[[4.80091888e-04 0.00000000e+00 0.00000000e+00 ... 3.74262190e-04
   4.04413670e-04 1.35785403e-05]
  [3.10039036e-04 0.00000000e+00 7.84943933e-04 ... 0.00000000e+00
   0.00000000e+00 0.00000000e+00]
  [0.00000000e+00 9.25998912e-05 0.00000000e+00 ... 1.62862710e-04
   1.13864368e-04 0.00000000e+00]
  ...
  [2.23493588e-04 1.11970824e-04 0.00000000e+00 ... 0.00000000e+00
   0.00000000e+00 0.00000000e+00]
  [2.03879575e-04 0.00000000e+00 0.00000000e+00 ... 0.00000000e+00
   0.00000000e+00 1.08779442e-03]
  [0.00000000e+00 3.01801215e-04 1.18865986e-04 ... 7.66359773e-05
   0.00000000e+00 0.00000000e+00]]

 [[0.00000000e+00 1.19666854e-03 5.12068003e-04 ... 0.00000000e+00
   0.00000000e+00 0.00000000e+00]
  [0.00000000e+00 1.33606028e-03 0.00000000e+00 ... 3.66557393e-04
   3.50024255e-04 7.64118766e-04]
  [1.92873525e-04 0.00000000e+00 7.08644683e-04 ... 0.00000000e+00
   0.00000000e+00 2.65763877e-04]
  ...
  [0.00000000e+00 0.00000000e+00 1.24230440e-03 ... 6.04621472e-04
   3.99147016e-04 4.00061696e-04]
  [0.00000000e+00 1.02775477e-03 2.54801068e-04 ... 1.10317740e-03
   2.26631645e-04 0.00000000e+00]
  [2.96595216e-04 0.00000000e+00 0.00000000e+00 ... 0.00000000e+00
   1.09115438e-04 1.02041283e-03]]]","[[0. 0. 0. ... 0. 0. 0.]
 [0. 0. 0. ... 0. 0. 0.]
 [0. 0. 0. ... 0. 0. 0.]
 ...
 [0. 0. 0. ... 0. 0. 0.]
 [0. 0. 0. ... 0. 0. 0.]
 [0. 0. 0. ... 0. 0. 0.]]","[[0. 0. 0. ... 0. 0. 0.]
 [0. 0. 0. ... 0. 0. 0.]
 [0. 0. 0. ... 0. 0. 0.]
 ...
 [0. 0. 0. ... 0. 0. 0.]
 [0. 0. 0. ... 0. 0. 0.]
 [0. 0. 0. ... 0. 0. 0.]]",0.267400077385425,0.15018639591245286
422,5,20.0,25.0,0.0,1e-05,0.02,0.7000000000000002,1.8869004370168496,0.8193069421871372,0.8038474359144987,"[[[0.9996631 1.0004994 1.0002131 ... 0.9997371 0.9997156 0.9999905]
  [0.9997821 1.0001647 0.9994485 ... 1.0001518 1.0001452 1.0003184]
  [1.0000801 0.9999346 0.999389  ... 0.9998848 0.9999188 1.0001103]
  ...
  [0.9998429 0.9999212 1.0005172 ... 1.0002515 1.0001653 1.0001665]
  [0.9998565 1.000428  1.0001048 ... 1.0004591 0.9993182 0.9992362]
  [1.0001237 0.9997882 0.9999161 ... 0.9999461 1.000045  1.0004256]]

 [[0.9996631 1.0004994 1.0002134 ... 0.9997369 0.9997158 0.9999908]
  [0.9997821 1.0001647 0.9994489 ... 1.0001518 1.0001454 1.0003184]
  [1.0000803 0.9999347 0.9993894 ... 0.9998848 0.9999189 1.0001105]
  ...
  [0.9998428 0.9999211 1.0005174 ... 1.0002513 1.0001653 1.0001663]
  [0.9998564 1.0004278 1.000105  ... 1.000459  0.9997157 0.9992361]
  [1.0001233 0.9997878 0.999916  ... 0.9999458 1.0000448 1.0004255]]]","[[[4.80107848e-04 0.00000000e+00 0.00000000e+00 ... 3.75174226e-04
   4.04772058e-04 1.27257086e-05]
  [3.10555283e-04 0.00000000e+00 7.84901389e-04 ... 0.00000000e+00
   0.00000000e+00 0.00000000e+00]
  [0.00000000e+00 9.30419827e-05 8.69703928e-04 ... 1.64206597e-04
   1.15547775e-04 0.00000000e+00]
  ...
  [2.24084113e-04 1.12642135e-04 0.00000000e+00 ... 0.00000000e+00
   0.00000000e+00 0.00000000e+00]
  [2.04719018e-04 0.00000000e+00 0.00000000e+00 ... 0.00000000e+00
   0.00000000e+00 1.08899129e-03]
  [0.00000000e+00 3.02953449e-04 1.19782177e-04 ... 7.76334084e-05
   0.00000000e+00 0.00000000e+00]]

 [[0.00000000e+00 1.19691458e-03 5.12022894e-04 ... 0.00000000e+00
   0.00000000e+00 0.00000000e+00]
  [0.00000000e+00 3.94893417e-04 0.00000000e+00 ... 3.63752107e-04
   3.49140922e-04 7.63215779e-04]
  [1.93100176e-04 0.00000000e+00 0.00000000e+00 ... 0.00000000e+00
   0.00000000e+00 2.65404999e-04]
  ...
  [0.00000000e+00 0.00000000e+00 1.24032671e-03 ... 6.01807358e-04
   3.96319546e-04 3.98060783e-04]
  [0.00000000e+00 1.02523695e-03 2.52266135e-04 ... 1.09979975e-03
   2.22819699e-04 0.00000000e+00]
  [2.94357592e-04 0.00000000e+00 0.00000000e+00 ... 0.00000000e+00
   1.07123564e-04 1.01951560e-03]]]","[[0. 0. 0. ... 0. 0. 0.]
 [0. 0. 0. ... 0. 0. 0.]
 [0. 0. 0. ... 0. 0. 0.]
 ...
 [0. 0. 0. ... 0. 0. 0.]
 [0. 0. 0. ... 0. 0. 0.]
 [0. 0. 0. ... 0. 0. 0.]]","[[0. 0. 0. ... 0. 0. 0.]
 [0. 0. 0. ... 0. 0. 0.]
 [0. 0. 0. ... 0. 0. 0.]
 ...
 [0. 0. 0. ... 0. 0. 0.]
 [0. 0. 0. ... 0. 0. 0.]
 [0. 0. 0. ... 0. 0. 0.]]",0.4463238300331465,0.4039523941482824
422,5,20.0,25.0,0.0,1e-05,0.03,0.7000000000000002,0.5181079218647715,0.8193069421871372,0.8235518363589968,"[[[0.9996266 1.0005373 1.0001258 ... 1.0000607 0.9997863 0.9997063]
  [1.0000113 0.9998778 0.9997411 ... 1.0001518 1.0003353 1.0003186]
  [1.0001009 0.9998181 0.9993895 ... 1.0009694 1.0001419 0.9999935]
  ...
  [0.9998426 0.9999196 0.9998859 ... 0.9998115 0.9997496 1.000006 ]
  [0.9998562 1.0004277 1.000348  ... 0.9996342 1.0001656 0.9997512]
  [1.0001231 0.9997876 0.99947   ... 0.9997526 1.0003315 1.0002574]]

 [[0.9996266 1.0005373 1.0001256 ... 1.0000606 0.9997865 0.9997064]
  [1.0000113 0.9998778 0.9997411 ... 1.0001518 1.0003353 1.0003186]
  [1.0001009 0.9998183 0.9993896 ... 1.0009694 1.0001419 0.9999936]
  ...
  [0.999843  0.9999201 1.0005176 ... 0.9998116 0.9997497 1.0000064]
  [0.9998566 1.000428  1.0003484 ... 0.9996344 1.0001658 0.9997517]
  [1.0001236 0.999788  0.9994705 ... 0.9997529 1.000332  1.0002578]]]","[[[5.32137466e-04 0.00000000e+00 0.00000000e+00 ... 0.00000000e+00
   3.03976386e-04 4.18303275e-04]
  [0.00000000e+00 1.74099259e-04 3.68944434e-04 ... 0.00000000e+00
   0.00000000e+00 0.00000000e+00]
  [0.00000000e+00 2.58546401e-04 8.69875531e-04 ... 0.00000000e+00
   0.00000000e+00 8.90665876e-06]
  ...
  [2.23132162e-04 1.13063629e-04 0.00000000e+00 ... 2.68311323e-04
   3.56476173e-04 0.00000000e+00]
  [2.03772842e-04 0.00000000e+00 0.00000000e+00 ... 5.20773456e-04
   0.00000000e+00 3.53194751e-04]
  [0.00000000e+00 3.01615588e-04 7.53998438e-04 ... 3.51731293e-04
   0.00000000e+00 0.00000000e+00]]

 [[0.00000000e+00 1.28783858e-03 3.00986594e-04 ... 1.44941489e-04
   0.00000000e+00 0.00000000e+00]
  [2.71617805e-05 0.00000000e+00 0.00000000e+00 ... 3.63855544e-04
   8.03898574e-04 7.63886951e-04]
  [2.41810304e-04 0.00000000e+00 0.00000000e+00 ... 2.32318314e-03
   3.40140556e-04 0.00000000e+00]
  ...
  [0.00000000e+00 0.00000000e+00 2.67739300e-03 ... 0.00000000e+00
   0.00000000e+00 1.65317919e-05]
  [0.00000000e+00 1.02643173e-03 8.36419778e-04 ... 0.00000000e+00
   3.98074319e-04 0.00000000e+00]
  [2.97462964e-04 0.00000000e+00 0.00000000e+00 ... 0.00000000e+00
   7.96955164e-04 6.19230422e-04]]]","[[0. 0. 0. ... 0. 0. 0.]
 [0. 0. 0. ... 0. 0. 0.]
 [0. 0. 0. ... 0. 0. 0.]
 ...
 [0. 0. 0. ... 0. 0. 0.]
 [0. 0. 0. ... 0. 0. 0.]
 [0. 0. 0. ... 0. 0. 0.]]","[[0. 0. 0. ... 0. 0. 0.]
 [0. 0. 0. ... 0. 0. 0.]
 [0. 0. 0. ... 0. 0. 0.]
 ...
 [0. 0. 0. ... 0. 0. 0.]
 [0. 0. 0. ... 0. 0. 0.]
 [0. 0. 0. ... 0. 0. 0.]]",0.5210956479073863,0.5734854959450058
422,5,20.0,25.0,0.05,1e-05,0.01,0.7000000000000002,4.151594260563875,0.8193069421871372,0.7852926421988946,"[[[0.9996266 1.0005373 1.0001253 ... 1.0000607 0.9997864 0.9997062]
  [1.0000111 0.9998774 0.9997406 ... 1.0001518 1.0003352 1.0003184]
  [1.0001009 0.9998181 0.9993894 ... 1.0002918 1.0001419 0.9999935]
  ...
  [0.9998426 0.9999195 0.9998859 ... 0.9998116 0.9997498 1.0000062]
  [0.9998565 1.0004276 1.000348  ... 1.0004591 1.0001658 0.9997515]
  [1.0001235 0.9997876 0.99947   ... 0.9997529 1.0003319 1.0002577]]

 [[0.9996631 1.0004995 1.0002135 ... 0.999737  0.9997159 0.9999908]
  [0.9997824 1.0005575 0.9994493 ... 1.0001523 1.000146  1.0003192]
  [1.0000805 0.9999351 0.9998544 ... 0.9998852 0.9999195 1.000111 ]
  ...
  [0.9998429 0.9999214 1.0005178 ... 1.0002519 1.000166  1.0001673]
  [0.9998568 1.0004283 1.0001055 ... 1.0004597 0.9997167 1.0001088]
  [1.0001233 0.999788  0.9999165 ... 0.9999464 1.0000454 1.0004262]]]","[[[0.00000000e+00 0.00000000e+00 0.00000000e+00 ... 0.00000000e+00
   0.00000000e+00 0.00000000e+00]
  [0.00000000e+00 5.61746399e-05 0.00000000e+00 ... 0.00000000e+00
   0.00000000e+00 0.00000000e+00]
  [0.00000000e+00 0.00000000e+00 0.00000000e+00 ... 0.00000000e+00
   0.00000000e+00 0.00000000e+00]
  ...
  [0.00000000e+00 0.00000000e+00 3.41281951e-05 ... 6.47404830e-06
   0.00000000e+00 0.00000000e+00]
  [0.00000000e+00 0.00000000e+00 0.00000000e+00 ... 0.00000000e+00
   0.00000000e+00 0.00000000e+00]
  [0.00000000e+00 0.00000000e+00 0.00000000e+00 ... 0.00000000e+00
   0.00000000e+00 0.00000000e+00]]

 [[1.16038864e-04 7.47961800e-05 7.87568029e-05 ... 1.20350328e-04
   1.03073929e-04 5.31013483e-05]
  [1.36987333e-04 0.00000000e+00 1.67328742e-04 ... 4.36402624e-05
   8.25080299e-05 5.95418695e-05]
  [8.38622303e-05 8.21834702e-05 3.24357055e-05 ... 1.13340262e-04
   1.03433808e-04 5.88368024e-05]
  ...
  [1.26870038e-04 1.23787122e-04 2.09524428e-06 ... 2.64645759e-05
   4.55457114e-05 8.44659741e-05]
  [1.21398269e-04 8.31484176e-05 1.41937005e-04 ... 5.75035964e-05
   1.75700242e-04 5.27193479e-05]
  [9.60358366e-05 1.23829303e-04 6.25238264e-05 ... 5.44692486e-05
   1.16720469e-04 4.72616301e-05]]]","[[0. 0. 0. ... 0. 0. 0.]
 [0. 0. 0. ... 0. 0. 0.]
 [0. 0. 0. ... 0. 0. 0.]
 ...
 [0. 0. 0. ... 0. 0. 0.]
 [0. 0. 0. ... 0. 0. 0.]
 [0. 0. 0. ... 0. 0. 0.]]","[[0. 0. 0. ... 0. 0. 0.]
 [0. 0. 0. ... 0. 0. 0.]
 [0. 0. 0. ... 0. 0. 0.]
 ...
 [0. 0. 0. ... 0. 0. 0.]
 [0. 0. 0. ... 0. 0. 0.]
 [0. 0. 0. ... 0. 0. 0.]]",0.5772741982115888,0.5426273277744372
422,5,20.0,25.0,0.05,1e-05,0.02,0.7000000000000002,3.7988393866484325,0.8193069421871372,0.850431097004487,"[[[0.9996631 1.0004995 1.0002133 ... 0.9997369 0.999737  0.9999905]
  [0.9997823 1.0005574 0.9994487 ... 1.0001518 1.0001452 1.0003184]
  [1.0000803 0.9999347 0.9993891 ... 1.0002916 0.9999188 1.0001101]
  ...
  [0.9998428 0.999921  1.000517  ... 1.0002512 1.0001651 1.0001664]
  [0.9998566 1.000428  1.0001047 ... 1.0004592 0.9993182 0.9992361]
  [1.0001236 0.9997879 0.999916  ... 0.9999461 1.0000451 1.0004258]]

 [[0.9996266 1.0005373 1.0001258 ... 1.0000612 0.9997865 0.9997067]
  [1.0000112 0.9998777 0.999741  ... 1.0001523 1.0003355 1.0003189]
  [1.000101  0.999818  0.9993895 ... 1.0009698 1.0001421 0.9999938]
  ...
  [0.9990144 0.99992   1.0005175 ... 0.9998121 0.9997499 1.0000064]
  [0.9998568 1.000428  1.0003484 ... 0.9996348 1.000166  0.9997517]
  [1.0001235 0.9997879 0.9994703 ... 0.9997534 1.000332  1.000258 ]]]","[[[0.00000000e+00 2.94185062e-05 0.00000000e+00 ... 2.91991663e-05
   0.00000000e+00 0.00000000e+00]
  [1.46223359e-05 0.00000000e+00 2.72575050e-06 ... 0.00000000e+00
   2.32632661e-05 4.24434369e-06]
  [0.00000000e+00 0.00000000e+00 0.00000000e+00 ... 1.19173740e-04
   1.42413013e-05 0.00000000e+00]
  ...
  [0.00000000e+00 0.00000000e+00 1.77293869e-05 ... 0.00000000e+00
   0.00000000e+00 0.00000000e+00]
  [0.00000000e+00 1.89491540e-05 3.72568291e-05 ... 0.00000000e+00
   1.03362259e-04 3.67358225e-05]
  [1.18619378e-07 0.00000000e+00 0.00000000e+00 ... 0.00000000e+00
   4.31372294e-05 0.00000000e+00]]

 [[4.68307234e-05 0.00000000e+00 1.95075512e-05 ... 0.00000000e+00
   3.09910340e-05 7.41916985e-05]
  [0.00000000e+00 1.15728963e-04 5.07666629e-06 ... 2.17156827e-05
   0.00000000e+00 4.32620546e-06]
  [1.76991759e-05 4.89940537e-05 7.54991712e-05 ... 0.00000000e+00
   0.00000000e+00 4.52346411e-05]
  ...
  [1.71894008e-04 1.42215246e-05 0.00000000e+00 ... 7.16805019e-05
   7.26219941e-05 1.82119676e-05]
  [1.46701799e-05 0.00000000e+00 0.00000000e+00 ... 1.33388365e-04
   0.00000000e+00 0.00000000e+00]
  [4.28769873e-06 2.95318450e-05 1.06984171e-04 ... 4.98763989e-05
   0.00000000e+00 1.91619479e-05]]]","[[0. 0. 0. ... 0. 0. 0.]
 [0. 0. 0. ... 0. 0. 0.]
 [0. 0. 0. ... 0. 0. 0.]
 ...
 [0. 0. 0. ... 0. 0. 0.]
 [0. 0. 0. ... 0. 0. 0.]
 [0. 0. 0. ... 0. 0. 0.]]","[[0. 0. 0. ... 0. 0. 0.]
 [0. 0. 0. ... 0. 0. 0.]
 [0. 0. 0. ... 0. 0. 0.]
 ...
 [0. 0. 0. ... 0. 0. 0.]
 [0. 0. 0. ... 0. 0. 0.]
 [0. 0. 0. ... 0. 0. 0.]]",0.5838232300106245,0.6217079939263962
422,5,20.0,25.0,0.05,1e-05,0.03,0.7000000000000002,9.42271217005419,0.8193069421871372,0.8965078771387034,"[[[0.9996631 1.0004992 1.0002135 ... 0.9997369 0.9997159 0.9999908]
  [0.9997823 1.0005574 0.999449  ... 1.0001518 1.0001456 1.0003186]
  [1.0000806 0.999935  0.9998542 ... 1.0002918 0.9999195 1.000111 ]
  ...
  [0.9998429 0.9999212 1.0005175 ... 1.0002512 1.0001656 1.0001667]
  [0.9998565 1.0004278 1.000105  ... 1.000459  0.9993186 1.0001082]
  [1.0001234 0.9997879 0.9999161 ... 0.9999458 1.0000453 1.000426 ]]

 [[0.9996631 1.0004996 1.0002135 ... 0.9997368 0.9997158 0.999991 ]
  [0.9997821 1.0005574 0.999449  ... 1.0001519 1.0001457 1.000319 ]
  [1.0000803 0.999935  0.9993895 ... 0.999885  0.9999193 1.0001111]
  ...
  [0.9998431 0.9999215 1.0005178 ... 1.0002514 1.0001655 1.0001669]
  [0.9998565 1.0004281 1.0001051 ... 1.0004592 0.9993186 0.9992368]
  [1.0001234 0.999788  0.9999163 ... 0.9999459 1.0000453 1.0004262]]]","[[[0.00000000e+00 1.26623834e-05 0.00000000e+00 ... 0.00000000e+00
   0.00000000e+00 0.00000000e+00]
  [0.00000000e+00 2.03296548e-05 0.00000000e+00 ... 3.33169628e-06
   0.00000000e+00 6.51156537e-06]
  [0.00000000e+00 0.00000000e+00 0.00000000e+00 ... 0.00000000e+00
   0.00000000e+00 0.00000000e+00]
  ...
  [0.00000000e+00 0.00000000e+00 2.57949456e-06 ... 0.00000000e+00
   0.00000000e+00 0.00000000e+00]
  [0.00000000e+00 3.39321717e-06 0.00000000e+00 ... 1.46670111e-05
   0.00000000e+00 0.00000000e+00]
  [0.00000000e+00 0.00000000e+00 0.00000000e+00 ... 0.00000000e+00
   0.00000000e+00 1.69746628e-05]]

 [[4.97672391e-05 0.00000000e+00 1.96264699e-05 ... 3.01823386e-05
   3.65246280e-05 2.26648873e-05]
  [4.11788380e-05 0.00000000e+00 5.87745351e-05 ... 1.91221793e-07
   8.15324133e-06 7.98670876e-07]
  [2.03911791e-05 2.35520160e-05 1.12607710e-04 ... 7.13916152e-05
   2.62643009e-05 1.93839988e-05]
  ...
  [4.74692422e-05 5.00069057e-05 1.41514651e-05 ... 1.31710770e-05
   1.75521489e-05 1.70487450e-05]
  [3.64768913e-05 9.72826879e-06 4.05174043e-05 ... 0.00000000e+00
   6.47109424e-05 1.80793737e-04]
  [1.80032168e-05 5.02073717e-05 4.72615888e-05 ... 2.10696842e-05
   1.23266790e-05 0.00000000e+00]]]","[[0. 0. 0. ... 0. 0. 0.]
 [0. 0. 0. ... 0. 0. 0.]
 [0. 0. 0. ... 0. 0. 0.]
 ...
 [0. 0. 0. ... 0. 0. 0.]
 [0. 0. 0. ... 0. 0. 0.]
 [0. 0. 0. ... 0. 0. 0.]]","[[0. 0. 0. ... 0. 0. 0.]
 [0. 0. 0. ... 0. 0. 0.]
 [0. 0. 0. ... 0. 0. 0.]
 ...
 [0. 0. 0. ... 0. 0. 0.]
 [0. 0. 0. ... 0. 0. 0.]
 [0. 0. 0. ... 0. 0. 0.]]",0.5464037897543208,0.7529115860109337
422,5,20.0,25.0,0.0,1e-05,0.01,0.8000000000000003,8.668705681065944,0.8701016617466583,0.7946751095637765,"[[[0.9996266 1.0005373 1.0001255 ... 1.0000608 0.9997863 0.9997064]
  [1.0000114 0.9998779 0.9997409 ... 1.0001519 1.0003353 1.0003186]
  [1.000101  0.9998182 0.9993893 ... 1.0009696 1.0001417 0.9999934]
  ...
  [0.9998433 0.9999202 1.0005174 ... 0.9998117 0.9997497 1.0000061]
  [0.999857  1.0004282 1.0003484 ... 0.9996346 1.0001657 0.9997515]
  [1.0001237 0.9997881 0.9994704 ... 0.999753  1.0003319 1.0002577]]

 [[0.9996266 1.0005373 1.0001255 ... 1.0000603 0.9997858 0.9997061]
  [1.0000112 0.9998776 0.9997405 ... 1.0001513 1.0003346 1.0003183]
  [1.0001009 0.9998181 0.9993891 ... 1.0002913 1.0001413 0.9999933]
  ...
  [0.9998428 0.9999198 0.9998858 ... 0.9998111 0.999749  1.0000058]
  [0.9998566 1.000428  1.000348  ... 0.9996341 1.0001652 0.9997512]
  [1.0001235 0.9997879 0.99947   ... 0.9997526 1.0003314 1.0002574]]]","[[[5.32131834e-04 0.00000000e+00 0.00000000e+00 ... 0.00000000e+00
   3.05953143e-04 4.19204791e-04]
  [0.00000000e+00 1.74911043e-04 3.70349399e-04 ... 0.00000000e+00
   0.00000000e+00 0.00000000e+00]
  [0.00000000e+00 2.59358525e-04 8.70869456e-04 ... 4.89441228e-04
   0.00000000e+00 9.58122696e-06]
  ...
  [2.24587176e-04 1.14858104e-04 1.00525082e-03 ... 2.69934493e-04
   3.58601942e-04 0.00000000e+00]
  [2.04888119e-04 0.00000000e+00 0.00000000e+00 ... 5.22145027e-04
   0.00000000e+00 3.54902054e-04]
  [0.00000000e+00 3.02418586e-04 7.55881642e-04 ... 3.53108956e-04
   0.00000000e+00 0.00000000e+00]]

 [[0.00000000e+00 1.28784279e-03 3.00961048e-04 ... 1.43545251e-04
   0.00000000e+00 0.00000000e+00]
  [2.63395377e-05 0.00000000e+00 0.00000000e+00 ... 3.61331272e-04
   8.00540992e-04 7.62210459e-04]
  [2.41533578e-04 0.00000000e+00 0.00000000e+00 ... 0.00000000e+00
   3.37600555e-04 0.00000000e+00]
  ...
  [0.00000000e+00 0.00000000e+00 0.00000000e+00 ... 0.00000000e+00
   0.00000000e+00 1.34746288e-05]
  [0.00000000e+00 1.02533275e-03 8.33084468e-04 ... 0.00000000e+00
   3.95037179e-04 0.00000000e+00]
  [2.95558780e-04 0.00000000e+00 0.00000000e+00 ... 0.00000000e+00
   7.93365340e-04 6.16198007e-04]]]","[[0. 0. 0. ... 0. 0. 0.]
 [0. 0. 0. ... 0. 0. 0.]
 [0. 0. 0. ... 0. 0. 0.]
 ...
 [0. 0. 0. ... 0. 0. 0.]
 [0. 0. 0. ... 0. 0. 0.]
 [0. 0. 0. ... 0. 0. 0.]]","[[0. 0. 0. ... 0. 0. 0.]
 [0. 0. 0. ... 0. 0. 0.]
 [0. 0. 0. ... 0. 0. 0.]
 ...
 [0. 0. 0. ... 0. 0. 0.]
 [0. 0. 0. ... 0. 0. 0.]
 [0. 0. 0. ... 0. 0. 0.]]",0.2505202331808786,0.1485171242463956
422,5,20.0,25.0,0.0,1e-05,0.02,0.8000000000000003,3.0528612153162737,0.8701016617466583,0.8435386655813721,"[[[0.9996266 1.0005375 1.0001255 ... 1.0000612 0.9997863 0.9997063]
  [1.0000112 0.999878  0.9997407 ... 1.0001523 1.0003351 1.0003184]
  [1.0001009 0.9998184 0.9993892 ... 1.00097   1.0001417 0.9999935]
  ...
  [0.999843  0.9999204 1.0005172 ... 0.9998119 0.9997495 1.0000058]
  [0.9998567 1.0004283 1.0003482 ... 0.9996348 1.0001656 0.9997514]
  [1.0001237 0.9997884 0.9994703 ... 0.9997532 1.0003318 1.0002576]]

 [[0.9996266 1.0005372 1.0001256 ... 1.0000606 0.9997862 0.9997062]
  [1.0000112 0.9998776 0.9997409 ... 1.0001518 1.0003352 1.0003186]
  [1.000101  0.9998181 0.9993894 ... 1.0002918 1.0001419 0.9999936]
  ...
  [0.9990144 0.9999199 1.0005174 ... 0.9998116 0.9997497 1.0000063]
  [0.9998567 1.000428  1.0003483 ... 1.0004591 1.0001658 0.9997516]
  [1.0001237 0.999788  0.9994704 ... 0.9997529 1.0003318 1.0002576]]]","[[[5.32161400e-04 0.00000000e+00 0.00000000e+00 ... 0.00000000e+00
   3.04834002e-04 4.18826512e-04]
  [0.00000000e+00 1.75021711e-04 3.68992627e-04 ... 0.00000000e+00
   0.00000000e+00 0.00000000e+00]
  [0.00000000e+00 2.59631837e-04 8.69920893e-04 ... 4.88629069e-04
   0.00000000e+00 8.95189241e-06]
  ...
  [2.51127122e-03 1.14882252e-04 0.00000000e+00 ... 2.68887331e-04
   3.56339869e-04 0.00000000e+00]
  [2.04192752e-04 0.00000000e+00 0.00000000e+00 ... 0.00000000e+00
   0.00000000e+00 3.53621319e-04]
  [0.00000000e+00 3.02685124e-04 7.54607298e-04 ... 3.52556524e-04
   0.00000000e+00 0.00000000e+00]]

 [[0.00000000e+00 1.28668972e-03 3.01458614e-04 ... 1.43789900e-04
   0.00000000e+00 0.00000000e+00]
  [2.68288697e-05 0.00000000e+00 0.00000000e+00 ... 3.62420717e-04
   8.03808131e-04 7.64367661e-04]
  [2.42300776e-04 0.00000000e+00 0.00000000e+00 ... 0.00000000e+00
   3.40329789e-04 0.00000000e+00]
  ...
  [0.00000000e+00 0.00000000e+00 1.24035326e-03 ... 0.00000000e+00
   0.00000000e+00 1.61920750e-05]
  [0.00000000e+00 1.02500223e-03 8.35236320e-04 ... 2.97532136e-03
   3.98040482e-04 0.00000000e+00]
  [2.96620261e-04 0.00000000e+00 0.00000000e+00 ... 0.00000000e+00
   7.95256185e-04 6.17533969e-04]]]","[[0. 0. 0. ... 0. 0. 0.]
 [0. 0. 0. ... 0. 0. 0.]
 [0. 0. 0. ... 0. 0. 0.]
 ...
 [0. 0. 0. ... 0. 0. 0.]
 [0. 0. 0. ... 0. 0. 0.]
 [0. 0. 0. ... 0. 0. 0.]]","[[0. 0. 0. ... 0. 0. 0.]
 [0. 0. 0. ... 0. 0. 0.]
 [0. 0. 0. ... 0. 0. 0.]
 ...
 [0. 0. 0. ... 0. 0. 0.]
 [0. 0. 0. ... 0. 0. 0.]
 [0. 0. 0. ... 0. 0. 0.]]",0.4456577072660367,0.4292538402069401
422,5,20.0,25.0,0.0,1e-05,0.03,0.8000000000000003,4.926186519413779,0.8701016617466583,0.8272388309804991,"[[[0.9996631 1.0004996 1.0002134 ... 0.9997371 0.999716  0.9999909]
  [0.9997821 1.0005574 0.9994489 ... 1.000152  1.0001456 1.0003186]
  [1.0000803 0.9999349 0.9993896 ... 1.000292  0.9999194 1.0001107]
  ...
  [0.9998427 0.9999212 1.0005174 ... 1.0002514 1.0001655 1.0001664]
  [0.9998564 1.000428  1.000105  ... 1.0004592 0.9993186 0.9992364]
  [1.0001233 0.999788  0.9999161 ... 0.9999461 1.0000453 1.0004259]]

 [[0.9996266 1.0005373 1.0001261 ... 1.0000614 0.9997869 0.999707 ]
  [1.0000111 0.9998776 0.9997411 ... 1.0001523 1.0003357 1.0003192]
  [1.0001007 0.999818  0.9993895 ... 1.00097   1.0001423 0.9999941]
  ...
  [0.999843  0.99992   1.0005178 ... 0.9998119 0.9997499 1.0000063]
  [0.9998567 1.0004282 1.0003488 ... 1.0004593 1.0001659 0.9997517]
  [1.0001237 0.9997881 0.9994709 ... 0.9997534 1.0003321 1.0002578]]]","[[[5.80763522e-04 0.00000000e+00 0.00000000e+00 ... 0.00000000e+00
   2.08821041e-04 7.96255608e-04]
  [0.00000000e+00 1.08122751e-03 0.00000000e+00 ... 0.00000000e+00
   0.00000000e+00 0.00000000e+00]
  [0.00000000e+00 4.15127288e-04 8.69978672e-04 ... 0.00000000e+00
   0.00000000e+00 1.63901026e-04]
  ...
  [2.23164571e-04 1.15421208e-04 0.00000000e+00 ... 8.54340983e-04
   9.10750101e-04 2.04458306e-04]
  [2.03625564e-04 0.00000000e+00 0.00000000e+00 ... 0.00000000e+00
   0.00000000e+00 0.00000000e+00]
  [0.00000000e+00 3.01624519e-04 1.34811150e-03 ... 6.08388071e-04
   0.00000000e+00 0.00000000e+00]]

 [[0.00000000e+00 1.37372664e-03 1.04157458e-04 ... 8.85233979e-04
   0.00000000e+00 0.00000000e+00]
  [5.47803219e-04 0.00000000e+00 4.42903944e-05 ... 3.66298490e-04
   1.23738484e-03 7.66895646e-04]
  [2.88112258e-04 0.00000000e+00 0.00000000e+00 ... 3.86625672e-03
   8.48559648e-04 0.00000000e+00]
  ...
  [0.00000000e+00 0.00000000e+00 1.24258810e-03 ... 0.00000000e+00
   0.00000000e+00 0.00000000e+00]
  [0.00000000e+00 1.02722285e-03 1.39082183e-03 ... 1.10150975e-03
   2.32605743e-03 5.77552576e-04]
  [2.97994737e-04 0.00000000e+00 0.00000000e+00 ... 0.00000000e+00
   1.44871515e-03 2.36171387e-04]]]","[[0. 0. 0. ... 0. 0. 0.]
 [0. 0. 0. ... 0. 0. 0.]
 [0. 0. 0. ... 0. 0. 0.]
 ...
 [0. 0. 0. ... 0. 0. 0.]
 [0. 0. 0. ... 0. 0. 0.]
 [0. 0. 0. ... 0. 0. 0.]]","[[0. 0. 0. ... 0. 0. 0.]
 [0. 0. 0. ... 0. 0. 0.]
 [0. 0. 0. ... 0. 0. 0.]
 ...
 [0. 0. 0. ... 0. 0. 0.]
 [0. 0. 0. ... 0. 0. 0.]
 [0. 0. 0. ... 0. 0. 0.]]",0.41096206810888397,0.29905452686260287
422,5,20.0,25.0,0.05,1e-05,0.01,0.8000000000000003,5.9344604744717255,0.8701016617466583,0.8184658225425812,"[[[0.9996266 1.0005373 1.0001258 ... 1.0000608 0.9997865 0.9997067]
  [1.0000114 0.999878  0.9997412 ... 1.0001519 1.0003355 1.0003189]
  [1.0001011 0.9998186 0.9998542 ... 1.0009696 1.000142  0.9999938]
  ...
  [0.9990146 0.9999201 1.0005176 ... 0.9998118 0.9997499 1.0000066]
  [0.999857  1.0004286 1.0003488 ... 1.0004593 1.0001659 0.9997518]
  [1.0001237 0.9997882 0.9994706 ... 0.9997534 1.0003324 1.0002582]]

 [[0.9996266 1.0005373 1.0001256 ... 1.0000608 0.9997862 0.9997065]
  [1.0000112 0.9998776 0.9997408 ... 1.0001518 1.0003349 1.0003183]
  [1.0001009 0.9998183 0.9993894 ... 1.0009692 1.0001415 0.9999933]
  ...
  [0.9998427 0.9999198 1.0005172 ... 0.9998113 0.9997491 1.0000058]
  [0.9998566 1.0004282 1.0003484 ... 0.9996344 1.0001653 0.9997512]
  [1.0001237 0.999788  0.9994704 ... 0.999753  1.0003319 1.0002578]]]","[[[0.00000000e+00 4.00860515e-06 0.00000000e+00 ... 0.00000000e+00
   0.00000000e+00 0.00000000e+00]
  [0.00000000e+00 0.00000000e+00 0.00000000e+00 ... 0.00000000e+00
   0.00000000e+00 0.00000000e+00]
  [0.00000000e+00 0.00000000e+00 0.00000000e+00 ... 1.25911743e-05
   0.00000000e+00 0.00000000e+00]
  ...
  [5.62906226e-05 0.00000000e+00 4.49201885e-06 ... 0.00000000e+00
   0.00000000e+00 0.00000000e+00]
  [0.00000000e+00 0.00000000e+00 0.00000000e+00 ... 0.00000000e+00
   0.00000000e+00 0.00000000e+00]
  [0.00000000e+00 0.00000000e+00 0.00000000e+00 ... 0.00000000e+00
   0.00000000e+00 0.00000000e+00]]

 [[7.81489687e-05 1.27804441e-05 3.75510859e-05 ... 4.06645157e-05
   6.58129649e-05 7.23603297e-05]
  [5.95389654e-05 6.39013804e-05 6.71368399e-05 ... 5.38902576e-05
   4.33020088e-05 4.23707937e-05]
  [6.51442458e-05 7.37848230e-05 1.59181504e-04 ... 1.30243058e-05
   6.80821052e-05 7.73075574e-05]
  ...
  [0.00000000e+00 5.61176338e-05 1.09354457e-05 ... 3.37086068e-05
   4.64981078e-05 4.07903273e-05]
  [5.79201028e-05 1.90428985e-05 2.30723809e-05 ... 1.51378551e-04
   1.84343061e-05 5.88555543e-05]
  [3.84859557e-05 6.29300223e-05 8.02260789e-05 ... 4.61251254e-05
   1.66993151e-05 2.73701267e-05]]]","[[0. 0. 0. ... 0. 0. 0.]
 [0. 0. 0. ... 0. 0. 0.]
 [0. 0. 0. ... 0. 0. 0.]
 ...
 [0. 0. 0. ... 0. 0. 0.]
 [0. 0. 0. ... 0. 0. 0.]
 [0. 0. 0. ... 0. 0. 0.]]","[[0. 0. 0. ... 0. 0. 0.]
 [0. 0. 0. ... 0. 0. 0.]
 [0. 0. 0. ... 0. 0. 0.]
 ...
 [0. 0. 0. ... 0. 0. 0.]
 [0. 0. 0. ... 0. 0. 0.]
 [0. 0. 0. ... 0. 0. 0.]]",0.5827324022767695,0.6038013784326163
422,5,20.0,25.0,0.05,1e-05,0.02,0.8000000000000003,1.7297873058924345,0.8701016617466583,0.8851525698399111,"[[[0.9996631 1.0004994 1.0002135 ... 0.9997374 0.9997164 0.9999913]
  [0.9997824 1.0001647 0.9994491 ... 1.0001523 1.0001462 1.0003192]
  [1.0000805 0.9999348 0.9998542 ... 1.0002924 0.9999198 1.0001115]
  ...
  [0.9998431 0.9999214 1.0005177 ... 1.0002515 1.000166  1.0001673]
  [0.9998568 1.0004282 1.0001055 ... 1.0004594 0.9997166 0.9992368]
  [1.000124  0.9997882 0.9999165 ... 0.9999461 1.0000454 1.000426 ]]

 [[0.9996266 1.0005372 1.0001258 ... 1.0000606 0.9997865 0.9997067]
  [1.0000113 0.9998775 0.9997411 ... 1.0001516 1.0003355 1.000319 ]
  [1.0001011 0.9998179 0.9998544 ... 1.0002916 1.000142  0.9999939]
  ...
  [0.999843  0.9999197 1.0005176 ... 0.9998115 0.9997499 1.0000066]
  [0.9998568 1.0004278 1.0003484 ... 0.9996344 1.000166  0.999752 ]
  [1.0001239 0.9997879 0.9994706 ... 0.9997529 1.0003321 1.000258 ]]]","[[[0.00000000e+00 4.05026136e-05 2.10058115e-06 ... 3.79575288e-05
   0.00000000e+00 0.00000000e+00]
  [2.34601782e-05 0.00000000e+00 1.45234320e-05 ... 1.23135596e-06
   3.32115864e-05 1.35831690e-05]
  [1.08129844e-06 0.00000000e+00 0.00000000e+00 ... 8.79826057e-06
   2.49736903e-05 0.00000000e+00]
  ...
  [8.10385108e-07 3.54781115e-06 4.00309845e-05 ... 0.00000000e+00
   0.00000000e+00 0.00000000e+00]
  [0.00000000e+00 3.26210688e-05 5.57259151e-05 ... 0.00000000e+00
   7.09288029e-05 4.85017854e-05]
  [1.17723230e-05 0.00000000e+00 0.00000000e+00 ... 0.00000000e+00
   5.50347587e-05 0.00000000e+00]]

 [[2.97079606e-05 0.00000000e+00 0.00000000e+00 ... 0.00000000e+00
   1.14929315e-05 5.71698668e-05]
  [0.00000000e+00 4.96661446e-05 0.00000000e+00 ... 3.13770839e-06
   0.00000000e+00 0.00000000e+00]
  [3.18205752e-06 3.36300361e-05 2.23083462e-05 ... 0.00000000e+00
   0.00000000e+00 3.23480314e-05]
  ...
  [0.00000000e+00 0.00000000e+00 0.00000000e+00 ... 4.71635485e-05
   4.73603403e-05 1.02178031e-06]
  [1.27666240e-07 0.00000000e+00 0.00000000e+00 ... 1.12129436e-04
   0.00000000e+00 0.00000000e+00]
  [0.00000000e+00 7.52328892e-06 7.99048762e-05 ... 3.23471084e-05
   0.00000000e+00 7.30182686e-07]]]","[[0. 0. 0. ... 0. 0. 0.]
 [0. 0. 0. ... 0. 0. 0.]
 [0. 0. 0. ... 0. 0. 0.]
 ...
 [0. 0. 0. ... 0. 0. 0.]
 [0. 0. 0. ... 0. 0. 0.]
 [0. 0. 0. ... 0. 0. 0.]]","[[0. 0. 0. ... 0. 0. 0.]
 [0. 0. 0. ... 0. 0. 0.]
 [0. 0. 0. ... 0. 0. 0.]
 ...
 [0. 0. 0. ... 0. 0. 0.]
 [0. 0. 0. ... 0. 0. 0.]
 [0. 0. 0. ... 0. 0. 0.]]",0.5836082830993367,0.6758475852900397
422,5,20.0,25.0,0.05,1e-05,0.03,0.8000000000000003,7.123538794535566,0.8701016617466583,0.9320836911730801,"[[[0.9996631 1.0004996 1.0002134 ... 0.999737  0.999716  0.9999909]
  [0.999782  1.0001647 0.9994489 ... 1.0001518 1.0001456 1.0003188]
  [1.0000802 0.9999347 0.9993895 ... 0.999885  0.999919  1.0001107]
  ...
  [0.9998426 0.9999211 1.0005171 ... 1.0002513 1.0001653 1.0001667]
  [0.9998562 1.0004277 1.000105  ... 1.000459  0.9993182 0.9992362]
  [1.0001233 0.9997879 0.9999162 ... 0.9999456 1.000045  1.0004258]]

 [[0.9996631 1.0004994 1.0002131 ... 0.999737  0.999737  0.9999909]
  [0.9997818 1.000557  0.9994484 ... 1.0001518 1.0001454 1.0003186]
  [1.0000802 0.9999347 0.9993891 ... 1.0002918 0.9999191 1.0001107]
  ...
  [0.9998429 0.9999212 1.0005171 ... 1.000251  1.0001651 1.0001663]
  [0.9998566 1.000428  1.0001049 ... 1.0004587 0.9997157 0.9992364]
  [1.0001236 0.9997881 0.999916  ... 0.9999458 1.000045  1.000426 ]]]","[[[0.00000000e+00 0.00000000e+00 0.00000000e+00 ... 0.00000000e+00
   0.00000000e+00 0.00000000e+00]
  [0.00000000e+00 4.83110233e-05 0.00000000e+00 ... 0.00000000e+00
   0.00000000e+00 0.00000000e+00]
  [0.00000000e+00 0.00000000e+00 0.00000000e+00 ... 4.08362601e-05
   0.00000000e+00 0.00000000e+00]
  ...
  [0.00000000e+00 0.00000000e+00 0.00000000e+00 ... 0.00000000e+00
   0.00000000e+00 0.00000000e+00]
  [0.00000000e+00 0.00000000e+00 0.00000000e+00 ... 0.00000000e+00
   0.00000000e+00 0.00000000e+00]
  [0.00000000e+00 0.00000000e+00 0.00000000e+00 ... 0.00000000e+00
   0.00000000e+00 0.00000000e+00]]

 [[7.82733875e-05 2.43862869e-05 4.28866380e-05 ... 5.56387446e-05
   6.10422347e-05 5.18260946e-05]
  [6.98002783e-05 0.00000000e+00 8.54670722e-05 ... 2.90843334e-05
   3.69566830e-05 2.83060228e-05]
  [4.64745123e-05 5.20840252e-05 7.89899973e-05 ... 0.00000000e+00
   5.51829679e-05 4.45702057e-05]
  ...
  [7.12620269e-05 7.18270091e-05 3.59123057e-05 ... 3.81469739e-05
   4.53895380e-05 4.52319899e-05]
  [6.63505742e-05 3.39721952e-05 6.21751487e-05 ... 2.06958201e-05
   2.21390738e-05 1.05803688e-04]
  [4.72424135e-05 7.55384204e-05 6.95528064e-05 ... 4.83832301e-05
   4.56373255e-05 2.18448989e-05]]]","[[0. 0. 0. ... 0. 0. 0.]
 [0. 0. 0. ... 0. 0. 0.]
 [0. 0. 0. ... 0. 0. 0.]
 ...
 [0. 0. 0. ... 0. 0. 0.]
 [0. 0. 0. ... 0. 0. 0.]
 [0. 0. 0. ... 0. 0. 0.]]","[[0. 0. 0. ... 0. 0. 0.]
 [0. 0. 0. ... 0. 0. 0.]
 [0. 0. 0. ... 0. 0. 0.]
 ...
 [0. 0. 0. ... 0. 0. 0.]
 [0. 0. 0. ... 0. 0. 0.]
 [0. 0. 0. ... 0. 0. 0.]]",0.5330256711013783,0.8331734904850586
422,5,20.0,25.0,0.0,1e-05,0.01,0.2,28.815549490501176,0.25986351122756973,0.3347446099131042,"[[[0.9996266 1.0005372 1.0001256 ... 1.0000606 0.9997862 0.9997065]
  [1.0000114 0.9998778 0.999741  ... 1.0001518 1.0003351 1.0003188]
  [1.000101  0.9998181 0.9993894 ... 1.0009692 1.0001415 0.9999937]
  ...
  [0.999843  0.9999198 1.0005172 ... 0.9998115 0.9997496 1.0000064]
  [0.9998566 1.0004278 1.0003482 ... 1.0004591 1.0001658 0.9997518]
  [1.0001233 0.9997878 0.99947   ... 0.999753  1.000332  1.0002582]]

 [[0.9996631 1.0004997 1.0002139 ... 0.9997374 0.9997164 0.9999915]
  [0.9997821 1.0005574 0.9994493 ... 1.0001521 1.0001458 1.000319 ]
  [1.0000803 0.9999349 0.9998542 ... 1.000292  0.9999195 1.0001111]
  ...
  [0.999843  0.9999214 1.000518  ... 1.0002518 1.0001659 1.0001673]
  [0.9998567 1.0004282 1.0001057 ... 1.0004596 0.9997167 0.9992372]
  [1.0001236 0.9997882 0.9999167 ... 0.9999464 1.0000458 1.0004267]]]","[[[4.31314030e-04 0.00000000e+00 0.00000000e+00 ... 8.05497969e-04
   4.97292829e-04 0.00000000e+00]
  [6.16597030e-04 0.00000000e+00 1.17421886e-03 ... 0.00000000e+00
   4.48410793e-05 0.00000000e+00]
  [0.00000000e+00 0.00000000e+00 0.00000000e+00 ... 4.87186164e-04
   4.10995292e-04 0.00000000e+00]
  ...
  [2.23723213e-04 1.09889290e-04 0.00000000e+00 ... 0.00000000e+00
   0.00000000e+00 0.00000000e+00]
  [2.04028602e-04 0.00000000e+00 1.72832400e-04 ... 0.00000000e+00
   1.00301650e-03 1.77429297e-03]
  [0.00000000e+00 3.01224306e-04 0.00000000e+00 ... 0.00000000e+00
   3.16636462e-04 0.00000000e+00]]

 [[0.00000000e+00 1.11270671e-03 7.13301116e-04 ... 0.00000000e+00
   0.00000000e+00 6.27867434e-04]
  [0.00000000e+00 2.88169214e-03 0.00000000e+00 ... 3.65457597e-04
   0.00000000e+00 7.65233489e-04]
  [1.45694303e-04 1.09691499e-04 7.08092161e-04 ... 0.00000000e+00
   0.00000000e+00 5.33427599e-04]
  ...
  [0.00000000e+00 0.00000000e+00 1.24314354e-03 ... 1.60507715e-03
   1.34489875e-03 7.66712550e-04]
  [0.00000000e+00 1.02721395e-03 0.00000000e+00 ... 1.10261820e-03
   0.00000000e+00 0.00000000e+00]
  [2.97153774e-04 0.00000000e+00 8.16570354e-04 ... 3.11532176e-04
   0.00000000e+00 1.40572172e-03]]]","[[0. 0. 0. ... 0. 0. 0.]
 [0. 0. 0. ... 0. 0. 0.]
 [0. 0. 0. ... 0. 0. 0.]
 ...
 [0. 0. 0. ... 0. 0. 0.]
 [0. 0. 0. ... 0. 0. 0.]
 [0. 0. 0. ... 0. 0. 0.]]","[[0. 0. 0. ... 0. 0. 0.]
 [0. 0. 0. ... 0. 0. 0.]
 [0. 0. 0. ... 0. 0. 0.]
 ...
 [0. 0. 0. ... 0. 0. 0.]
 [0. 0. 0. ... 0. 0. 0.]
 [0. 0. 0. ... 0. 0. 0.]]",0.12445402249806435,0.041977870876866566
422,5,20.0,25.0,0.0,1e-05,0.02,0.2,31.00575772374746,0.25986351122756973,0.3404361619312133,"[[[0.9996266 1.0005372 1.0001256 ... 1.0000609 0.9997864 0.9997065]
  [1.0000114 0.9998777 0.9997408 ... 1.0001518 1.0003351 1.0003185]
  [1.0001009 0.9998182 0.9993894 ... 1.0002918 1.0001419 0.9999935]
  ...
  [0.999843  0.99992   1.0005175 ... 0.9998118 0.9997497 1.0000063]
  [0.9998567 1.0004282 1.0003484 ... 1.0004593 1.0001657 0.9997516]
  [1.0001236 0.999788  0.9994704 ... 0.9997531 1.0003319 1.0002578]]

 [[0.9996266 1.0005373 1.0001255 ... 1.0000606 0.9997862 0.9997061]
  [1.0000113 0.9998778 0.9997409 ... 1.0001519 1.0003351 1.0003186]
  [1.0001007 0.9998181 0.9993891 ... 1.0002918 1.0001417 0.9999934]
  ...
  [0.9990144 0.99992   1.0005174 ... 0.9998117 0.9997496 1.0000061]
  [0.9998565 1.0004281 1.0003481 ... 0.9996346 1.0001658 0.9997515]
  [1.0001233 0.9997878 0.99947   ... 0.999753  1.0003318 1.0002577]]]","[[[5.32119129e-04 0.00000000e+00 0.00000000e+00 ... 0.00000000e+00
   3.04864691e-04 4.19349739e-04]
  [0.00000000e+00 1.73921743e-04 3.69025706e-04 ... 0.00000000e+00
   0.00000000e+00 0.00000000e+00]
  [0.00000000e+00 2.59345711e-04 8.71013629e-04 ... 0.00000000e+00
   0.00000000e+00 9.56308552e-06]
  ...
  [2.51122164e-03 1.13947720e-04 0.00000000e+00 ... 2.68431684e-04
   3.56941068e-04 0.00000000e+00]
  [2.04804785e-04 0.00000000e+00 0.00000000e+00 ... 1.62098506e-03
   0.00000000e+00 3.54223099e-04]
  [0.00000000e+00 3.02576109e-04 7.55867892e-04 ... 3.52096923e-04
   0.00000000e+00 0.00000000e+00]]

 [[0.00000000e+00 1.28813322e-03 3.00709251e-04 ... 1.44422607e-04
   0.00000000e+00 0.00000000e+00]
  [2.69171640e-05 0.00000000e+00 0.00000000e+00 ... 3.64417051e-04
   8.03338249e-04 7.64174651e-04]
  [2.41268591e-04 0.00000000e+00 0.00000000e+00 ... 6.99619026e-04
   3.39582326e-04 0.00000000e+00]
  ...
  [0.00000000e+00 0.00000000e+00 1.23988719e-03 ... 0.00000000e+00
   0.00000000e+00 1.40728744e-05]
  [0.00000000e+00 1.02591438e-03 8.33664329e-04 ... 0.00000000e+00
   3.97849445e-04 0.00000000e+00]
  [2.94735902e-04 0.00000000e+00 0.00000000e+00 ... 0.00000000e+00
   7.95064185e-04 6.17622633e-04]]]","[[0. 0. 0. ... 0. 0. 0.]
 [0. 0. 0. ... 0. 0. 0.]
 [0. 0. 0. ... 0. 0. 0.]
 ...
 [0. 0. 0. ... 0. 0. 0.]
 [0. 0. 0. ... 0. 0. 0.]
 [0. 0. 0. ... 0. 0. 0.]]","[[0. 0. 0. ... 0. 0. 0.]
 [0. 0. 0. ... 0. 0. 0.]
 [0. 0. 0. ... 0. 0. 0.]
 ...
 [0. 0. 0. ... 0. 0. 0.]
 [0. 0. 0. ... 0. 0. 0.]
 [0. 0. 0. ... 0. 0. 0.]]",0.527614971180757,0.3003890931105189
422,5,20.0,25.0,0.0,1e-05,0.03,0.2,37.76543698153793,0.25986351122756973,0.35800210179822933,"[[[0.9996631 1.0004995 1.0002133 ... 0.9997371 0.9997158 0.999991 ]
  [0.9997821 1.0001647 0.9994487 ... 1.000152  1.0001456 1.0003189]
  [1.0000803 0.9999348 0.9993893 ... 1.000292  0.9999192 1.0001111]
  ...
  [0.999843  0.9999214 1.0005174 ... 1.0002515 1.0001653 1.0001669]
  [0.9998567 1.0004282 1.000105  ... 1.0004591 0.9997161 0.9982738]
  [1.0001234 0.9997879 0.9999159 ... 0.9999458 1.000045  1.000426 ]]

 [[0.9996266 1.0005372 1.0001256 ... 1.0000608 0.9997862 0.9997062]
  [1.0000113 0.9998777 0.9997409 ... 1.0001518 1.0003349 1.0003183]
  [1.0001009 0.9998181 0.9993895 ... 1.0002918 1.0001416 0.9999933]
  ...
  [0.9998427 0.9999197 0.9998859 ... 0.9998119 0.9997497 1.0000063]
  [0.9998563 1.0004277 1.0003481 ... 0.9996346 1.0001657 0.9997514]
  [1.0001233 0.9997879 0.9994702 ... 0.9997532 1.0003319 1.0002577]]]","[[[5.80912626e-04 0.00000000e+00 0.00000000e+00 ... 0.00000000e+00
   2.10703946e-04 7.98705828e-04]
  [0.00000000e+00 5.57287327e-04 0.00000000e+00 ... 0.00000000e+00
   0.00000000e+00 0.00000000e+00]
  [0.00000000e+00 4.14949826e-04 8.69724867e-04 ... 0.00000000e+00
   0.00000000e+00 1.66656444e-04]
  ...
  [2.24524790e-04 1.16619428e-04 1.00492594e-03 ... 8.54645913e-04
   9.11231283e-04 2.05237493e-04]
  [2.05320975e-04 0.00000000e+00 0.00000000e+00 ... 1.62069437e-03
   0.00000000e+00 0.00000000e+00]
  [0.00000000e+00 3.02189362e-04 1.34999073e-03 ... 6.08794429e-04
   0.00000000e+00 0.00000000e+00]]

 [[0.00000000e+00 1.37318650e-03 1.01957957e-04 ... 8.82206212e-04
   0.00000000e+00 0.00000000e+00]
  [5.48668144e-04 0.00000000e+00 4.36129812e-05 ... 3.63283709e-04
   1.23324743e-03 7.61651289e-04]
  [2.88425107e-04 0.00000000e+00 0.00000000e+00 ... 6.99321018e-04
   8.45524686e-04 0.00000000e+00]
  ...
  [0.00000000e+00 0.00000000e+00 0.00000000e+00 ... 0.00000000e+00
   0.00000000e+00 0.00000000e+00]
  [0.00000000e+00 1.02420646e-03 1.38724033e-03 ... 0.00000000e+00
   1.42003239e-03 2.76835764e-03]
  [2.95239011e-04 0.00000000e+00 0.00000000e+00 ... 0.00000000e+00
   1.44815858e-03 2.35080756e-04]]]","[[0. 0. 0. ... 0. 0. 0.]
 [0. 0. 0. ... 0. 0. 0.]
 [0. 0. 0. ... 0. 0. 0.]
 ...
 [0. 0. 0. ... 0. 0. 0.]
 [0. 0. 0. ... 0. 0. 0.]
 [0. 0. 0. ... 0. 0. 0.]]","[[0. 0. 0. ... 0. 0. 0.]
 [0. 0. 0. ... 0. 0. 0.]
 [0. 0. 0. ... 0. 0. 0.]
 ...
 [0. 0. 0. ... 0. 0. 0.]
 [0. 0. 0. ... 0. 0. 0.]
 [0. 0. 0. ... 0. 0. 0.]]",0.46558584594626645,0.24797289212591248
422,5,20.0,25.0,0.05,1e-05,0.01,0.2,45.017570130117036,0.25986351122756973,0.3768477496370255,"[[[0.9996266 1.0005372 1.0001254 ... 1.0000607 0.999786  0.999706 ]
  [1.0000112 0.9998777 0.9997407 ... 1.0001515 1.0003347 1.0003183]
  [1.0001007 0.9998181 0.9993892 ... 1.0009694 1.0001413 0.9999931]
  ...
  [0.9998427 0.9999196 0.9998858 ... 0.9998117 0.9997493 1.0000061]
  [0.9998565 1.000428  1.0003481 ... 0.9996346 1.0001655 0.9997515]
  [0.9991356 0.9997877 0.99947   ... 0.9997531 1.0003318 1.0002577]]

 [[0.9996266 1.0005372 1.0001256 ... 1.0000607 0.9997863 0.9997063]
  [1.0000111 0.9998774 0.9997409 ... 1.0001518 1.000335  1.0003184]
  [1.0001009 0.999818  0.9993892 ... 1.0009692 1.0001414 0.9999933]
  ...
  [0.9990146 0.99992   1.0005175 ... 0.9998115 0.9997495 1.000006 ]
  [0.9998567 1.0004281 1.0003484 ... 0.9996346 1.0001657 0.9997515]
  [1.0001235 0.9997879 0.9994704 ... 0.9997528 1.0003318 1.0002574]]]","[[[0.00000000e+00 5.18988489e-05 2.83887233e-05 ... 2.02271609e-05
   1.06735773e-06 0.00000000e+00]
  [1.54979525e-05 1.09558675e-05 6.36584824e-06 ... 1.68681410e-05
   2.87732329e-05 3.10138486e-05]
  [1.91273973e-05 9.45913595e-06 0.00000000e+00 ... 6.34448729e-05
   1.30551835e-05 6.81402351e-06]
  ...
  [0.00000000e+00 2.50213491e-05 1.27037072e-04 ... 2.00353444e-05
   1.62164930e-05 3.62828840e-05]
  [1.76828327e-05 4.97523697e-05 4.05314777e-05 ... 4.86953757e-06
   3.78281479e-05 1.09369322e-05]
  [1.38787861e-04 3.77931128e-06 0.00000000e+00 ... 7.18574108e-06
   4.15147655e-05 3.40660653e-05]]

 [[1.23010025e-06 0.00000000e+00 0.00000000e+00 ... 0.00000000e+00
   0.00000000e+00 0.00000000e+00]
  [0.00000000e+00 0.00000000e+00 0.00000000e+00 ... 0.00000000e+00
   0.00000000e+00 0.00000000e+00]
  [0.00000000e+00 0.00000000e+00 0.00000000e+00 ... 0.00000000e+00
   0.00000000e+00 0.00000000e+00]
  ...
  [1.14020792e-04 0.00000000e+00 0.00000000e+00 ... 0.00000000e+00
   0.00000000e+00 0.00000000e+00]
  [0.00000000e+00 0.00000000e+00 0.00000000e+00 ... 0.00000000e+00
   0.00000000e+00 0.00000000e+00]
  [0.00000000e+00 0.00000000e+00 1.89228137e-06 ... 0.00000000e+00
   0.00000000e+00 0.00000000e+00]]]","[[0. 0. 0. ... 0. 0. 0.]
 [0. 0. 0. ... 0. 0. 0.]
 [0. 0. 0. ... 0. 0. 0.]
 ...
 [0. 0. 0. ... 0. 0. 0.]
 [0. 0. 0. ... 0. 0. 0.]
 [0. 0. 0. ... 0. 0. 0.]]","[[0. 0. 0. ... 0. 0. 0.]
 [0. 0. 0. ... 0. 0. 0.]
 [0. 0. 0. ... 0. 0. 0.]
 ...
 [0. 0. 0. ... 0. 0. 0.]
 [0. 0. 0. ... 0. 0. 0.]
 [0. 0. 0. ... 0. 0. 0.]]",0.5996795316825414,0.3211415197593587
422,5,20.0,25.0,0.05,1e-05,0.02,0.2,60.26191491727394,0.25986351122756973,0.41646223926456843,"[[[1.0009124 1.0000354 1.0000832 ... 0.9997642 0.9997157 0.9997079]
  [1.0000829 1.0001645 1.0003701 ... 1.0003849 1.0003936 0.9998947]
  [1.0001277 1.0001371 0.9998538 ... 1.0002918 1.0001963 1.0001577]
  ...
  [1.0005641 1.0003283 1.0000209 ... 0.9994284 1.0003783 0.9998974]
  [0.9999946 1.0005206 0.999761  ... 1.0001036 0.9997158 0.9992362]
  [0.9999471 1.0001462 0.9999163 ... 0.9999461 0.9999539 0.9997254]]

 [[0.9996266 1.0005375 1.0001256 ... 1.0000607 0.9997863 0.9997065]
  [1.0000113 0.999878  0.9997412 ... 1.0001519 1.0003355 1.0003192]
  [1.000101  0.9998184 0.9998544 ... 1.0009698 1.0001423 0.9999943]
  ...
  [0.999843  0.9999202 1.0005177 ... 0.9998117 0.9997498 1.0000068]
  [0.9998566 1.0004286 1.0003489 ... 1.0004596 1.0001663 0.9997524]
  [1.0001233 0.999788  0.9994704 ... 0.9997536 1.0003325 1.0002584]]]","[[[0.00000000e+00 7.72004763e-05 0.00000000e+00 ... 1.92088446e-05
   0.00000000e+00 0.00000000e+00]
  [0.00000000e+00 0.00000000e+00 0.00000000e+00 ... 0.00000000e+00
   0.00000000e+00 4.47819550e-05]
  [0.00000000e+00 0.00000000e+00 0.00000000e+00 ... 1.14361218e-04
   0.00000000e+00 0.00000000e+00]
  ...
  [0.00000000e+00 0.00000000e+00 6.20235337e-05 ... 1.52796870e-05
   0.00000000e+00 0.00000000e+00]
  [0.00000000e+00 0.00000000e+00 6.42850459e-05 ... 4.89952265e-05
   3.78645049e-05 1.98864266e-05]
  [1.01963035e-05 0.00000000e+00 0.00000000e+00 ... 0.00000000e+00
   3.74812001e-05 5.25359850e-05]]

 [[2.18046593e-04 0.00000000e+00 1.21764855e-05 ... 0.00000000e+00
   4.79397506e-05 5.62200764e-05]
  [3.98366295e-05 7.37978301e-05 1.26656289e-04 ... 6.00645978e-05
   3.01281648e-05 0.00000000e+00]
  [3.79027904e-05 8.68063174e-05 4.81856435e-05 ... 0.00000000e+00
   4.51982327e-05 6.72039348e-05]
  ...
  [1.31245050e-04 8.97759887e-05 0.00000000e+00 ... 0.00000000e+00
   1.26494904e-04 1.46767573e-05]
  [5.91179771e-05 1.49112835e-05 0.00000000e+00 ... 0.00000000e+00
   0.00000000e+00 0.00000000e+00]
  [0.00000000e+00 9.05593680e-05 1.23875480e-04 ... 7.57898246e-05
   0.00000000e+00 0.00000000e+00]]]","[[0. 0. 0. ... 0. 0. 0.]
 [0. 0. 0. ... 0. 0. 0.]
 [0. 0. 0. ... 0. 0. 0.]
 ...
 [0. 0. 0. ... 0. 0. 0.]
 [0. 0. 0. ... 0. 0. 0.]
 [0. 0. 0. ... 0. 0. 0.]]","[[0. 0. 0. ... 0. 0. 0.]
 [0. 0. 0. ... 0. 0. 0.]
 [0. 0. 0. ... 0. 0. 0.]
 ...
 [0. 0. 0. ... 0. 0. 0.]
 [0. 0. 0. ... 0. 0. 0.]
 [0. 0. 0. ... 0. 0. 0.]]",0.6013411525404389,0.34754660252684927
422,5,20.0,25.0,0.05,1e-05,0.03,0.2,73.02804566030451,0.25986351122756973,0.4496367548613099,"[[[0.9996631 1.0004992 1.0002133 ... 0.999737  0.9997159 0.9999909]
  [0.9997821 1.0001646 0.9994487 ... 1.0001519 1.0001456 1.0003189]
  [1.0000802 0.9999345 0.9993893 ... 1.0002918 0.9999192 1.0001107]
  ...
  [0.9998429 0.999921  1.0005174 ... 1.0002512 1.0001653 1.0001668]
  [0.9998567 1.0004278 1.000105  ... 1.0004591 0.999716  1.0001082]
  [1.0001233 0.9997876 0.9999159 ... 0.9999458 1.0000451 1.0004259]]

 [[0.9996266 1.0005372 1.0001256 ... 1.0000604 0.9997858 0.9997057]
  [1.0000112 0.9998776 0.9997408 ... 0.99941   1.0003346 1.000318 ]
  [1.000101  0.9998182 0.9993893 ... 1.0009692 1.0001414 0.999993 ]
  ...
  [0.9998426 0.9999196 0.9998858 ... 0.9998116 0.9997495 1.0000058]
  [0.9998563 1.0004278 1.0003479 ... 0.9996344 1.0001656 0.9997512]
  [1.0001233 0.9997878 0.9994699 ... 0.9997528 1.0003318 1.0002573]]]","[[[1.64217578e-05 8.55349617e-05 4.75721300e-05 ... 7.87402304e-05
   3.18696341e-05 0.00000000e+00]
  [6.78905926e-05 2.78908553e-06 6.33743592e-05 ... 0.00000000e+00
   7.36816527e-05 5.45886627e-05]
  [4.62114036e-05 2.16213562e-05 7.82733305e-06 ... 1.56459223e-04
   5.98561435e-05 1.70630538e-05]
  ...
  [4.39865712e-05 4.98042665e-05 0.00000000e+00 ... 0.00000000e+00
   0.00000000e+00 3.80297334e-05]
  [4.30100200e-05 7.77631708e-05 1.02854775e-04 ... 0.00000000e+00
   1.15721653e-04 0.00000000e+00]
  [5.64708621e-05 3.55061373e-05 0.00000000e+00 ... 7.88578772e-06
   9.74992455e-05 4.38871623e-05]]

 [[0.00000000e+00 0.00000000e+00 0.00000000e+00 ... 0.00000000e+00
   0.00000000e+00 0.00000000e+00]
  [0.00000000e+00 0.00000000e+00 0.00000000e+00 ... 9.31136236e-05
   0.00000000e+00 0.00000000e+00]
  [0.00000000e+00 0.00000000e+00 0.00000000e+00 ... 0.00000000e+00
   0.00000000e+00 0.00000000e+00]
  ...
  [0.00000000e+00 0.00000000e+00 0.00000000e+00 ... 0.00000000e+00
   0.00000000e+00 0.00000000e+00]
  [0.00000000e+00 0.00000000e+00 0.00000000e+00 ... 4.22656062e-05
   0.00000000e+00 0.00000000e+00]
  [0.00000000e+00 0.00000000e+00 6.61162584e-06 ... 0.00000000e+00
   0.00000000e+00 0.00000000e+00]]]","[[0. 0. 0. ... 0. 0. 0.]
 [0. 0. 0. ... 0. 0. 0.]
 [0. 0. 0. ... 0. 0. 0.]
 ...
 [0. 0. 0. ... 0. 0. 0.]
 [0. 0. 0. ... 0. 0. 0.]
 [0. 0. 0. ... 0. 0. 0.]]","[[0. 0. 0. ... 0. 0. 0.]
 [0. 0. 0. ... 0. 0. 0.]
 [0. 0. 0. ... 0. 0. 0.]
 ...
 [0. 0. 0. ... 0. 0. 0.]
 [0. 0. 0. ... 0. 0. 0.]
 [0. 0. 0. ... 0. 0. 0.]]",0.594504630579442,0.4020042340480243
422,5,20.0,25.0,0.0,1e-05,0.01,0.30000000000000004,8.340530710427418,0.4075728879896513,0.4415666298798041,"[[[0.9996631 1.0004997 1.0002135 ... 0.9997372 0.999716  0.9999909]
  [0.9997823 1.0005575 0.9994493 ... 1.0001521 1.0001458 1.0003189]
  [1.0000805 0.9999351 0.9998544 ... 0.9998852 0.9999194 1.0001109]
  ...
  [0.9998429 0.9999214 1.0005176 ... 1.0002519 1.0001659 1.0001669]
  [0.9998566 1.0004282 1.0001051 ... 1.0004597 0.9997166 0.9992368]
  [1.0001235 0.9997881 0.9999162 ... 0.9999462 1.0000454 1.000426 ]]

 [[0.9996631 1.0004997 1.0002136 ... 0.9997372 0.9997161 0.9999913]
  [0.9997823 1.0005575 0.9994491 ... 1.0001523 1.000146  1.0003192]
  [1.0000808 0.9999354 0.9998544 ... 1.0002924 0.9999199 1.0001116]
  ...
  [0.9998436 0.9999223 1.0005182 ... 1.0002519 1.000166  1.0001673]
  [0.999857  1.0004287 1.0001056 ... 1.0004596 0.9997166 0.999237 ]
  [1.0001237 0.9997884 0.9999165 ... 0.9999464 1.0000457 1.0004264]]]","[[[4.80058184e-04 0.00000000e+00 0.00000000e+00 ... 3.74466067e-04
   4.04378408e-04 1.18353697e-05]
  [3.10162998e-04 0.00000000e+00 7.85466865e-04 ... 0.00000000e+00
   0.00000000e+00 0.00000000e+00]
  [0.00000000e+00 9.16521830e-05 2.07473675e-04 ... 0.00000000e+00
   1.13494125e-04 0.00000000e+00]
  ...
  [2.21891742e-04 1.09542260e-04 0.00000000e+00 ... 0.00000000e+00
   0.00000000e+00 0.00000000e+00]
  [2.03180835e-04 0.00000000e+00 0.00000000e+00 ... 0.00000000e+00
   4.03859447e-04 1.08726639e-03]
  [0.00000000e+00 3.01102620e-04 1.18576531e-04 ... 7.60223845e-05
   0.00000000e+00 0.00000000e+00]]

 [[0.00000000e+00 1.19785627e-03 5.12414619e-04 ... 0.00000000e+00
   0.00000000e+00 0.00000000e+00]
  [0.00000000e+00 1.33640541e-03 0.00000000e+00 ... 3.65801328e-04
   3.50656579e-04 7.66122776e-04]
  [1.94608129e-04 0.00000000e+00 0.00000000e+00 ... 1.62726533e-03
   0.00000000e+00 2.69154883e-04]
  ...
  [0.00000000e+00 0.00000000e+00 1.24349087e-03 ... 6.03870241e-04
   3.98393022e-04 4.01793482e-04]
  [0.00000000e+00 1.02867291e-03 2.54316790e-04 ... 1.10131237e-03
   0.00000000e+00 0.00000000e+00]
  [2.97210599e-04 0.00000000e+00 0.00000000e+00 ... 0.00000000e+00
   1.10016127e-04 1.02297011e-03]]]","[[0. 0. 0. ... 0. 0. 0.]
 [0. 0. 0. ... 0. 0. 0.]
 [0. 0. 0. ... 0. 0. 0.]
 ...
 [0. 0. 0. ... 0. 0. 0.]
 [0. 0. 0. ... 0. 0. 0.]
 [0. 0. 0. ... 0. 0. 0.]]","[[0. 0. 0. ... 0. 0. 0.]
 [0. 0. 0. ... 0. 0. 0.]
 [0. 0. 0. ... 0. 0. 0.]
 ...
 [0. 0. 0. ... 0. 0. 0.]
 [0. 0. 0. ... 0. 0. 0.]
 [0. 0. 0. ... 0. 0. 0.]]",0.2794637749538919,0.12503951330507268
422,5,20.0,25.0,0.0,1e-05,0.02,0.30000000000000004,13.143812617577067,0.4075728879896513,0.46114350466705833,"[[[0.9996266 1.0005374 1.0001262 ... 1.0000613 0.999787  0.999707 ]
  [1.0000114 0.999878  0.9997416 ... 1.0001523 1.0003359 1.0003194]
  [1.000101  0.9998183 0.99939   ... 1.0002924 1.0001425 0.9999943]
  ...
  [0.999843  0.9999202 1.0005181 ... 0.9998119 0.9997501 1.0000068]
  [0.9998567 1.0004282 1.0003488 ... 0.9996348 1.0001663 0.9997521]
  [1.0001237 0.9997879 0.9994708 ... 0.9997534 1.0003324 1.0002584]]

 [[0.9996631 1.0004991 1.000213  ... 0.9997366 0.9997368 0.9999908]
  [0.9997822 1.0005572 0.9994485 ... 1.0001515 1.0001452 1.0003186]
  [1.0000803 0.9999345 0.999389  ... 1.0002913 0.9999188 1.0001107]
  ...
  [0.999843  0.9999211 1.0005171 ... 1.0002509 1.0001651 1.0001667]
  [0.9998566 1.0004277 1.0001047 ... 1.0004588 0.9993182 1.0001082]
  [1.0001235 0.9997874 0.9999156 ... 0.9999456 1.000045  1.0004259]]]","[[[4.31290187e-04 0.00000000e+00 0.00000000e+00 ... 8.08569278e-04
   4.42049174e-04 0.00000000e+00]
  [6.16243894e-04 0.00000000e+00 1.17729417e-03 ... 0.00000000e+00
   4.75793056e-05 0.00000000e+00]
  [0.00000000e+00 0.00000000e+00 8.72156580e-04 ... 0.00000000e+00
   4.14060040e-04 0.00000000e+00]
  ...
  [2.23701222e-04 1.11246051e-04 0.00000000e+00 ... 0.00000000e+00
   0.00000000e+00 0.00000000e+00]
  [2.04494999e-04 0.00000000e+00 1.76565030e-04 ... 0.00000000e+00
   2.10369831e-03 0.00000000e+00]
  [0.00000000e+00 3.03662532e-04 0.00000000e+00 ... 0.00000000e+00
   3.19394832e-04 0.00000000e+00]]

 [[0.00000000e+00 1.10942272e-03 7.08086157e-04 ... 0.00000000e+00
   0.00000000e+00 6.23753812e-04]
  [0.00000000e+00 2.88021367e-03 0.00000000e+00 ... 3.61350087e-04
   0.00000000e+00 7.62244508e-04]
  [1.45733798e-04 1.07240317e-04 0.00000000e+00 ... 6.95996613e-04
   0.00000000e+00 5.30436984e-04]
  ...
  [0.00000000e+00 0.00000000e+00 1.23738474e-03 ... 1.60026798e-03
   1.33995777e-03 7.63156383e-04]
  [0.00000000e+00 1.02421286e-03 0.00000000e+00 ... 2.97425136e-03
   0.00000000e+00 1.06969532e-03]
  [2.95551539e-04 0.00000000e+00 8.09830906e-04 ... 3.06722062e-04
   0.00000000e+00 1.40187346e-03]]]","[[0. 0. 0. ... 0. 0. 0.]
 [0. 0. 0. ... 0. 0. 0.]
 [0. 0. 0. ... 0. 0. 0.]
 ...
 [0. 0. 0. ... 0. 0. 0.]
 [0. 0. 0. ... 0. 0. 0.]
 [0. 0. 0. ... 0. 0. 0.]]","[[0. 0. 0. ... 0. 0. 0.]
 [0. 0. 0. ... 0. 0. 0.]
 [0. 0. 0. ... 0. 0. 0.]
 ...
 [0. 0. 0. ... 0. 0. 0.]
 [0. 0. 0. ... 0. 0. 0.]
 [0. 0. 0. ... 0. 0. 0.]]",0.3138870332378238,0.1393833988925877
422,5,20.0,25.0,0.0,1e-05,0.03,0.30000000000000004,18.204644600818927,0.40757288798965147,0.48177008373746133,"[[[0.9996266 1.0005372 1.0001256 ... 1.0000606 0.9997863 0.9997065]
  [1.0000112 0.9998775 0.9997409 ... 1.0001518 1.0003351 1.0003186]
  [1.0001007 0.9998178 0.9993893 ... 1.0009694 1.0001419 0.9999938]
  ...
  [0.9998428 0.9999196 1.0005174 ... 0.9998116 0.9997497 1.0000066]
  [0.9998567 1.0004278 1.0003484 ... 1.0004591 1.0001658 0.9997518]
  [1.0001236 0.9997878 0.9994703 ... 0.9997529 1.0003319 1.0002582]]

 [[0.9996266 1.0005372 1.0001254 ... 1.0000607 0.9997863 0.9997063]
  [1.0000114 0.9998778 0.9997409 ... 1.0001518 1.0003353 1.0003186]
  [1.000101  0.9998182 0.9993894 ... 1.0009696 1.0001419 0.9999937]
  ...
  [0.999843  0.99992   1.0005172 ... 0.9998115 0.9997495 1.000006 ]
  [0.9998567 1.0004282 1.0003484 ... 1.0004591 1.0001657 0.9997515]
  [1.0001237 0.9997881 0.9994705 ... 0.9997529 1.0003319 1.0002576]]]","[[[5.32174075e-04 0.00000000e+00 0.00000000e+00 ... 0.00000000e+00
   3.04505941e-04 4.18742189e-04]
  [0.00000000e+00 1.73742017e-04 3.69242411e-04 ... 0.00000000e+00
   0.00000000e+00 0.00000000e+00]
  [0.00000000e+00 2.58515896e-04 8.70088694e-04 ... 0.00000000e+00
   0.00000000e+00 9.18869412e-06]
  ...
  [2.23494055e-04 1.13444852e-04 0.00000000e+00 ... 2.68826365e-04
   3.57320502e-04 0.00000000e+00]
  [2.04200078e-04 0.00000000e+00 0.00000000e+00 ... 0.00000000e+00
   0.00000000e+00 3.54512173e-04]
  [0.00000000e+00 3.01568799e-04 7.54446954e-04 ... 3.52157064e-04
   0.00000000e+00 0.00000000e+00]]

 [[0.00000000e+00 1.28748135e-03 3.00059627e-04 ... 1.45711096e-04
   0.00000000e+00 0.00000000e+00]
  [2.79233249e-05 0.00000000e+00 0.00000000e+00 ... 3.63779694e-04
   8.04366253e-04 7.63818006e-04]
  [2.42563033e-04 0.00000000e+00 0.00000000e+00 ... 2.32420434e-03
   3.40054953e-04 0.00000000e+00]
  ...
  [0.00000000e+00 0.00000000e+00 1.23951255e-03 ... 0.00000000e+00
   0.00000000e+00 1.28927059e-05]
  [0.00000000e+00 1.02719118e-03 8.35241652e-04 ... 1.10037891e-03
   3.96933297e-04 0.00000000e+00]
  [2.96874645e-04 0.00000000e+00 0.00000000e+00 ... 0.00000000e+00
   7.95536723e-04 6.16166671e-04]]]","[[0. 0. 0. ... 0. 0. 0.]
 [0. 0. 0. ... 0. 0. 0.]
 [0. 0. 0. ... 0. 0. 0.]
 ...
 [0. 0. 0. ... 0. 0. 0.]
 [0. 0. 0. ... 0. 0. 0.]
 [0. 0. 0. ... 0. 0. 0.]]","[[0. 0. 0. ... 0. 0. 0.]
 [0. 0. 0. ... 0. 0. 0.]
 [0. 0. 0. ... 0. 0. 0.]
 ...
 [0. 0. 0. ... 0. 0. 0.]
 [0. 0. 0. ... 0. 0. 0.]
 [0. 0. 0. ... 0. 0. 0.]]",0.5782514859452454,0.4383795306705452
422,5,20.0,25.0,0.05,1e-05,0.01,0.30000000000000004,22.935193567869334,0.4075728879896513,0.5010505187802331,"[[[0.9996631 1.0004994 1.0002133 ... 0.9997369 0.999737  0.9999907]
  [0.9997823 1.0005574 0.9994489 ... 1.0001518 1.0001453 1.0003186]
  [1.0000806 0.999935  0.9993895 ... 1.0002918 0.9999191 1.0001106]
  ...
  [0.9998428 0.9999212 1.0005174 ... 1.0002515 1.0001656 1.0001668]
  [0.9998565 1.000428  1.0001049 ... 1.0004592 0.9993186 0.9992366]
  [1.0001233 0.9997878 0.9999158 ... 0.9999462 1.0000451 1.0004258]]

 [[0.9996266 1.0005372 1.0001258 ... 1.0000607 0.9997865 0.9997069]
  [1.0000113 0.9998776 0.9997411 ... 1.0001518 1.0003355 1.0003192]
  [1.000101  0.9998181 0.9998542 ... 1.000292  1.0001423 0.9999943]
  ...
  [0.9998433 0.9999202 1.0005181 ... 0.9998117 0.9997499 1.0000066]
  [0.9998567 1.000428  1.0003488 ... 0.9996346 1.000166  0.999752 ]
  [1.0001236 0.9997878 0.9994708 ... 0.9997531 1.0003321 1.0002583]]]","[[[0.00000000e+00 5.46742223e-05 1.48471239e-05 ... 5.93816938e-05
   6.70115982e-06 0.00000000e+00]
  [4.14136503e-05 0.00000000e+00 2.95480636e-05 ... 2.48770017e-05
   5.41285299e-05 3.22195879e-05]
  [2.02739023e-05 0.00000000e+00 5.48973274e-05 ... 3.41414177e-05
   4.78093552e-05 0.00000000e+00]
  ...
  [4.85371842e-06 6.98801750e-06 4.28009487e-05 ... 0.00000000e+00
   0.00000000e+00 0.00000000e+00]
  [4.35631835e-06 3.93921605e-05 6.19083225e-05 ... 0.00000000e+00
   1.26862440e-04 5.63824096e-05]
  [2.28287290e-05 7.99915497e-07 0.00000000e+00 ... 0.00000000e+00
   6.89109443e-05 1.09880695e-05]]

 [[5.65110050e-06 0.00000000e+00 0.00000000e+00 ... 0.00000000e+00
   0.00000000e+00 3.10741634e-05]
  [0.00000000e+00 7.18648570e-05 0.00000000e+00 ... 0.00000000e+00
   0.00000000e+00 0.00000000e+00]
  [0.00000000e+00 4.23021365e-06 0.00000000e+00 ... 0.00000000e+00
   0.00000000e+00 0.00000000e+00]
  ...
  [0.00000000e+00 0.00000000e+00 0.00000000e+00 ... 2.82488831e-05
   3.57441141e-05 0.00000000e+00]
  [0.00000000e+00 0.00000000e+00 0.00000000e+00 ... 8.86131138e-05
   0.00000000e+00 0.00000000e+00]
  [0.00000000e+00 0.00000000e+00 6.48272698e-05 ... 2.25525043e-06
   0.00000000e+00 0.00000000e+00]]]","[[0. 0. 0. ... 0. 0. 0.]
 [0. 0. 0. ... 0. 0. 0.]
 [0. 0. 0. ... 0. 0. 0.]
 ...
 [0. 0. 0. ... 0. 0. 0.]
 [0. 0. 0. ... 0. 0. 0.]
 [0. 0. 0. ... 0. 0. 0.]]","[[0. 0. 0. ... 0. 0. 0.]
 [0. 0. 0. ... 0. 0. 0.]
 [0. 0. 0. ... 0. 0. 0.]
 ...
 [0. 0. 0. ... 0. 0. 0.]
 [0. 0. 0. ... 0. 0. 0.]
 [0. 0. 0. ... 0. 0. 0.]]",0.581337526311367,0.3614908196662563
422,5,20.0,25.0,0.05,1e-05,0.02,0.30000000000000004,33.938000569576104,0.4075728879896513,0.545894977037017,"[[[0.9996266 1.0005374 1.0001259 ... 1.0000608 0.9997863 0.9997066]
  [1.0000113 0.9998779 0.9997414 ... 1.000152  1.0003357 1.0003192]
  [1.000101  0.9998183 0.9998542 ... 1.000292  1.0001421 0.9999941]
  ...
  [0.9990146 0.9999201 1.0005178 ... 0.9998115 0.9997497 1.0000066]
  [0.9998567 1.0004282 1.0003484 ... 1.0004591 1.0001659 0.9997517]
  [1.000124  0.9997881 0.9994705 ... 0.9997531 1.0003324 1.0002584]]

 [[1.0009124 1.0000356 1.0000834 ... 0.9997642 0.9997161 0.9997081]
  [1.0000833 1.000165  1.0003707 ... 1.0003852 1.0002819 0.9998949]
  [1.000128  1.0001372 0.9998542 ... 1.000292  1.0001966 1.0001578]
  ...
  [1.0018206 1.0003283 1.000021  ... 0.9994287 1.0003786 0.9998979]
  [0.9999947 1.0005207 0.9997613 ... 1.0001037 1.0008446 0.9992366]
  [0.999947  0.9993102 0.9999162 ... 0.9999464 0.9999541 0.9997253]]]","[[[1.48192254e-04 0.00000000e+00 0.00000000e+00 ... 0.00000000e+00
   0.00000000e+00 0.00000000e+00]
  [0.00000000e+00 0.00000000e+00 4.42401513e-05 ... 0.00000000e+00
   0.00000000e+00 0.00000000e+00]
  [0.00000000e+00 0.00000000e+00 0.00000000e+00 ... 0.00000000e+00
   0.00000000e+00 0.00000000e+00]
  ...
  [3.58111829e-04 0.00000000e+00 0.00000000e+00 ... 0.00000000e+00
   3.08128463e-05 0.00000000e+00]
  [0.00000000e+00 0.00000000e+00 0.00000000e+00 ... 0.00000000e+00
   7.06533710e-05 0.00000000e+00]
  [0.00000000e+00 0.00000000e+00 0.00000000e+00 ... 0.00000000e+00
   0.00000000e+00 0.00000000e+00]]

 [[0.00000000e+00 1.53314179e-04 8.82147648e-05 ... 1.40800180e-04
   1.08525050e-04 1.08311375e-04]
  [7.62634564e-05 4.17317171e-05 0.00000000e+00 ... 3.00102556e-05
   6.99824785e-05 1.44901354e-04]
  [6.41139847e-05 2.57881082e-05 7.88951004e-05 ... 6.41480156e-05
   5.98966675e-05 4.59756078e-05]
  ...
  [0.00000000e+00 4.93246512e-05 1.46412134e-04 ... 1.85739782e-04
   2.61185564e-06 1.46000272e-04]
  [9.94706180e-05 5.49751044e-05 1.76076412e-04 ... 1.34670928e-04
   0.00000000e+00 2.23414144e-04]
  [1.20021113e-04 1.98442973e-04 3.09509518e-05 ... 6.89012243e-05
   1.39386730e-04 1.74288118e-04]]]","[[0. 0. 0. ... 0. 0. 0.]
 [0. 0. 0. ... 0. 0. 0.]
 [0. 0. 0. ... 0. 0. 0.]
 ...
 [0. 0. 0. ... 0. 0. 0.]
 [0. 0. 0. ... 0. 0. 0.]
 [0. 0. 0. ... 0. 0. 0.]]","[[0. 0. 0. ... 0. 0. 0.]
 [0. 0. 0. ... 0. 0. 0.]
 [0. 0. 0. ... 0. 0. 0.]
 ...
 [0. 0. 0. ... 0. 0. 0.]
 [0. 0. 0. ... 0. 0. 0.]
 [0. 0. 0. ... 0. 0. 0.]]",0.5859957812834375,0.4010621679989952
422,5,20.0,25.0,0.05,1e-05,0.03,0.30000000000000004,43.25144610151489,0.40757288798965147,0.5838540559628832,"[[[0.9996266 1.0005374 1.0001261 ... 1.0000609 0.9997868 0.9997076]
  [1.0000114 0.999878  0.9997414 ... 1.000152  1.0003357 1.0003196]
  [1.0001011 0.9998184 0.9998544 ... 1.0009698 1.0001425 0.9999945]
  ...
  [0.9998434 0.9999204 1.000518  ... 0.9998119 0.9997501 1.0000072]
  [0.9998571 1.0004286 1.0003489 ... 1.0004596 1.0001663 0.9997524]
  [1.0001241 0.9997885 0.9994711 ... 0.9997534 1.0003324 1.0002584]]

 [[0.9996266 1.000537  1.0001254 ... 1.0000607 0.999786  0.9997063]
  [1.0000114 0.9998776 0.9997408 ... 1.000152  1.0003352 1.0003189]
  [1.0001009 0.999818  0.9993893 ... 1.000292  1.0001419 0.9999938]
  ...
  [0.999843  0.9999199 1.0005172 ... 0.9998117 0.9997495 1.0000061]
  [0.9998566 1.000428  1.0003482 ... 1.0004591 1.0001656 0.9997514]
  [0.9991356 0.9997878 0.9994702 ... 0.9997529 1.0003318 1.0002577]]]","[[[4.94701696e-07 5.18762405e-05 1.97568805e-05 ... 2.62201155e-05
   6.71531346e-06 3.08798856e-06]
  [1.68740232e-05 7.78800809e-06 0.00000000e+00 ... 3.07547677e-05
   3.78036784e-05 3.67258993e-05]
  [1.88889576e-05 4.37491874e-06 0.00000000e+00 ... 0.00000000e+00
   2.46278643e-05 1.09322558e-05]
  ...
  [7.93883477e-06 7.78555082e-06 3.98844952e-05 ... 1.06740578e-05
   6.53603625e-06 2.15044213e-05]
  [1.53639009e-05 4.30800630e-05 3.01703677e-05 ... 5.07810343e-05
   3.17456802e-05 7.31427607e-06]
  [0.00000000e+00 7.26378844e-06 0.00000000e+00 ... 6.84709361e-06
   4.17085867e-05 4.27406473e-05]]

 [[0.00000000e+00 0.00000000e+00 0.00000000e+00 ... 0.00000000e+00
   0.00000000e+00 0.00000000e+00]
  [0.00000000e+00 0.00000000e+00 0.00000000e+00 ... 0.00000000e+00
   0.00000000e+00 0.00000000e+00]
  [0.00000000e+00 0.00000000e+00 7.81389439e-05 ... 3.33661413e-05
   0.00000000e+00 0.00000000e+00]
  ...
  [0.00000000e+00 0.00000000e+00 0.00000000e+00 ... 0.00000000e+00
   0.00000000e+00 0.00000000e+00]
  [0.00000000e+00 0.00000000e+00 0.00000000e+00 ... 0.00000000e+00
   0.00000000e+00 0.00000000e+00]
  [1.41491049e-04 0.00000000e+00 1.75400406e-05 ... 0.00000000e+00
   0.00000000e+00 0.00000000e+00]]]","[[0. 0. 0. ... 0. 0. 0.]
 [0. 0. 0. ... 0. 0. 0.]
 [0. 0. 0. ... 0. 0. 0.]
 ...
 [0. 0. 0. ... 0. 0. 0.]
 [0. 0. 0. ... 0. 0. 0.]
 [0. 0. 0. ... 0. 0. 0.]]","[[0. 0. 0. ... 0. 0. 0.]
 [0. 0. 0. ... 0. 0. 0.]
 [0. 0. 0. ... 0. 0. 0.]
 ...
 [0. 0. 0. ... 0. 0. 0.]
 [0. 0. 0. ... 0. 0. 0.]
 [0. 0. 0. ... 0. 0. 0.]]",0.5772892783973337,0.4731399852504602
422,5,20.0,25.0,0.0,1e-05,0.01,0.4000000000000001,3.598861421694423,0.5535062522803409,0.5335863293003571,"[[[0.9996631 1.0004991 1.0002131 ... 0.999737  0.9997158 0.999991 ]
  [0.9997821 1.0001646 0.9994487 ... 1.0001518 1.0001456 1.0003188]
  [1.0000803 0.9999347 0.9993893 ... 0.999885  0.9999193 1.0001111]
  ...
  [0.9998428 0.999921  1.0005172 ... 1.000251  1.0001651 1.0001665]
  [0.9998565 1.0004278 1.0001049 ... 1.000459  0.999716  0.9992364]
  [1.0001235 0.9997876 0.9999158 ... 0.9999458 1.000045  1.0004257]]

 [[0.9996266 1.0005373 1.0001255 ... 1.0000608 0.9997862 0.9997066]
  [1.0000113 0.9998778 0.999741  ... 1.000152  1.0003352 1.0003189]
  [1.000101  0.9998182 0.9993895 ... 1.0009696 1.0001419 0.9999939]
  ...
  [0.9990144 0.99992   1.0005175 ... 0.9998118 0.9997497 1.0000066]
  [0.9998566 1.0004281 1.0003483 ... 1.0004593 1.0001657 0.9997517]
  [1.0001236 0.999788  0.9994703 ... 0.9997531 1.0003319 1.000258 ]]]","[[[5.80916550e-04 0.00000000e+00 0.00000000e+00 ... 0.00000000e+00
   2.10710560e-04 7.97557413e-04]
  [0.00000000e+00 5.56802507e-04 0.00000000e+00 ... 0.00000000e+00
   0.00000000e+00 0.00000000e+00]
  [0.00000000e+00 4.14465609e-04 8.69731940e-04 ... 0.00000000e+00
   0.00000000e+00 1.65018356e-04]
  ...
  [2.51101453e-03 1.15331014e-04 0.00000000e+00 ... 8.54176861e-04
   9.10915393e-04 2.04107026e-04]
  [2.04186434e-04 0.00000000e+00 0.00000000e+00 ... 0.00000000e+00
   0.00000000e+00 0.00000000e+00]
  [0.00000000e+00 3.01632018e-04 1.34951237e-03 ... 6.08964691e-04
   0.00000000e+00 0.00000000e+00]]

 [[0.00000000e+00 1.37454873e-03 1.01657575e-04 ... 8.82325301e-04
   0.00000000e+00 0.00000000e+00]
  [5.48659592e-04 0.00000000e+00 4.41573065e-05 ... 3.64916356e-04
   1.23489871e-03 7.64694781e-04]
  [2.88972416e-04 0.00000000e+00 0.00000000e+00 ... 4.78990247e-03
   8.46349595e-04 0.00000000e+00]
  ...
  [0.00000000e+00 0.00000000e+00 1.24093366e-03 ... 0.00000000e+00
   0.00000000e+00 0.00000000e+00]
  [0.00000000e+00 1.02667605e-03 1.38860442e-03 ... 1.10179847e-03
   1.42029992e-03 5.77298881e-04]
  [2.96634280e-04 0.00000000e+00 0.00000000e+00 ... 0.00000000e+00
   1.44815655e-03 2.37006975e-04]]]","[[0. 0. 0. ... 0. 0. 0.]
 [0. 0. 0. ... 0. 0. 0.]
 [0. 0. 0. ... 0. 0. 0.]
 ...
 [0. 0. 0. ... 0. 0. 0.]
 [0. 0. 0. ... 0. 0. 0.]
 [0. 0. 0. ... 0. 0. 0.]]","[[0. 0. 0. ... 0. 0. 0.]
 [0. 0. 0. ... 0. 0. 0.]
 [0. 0. 0. ... 0. 0. 0.]
 ...
 [0. 0. 0. ... 0. 0. 0.]
 [0. 0. 0. ... 0. 0. 0.]
 [0. 0. 0. ... 0. 0. 0.]]",0.11614241599995019,0.040500449250433
422,5,20.0,25.0,0.0,1e-05,0.02,0.4000000000000001,6.101886170613995,0.5535062522803409,0.5872805737417188,"[[[0.9996631 1.0004992 1.0002133 ... 0.9997368 0.999737  0.9999908]
  [0.9997823 1.0001647 0.999449  ... 1.0001518 1.0001456 1.0003186]
  [1.0000805 0.9999348 0.9993896 ... 1.0002918 0.9999192 1.0001109]
  ...
  [0.999843  0.9999212 1.0005175 ... 1.0002514 1.0001655 1.0001671]
  [0.9998565 1.0004278 1.000105  ... 1.0004592 0.9993186 0.9982738]
  [1.0001234 0.9997875 0.9999158 ... 0.9999458 1.0000452 1.000426 ]]

 [[0.9996631 1.0004994 1.0002131 ... 0.9997368 0.9997158 0.9999909]
  [0.9997821 1.0001646 0.9994485 ... 1.0001518 1.0001454 1.0003188]
  [1.0000803 0.9999346 0.9993891 ... 0.9998848 0.9999191 1.0001107]
  ...
  [0.999843  0.9999213 1.0005174 ... 1.000251  1.0001651 1.0001665]
  [0.9998567 1.0004281 1.000105  ... 1.000459  0.9997161 1.0001082]
  [1.0001237 0.9997881 0.9999162 ... 0.9999459 1.0000451 1.0004258]]]","[[[4.80049806e-04 0.00000000e+00 0.00000000e+00 ... 3.75048168e-04
   4.33270896e-04 1.28951714e-05]
  [3.10816660e-04 0.00000000e+00 7.86708392e-04 ... 0.00000000e+00
   0.00000000e+00 0.00000000e+00]
  [0.00000000e+00 9.33900070e-05 8.71261525e-04 ... 7.07216490e-04
   1.15307460e-04 0.00000000e+00]
  ...
  [2.23686499e-04 1.11925476e-04 0.00000000e+00 ... 0.00000000e+00
   0.00000000e+00 0.00000000e+00]
  [2.03832798e-04 0.00000000e+00 0.00000000e+00 ... 0.00000000e+00
   0.00000000e+00 0.00000000e+00]
  [0.00000000e+00 3.01120780e-04 1.18832618e-04 ... 7.70108963e-05
   0.00000000e+00 0.00000000e+00]]

 [[0.00000000e+00 1.19728144e-03 5.10741416e-04 ... 0.00000000e+00
   0.00000000e+00 0.00000000e+00]
  [0.00000000e+00 3.94431573e-04 0.00000000e+00 ... 3.63846601e-04
   3.48427674e-04 7.64448198e-04]
  [1.92383671e-04 0.00000000e+00 0.00000000e+00 ... 0.00000000e+00
   0.00000000e+00 2.65264314e-04]
  ...
  [0.00000000e+00 0.00000000e+00 1.23988403e-03 ... 6.01071424e-04
   3.95038745e-04 3.97926497e-04]
  [0.00000000e+00 1.02671948e-03 2.51820486e-04 ... 1.09963306e-03
   2.23922721e-04 4.43585896e-03]
  [2.97502106e-04 0.00000000e+00 0.00000000e+00 ... 0.00000000e+00
   1.07797433e-04 1.02021006e-03]]]","[[0. 0. 0. ... 0. 0. 0.]
 [0. 0. 0. ... 0. 0. 0.]
 [0. 0. 0. ... 0. 0. 0.]
 ...
 [0. 0. 0. ... 0. 0. 0.]
 [0. 0. 0. ... 0. 0. 0.]
 [0. 0. 0. ... 0. 0. 0.]]","[[0. 0. 0. ... 0. 0. 0.]
 [0. 0. 0. ... 0. 0. 0.]
 [0. 0. 0. ... 0. 0. 0.]
 ...
 [0. 0. 0. ... 0. 0. 0.]
 [0. 0. 0. ... 0. 0. 0.]
 [0. 0. 0. ... 0. 0. 0.]]",0.47343654834318666,0.36027593762177684
422,5,20.0,25.0,0.0,1e-05,0.03,0.4000000000000001,9.065621662059169,0.5535062522803411,0.6036850349879196,"[[[0.9996631 1.0004996 1.0002136 ... 0.9997371 0.9997159 0.999991 ]
  [0.999782  1.0001647 0.9994489 ... 1.0001518 1.0001456 1.0003186]
  [1.0000802 0.9999347 0.9993894 ... 1.0002918 0.9999192 1.000111 ]
  ...
  [0.9998428 0.9999212 1.0005176 ... 1.0002514 1.0001653 1.0001667]
  [0.9998564 1.000428  1.000105  ... 1.0004592 0.9997161 1.0001082]
  [1.0001231 0.9997877 0.9999157 ... 0.9999458 1.000045  1.0004257]]

 [[0.9996631 1.0004995 1.0002139 ... 0.9997371 0.9997161 0.9999911]
  [0.9997821 1.0001647 0.9994491 ... 1.0001518 1.0001456 1.0003188]
  [1.0000802 0.9999349 0.9998544 ... 1.000292  0.9999195 1.000111 ]
  ...
  [0.9998428 0.9999212 1.0005176 ... 1.0002515 1.0001657 1.0001667]
  [0.9998563 1.0004278 1.0001051 ... 1.0004593 0.9997164 0.9982738]
  [1.0001233 0.9997878 0.9999162 ... 0.9999462 1.0000457 1.0004262]]]","[[[4.80034376e-04 0.00000000e+00 0.00000000e+00 ... 3.74610317e-04
   4.04271899e-04 1.24622675e-05]
  [3.10404467e-04 0.00000000e+00 7.84889188e-04 ... 0.00000000e+00
   0.00000000e+00 0.00000000e+00]
  [0.00000000e+00 9.23901411e-05 0.00000000e+00 ... 0.00000000e+00
   1.14305744e-04 0.00000000e+00]
  ...
  [2.23920822e-04 1.12232733e-04 0.00000000e+00 ... 0.00000000e+00
   0.00000000e+00 0.00000000e+00]
  [2.04887285e-04 0.00000000e+00 0.00000000e+00 ... 0.00000000e+00
   4.03685040e-04 4.91124216e-03]
  [0.00000000e+00 3.02166415e-04 1.18740518e-04 ... 7.61783055e-05
   0.00000000e+00 0.00000000e+00]]

 [[0.00000000e+00 1.19704994e-03 5.13288129e-04 ... 0.00000000e+00
   0.00000000e+00 0.00000000e+00]
  [0.00000000e+00 3.95013574e-04 0.00000000e+00 ... 3.63872959e-04
   3.49010710e-04 7.64472069e-04]
  [1.92393830e-04 0.00000000e+00 7.09012673e-04 ... 7.00189356e-04
   0.00000000e+00 2.66128355e-04]
  ...
  [0.00000000e+00 0.00000000e+00 1.24075441e-03 ... 6.03328952e-04
   3.98126966e-04 3.99598278e-04]
  [0.00000000e+00 1.02536480e-03 2.52405203e-04 ... 1.10132891e-03
   0.00000000e+00 0.00000000e+00]
  [2.95842510e-04 0.00000000e+00 0.00000000e+00 ... 0.00000000e+00
   1.11148112e-04 1.02271769e-03]]]","[[0. 0. 0. ... 0. 0. 0.]
 [0. 0. 0. ... 0. 0. 0.]
 [0. 0. 0. ... 0. 0. 0.]
 ...
 [0. 0. 0. ... 0. 0. 0.]
 [0. 0. 0. ... 0. 0. 0.]
 [0. 0. 0. ... 0. 0. 0.]]","[[0. 0. 0. ... 0. 0. 0.]
 [0. 0. 0. ... 0. 0. 0.]
 [0. 0. 0. ... 0. 0. 0.]
 ...
 [0. 0. 0. ... 0. 0. 0.]
 [0. 0. 0. ... 0. 0. 0.]
 [0. 0. 0. ... 0. 0. 0.]]",0.5545701605214265,0.496299223501733
422,5,20.0,25.0,0.05,1e-05,0.01,0.4000000000000001,11.21242721633599,0.5535062522803409,0.6155677379551432,"[[[0.9996631 1.0004996 1.0002135 ... 0.9997374 0.9997161 0.9999914]
  [0.9997823 1.0005575 0.999449  ... 1.000152  1.0001457 1.0003194]
  [1.0000806 0.9999353 0.9998542 ... 1.0002924 0.9999197 1.0001115]
  ...
  [0.9998431 0.9999219 1.0005178 ... 1.0002515 1.0001657 1.0001674]
  [0.9998568 1.0004286 1.0001053 ... 1.0004594 0.9997164 0.9992372]
  [1.0001237 0.9997886 0.9999165 ... 0.999946  1.0000453 1.0004267]]

 [[0.9996266 1.0005372 1.0001256 ... 1.0000606 0.9997865 0.9997062]
  [1.0000113 0.9998777 0.999741  ... 1.0001518 1.0003353 1.0003186]
  [1.0001009 0.9998181 0.9993894 ... 1.0002918 1.000142  0.9999938]
  ...
  [0.9998428 0.9999196 1.0005175 ... 0.9998115 0.9997498 1.0000063]
  [0.9998564 1.000428  1.0003484 ... 1.0004591 1.0001658 0.9997517]
  [1.0001237 0.9997881 0.9994705 ... 0.9997531 1.000332  1.0002578]]]","[[[0.00000000e+00 4.23013985e-05 5.68561433e-06 ... 2.57495040e-05
   0.00000000e+00 0.00000000e+00]
  [2.44052704e-05 0.00000000e+00 2.61360310e-05 ... 0.00000000e+00
   2.54898510e-05 8.75829790e-06]
  [2.38251427e-06 0.00000000e+00 0.00000000e+00 ... 1.05652444e-06
   1.82734153e-05 0.00000000e+00]
  ...
  [0.00000000e+00 0.00000000e+00 3.21337358e-05 ... 0.00000000e+00
   0.00000000e+00 0.00000000e+00]
  [0.00000000e+00 2.57706527e-05 5.08390499e-05 ... 1.64954864e-05
   5.01584208e-05 3.50716647e-05]
  [5.19414363e-06 0.00000000e+00 0.00000000e+00 ... 0.00000000e+00
   3.99406718e-05 0.00000000e+00]]

 [[3.43980023e-05 0.00000000e+00 0.00000000e+00 ... 0.00000000e+00
   2.90425160e-05 6.90037047e-05]
  [0.00000000e+00 8.87514547e-05 0.00000000e+00 ... 1.92080035e-05
   0.00000000e+00 0.00000000e+00]
  [8.85229409e-07 1.68484309e-05 8.66457289e-05 ... 8.84454349e-06
   0.00000000e+00 3.81301162e-05]
  ...
  [1.41737330e-05 7.62313967e-06 0.00000000e+00 ... 8.59299372e-05
   7.99264203e-05 2.70320508e-05]
  [1.68206851e-05 0.00000000e+00 0.00000000e+00 ... 0.00000000e+00
   0.00000000e+00 0.00000000e+00]
  [0.00000000e+00 1.31578395e-05 8.14741500e-05 ... 6.45640863e-05
   0.00000000e+00 1.83378398e-05]]]","[[0. 0. 0. ... 0. 0. 0.]
 [0. 0. 0. ... 0. 0. 0.]
 [0. 0. 0. ... 0. 0. 0.]
 ...
 [0. 0. 0. ... 0. 0. 0.]
 [0. 0. 0. ... 0. 0. 0.]
 [0. 0. 0. ... 0. 0. 0.]]","[[0. 0. 0. ... 0. 0. 0.]
 [0. 0. 0. ... 0. 0. 0.]
 [0. 0. 0. ... 0. 0. 0.]
 ...
 [0. 0. 0. ... 0. 0. 0.]
 [0. 0. 0. ... 0. 0. 0.]
 [0. 0. 0. ... 0. 0. 0.]]",0.5734798187131115,0.42897784270043743
422,5,20.0,25.0,0.05,1e-05,0.02,0.4000000000000001,20.11451389647233,0.5535062522803409,0.6648413443131133,"[[[0.9996631 1.0004995 1.0002135 ... 0.9997367 0.9997158 0.9999913]
  [0.9997822 1.0001647 0.9994491 ... 1.0001518 1.0001456 1.0003194]
  [1.0000805 0.9999349 0.9993896 ... 0.9998848 0.9999194 1.0001115]
  ...
  [0.9998429 0.9999212 1.0005177 ... 1.0002513 1.0001659 1.0001675]
  [0.9998565 1.000428  1.0001051 ... 1.0004591 0.9997166 1.000109 ]
  [1.0001231 0.9997877 0.999916  ... 0.9999461 1.0000453 1.0004265]]

 [[1.0009124 1.0000362 1.0000838 ... 0.9997639 0.999716  0.9997086]
  [1.000714  1.0001647 1.0003705 ... 1.0003849 1.0002819 0.9998951]
  [1.0001276 1.0001371 0.9998538 ... 1.0002918 1.0001967 1.0001583]
  ...
  [1.0005637 1.0003283 1.0000211 ... 0.9994283 1.0003784 0.9998974]
  [0.9999945 1.000521  0.9997612 ... 1.0001035 1.0008446 0.999237 ]
  [0.9999472 1.0001466 0.9999163 ... 0.999946  0.9999541 0.9997258]]]","[[[1.35216427e-04 0.00000000e+00 0.00000000e+00 ... 0.00000000e+00
   0.00000000e+00 0.00000000e+00]
  [8.48555532e-05 0.00000000e+00 6.57196750e-05 ... 0.00000000e+00
   0.00000000e+00 0.00000000e+00]
  [0.00000000e+00 0.00000000e+00 0.00000000e+00 ... 9.20989263e-06
   0.00000000e+00 0.00000000e+00]
  ...
  [6.33924115e-05 8.35625158e-06 0.00000000e+00 ... 0.00000000e+00
   0.00000000e+00 0.00000000e+00]
  [0.00000000e+00 0.00000000e+00 0.00000000e+00 ... 0.00000000e+00
   1.33619911e-04 0.00000000e+00]
  [0.00000000e+00 0.00000000e+00 0.00000000e+00 ... 0.00000000e+00
   0.00000000e+00 0.00000000e+00]]

 [[0.00000000e+00 1.67611605e-04 1.13396979e-04 ... 1.01282576e-04
   1.03024726e-04 1.50078746e-04]
  [0.00000000e+00 9.97804609e-05 0.00000000e+00 ... 3.79774162e-05
   5.55623583e-05 1.60358711e-04]
  [7.90116200e-05 5.62967849e-05 3.82871159e-05 ... 2.01111264e-05
   4.00914394e-05 7.29059374e-05]
  ...
  [0.00000000e+00 2.31138315e-05 1.45568870e-04 ... 2.18477712e-04
   2.90168196e-05 1.25357523e-04]
  [7.38478350e-05 5.12897198e-05 1.48967545e-04 ... 1.18194411e-04
   0.00000000e+00 2.46054628e-04]
  [1.23325238e-04 4.55327282e-05 9.96095560e-05 ... 8.59236564e-05
   9.77336062e-05 1.88160814e-04]]]","[[0. 0. 0. ... 0. 0. 0.]
 [0. 0. 0. ... 0. 0. 0.]
 [0. 0. 0. ... 0. 0. 0.]
 ...
 [0. 0. 0. ... 0. 0. 0.]
 [0. 0. 0. ... 0. 0. 0.]
 [0. 0. 0. ... 0. 0. 0.]]","[[0. 0. 0. ... 0. 0. 0.]
 [0. 0. 0. ... 0. 0. 0.]
 [0. 0. 0. ... 0. 0. 0.]
 ...
 [0. 0. 0. ... 0. 0. 0.]
 [0. 0. 0. ... 0. 0. 0.]
 [0. 0. 0. ... 0. 0. 0.]]",0.5783061071547251,0.4792164498871627
422,5,20.0,25.0,0.05,1e-05,0.03,0.4000000000000001,27.17117360685678,0.5535062522803411,0.7039003970122393,"[[[0.9996266 1.0005374 1.0001259 ... 1.0000609 0.9997866 0.9997069]
  [1.0000112 0.9998778 0.9997411 ... 1.0001518 1.0003355 1.0003188]
  [1.0001007 0.9998182 0.9998542 ... 1.0009696 1.000142  0.9999938]
  ...
  [0.9990144 0.9999201 1.0005176 ... 0.9998117 0.9997499 1.0000062]
  [0.9998565 1.0004281 1.0003486 ... 0.9996346 1.0001659 0.9997516]
  [0.9991354 0.9997879 0.9994705 ... 0.9997531 1.000332  1.0002578]]

 [[0.9996266 1.0005372 1.0001255 ... 1.0000606 0.9997859 0.9997058]
  [1.0000113 0.9998777 0.9997407 ... 1.0001518 1.0003349 1.0003182]
  [1.0001009 0.9998181 0.9993891 ... 1.0002918 1.0001416 0.9999933]
  ...
  [0.9990144 0.99992   0.9998859 ... 0.9998118 0.9997495 1.000006 ]
  [0.9998564 1.0004278 1.0003479 ... 0.9996346 1.0001655 0.9997512]
  [0.9991356 0.9997877 0.9994698 ... 0.9997531 1.0003318 1.0002577]]]","[[[0.00000000e+00 4.74456018e-05 2.17954978e-05 ... 9.41598487e-06
   0.00000000e+00 0.00000000e+00]
  [6.69477543e-06 2.16871588e-06 0.00000000e+00 ... 1.17233240e-05
   2.15809592e-05 2.23962408e-05]
  [5.78695034e-06 0.00000000e+00 0.00000000e+00 ... 0.00000000e+00
   5.67278495e-06 0.00000000e+00]
  ...
  [0.00000000e+00 1.37140195e-05 0.00000000e+00 ... 0.00000000e+00
   0.00000000e+00 1.53097575e-05]
  [1.03976344e-05 4.42941122e-05 3.82858609e-05 ... 0.00000000e+00
   2.22809379e-05 0.00000000e+00]
  [0.00000000e+00 3.09567067e-06 0.00000000e+00 ... 0.00000000e+00
   3.01618433e-05 3.04344643e-05]]

 [[4.31218789e-06 0.00000000e+00 0.00000000e+00 ... 0.00000000e+00
   5.00355383e-06 5.12420025e-06]
  [0.00000000e+00 0.00000000e+00 0.00000000e+00 ... 0.00000000e+00
   0.00000000e+00 0.00000000e+00]
  [0.00000000e+00 0.00000000e+00 7.90164014e-05 ... 6.77188760e-05
   0.00000000e+00 8.59147070e-06]
  ...
  [4.07923806e-05 0.00000000e+00 6.08217034e-05 ... 0.00000000e+00
   0.00000000e+00 0.00000000e+00]
  [0.00000000e+00 0.00000000e+00 0.00000000e+00 ... 8.36096648e-06
   0.00000000e+00 0.00000000e+00]
  [3.16233244e-05 0.00000000e+00 1.20271812e-05 ... 1.51004679e-06
   0.00000000e+00 0.00000000e+00]]]","[[0. 0. 0. ... 0. 0. 0.]
 [0. 0. 0. ... 0. 0. 0.]
 [0. 0. 0. ... 0. 0. 0.]
 ...
 [0. 0. 0. ... 0. 0. 0.]
 [0. 0. 0. ... 0. 0. 0.]
 [0. 0. 0. ... 0. 0. 0.]]","[[0. 0. 0. ... 0. 0. 0.]
 [0. 0. 0. ... 0. 0. 0.]
 [0. 0. 0. ... 0. 0. 0.]
 ...
 [0. 0. 0. ... 0. 0. 0.]
 [0. 0. 0. ... 0. 0. 0.]
 [0. 0. 0. ... 0. 0. 0.]]",0.5625706862433192,0.5618808040174763
422,5,20.0,25.0,0.0,1e-05,0.01,0.5000000000000001,9.381933936108057,0.6774894689707784,0.6139278545678507,"[[[0.9996631 1.0004996 1.0002135 ... 0.9997371 0.999716  0.999991 ]
  [0.999782  1.0005572 0.9994487 ... 1.0001519 1.0001456 1.0003188]
  [1.00008   0.9999345 0.9993891 ... 1.0002918 0.9999192 1.0001109]
  ...
  [0.9998429 0.9999214 1.0005176 ... 1.0002512 1.0001653 1.0001667]
  [0.9998566 1.000428  1.0001051 ... 1.0004591 0.9997161 0.9992366]
  [1.0001235 0.9997879 0.999916  ... 0.9999459 1.000045  1.000426 ]]

 [[0.9996266 1.0005372 1.0001255 ... 1.0000607 0.9997862 0.9997064]
  [1.0000112 0.9998777 0.9997408 ... 1.0001518 1.0003352 1.0003188]
  [1.0001007 0.999818  0.9993893 ... 1.0002918 1.0001419 0.9999936]
  ...
  [0.9998427 0.9999199 1.0005172 ... 0.9998116 0.9997496 1.0000062]
  [0.9998563 1.000428  1.0003482 ... 1.0004591 1.0001657 0.9997515]
  [1.0001231 0.9997876 0.99947   ... 0.9997529 1.0003318 1.0002577]]]","[[[5.80899637e-04 0.00000000e+00 0.00000000e+00 ... 0.00000000e+00
   2.10929397e-04 7.98198820e-04]
  [0.00000000e+00 1.08071703e-03 0.00000000e+00 ... 0.00000000e+00
   0.00000000e+00 0.00000000e+00]
  [0.00000000e+00 4.14705208e-04 8.70134229e-04 ... 0.00000000e+00
   0.00000000e+00 1.65504981e-04]
  ...
  [2.24355443e-04 1.16117073e-04 0.00000000e+00 ... 8.54978305e-04
   9.11545648e-04 2.05235325e-04]
  [2.05149811e-04 0.00000000e+00 0.00000000e+00 ... 0.00000000e+00
   0.00000000e+00 0.00000000e+00]
  [0.00000000e+00 3.02998019e-04 1.35063482e-03 ... 6.09682113e-04
   0.00000000e+00 0.00000000e+00]]

 [[0.00000000e+00 1.37293663e-03 1.00872204e-04 ... 8.81669102e-04
   0.00000000e+00 0.00000000e+00]
  [5.48268174e-04 0.00000000e+00 4.30730906e-05 ... 3.63565526e-04
   1.23493264e-03 7.64169572e-04]
  [2.88701413e-04 0.00000000e+00 0.00000000e+00 ... 6.99594028e-04
   8.46651341e-04 0.00000000e+00]
  ...
  [0.00000000e+00 0.00000000e+00 1.23904362e-03 ... 0.00000000e+00
   0.00000000e+00 0.00000000e+00]
  [0.00000000e+00 1.02588162e-03 1.38754011e-03 ... 1.10044440e-03
   1.42005896e-03 5.76083375e-04]
  [2.94434911e-04 0.00000000e+00 0.00000000e+00 ... 0.00000000e+00
   1.44763105e-03 2.35106190e-04]]]","[[0. 0. 0. ... 0. 0. 0.]
 [0. 0. 0. ... 0. 0. 0.]
 [0. 0. 0. ... 0. 0. 0.]
 ...
 [0. 0. 0. ... 0. 0. 0.]
 [0. 0. 0. ... 0. 0. 0.]
 [0. 0. 0. ... 0. 0. 0.]]","[[0. 0. 0. ... 0. 0. 0.]
 [0. 0. 0. ... 0. 0. 0.]
 [0. 0. 0. ... 0. 0. 0.]
 ...
 [0. 0. 0. ... 0. 0. 0.]
 [0. 0. 0. ... 0. 0. 0.]
 [0. 0. 0. ... 0. 0. 0.]]",0.11172729815278064,0.038407409916322084
422,5,20.0,25.0,0.0,1e-05,0.02,0.5000000000000001,1.9481965016322984,0.6774894689707784,0.6906882951041944,"[[[0.9996266 1.0005374 1.0001258 ... 1.0000606 0.9997863 0.9997064]
  [1.0000113 0.9998779 0.999741  ... 1.0001518 1.0003352 1.0003186]
  [1.000101  0.9998184 0.9993895 ... 1.0002918 1.0001419 0.9999936]
  ...
  [0.9998428 0.99992   1.0005172 ... 0.9998117 0.9997496 1.0000063]
  [0.9998563 1.000428  1.000348  ... 1.0004591 1.0001656 0.9997514]
  [0.9991354 0.9997878 0.9994699 ... 0.9997529 1.0003318 1.0002577]]

 [[0.9996266 1.0005373 1.0001256 ... 1.0000608 0.9997864 0.9997065]
  [1.0000113 0.9998778 0.9997409 ... 1.0001518 1.0003352 1.0003188]
  [1.000101  0.9998182 0.9993895 ... 1.0002918 1.0001419 0.9999937]
  ...
  [0.999843  0.99992   1.0005174 ... 0.9998116 0.9997496 1.0000063]
  [0.9998565 1.000428  1.0003482 ... 1.0004591 1.0001657 0.9997515]
  [1.0001236 0.9997881 0.9994704 ... 0.999753  1.000332  1.0002578]]]","[[[5.32225251e-04 0.00000000e+00 0.00000000e+00 ... 0.00000000e+00
   3.04396401e-04 4.18143701e-04]
  [0.00000000e+00 1.74350252e-04 3.69455094e-04 ... 0.00000000e+00
   0.00000000e+00 0.00000000e+00]
  [0.00000000e+00 2.59364153e-04 8.70133522e-04 ... 0.00000000e+00
   0.00000000e+00 9.00714917e-06]
  ...
  [2.23550980e-04 1.14053760e-04 0.00000000e+00 ... 2.68713719e-04
   3.56890909e-04 0.00000000e+00]
  [2.04353683e-04 0.00000000e+00 0.00000000e+00 ... 0.00000000e+00
   0.00000000e+00 3.54012700e-04]
  [0.00000000e+00 3.01616172e-04 7.54103854e-04 ... 3.51887396e-04
   0.00000000e+00 0.00000000e+00]]

 [[0.00000000e+00 1.28741162e-03 3.00816788e-04 ... 1.46163463e-04
   0.00000000e+00 0.00000000e+00]
  [2.70058591e-05 0.00000000e+00 0.00000000e+00 ... 3.63673819e-04
   8.03439511e-04 7.64279713e-04]
  [2.41931041e-04 0.00000000e+00 0.00000000e+00 ... 6.99433064e-04
   3.39952532e-04 0.00000000e+00]
  ...
  [0.00000000e+00 0.00000000e+00 1.24025491e-03 ... 0.00000000e+00
   0.00000000e+00 1.49975540e-05]
  [0.00000000e+00 1.02572274e-03 8.35128122e-04 ... 1.10028064e-03
   3.97380465e-04 0.00000000e+00]
  [2.54508903e-03 0.00000000e+00 0.00000000e+00 ... 0.00000000e+00
   7.96271158e-04 6.18273622e-04]]]","[[0. 0. 0. ... 0. 0. 0.]
 [0. 0. 0. ... 0. 0. 0.]
 [0. 0. 0. ... 0. 0. 0.]
 ...
 [0. 0. 0. ... 0. 0. 0.]
 [0. 0. 0. ... 0. 0. 0.]
 [0. 0. 0. ... 0. 0. 0.]]","[[0. 0. 0. ... 0. 0. 0.]
 [0. 0. 0. ... 0. 0. 0.]
 [0. 0. 0. ... 0. 0. 0.]
 ...
 [0. 0. 0. ... 0. 0. 0.]
 [0. 0. 0. ... 0. 0. 0.]
 [0. 0. 0. ... 0. 0. 0.]]",0.4565021345184067,0.37787524309144394
422,5,20.0,25.0,0.0,1e-05,0.03,0.5000000000000001,1.2626635631823682,0.6774894689707786,0.6860438816398703,"[[[0.9996631 1.0004997 1.0002135 ... 0.9997372 0.999716  0.999991 ]
  [0.9997823 1.0005575 0.9994489 ... 1.0001521 1.0001457 1.0003189]
  [1.0000805 0.9999351 0.9993894 ... 1.000292  0.9999195 1.000111 ]
  ...
  [0.9998431 0.9999218 1.0005177 ... 1.0002517 1.0001659 1.0001669]
  [0.9998568 1.0004286 1.0001053 ... 1.0004593 0.9997164 0.9992368]
  [1.0001239 0.9997885 0.9999163 ... 0.9999461 1.0000453 1.000426 ]]

 [[0.9996266 1.0005375 1.0001259 ... 1.0000609 0.9997866 0.9997069]
  [1.0000112 0.9998779 0.9997411 ... 1.0001521 1.0003355 1.000319 ]
  [1.0001009 0.9998182 0.9993896 ... 1.0009698 1.0001421 0.9999938]
  ...
  [0.9990146 0.9999204 1.000518  ... 0.9998118 0.9997499 1.0000064]
  [0.9998567 1.0004286 1.0003486 ... 1.0004593 1.0001659 0.9997517]
  [1.0001236 0.9997882 0.9994706 ... 0.9997531 1.000332  1.0002578]]]","[[[5.80950479e-04 0.00000000e+00 0.00000000e+00 ... 0.00000000e+00
   2.09832229e-04 7.96769189e-04]
  [0.00000000e+00 1.08058180e-03 0.00000000e+00 ... 0.00000000e+00
   0.00000000e+00 0.00000000e+00]
  [0.00000000e+00 4.15050776e-04 8.69749298e-04 ... 0.00000000e+00
   0.00000000e+00 1.65222711e-04]
  ...
  [2.51078743e-03 1.15248576e-04 0.00000000e+00 ... 8.55007158e-04
   9.11571767e-04 2.04949240e-04]
  [2.04369124e-04 0.00000000e+00 0.00000000e+00 ... 0.00000000e+00
   0.00000000e+00 0.00000000e+00]
  [0.00000000e+00 3.02198731e-04 1.34943288e-03 ... 6.09396186e-04
   0.00000000e+00 0.00000000e+00]]

 [[0.00000000e+00 1.37425382e-03 1.02469088e-04 ... 8.82418081e-04
   0.00000000e+00 0.00000000e+00]
  [5.47502336e-04 0.00000000e+00 4.39891902e-05 ... 3.64603262e-04
   1.23568439e-03 7.64925140e-04]
  [2.88087833e-04 0.00000000e+00 0.00000000e+00 ... 3.86483530e-03
   8.46994727e-04 0.00000000e+00]
  ...
  [0.00000000e+00 0.00000000e+00 1.24202367e-03 ... 0.00000000e+00
   0.00000000e+00 0.00000000e+00]
  [0.00000000e+00 1.02722137e-03 1.38885453e-03 ... 1.10092694e-03
   1.42040224e-03 5.76284097e-04]
  [2.95758678e-04 0.00000000e+00 0.00000000e+00 ... 0.00000000e+00
   1.44783902e-03 2.35574768e-04]]]","[[0. 0. 0. ... 0. 0. 0.]
 [0. 0. 0. ... 0. 0. 0.]
 [0. 0. 0. ... 0. 0. 0.]
 ...
 [0. 0. 0. ... 0. 0. 0.]
 [0. 0. 0. ... 0. 0. 0.]
 [0. 0. 0. ... 0. 0. 0.]]","[[0. 0. 0. ... 0. 0. 0.]
 [0. 0. 0. ... 0. 0. 0.]
 [0. 0. 0. ... 0. 0. 0.]
 ...
 [0. 0. 0. ... 0. 0. 0.]
 [0. 0. 0. ... 0. 0. 0.]
 [0. 0. 0. ... 0. 0. 0.]]",0.416250222835693,0.27666903287098854
422,5,20.0,25.0,0.05,1e-05,0.01,0.5000000000000001,4.250511961330509,0.6774894689707784,0.7062862398861359,"[[[0.9996631 1.0004994 1.0002134 ... 0.9997368 0.999737  0.9999907]
  [0.9997818 1.0001644 0.9994487 ... 1.0001518 1.0001454 1.0003186]
  [1.0000799 0.9999343 0.999389  ... 0.9998848 0.9999191 1.0001105]
  ...
  [0.999843  0.9999213 1.0005174 ... 1.0002512 1.0001653 1.0001667]
  [0.9998564 1.0004278 1.000105  ... 1.000459  0.999716  0.9992362]
  [1.0001231 0.9997878 0.999916  ... 0.9999458 1.0000447 1.0004253]]

 [[0.9996631 1.0004992 1.0002127 ... 0.9997366 0.9997367 0.9999904]
  [0.9997821 1.000557  0.9994482 ... 1.0001515 1.0001451 1.0003184]
  [1.00008   0.9999345 0.9993888 ... 0.9998844 0.9999186 1.0001105]
  ...
  [0.9998425 0.9999209 1.0005168 ... 1.0002509 1.000165  1.000166 ]
  [0.9998562 1.0004277 1.0001045 ... 1.0004587 0.9997155 0.9992362]
  [1.0001234 0.9997876 0.9995894 ... 0.9999455 1.0000447 1.0004253]]]","[[[0.00000000e+00 0.00000000e+00 0.00000000e+00 ... 0.00000000e+00
   0.00000000e+00 0.00000000e+00]
  [0.00000000e+00 3.64280715e-05 0.00000000e+00 ... 0.00000000e+00
   0.00000000e+00 0.00000000e+00]
  [0.00000000e+00 0.00000000e+00 0.00000000e+00 ... 0.00000000e+00
   0.00000000e+00 0.00000000e+00]
  ...
  [0.00000000e+00 0.00000000e+00 0.00000000e+00 ... 0.00000000e+00
   0.00000000e+00 0.00000000e+00]
  [0.00000000e+00 0.00000000e+00 0.00000000e+00 ... 0.00000000e+00
   0.00000000e+00 0.00000000e+00]
  [0.00000000e+00 0.00000000e+00 0.00000000e+00 ... 0.00000000e+00
   0.00000000e+00 0.00000000e+00]]

 [[9.38256788e-05 3.64475460e-05 4.96108114e-05 ... 7.24100117e-05
   8.05926602e-05 6.85624807e-05]
  [9.21504724e-05 0.00000000e+00 1.01649993e-04 ... 4.84332473e-05
   5.85783847e-05 5.18381530e-05]
  [7.77745037e-05 8.07216012e-05 1.03714962e-04 ... 7.41098151e-05
   8.34513585e-05 7.66394651e-05]
  ...
  [8.35885579e-05 8.21330052e-05 4.34169218e-05 ... 4.72833252e-05
   5.57943523e-05 5.74577610e-05]
  [7.68899399e-05 4.13044846e-05 6.44568741e-05 ... 2.96123190e-05
   8.19701235e-05 1.15749403e-04]
  [5.88834315e-05 8.21796509e-05 1.35364006e-04 ... 6.06121504e-05
   5.71757370e-05 3.43035511e-05]]]","[[0. 0. 0. ... 0. 0. 0.]
 [0. 0. 0. ... 0. 0. 0.]
 [0. 0. 0. ... 0. 0. 0.]
 ...
 [0. 0. 0. ... 0. 0. 0.]
 [0. 0. 0. ... 0. 0. 0.]
 [0. 0. 0. ... 0. 0. 0.]]","[[0. 0. 0. ... 0. 0. 0.]
 [0. 0. 0. ... 0. 0. 0.]
 [0. 0. 0. ... 0. 0. 0.]
 ...
 [0. 0. 0. ... 0. 0. 0.]
 [0. 0. 0. ... 0. 0. 0.]
 [0. 0. 0. ... 0. 0. 0.]]",0.5775408380421586,0.4883299208476741
422,5,20.0,25.0,0.05,1e-05,0.02,0.5000000000000001,12.04994452479546,0.6774894689707784,0.7591265741430886,"[[[1.0009124 1.0000358 1.0000836 ... 0.9997639 0.9997158 0.9997081]
  [1.0000831 1.0001647 1.0003705 ... 1.0003848 1.0003934 0.9998947]
  [1.0001278 1.0001373 0.999854  ... 1.0002918 1.0001965 1.000158 ]
  ...
  [1.0005637 1.0003282 1.0000209 ... 0.9994286 1.0003785 0.9998977]
  [0.9999942 1.0005203 0.9997607 ... 1.0001034 0.9997159 1.0001082]
  [0.9999465 0.9993096 0.9999154 ... 0.9999459 0.9999538 0.9997254]]

 [[0.9996631 1.0004995 1.0002136 ... 0.9997371 0.9997163 0.9999913]
  [0.9997821 1.000165  0.9994493 ... 1.0001521 1.0001458 1.0003188]
  [1.0000803 0.999935  0.9998542 ... 1.000292  0.9999193 1.0001107]
  ...
  [0.9998429 0.9999214 1.0005178 ... 1.0002513 1.0001656 1.0001668]
  [0.9998565 1.0004281 1.0001051 ... 1.0004592 0.9997163 1.0001082]
  [1.0001237 0.9997885 0.9999167 ... 0.9999462 1.0000453 1.000426 ]]]","[[[0.00000000e+00 6.48310967e-05 8.33588472e-06 ... 0.00000000e+00
   0.00000000e+00 1.18268842e-05]
  [0.00000000e+00 0.00000000e+00 0.00000000e+00 ... 0.00000000e+00
   0.00000000e+00 5.17598203e-05]
  [0.00000000e+00 0.00000000e+00 0.00000000e+00 ... 1.20815370e-05
   0.00000000e+00 0.00000000e+00]
  ...
  [0.00000000e+00 0.00000000e+00 5.67737286e-05 ... 8.31087804e-05
   0.00000000e+00 1.22393755e-05]
  [0.00000000e+00 0.00000000e+00 1.29833346e-05 ... 4.47071339e-05
   0.00000000e+00 0.00000000e+00]
  [2.33510762e-06 1.35315303e-05 0.00000000e+00 ... 0.00000000e+00
   0.00000000e+00 8.08730343e-05]]

 [[2.14398709e-04 0.00000000e+00 2.17268639e-06 ... 3.43889831e-05
   4.80621455e-05 0.00000000e+00]
  [7.96974463e-05 1.10389467e-05 1.72479261e-04 ... 2.95706608e-05
   4.46637300e-05 0.00000000e+00]
  [3.15093254e-05 5.55875165e-05 2.59329579e-05 ... 0.00000000e+00
   6.74724224e-05 3.11959272e-05]
  ...
  [1.48973516e-04 1.03154064e-04 0.00000000e+00 ... 0.00000000e+00
   6.56549093e-05 3.09925928e-06]
  [7.24462578e-05 3.01621033e-05 3.71883423e-06 ... 0.00000000e+00
   6.60054124e-05 4.01348509e-05]
  [1.17698418e-05 1.69634889e-07 5.49056529e-05 ... 3.20805517e-05
   2.35006958e-05 0.00000000e+00]]]","[[0. 0. 0. ... 0. 0. 0.]
 [0. 0. 0. ... 0. 0. 0.]
 [0. 0. 0. ... 0. 0. 0.]
 ...
 [0. 0. 0. ... 0. 0. 0.]
 [0. 0. 0. ... 0. 0. 0.]
 [0. 0. 0. ... 0. 0. 0.]]","[[0. 0. 0. ... 0. 0. 0.]
 [0. 0. 0. ... 0. 0. 0.]
 [0. 0. 0. ... 0. 0. 0.]
 ...
 [0. 0. 0. ... 0. 0. 0.]
 [0. 0. 0. ... 0. 0. 0.]
 [0. 0. 0. ... 0. 0. 0.]]",0.5801872950055544,0.5361923857164103
422,5,20.0,25.0,0.05,1e-05,0.03,0.5000000000000001,18.27769590435245,0.6774894689707786,0.8013189338932697,"[[[0.9996631 1.0004996 1.0002135 ... 0.9997374 0.9997163 0.9999914]
  [0.9997823 1.0005575 0.9994489 ... 1.0001523 1.0001458 1.0003194]
  [1.0000803 0.9999348 0.9993896 ... 0.9998854 0.9999195 1.0001113]
  ...
  [0.9998431 0.9999218 1.0005177 ... 1.0002517 1.0001656 1.0001671]
  [0.9998568 1.0004283 1.0001053 ... 1.0004596 0.9997166 0.9992372]
  [1.0001237 0.9997882 0.9999163 ... 0.9999461 1.0000453 1.0004267]]

 [[0.9996266 1.0005375 1.0001258 ... 1.000061  0.9997866 0.9997065]
  [1.0000114 0.9998779 0.9997411 ... 1.0001521 1.0003355 1.0003188]
  [1.0001009 0.9998183 0.9993894 ... 1.000292  1.000142  0.9999938]
  ...
  [0.9990146 0.9999204 1.0005178 ... 0.9998118 0.9997498 1.0000063]
  [0.9998567 1.0004283 1.0003484 ... 1.0004591 1.0001658 0.9997514]
  [0.9991356 0.9997882 0.9994706 ... 0.9997529 1.000332  1.0002576]]]","[[[6.44618403e-06 7.09203244e-05 2.69153417e-05 ... 5.87880266e-05
   1.38654634e-05 0.00000000e+00]
  [5.04548092e-05 0.00000000e+00 4.09415077e-05 ... 2.04624814e-05
   5.51628039e-05 3.80467610e-05]
  [2.48821821e-05 0.00000000e+00 0.00000000e+00 ... 7.46025059e-05
   4.46974226e-05 0.00000000e+00]
  ...
  [0.00000000e+00 3.35041639e-05 6.14319730e-05 ... 0.00000000e+00
   0.00000000e+00 2.29421177e-05]
  [3.50601645e-05 6.35175338e-05 7.90193208e-05 ... 5.42778685e-05
   8.95342280e-05 7.82404215e-05]
  [0.00000000e+00 2.43284997e-05 0.00000000e+00 ... 0.00000000e+00
   7.65743406e-05 3.07837524e-05]]

 [[0.00000000e+00 0.00000000e+00 0.00000000e+00 ... 0.00000000e+00
   0.00000000e+00 1.09722994e-05]
  [0.00000000e+00 5.33294958e-05 0.00000000e+00 ... 0.00000000e+00
   0.00000000e+00 0.00000000e+00]
  [0.00000000e+00 0.00000000e+00 1.07844589e-05 ... 0.00000000e+00
   0.00000000e+00 0.00000000e+00]
  ...
  [1.02378063e-04 0.00000000e+00 0.00000000e+00 ... 2.05197413e-05
   1.32337878e-05 0.00000000e+00]
  [0.00000000e+00 0.00000000e+00 0.00000000e+00 ... 0.00000000e+00
   0.00000000e+00 0.00000000e+00]
  [1.19597368e-04 0.00000000e+00 4.03849323e-05 ... 5.40505199e-06
   0.00000000e+00 0.00000000e+00]]]","[[0. 0. 0. ... 0. 0. 0.]
 [0. 0. 0. ... 0. 0. 0.]
 [0. 0. 0. ... 0. 0. 0.]
 ...
 [0. 0. 0. ... 0. 0. 0.]
 [0. 0. 0. ... 0. 0. 0.]
 [0. 0. 0. ... 0. 0. 0.]]","[[0. 0. 0. ... 0. 0. 0.]
 [0. 0. 0. ... 0. 0. 0.]
 [0. 0. 0. ... 0. 0. 0.]
 ...
 [0. 0. 0. ... 0. 0. 0.]
 [0. 0. 0. ... 0. 0. 0.]
 [0. 0. 0. ... 0. 0. 0.]]",0.5577716848814283,0.6328753291609925
422,5,20.0,25.0,0.0,1e-05,0.01,0.6000000000000001,13.059335906411135,0.7779410594049554,0.6763471233033689,"[[[0.9996266 1.0005372 1.0001256 ... 1.0000604 0.9997863 0.9997065]
  [1.0000112 0.9998774 0.9997408 ... 0.99941   1.0003352 1.0003188]
  [1.0001011 0.9998181 0.9993896 ... 1.0009692 1.0001419 0.9999938]
  ...
  [0.9998428 0.9999195 1.0005172 ... 0.9998113 0.9997495 1.0000063]
  [0.9998565 1.0004277 1.0003484 ... 0.9996342 1.0001657 0.9997516]
  [0.9991356 0.9997876 0.9994704 ... 0.9997526 1.0003318 1.0002578]]

 [[0.9996631 1.0004996 1.0002135 ... 0.9997369 0.9997159 0.9999909]
  [0.9997822 1.000165  0.999449  ... 1.0001518 1.0001456 1.0003188]
  [1.0000803 0.999935  0.9993896 ... 1.0002918 0.9999193 1.0001107]
  ...
  [0.999843  0.9999214 1.0005176 ... 1.0002513 1.0001656 1.0001668]
  [0.9998567 1.0004282 1.0001051 ... 1.0004593 0.9997163 0.9982738]
  [1.0001236 0.9997881 0.9999163 ... 0.9999461 1.0000454 1.0004262]]]","[[[4.31272140e-04 0.00000000e+00 0.00000000e+00 ... 8.06616876e-04
   4.98728883e-04 0.00000000e+00]
  [6.15908703e-04 0.00000000e+00 1.17468267e-03 ... 0.00000000e+00
   4.56203141e-05 0.00000000e+00]
  [0.00000000e+00 0.00000000e+00 8.69937453e-04 ... 4.87479248e-04
   4.11929498e-04 0.00000000e+00]
  ...
  [2.23445264e-04 1.09452413e-04 0.00000000e+00 ... 0.00000000e+00
   0.00000000e+00 0.00000000e+00]
  [2.03829984e-04 0.00000000e+00 1.74755478e-04 ... 0.00000000e+00
   1.00396687e-03 4.43538979e-03]
  [0.00000000e+00 3.01274177e-04 0.00000000e+00 ... 0.00000000e+00
   3.17264368e-04 0.00000000e+00]]

 [[0.00000000e+00 1.11221946e-03 7.11697767e-04 ... 0.00000000e+00
   0.00000000e+00 6.25151520e-04]
  [0.00000000e+00 1.04976542e-03 0.00000000e+00 ... 2.05159193e-03
   0.00000000e+00 7.64187685e-04]
  [1.45488483e-04 1.10037204e-04 0.00000000e+00 ... 0.00000000e+00
   0.00000000e+00 5.31551064e-04]
  ...
  [0.00000000e+00 0.00000000e+00 1.24153849e-03 ... 1.60332944e-03
   1.34357175e-03 7.64827620e-04]
  [0.00000000e+00 1.02755309e-03 0.00000000e+00 ... 2.97786668e-03
   0.00000000e+00 0.00000000e+00]
  [2.54472335e-03 0.00000000e+00 8.14016513e-04 ... 3.11155458e-04
   0.00000000e+00 1.40437797e-03]]]","[[0. 0. 0. ... 0. 0. 0.]
 [0. 0. 0. ... 0. 0. 0.]
 [0. 0. 0. ... 0. 0. 0.]
 ...
 [0. 0. 0. ... 0. 0. 0.]
 [0. 0. 0. ... 0. 0. 0.]
 [0. 0. 0. ... 0. 0. 0.]]","[[0. 0. 0. ... 0. 0. 0.]
 [0. 0. 0. ... 0. 0. 0.]
 [0. 0. 0. ... 0. 0. 0.]
 ...
 [0. 0. 0. ... 0. 0. 0.]
 [0. 0. 0. ... 0. 0. 0.]
 [0. 0. 0. ... 0. 0. 0.]]",0.11388141528152602,0.03669636612844921
422,5,20.0,25.0,0.0,1e-05,0.02,0.6000000000000001,0.8131517071480311,0.7779410594049554,0.7716152183997985,"[[[0.9996631 1.0004994 1.0002134 ... 0.9997368 0.9997158 0.9999907]
  [0.9997821 1.0005572 0.9994488 ... 1.0001516 1.0001454 1.0003186]
  [1.0000803 0.9999347 0.9993893 ... 0.9998846 0.9999191 1.0001107]
  ...
  [0.9998427 0.9999211 1.0005174 ... 1.0002512 1.0001653 1.0001665]
  [0.9998565 1.0004278 1.0001049 ... 1.000459  0.9997161 1.0001082]
  [1.0001234 0.9997878 0.999916  ... 0.9999458 1.0000451 1.0004259]]

 [[0.9996631 1.0004994 1.0002131 ... 0.9997369 0.999737  0.9999909]
  [0.9997822 1.0005574 0.9994487 ... 1.000152  1.0001456 1.0003188]
  [1.0000803 0.9999349 0.9993893 ... 1.000292  0.9999193 1.000111 ]
  ...
  [0.999843  0.9999214 1.0005174 ... 1.0002512 1.0001653 1.0001664]
  [0.9998567 1.0004282 1.000105  ... 1.000459  0.9997159 0.9992362]
  [1.0001235 0.999788  0.999916  ... 0.9999459 1.000045  1.0004256]]]","[[[4.80022111e-04 0.00000000e+00 0.00000000e+00 ... 3.74699034e-04
   3.46368303e-04 1.27135378e-05]
  [3.10142928e-04 0.00000000e+00 7.85704059e-04 ... 0.00000000e+00
   0.00000000e+00 0.00000000e+00]
  [0.00000000e+00 9.23827754e-05 8.70343496e-04 ... 0.00000000e+00
   1.14717252e-04 0.00000000e+00]
  ...
  [2.23267084e-04 1.11579434e-04 0.00000000e+00 ... 0.00000000e+00
   0.00000000e+00 0.00000000e+00]
  [2.03811180e-04 0.00000000e+00 0.00000000e+00 ... 0.00000000e+00
   4.04996798e-04 2.25249300e-03]
  [0.00000000e+00 3.01822067e-04 1.19617780e-04 ... 7.69902963e-05
   0.00000000e+00 0.00000000e+00]]

 [[0.00000000e+00 1.19705783e-03 5.10519760e-04 ... 0.00000000e+00
   0.00000000e+00 0.00000000e+00]
  [0.00000000e+00 1.33671510e-03 0.00000000e+00 ... 3.65263831e-04
   3.49288100e-04 7.64488197e-04]
  [1.92698427e-04 0.00000000e+00 0.00000000e+00 ... 1.62644004e-03
   0.00000000e+00 2.66684650e-04]
  ...
  [0.00000000e+00 0.00000000e+00 1.24019897e-03 ... 6.02208122e-04
   3.96460655e-04 3.98762069e-04]
  [0.00000000e+00 1.02731248e-03 2.52134264e-04 ... 1.10021120e-03
   0.00000000e+00 0.00000000e+00]
  [2.96430051e-04 0.00000000e+00 0.00000000e+00 ... 0.00000000e+00
   1.07551320e-04 1.01940789e-03]]]","[[0. 0. 0. ... 0. 0. 0.]
 [0. 0. 0. ... 0. 0. 0.]
 [0. 0. 0. ... 0. 0. 0.]
 ...
 [0. 0. 0. ... 0. 0. 0.]
 [0. 0. 0. ... 0. 0. 0.]
 [0. 0. 0. ... 0. 0. 0.]]","[[0. 0. 0. ... 0. 0. 0.]
 [0. 0. 0. ... 0. 0. 0.]
 [0. 0. 0. ... 0. 0. 0.]
 ...
 [0. 0. 0. ... 0. 0. 0.]
 [0. 0. 0. ... 0. 0. 0.]
 [0. 0. 0. ... 0. 0. 0.]]",0.4514213628627952,0.4051471314644999
422,5,20.0,25.0,0.0,1e-05,0.03,0.6000000000000001,2.495276444085904,0.7779410594049554,0.7585292794007512,"[[[0.9996266 1.0005374 1.0001258 ... 1.0000607 0.9997865 0.999707 ]
  [1.0000113 0.9998779 0.9997411 ... 1.0001519 1.0003355 1.0003192]
  [1.0001011 0.9998184 0.9998542 ... 1.000292  1.0001421 0.9999942]
  ...
  [0.9990146 0.9999202 1.0005177 ... 0.9998119 0.9997501 1.0000069]
  [0.9998566 1.0004281 1.0003484 ... 1.0004593 1.000166  0.9997521]
  [1.0001231 0.9997877 0.9994703 ... 0.9997529 1.0003319 1.0002583]]

 [[0.9996631 1.0004994 1.0002133 ... 0.9997369 0.9997158 0.9999911]
  [0.9997822 1.0001647 0.9994489 ... 1.0001518 1.0001454 1.0003189]
  [1.0000803 0.9999348 0.9993894 ... 1.0002918 0.9999192 1.0001109]
  ...
  [0.9998428 0.9999211 1.0005172 ... 1.0002513 1.0001653 1.0001667]
  [0.9998565 1.0004278 1.0001049 ... 1.0004591 0.999716  0.9982738]
  [1.0001234 0.999788  0.9999161 ... 0.9999459 1.0000452 1.000426 ]]]","[[[4.31454135e-04 0.00000000e+00 0.00000000e+00 ... 8.07108432e-04
   4.99474450e-04 0.00000000e+00]
  [6.16254495e-04 0.00000000e+00 1.17559733e-03 ... 0.00000000e+00
   4.64445217e-05 0.00000000e+00]
  [0.00000000e+00 0.00000000e+00 1.49079732e-03 ... 0.00000000e+00
   4.12752310e-04 0.00000000e+00]
  ...
  [0.00000000e+00 1.11399827e-04 0.00000000e+00 ... 0.00000000e+00
   0.00000000e+00 0.00000000e+00]
  [2.04823673e-04 0.00000000e+00 1.75580440e-04 ... 0.00000000e+00
   1.00544627e-03 4.43620625e-03]
  [0.00000000e+00 3.01860586e-04 0.00000000e+00 ... 0.00000000e+00
   3.18260625e-04 0.00000000e+00]]

 [[0.00000000e+00 1.11025232e-03 7.10002692e-04 ... 0.00000000e+00
   0.00000000e+00 6.24870677e-04]
  [0.00000000e+00 1.04711179e-03 0.00000000e+00 ... 3.63280201e-04
   0.00000000e+00 7.63345507e-04]
  [1.45167559e-04 1.08199801e-04 0.00000000e+00 ... 6.99042432e-04
   0.00000000e+00 5.30846211e-04]
  ...
  [1.50790895e-03 0.00000000e+00 1.23850265e-03 ... 1.60166732e-03
   1.34079456e-03 7.62607148e-04]
  [0.00000000e+00 1.02477686e-03 0.00000000e+00 ... 1.09962183e-03
   0.00000000e+00 0.00000000e+00]
  [2.96075781e-04 0.00000000e+00 8.12880680e-04 ... 3.09071593e-04
   0.00000000e+00 1.40243106e-03]]]","[[0. 0. 0. ... 0. 0. 0.]
 [0. 0. 0. ... 0. 0. 0.]
 [0. 0. 0. ... 0. 0. 0.]
 ...
 [0. 0. 0. ... 0. 0. 0.]
 [0. 0. 0. ... 0. 0. 0.]
 [0. 0. 0. ... 0. 0. 0.]]","[[0. 0. 0. ... 0. 0. 0.]
 [0. 0. 0. ... 0. 0. 0.]
 [0. 0. 0. ... 0. 0. 0.]
 ...
 [0. 0. 0. ... 0. 0. 0.]
 [0. 0. 0. ... 0. 0. 0.]
 [0. 0. 0. ... 0. 0. 0.]]",0.40606579244074786,0.27588020555233167
422,5,20.0,25.0,0.05,1e-05,0.01,0.6000000000000001,1.4192506185773481,0.7779410594049554,0.7669001261071834,"[[[0.9996631 1.0004997 1.0002135 ... 0.999737  0.9997159 0.9999909]
  [0.9997821 1.0001647 0.9994489 ... 1.0001518 1.0001456 1.0003186]
  [1.0000803 0.9999349 0.9993895 ... 1.0002918 0.9999193 1.0001104]
  ...
  [0.9998429 0.9999213 1.0005174 ... 1.000251  1.0001653 1.0001667]
  [0.9998562 1.000428  1.0001049 ... 1.0004591 0.9993186 0.9992362]
  [1.0001229 0.9997876 0.9999159 ... 0.9999458 1.0000448 1.0004255]]

 [[0.9996631 1.0004994 1.0002131 ... 0.9997366 0.9997156 0.9999905]
  [0.999782  1.0005572 0.9994485 ... 1.0001514 1.0001452 1.0003183]
  [1.0000801 0.9999345 0.9993891 ... 1.0002913 0.9999188 1.0001101]
  ...
  [0.9998428 0.999921  1.0005171 ... 1.000251  1.0001651 1.0001662]
  [0.9998565 1.0004277 1.0001049 ... 1.000459  0.9993182 0.9992361]
  [1.0001234 0.9997878 0.9999157 ... 0.9999458 1.0000447 1.0004253]]]","[[[0.00000000e+00 0.00000000e+00 0.00000000e+00 ... 0.00000000e+00
   0.00000000e+00 0.00000000e+00]
  [0.00000000e+00 4.64617648e-05 0.00000000e+00 ... 0.00000000e+00
   0.00000000e+00 0.00000000e+00]
  [0.00000000e+00 0.00000000e+00 0.00000000e+00 ... 3.25136261e-06
   0.00000000e+00 0.00000000e+00]
  ...
  [0.00000000e+00 0.00000000e+00 0.00000000e+00 ... 0.00000000e+00
   0.00000000e+00 0.00000000e+00]
  [0.00000000e+00 0.00000000e+00 0.00000000e+00 ... 1.17271638e-05
   0.00000000e+00 0.00000000e+00]
  [0.00000000e+00 0.00000000e+00 0.00000000e+00 ... 0.00000000e+00
   0.00000000e+00 2.83090114e-06]]

 [[7.49855955e-05 2.59870057e-05 4.85913495e-05 ... 3.72797218e-05
   5.11884160e-05 4.30466195e-05]
  [6.84856995e-05 0.00000000e+00 9.22543723e-05 ... 1.13960441e-05
   2.47295387e-05 2.20008823e-05]
  [4.77277452e-05 5.73925128e-05 8.70893532e-05 ... 5.01719016e-06
   4.53364737e-05 4.13432855e-05]
  ...
  [6.88052322e-05 7.42954318e-05 4.26767969e-05 ... 1.62931535e-05
   2.84552860e-05 3.61669807e-05]
  [6.21940360e-05 3.50893382e-05 6.79915723e-05 ... 0.00000000e+00
   8.03770926e-05 9.27409847e-05]
  [4.28651110e-05 7.64847392e-05 7.51461931e-05 ... 2.73477185e-05
   2.70773813e-05 1.07056144e-05]]]","[[0. 0. 0. ... 0. 0. 0.]
 [0. 0. 0. ... 0. 0. 0.]
 [0. 0. 0. ... 0. 0. 0.]
 ...
 [0. 0. 0. ... 0. 0. 0.]
 [0. 0. 0. ... 0. 0. 0.]
 [0. 0. 0. ... 0. 0. 0.]]","[[0. 0. 0. ... 0. 0. 0.]
 [0. 0. 0. ... 0. 0. 0.]
 [0. 0. 0. ... 0. 0. 0.]
 ...
 [0. 0. 0. ... 0. 0. 0.]
 [0. 0. 0. ... 0. 0. 0.]
 [0. 0. 0. ... 0. 0. 0.]]",0.5807707748813681,0.5469673842644295
422,5,20.0,25.0,0.05,1e-05,0.02,0.6000000000000001,6.037262840001759,0.7779410594049554,0.8249074059015268,"[[[0.9996631 1.0004997 1.0002136 ... 0.9997374 0.9997161 0.9999914]
  [0.9997823 1.0005578 0.9994491 ... 1.0001523 1.0001457 1.000319 ]
  [1.0000805 0.9999353 0.9998544 ... 0.9998852 0.9999194 1.0001107]
  ...
  [0.9998431 0.9999217 1.0005178 ... 1.0002517 1.0001659 1.0001669]
  [0.9998567 1.0004286 1.0001053 ... 1.0004596 0.9997164 0.9992366]
  [1.000124  0.9997884 0.9999163 ... 0.9999461 1.0000453 1.000426 ]]

 [[1.0009124 1.0000359 1.0000837 ... 0.9997646 0.9997161 0.999708 ]
  [1.000083  1.0001651 1.0003707 ... 1.0003855 1.0003942 0.9998947]
  [1.0001277 1.0001377 0.9998542 ... 1.0002925 1.0001972 1.000158 ]
  ...
  [1.0005641 1.0003288 1.0000212 ... 0.9994287 1.0003786 0.9998971]
  [0.9999945 1.0005211 0.9997613 ... 1.000104  0.9997166 0.9992364]
  [0.9999475 1.0001466 0.9999162 ... 0.9999465 0.9999541 0.9997251]]]","[[[1.67440874e-04 0.00000000e+00 0.00000000e+00 ... 0.00000000e+00
   0.00000000e+00 0.00000000e+00]
  [5.34871695e-06 0.00000000e+00 9.23814731e-05 ... 1.77365550e-05
   2.29728869e-05 0.00000000e+00]
  [0.00000000e+00 4.35030752e-06 0.00000000e+00 ... 3.18836793e-05
   1.38693252e-05 0.00000000e+00]
  ...
  [9.02811051e-05 3.59559190e-05 0.00000000e+00 ... 0.00000000e+00
   2.99934869e-05 0.00000000e+00]
  [0.00000000e+00 1.16792468e-05 0.00000000e+00 ... 0.00000000e+00
   0.00000000e+00 0.00000000e+00]
  [0.00000000e+00 1.73831016e-05 0.00000000e+00 ... 0.00000000e+00
   0.00000000e+00 0.00000000e+00]]

 [[0.00000000e+00 1.18045016e-04 6.96640683e-05 ... 5.94389396e-05
   5.88012209e-05 1.01190255e-04]
  [1.28326787e-05 9.75033867e-05 0.00000000e+00 ... 0.00000000e+00
   0.00000000e+00 1.11542602e-04]
  [3.14009336e-05 1.07601176e-05 5.88926417e-05 ... 0.00000000e+00
   1.56308635e-06 2.99256685e-05]
  ...
  [0.00000000e+00 0.00000000e+00 9.73364974e-05 ... 1.77150163e-04
   0.00000000e+00 8.06775430e-05]
  [3.07114250e-05 4.86266832e-06 1.02907452e-04 ... 6.78699909e-05
   4.81348454e-05 8.42272428e-05]
  [7.66714055e-05 0.00000000e+00 5.44575628e-05 ... 4.00393445e-05
   4.38687824e-05 1.40756614e-04]]]","[[0. 0. 0. ... 0. 0. 0.]
 [0. 0. 0. ... 0. 0. 0.]
 [0. 0. 0. ... 0. 0. 0.]
 ...
 [0. 0. 0. ... 0. 0. 0.]
 [0. 0. 0. ... 0. 0. 0.]
 [0. 0. 0. ... 0. 0. 0.]]","[[0. 0. 0. ... 0. 0. 0.]
 [0. 0. 0. ... 0. 0. 0.]
 [0. 0. 0. ... 0. 0. 0.]
 ...
 [0. 0. 0. ... 0. 0. 0.]
 [0. 0. 0. ... 0. 0. 0.]
 [0. 0. 0. ... 0. 0. 0.]]",0.5818819154288967,0.6024251856351027
422,5,20.0,25.0,0.05,1e-05,0.03,0.6000000000000001,11.536154383232715,0.7779410594049554,0.8676855410284672,"[[[0.9996631 1.0004994 1.0002129 ... 0.9997365 0.9997365 0.9999905]
  [0.999782  1.0005572 0.9994483 ... 1.0001515 1.000145  1.0003186]
  [1.0000803 0.9999347 0.9993891 ... 1.0002918 0.9999189 1.0001107]
  ...
  [0.9998425 0.9999209 1.0005169 ... 1.0002512 1.000165  1.0001665]
  [0.9998564 1.0004277 1.0001045 ... 1.000459  0.9997157 0.9992364]
  [1.0001233 0.9997876 0.9999156 ... 0.9999459 1.000045  1.000426 ]]

 [[0.9996266 1.0005372 1.0001256 ... 1.0000608 0.9997863 0.9997064]
  [1.0000113 0.9998777 0.9997409 ... 1.0001518 1.0003351 1.0003186]
  [1.000101  0.9998183 0.9993895 ... 1.0009696 1.0001419 0.9999936]
  ...
  [0.9998427 0.9999197 0.9998859 ... 0.9998117 0.9997497 1.0000064]
  [0.9998566 1.0004278 1.0003482 ... 0.9996346 1.0001658 0.9997516]
  [1.0001235 0.999788  0.9994703 ... 0.9997531 1.0003318 1.0002576]]]","[[[0.00000000e+00 4.93357321e-05 1.07589827e-05 ... 4.38834814e-05
   0.00000000e+00 0.00000000e+00]
  [3.00695988e-05 0.00000000e+00 2.39705410e-05 ... 1.28247005e-06
   3.53154972e-05 1.70213829e-05]
  [4.89337138e-06 0.00000000e+00 0.00000000e+00 ... 1.27550843e-04
   2.26603470e-05 0.00000000e+00]
  ...
  [7.58604100e-06 1.45668231e-05 0.00000000e+00 ... 0.00000000e+00
   0.00000000e+00 0.00000000e+00]
  [4.43429787e-06 4.22991006e-05 6.79824048e-05 ... 0.00000000e+00
   7.80580444e-05 5.53581098e-05]
  [1.91863703e-05 0.00000000e+00 0.00000000e+00 ... 0.00000000e+00
   6.15660460e-05 5.01603616e-06]]

 [[1.82138140e-05 0.00000000e+00 0.00000000e+00 ... 0.00000000e+00
   6.09704130e-06 4.79289142e-05]
  [0.00000000e+00 8.54616704e-05 0.00000000e+00 ... 2.54593305e-06
   0.00000000e+00 0.00000000e+00]
  [0.00000000e+00 2.10547801e-05 4.06344267e-05 ... 0.00000000e+00
   0.00000000e+00 2.87998268e-05]
  ...
  [0.00000000e+00 0.00000000e+00 5.54930624e-05 ... 3.29775064e-05
   3.62913695e-05 0.00000000e+00]
  [0.00000000e+00 0.00000000e+00 0.00000000e+00 ... 9.79929507e-05
   0.00000000e+00 0.00000000e+00]
  [0.00000000e+00 0.00000000e+00 6.57194324e-05 ... 2.00414245e-05
   0.00000000e+00 0.00000000e+00]]]","[[0. 0. 0. ... 0. 0. 0.]
 [0. 0. 0. ... 0. 0. 0.]
 [0. 0. 0. ... 0. 0. 0.]
 ...
 [0. 0. 0. ... 0. 0. 0.]
 [0. 0. 0. ... 0. 0. 0.]
 [0. 0. 0. ... 0. 0. 0.]]","[[0. 0. 0. ... 0. 0. 0.]
 [0. 0. 0. ... 0. 0. 0.]
 [0. 0. 0. ... 0. 0. 0.]
 ...
 [0. 0. 0. ... 0. 0. 0.]
 [0. 0. 0. ... 0. 0. 0.]
 [0. 0. 0. ... 0. 0. 0.]]",0.5501200093379626,0.7207165955456447
422,5,20.0,25.0,0.0,1e-05,0.01,0.7000000000000002,7.678471883601747,0.8355940495538824,0.7714331953978383,"[[[0.9996266 1.0005372 1.0001256 ... 1.000061  0.9997866 0.9997067]
  [1.0000113 0.9998777 0.9997409 ... 1.0001518 1.0003355 1.0003188]
  [1.0001009 0.9998181 0.9993894 ... 1.000292  1.000142  0.9999939]
  ...
  [0.999843  0.9999201 1.0005174 ... 0.9998117 0.9997496 1.0000064]
  [0.9998567 1.0004282 1.0003483 ... 0.9996346 1.0001657 0.9997518]
  [1.0001237 0.9997882 0.9994705 ... 0.9997532 1.000332  1.0002582]]

 [[0.9996266 1.0005374 1.0001259 ... 1.000061  0.9997868 0.9997067]
  [1.0000114 0.999878  0.9997412 ... 1.0001521 1.0003357 1.000319 ]
  [1.000101  0.9998184 0.9998542 ... 1.0009698 1.0001423 0.9999939]
  ...
  [0.9990144 0.9999201 1.0005176 ... 0.9998119 0.9997501 1.0000066]
  [0.9998567 1.0004282 1.0003484 ... 1.0004593 1.0001662 0.9997518]
  [1.0001236 0.9997881 0.9994705 ... 0.9997531 1.0003324 1.000258 ]]]","[[[5.32099881e-04 0.00000000e+00 0.00000000e+00 ... 0.00000000e+00
   3.03521647e-04 4.17925348e-04]
  [0.00000000e+00 1.73408442e-04 3.68342485e-04 ... 0.00000000e+00
   0.00000000e+00 0.00000000e+00]
  [0.00000000e+00 2.58344663e-04 0.00000000e+00 ... 0.00000000e+00
   0.00000000e+00 8.62459737e-06]
  ...
  [2.51120530e-03 1.13760448e-04 0.00000000e+00 ... 2.67758420e-04
   3.55448080e-04 0.00000000e+00]
  [2.04128180e-04 0.00000000e+00 0.00000000e+00 ... 0.00000000e+00
   0.00000000e+00 3.53621588e-04]
  [0.00000000e+00 3.02050011e-04 7.54610914e-04 ... 3.51829810e-04
   0.00000000e+00 0.00000000e+00]]

 [[0.00000000e+00 1.28872700e-03 3.02416908e-04 ... 1.46405054e-04
   0.00000000e+00 0.00000000e+00]
  [2.77768059e-05 0.00000000e+00 0.00000000e+00 ... 3.65557655e-04
   8.05333544e-04 7.65331518e-04]
  [2.42412517e-04 0.00000000e+00 7.08192999e-04 ... 3.86497598e-03
   3.42119087e-04 0.00000000e+00]
  ...
  [0.00000000e+00 0.00000000e+00 1.24130292e-03 ... 0.00000000e+00
   0.00000000e+00 1.60589358e-05]
  [0.00000000e+00 1.02650327e-03 8.35637244e-04 ... 2.97695781e-03
   3.99550646e-04 0.00000000e+00]
  [2.96171200e-04 0.00000000e+00 0.00000000e+00 ... 0.00000000e+00
   7.97608404e-04 6.17954764e-04]]]","[[0. 0. 0. ... 0. 0. 0.]
 [0. 0. 0. ... 0. 0. 0.]
 [0. 0. 0. ... 0. 0. 0.]
 ...
 [0. 0. 0. ... 0. 0. 0.]
 [0. 0. 0. ... 0. 0. 0.]
 [0. 0. 0. ... 0. 0. 0.]]","[[0. 0. 0. ... 0. 0. 0.]
 [0. 0. 0. ... 0. 0. 0.]
 [0. 0. 0. ... 0. 0. 0.]
 ...
 [0. 0. 0. ... 0. 0. 0.]
 [0. 0. 0. ... 0. 0. 0.]
 [0. 0. 0. ... 0. 0. 0.]]",0.2702169321359876,0.1577649129167475
422,5,20.0,25.0,0.0,1e-05,0.02,0.7000000000000002,2.3214466576289574,0.8355940495538824,0.8161961794191673,"[[[0.9996266 1.0005372 1.0001256 ... 1.0000607 0.9997864 0.9997065]
  [1.0000112 0.9998777 0.9997409 ... 1.0001518 1.0003352 1.0003188]
  [1.0001009 0.9998181 0.9993894 ... 1.0002918 1.0001419 0.9999937]
  ...
  [0.9990144 0.99992   1.0005175 ... 0.9998116 0.9997496 1.0000064]
  [0.9998567 1.0004282 1.0003484 ... 0.9996344 1.0001657 0.9997515]
  [1.0001235 0.999788  0.9994703 ... 0.9997528 1.0003318 1.0002577]]

 [[0.9996266 1.0005372 1.0001256 ... 1.0000606 0.9997864 0.9997065]
  [1.0000112 0.9998777 0.999741  ... 1.0001515 1.0003352 1.0003188]
  [1.0001009 0.9998181 0.9993895 ... 1.0009692 1.0001417 0.9999937]
  ...
  [0.9998428 0.9999198 1.0005174 ... 0.9998114 0.9997496 1.0000062]
  [0.9998564 1.0004278 1.0003482 ... 0.9996342 1.0001656 0.9997514]
  [1.0001235 0.9997879 0.9994703 ... 0.9997527 1.0003318 1.0002577]]]","[[[5.32041227e-04 0.00000000e+00 0.00000000e+00 ... 0.00000000e+00
   3.04306293e-04 4.18125041e-04]
  [0.00000000e+00 1.74173356e-04 3.68780662e-04 ... 0.00000000e+00
   0.00000000e+00 0.00000000e+00]
  [0.00000000e+00 2.59106782e-04 8.69784943e-04 ... 0.00000000e+00
   0.00000000e+00 8.91060907e-06]
  ...
  [0.00000000e+00 1.14535184e-04 0.00000000e+00 ... 2.68865235e-04
   3.56709919e-04 0.00000000e+00]
  [2.04894734e-04 0.00000000e+00 0.00000000e+00 ... 5.21414302e-04
   0.00000000e+00 3.54320276e-04]
  [0.00000000e+00 3.02169079e-04 7.54815100e-04 ... 3.52459861e-04
   0.00000000e+00 0.00000000e+00]]

 [[0.00000000e+00 1.28770941e-03 3.01393052e-04 ... 1.45061714e-04
   0.00000000e+00 0.00000000e+00]
  [2.70339134e-05 0.00000000e+00 0.00000000e+00 ... 3.62842857e-04
   8.03728352e-04 7.64309421e-04]
  [2.41953663e-04 0.00000000e+00 0.00000000e+00 ... 3.86252652e-03
   3.39683418e-04 0.00000000e+00]
  ...
  [1.50887534e-03 0.00000000e+00 1.24000190e-03 ... 0.00000000e+00
   0.00000000e+00 1.44824227e-05]
  [0.00000000e+00 1.02492653e-03 8.34337774e-04 ... 0.00000000e+00
   3.96854057e-04 0.00000000e+00]
  [2.96256091e-04 0.00000000e+00 0.00000000e+00 ... 0.00000000e+00
   7.95452660e-04 6.18021468e-04]]]","[[0. 0. 0. ... 0. 0. 0.]
 [0. 0. 0. ... 0. 0. 0.]
 [0. 0. 0. ... 0. 0. 0.]
 ...
 [0. 0. 0. ... 0. 0. 0.]
 [0. 0. 0. ... 0. 0. 0.]
 [0. 0. 0. ... 0. 0. 0.]]","[[0. 0. 0. ... 0. 0. 0.]
 [0. 0. 0. ... 0. 0. 0.]
 [0. 0. 0. ... 0. 0. 0.]
 ...
 [0. 0. 0. ... 0. 0. 0.]
 [0. 0. 0. ... 0. 0. 0.]
 [0. 0. 0. ... 0. 0. 0.]]",0.44967247880786215,0.4176960628671334
422,5,20.0,25.0,0.0,1e-05,0.03,0.7000000000000002,0.09864573173796388,0.8355940495538824,0.8347697716893411,"[[[0.9996631 1.0004996 1.0002133 ... 0.999737  0.999716  0.999991 ]
  [0.9997822 1.000165  0.9994489 ... 1.000152  1.0001457 1.0003192]
  [1.0000806 0.9999351 0.9993896 ... 1.000292  0.9999195 1.0001113]
  ...
  [0.9998428 0.9999214 1.0005176 ... 1.0002515 1.0001656 1.0001671]
  [0.9998565 1.0004282 1.0001051 ... 1.0004593 0.9997163 0.9992368]
  [1.0001234 0.9997881 0.9999161 ... 0.9999461 1.0000453 1.0004262]]

 [[0.9996631 1.0004994 1.0002133 ... 0.9997366 0.999737  0.9999908]
  [0.9997822 1.0001647 0.9994488 ... 1.0001515 1.0001452 1.0003186]
  [1.0000803 0.9999348 0.9993894 ... 0.9998846 0.9999191 1.0001109]
  ...
  [0.9998429 0.9999212 1.0005172 ... 1.0002512 1.0001653 1.0001668]
  [0.9998566 1.0004278 1.0001049 ... 1.0004588 0.999716  0.9992366]
  [1.0001233 0.9997878 0.9999159 ... 0.9999456 1.000045  1.000426 ]]]","[[[4.80068826e-04 0.00000000e+00 0.00000000e+00 ... 3.75880107e-04
   3.46645221e-04 1.33208153e-05]
  [3.10346463e-04 0.00000000e+00 7.85742026e-04 ... 0.00000000e+00
   0.00000000e+00 0.00000000e+00]
  [0.00000000e+00 9.33105445e-05 8.70452633e-04 ... 7.07889980e-04
   1.15721675e-04 0.00000000e+00]
  ...
  [2.23797243e-04 1.12513122e-04 0.00000000e+00 ... 0.00000000e+00
   0.00000000e+00 0.00000000e+00]
  [2.04178087e-04 0.00000000e+00 0.00000000e+00 ... 0.00000000e+00
   4.05110431e-04 1.08842367e-03]
  [0.00000000e+00 3.02755064e-04 1.20067771e-04 ... 7.82501467e-05
   0.00000000e+00 0.00000000e+00]]

 [[0.00000000e+00 1.19643690e-03 5.11269697e-04 ... 0.00000000e+00
   0.00000000e+00 0.00000000e+00]
  [0.00000000e+00 3.94415415e-04 0.00000000e+00 ... 3.62158389e-04
   3.47017974e-04 7.62504655e-04]
  [1.92084744e-04 0.00000000e+00 0.00000000e+00 ... 0.00000000e+00
   0.00000000e+00 2.64707212e-04]
  ...
  [0.00000000e+00 0.00000000e+00 1.23901412e-03 ... 6.01327754e-04
   3.95850891e-04 3.99003633e-04]
  [0.00000000e+00 1.02476648e-03 2.50960563e-04 ... 1.09877380e-03
   0.00000000e+00 0.00000000e+00]
  [2.95243443e-04 0.00000000e+00 0.00000000e+00 ... 0.00000000e+00
   1.06938981e-04 1.02102002e-03]]]","[[0. 0. 0. ... 0. 0. 0.]
 [0. 0. 0. ... 0. 0. 0.]
 [0. 0. 0. ... 0. 0. 0.]
 ...
 [0. 0. 0. ... 0. 0. 0.]
 [0. 0. 0. ... 0. 0. 0.]
 [0. 0. 0. ... 0. 0. 0.]]","[[0. 0. 0. ... 0. 0. 0.]
 [0. 0. 0. ... 0. 0. 0.]
 [0. 0. 0. ... 0. 0. 0.]
 ...
 [0. 0. 0. ... 0. 0. 0.]
 [0. 0. 0. ... 0. 0. 0.]
 [0. 0. 0. ... 0. 0. 0.]]",0.5204255347742353,0.5855678533365102
422,5,20.0,25.0,0.05,1e-05,0.01,0.7000000000000002,4.452587788821722,0.8355940495538824,0.7983884909393253,"[[[1.0009124 1.0000356 1.0000838 ... 0.9997645 0.9997161 0.9997081]
  [1.0000829 1.0001644 1.0003704 ... 1.0003849 1.0002819 0.999895 ]
  [1.0001277 1.000137  0.9998538 ... 1.0002918 1.0001968 1.0001582]
  ...
  [1.0005637 1.000328  1.0000207 ... 0.9994284 1.0003786 0.9998976]
  [0.9999944 1.0005205 0.999761  ... 1.0001035 1.0008446 1.0001082]
  [0.9999472 0.9993102 0.999916  ... 0.9999459 0.999954  0.9997252]]

 [[1.0009124 1.0000359 1.0000836 ... 0.9997642 0.9997159 0.999708 ]
  [1.0000831 1.000165  1.0003705 ... 1.0003854 1.0003937 0.9998949]
  [1.0001277 1.0001373 0.999854  ... 1.000292  1.0001967 1.0001581]
  ...
  [1.000564  1.0003284 1.0000207 ... 0.9994286 1.0003785 0.9998975]
  [0.9999943 1.0005206 0.9997609 ... 1.0001036 0.9997161 1.0001082]
  [0.9999471 1.0001465 0.9999162 ... 0.9999458 0.9999537 0.999725 ]]]","[[[1.94841247e-05 0.00000000e+00 0.00000000e+00 ... 0.00000000e+00
   0.00000000e+00 0.00000000e+00]
  [0.00000000e+00 0.00000000e+00 0.00000000e+00 ... 0.00000000e+00
   6.17426001e-06 0.00000000e+00]
  [0.00000000e+00 0.00000000e+00 0.00000000e+00 ... 0.00000000e+00
   0.00000000e+00 0.00000000e+00]
  ...
  [1.69593159e-06 0.00000000e+00 0.00000000e+00 ... 0.00000000e+00
   1.30051727e-06 0.00000000e+00]
  [0.00000000e+00 0.00000000e+00 0.00000000e+00 ... 0.00000000e+00
   0.00000000e+00 0.00000000e+00]
  [0.00000000e+00 6.39513212e-05 0.00000000e+00 ... 0.00000000e+00
   0.00000000e+00 0.00000000e+00]]

 [[4.07443419e-07 6.78028854e-05 5.99474132e-05 ... 5.98572304e-05
   6.52066837e-05 7.30283036e-05]
  [5.64469133e-05 5.22411191e-05 3.72476268e-05 ... 2.27762306e-05
   1.10117436e-05 6.36275418e-05]
  [4.76037689e-05 4.66506817e-05 6.40955672e-05 ... 2.99641775e-05
   4.04872591e-05 4.48823638e-05]
  ...
  [1.74255192e-05 3.71484932e-05 5.12502561e-05 ... 7.92911304e-05
   1.22058880e-05 5.66672190e-05]
  [6.07392870e-05 2.92196459e-05 7.55223544e-05 ... 2.70449889e-05
   1.99150106e-04 3.58896966e-05]
  [6.70742011e-05 0.00000000e+00 6.97962940e-05 ... 4.21817372e-05
   3.90567494e-05 6.60224372e-05]]]","[[0. 0. 0. ... 0. 0. 0.]
 [0. 0. 0. ... 0. 0. 0.]
 [0. 0. 0. ... 0. 0. 0.]
 ...
 [0. 0. 0. ... 0. 0. 0.]
 [0. 0. 0. ... 0. 0. 0.]
 [0. 0. 0. ... 0. 0. 0.]]","[[0. 0. 0. ... 0. 0. 0.]
 [0. 0. 0. ... 0. 0. 0.]
 [0. 0. 0. ... 0. 0. 0.]
 ...
 [0. 0. 0. ... 0. 0. 0.]
 [0. 0. 0. ... 0. 0. 0.]
 [0. 0. 0. ... 0. 0. 0.]]",0.583623241286296,0.5848011246995093
422,5,20.0,25.0,0.05,1e-05,0.02,0.7000000000000002,3.1539073727115037,0.8355940495538824,0.8619479118887009,"[[[0.9996631 1.0004994 1.0002133 ... 0.999737  0.9997159 0.9999911]
  [0.9997823 1.0005574 0.999449  ... 1.000152  1.0001456 1.000319 ]
  [1.0000803 0.999935  0.9993894 ... 0.999885  0.9999192 1.0001111]
  ...
  [0.9998433 0.9999214 1.0005175 ... 1.0002513 1.0001653 1.0001671]
  [0.9998567 1.0004282 1.0001051 ... 1.0004591 0.9997161 0.9982738]
  [1.0001234 0.9997879 0.999916  ... 0.9999462 1.0000453 1.0004265]]

 [[0.9996631 1.0004997 1.0002135 ... 0.9997371 0.9997163 0.999991 ]
  [0.9997821 1.000165  0.9994493 ... 1.000152  1.0001458 1.0003188]
  [1.0000803 0.9999351 0.9998542 ... 1.000292  0.9999195 1.000111 ]
  ...
  [0.9998429 0.9999215 1.0005177 ... 1.0002517 1.0001657 1.0001669]
  [0.9998566 1.0004283 1.0001053 ... 1.0004594 0.9997164 0.9982738]
  [1.0001237 0.9997882 0.9999163 ... 0.9999461 1.0000453 1.0004259]]]","[[[0.00000000e+00 4.35664802e-06 0.00000000e+00 ... 0.00000000e+00
   0.00000000e+00 0.00000000e+00]
  [0.00000000e+00 0.00000000e+00 0.00000000e+00 ... 0.00000000e+00
   0.00000000e+00 0.00000000e+00]
  [0.00000000e+00 0.00000000e+00 1.98031824e-05 ... 4.50922317e-05
   0.00000000e+00 0.00000000e+00]
  ...
  [0.00000000e+00 0.00000000e+00 0.00000000e+00 ... 0.00000000e+00
   0.00000000e+00 0.00000000e+00]
  [0.00000000e+00 0.00000000e+00 0.00000000e+00 ... 8.88979167e-06
   0.00000000e+00 0.00000000e+00]
  [0.00000000e+00 0.00000000e+00 0.00000000e+00 ... 0.00000000e+00
   0.00000000e+00 8.30085662e-06]]

 [[6.43539535e-05 1.09503035e-05 3.67333371e-05 ... 4.16448189e-05
   5.07250944e-05 3.75730329e-05]
  [5.60891467e-05 8.03893564e-05 8.20269638e-05 ... 1.87573014e-05
   2.60148091e-05 1.81256159e-05]
  [3.94203963e-05 4.76889546e-05 0.00000000e+00 ... 0.00000000e+00
   4.87947902e-05 3.83729333e-05]
  ...
  [6.03905082e-05 6.50767066e-05 3.20536114e-05 ... 2.12587088e-05
   2.85565832e-05 2.90231047e-05]
  [5.01730281e-05 2.47809511e-05 5.72614808e-05 ... 1.69704626e-06
   5.00984057e-05 1.50538630e-04]
  [3.22068107e-05 6.56944621e-05 6.43003990e-05 ... 3.13673761e-05
   2.59894804e-05 1.88884225e-06]]]","[[0. 0. 0. ... 0. 0. 0.]
 [0. 0. 0. ... 0. 0. 0.]
 [0. 0. 0. ... 0. 0. 0.]
 ...
 [0. 0. 0. ... 0. 0. 0.]
 [0. 0. 0. ... 0. 0. 0.]
 [0. 0. 0. ... 0. 0. 0.]]","[[0. 0. 0. ... 0. 0. 0.]
 [0. 0. 0. ... 0. 0. 0.]
 [0. 0. 0. ... 0. 0. 0.]
 ...
 [0. 0. 0. ... 0. 0. 0.]
 [0. 0. 0. ... 0. 0. 0.]
 [0. 0. 0. ... 0. 0. 0.]]",0.5842635514829742,0.6541056556030754
422,5,20.0,25.0,0.05,1e-05,0.03,0.7000000000000002,8.473210830860392,0.8355940495538824,0.9063956950627069,"[[[0.9996631 1.0004995 1.0002134 ... 0.9997372 0.9997159 0.9999908]
  [0.9997821 1.0001647 0.9994488 ... 1.0001519 1.0001457 1.0003189]
  [1.0000803 0.9999348 0.9993895 ... 0.999885  0.9999195 1.000111 ]
  ...
  [0.9998428 0.9999212 1.0005174 ... 1.0002514 1.0001657 1.0001669]
  [0.9998565 1.000428  1.000105  ... 1.0004591 0.9997163 0.9992366]
  [1.0001236 0.9997882 0.9999166 ... 0.9999461 1.0000454 1.000426 ]]

 [[0.9996266 1.0005373 1.0001258 ... 1.0000607 0.9997865 0.9997064]
  [1.0000113 0.9998779 0.9997412 ... 1.000152  1.0003355 1.0003189]
  [1.0001009 0.9998182 0.9998542 ... 1.000292  1.000142  0.9999937]
  ...
  [0.9990144 0.99992   1.0005176 ... 0.9998117 0.9997499 1.0000066]
  [0.9998565 1.000428  1.0003486 ... 0.9996348 1.000166  0.9997518]
  [1.0001235 0.9997878 0.9994705 ... 0.9997531 1.0003318 1.0002574]]]","[[[0.00000000e+00 3.30705795e-05 0.00000000e+00 ... 4.00432509e-05
   0.00000000e+00 0.00000000e+00]
  [1.21389376e-05 0.00000000e+00 0.00000000e+00 ... 0.00000000e+00
   2.73090554e-05 4.84281839e-06]
  [0.00000000e+00 0.00000000e+00 1.47272207e-05 ... 4.79858743e-05
   1.31573180e-05 0.00000000e+00]
  ...
  [0.00000000e+00 1.35591356e-05 4.24382503e-05 ... 0.00000000e+00
   0.00000000e+00 7.52526055e-06]
  [6.33878027e-06 3.69354497e-05 5.61042255e-05 ... 0.00000000e+00
   7.93559421e-05 5.68969515e-05]
  [1.22280959e-05 0.00000000e+00 0.00000000e+00 ... 0.00000000e+00
   5.91630094e-05 9.73797919e-07]]

 [[3.81237709e-05 0.00000000e+00 1.10236022e-05 ... 0.00000000e+00
   1.27295586e-05 6.20241060e-05]
  [0.00000000e+00 7.25145653e-05 1.22458578e-05 ... 8.52657217e-06
   0.00000000e+00 3.27696068e-06]
  [3.20487537e-05 6.79221878e-05 2.45234558e-07 ... 0.00000000e+00
   0.00000000e+00 5.58960676e-05]
  ...
  [1.33599691e-04 0.00000000e+00 0.00000000e+00 ... 2.53678804e-05
   2.90211219e-05 0.00000000e+00]
  [0.00000000e+00 0.00000000e+00 0.00000000e+00 ... 9.53511504e-05
   0.00000000e+00 0.00000000e+00]
  [0.00000000e+00 1.03187198e-05 8.70098951e-05 ... 2.21304605e-05
   0.00000000e+00 0.00000000e+00]]]","[[0. 0. 0. ... 0. 0. 0.]
 [0. 0. 0. ... 0. 0. 0.]
 [0. 0. 0. ... 0. 0. 0.]
 ...
 [0. 0. 0. ... 0. 0. 0.]
 [0. 0. 0. ... 0. 0. 0.]
 [0. 0. 0. ... 0. 0. 0.]]","[[0. 0. 0. ... 0. 0. 0.]
 [0. 0. 0. ... 0. 0. 0.]
 [0. 0. 0. ... 0. 0. 0.]
 ...
 [0. 0. 0. ... 0. 0. 0.]
 [0. 0. 0. ... 0. 0. 0.]
 [0. 0. 0. ... 0. 0. 0.]]",0.5435296045107052,0.7897820714161399
422,5,20.0,25.0,0.0,1e-05,0.01,0.8000000000000003,8.832455378020494,0.8841417625791901,0.8060503359209392,"[[[0.9996266 1.0005372 1.0001253 ... 1.0000606 0.999786  0.9997064]
  [1.0000113 0.9998776 0.9997406 ... 1.0001518 1.0003349 1.0003186]
  [1.000101  0.9998181 0.9993891 ... 1.0009694 1.0001415 0.9999936]
  ...
  [0.999843  0.99992   1.0005172 ... 0.9998116 0.9997495 1.0000062]
  [0.9998567 1.000428  1.0003482 ... 0.9996344 1.0001653 0.9997515]
  [1.0001236 0.9997879 0.9994702 ... 0.9997529 1.0003318 1.0002577]]

 [[0.9996266 1.0005372 1.0001255 ... 1.0000607 0.9997863 0.9997064]
  [1.0000113 0.9998776 0.9997408 ... 1.0001518 1.0003352 1.0003186]
  [1.0001013 0.9998184 0.9993896 ... 1.0009696 1.000142  0.9999938]
  ...
  [0.999843  0.9999199 1.0005172 ... 0.9998115 0.9997496 1.0000062]
  [0.9998567 1.0004281 1.0003482 ... 1.0004591 1.0001657 0.9997515]
  [1.0001239 0.9997882 0.9994705 ... 0.9997531 1.000332  1.0002578]]]","[[[5.32129584e-04 0.00000000e+00 0.00000000e+00 ... 0.00000000e+00
   3.04071673e-04 4.18380301e-04]
  [0.00000000e+00 1.74430656e-04 3.69125930e-04 ... 0.00000000e+00
   0.00000000e+00 0.00000000e+00]
  [0.00000000e+00 2.58373628e-04 8.69310958e-04 ... 0.00000000e+00
   0.00000000e+00 8.58010881e-06]
  ...
  [2.23690850e-04 1.14284477e-04 0.00000000e+00 ... 2.68780224e-04
   3.56633982e-04 0.00000000e+00]
  [2.04157356e-04 0.00000000e+00 0.00000000e+00 ... 0.00000000e+00
   0.00000000e+00 3.54076811e-04]
  [0.00000000e+00 3.01352565e-04 7.54241909e-04 ... 3.51461375e-04
   0.00000000e+00 0.00000000e+00]]

 [[0.00000000e+00 1.28756232e-03 3.01510297e-04 ... 1.45769491e-04
   0.00000000e+00 0.00000000e+00]
  [2.71702117e-05 0.00000000e+00 0.00000000e+00 ... 3.63839037e-04
   8.04414043e-04 7.63884463e-04]
  [2.43765651e-04 0.00000000e+00 0.00000000e+00 ... 2.32427289e-03
   3.41491934e-04 0.00000000e+00]
  ...
  [0.00000000e+00 0.00000000e+00 1.23986212e-03 ... 0.00000000e+00
   0.00000000e+00 1.48813571e-05]
  [0.00000000e+00 1.02644177e-03 8.34748086e-04 ... 2.97633526e-03
   3.98084360e-04 0.00000000e+00]
  [2.97505702e-04 0.00000000e+00 0.00000000e+00 ... 0.00000000e+00
   7.96428006e-04 6.18430303e-04]]]","[[0. 0. 0. ... 0. 0. 0.]
 [0. 0. 0. ... 0. 0. 0.]
 [0. 0. 0. ... 0. 0. 0.]
 ...
 [0. 0. 0. ... 0. 0. 0.]
 [0. 0. 0. ... 0. 0. 0.]
 [0. 0. 0. ... 0. 0. 0.]]","[[0. 0. 0. ... 0. 0. 0.]
 [0. 0. 0. ... 0. 0. 0.]
 [0. 0. 0. ... 0. 0. 0.]
 ...
 [0. 0. 0. ... 0. 0. 0.]
 [0. 0. 0. ... 0. 0. 0.]
 [0. 0. 0. ... 0. 0. 0.]]",0.263827343922787,0.15639409607630864
422,5,20.0,25.0,0.0,1e-05,0.02,0.8000000000000003,8.304545294521649,0.8841417625791901,0.8107178094380192,"[[[0.9996631 1.0004994 1.0002131 ... 0.999737  0.9997158 0.9999908]
  [0.9997822 1.0001647 0.9994487 ... 1.0001518 1.0001456 1.0003186]
  [1.0000803 0.9999347 0.9993891 ... 0.9998848 0.9999192 1.0001107]
  ...
  [0.9998429 0.9999211 1.0005172 ... 1.0002512 1.0001653 1.0001667]
  [0.9998568 1.0004281 1.000105  ... 1.0004591 0.9997161 1.0001082]
  [1.0001236 0.9997878 0.9999157 ... 0.9999458 1.000045  1.0004257]]

 [[0.9996266 1.0005374 1.0001259 ... 1.0000609 0.9997868 0.9997064]
  [1.0000114 0.999878  0.9997414 ... 1.000152  1.0003355 1.0003186]
  [1.0001011 0.9998184 0.9998544 ... 1.0002918 1.0001421 0.9999935]
  ...
  [0.9990146 0.9999202 1.0005178 ... 0.9998116 0.9997499 1.0000062]
  [0.9998567 1.0004282 1.0003488 ... 1.0004591 1.000166  0.9997514]
  [1.0001237 0.9997882 0.9994708 ... 0.9997529 1.0003321 1.0002577]]]","[[[5.80954963e-04 0.00000000e+00 0.00000000e+00 ... 0.00000000e+00
   2.09098178e-04 7.98015814e-04]
  [0.00000000e+00 5.56501930e-04 0.00000000e+00 ... 0.00000000e+00
   0.00000000e+00 0.00000000e+00]
  [0.00000000e+00 4.14008174e-04 0.00000000e+00 ... 0.00000000e+00
   0.00000000e+00 1.65724170e-04]
  ...
  [2.51047210e-03 1.14953168e-04 0.00000000e+00 ... 8.55027999e-04
   9.10776529e-04 2.05289614e-04]
  [2.04370874e-04 0.00000000e+00 0.00000000e+00 ... 0.00000000e+00
   0.00000000e+00 8.30487017e-04]
  [0.00000000e+00 3.01248585e-04 1.34814937e-03 ... 6.09651000e-04
   0.00000000e+00 0.00000000e+00]]

 [[0.00000000e+00 1.37450291e-03 1.03269452e-04 ... 8.82836147e-04
   0.00000000e+00 0.00000000e+00]
  [5.48888175e-04 0.00000000e+00 4.57676455e-05 ... 3.64868596e-04
   1.23595624e-03 7.63791871e-04]
  [2.89476451e-04 0.00000000e+00 7.09562442e-04 ... 1.62535779e-03
   8.47684854e-04 0.00000000e+00]
  ...
  [0.00000000e+00 0.00000000e+00 1.24255100e-03 ... 0.00000000e+00
   0.00000000e+00 0.00000000e+00]
  [0.00000000e+00 1.02663392e-03 1.39050759e-03 ... 1.10036119e-03
   1.42163597e-03 0.00000000e+00]
  [2.96853514e-04 0.00000000e+00 0.00000000e+00 ... 0.00000000e+00
   1.44921210e-03 2.35825673e-04]]]","[[0. 0. 0. ... 0. 0. 0.]
 [0. 0. 0. ... 0. 0. 0.]
 [0. 0. 0. ... 0. 0. 0.]
 ...
 [0. 0. 0. ... 0. 0. 0.]
 [0. 0. 0. ... 0. 0. 0.]
 [0. 0. 0. ... 0. 0. 0.]]","[[0. 0. 0. ... 0. 0. 0.]
 [0. 0. 0. ... 0. 0. 0.]
 [0. 0. 0. ... 0. 0. 0.]
 ...
 [0. 0. 0. ... 0. 0. 0.]
 [0. 0. 0. ... 0. 0. 0.]
 [0. 0. 0. ... 0. 0. 0.]]",0.30339215117845486,0.16826474303554326
422,5,20.0,25.0,0.0,1e-05,0.03,0.8000000000000003,1.2788610983687192,0.8841417625791901,0.8728348175231333,"[[[0.9996266 1.0005375 1.0001258 ... 1.0000609 0.9997864 0.9997065]
  [1.0000113 0.999878  0.9997411 ... 1.0001521 1.0003355 1.0003188]
  [1.000101  0.9998184 0.9993896 ... 1.0009698 1.000142  0.9999937]
  ...
  [0.999843  0.9999202 1.0005175 ... 0.9998118 0.9997495 1.0000058]
  [0.9998567 1.0004283 1.0003484 ... 1.0004593 1.0001658 0.9997514]
  [1.0001236 0.9997882 0.9994705 ... 0.9997532 1.000332  1.0002578]]

 [[0.9996266 1.0005372 1.0001256 ... 1.0000604 0.9997861 0.9997062]
  [1.0000112 0.9998777 0.9997409 ... 1.0001515 1.0003351 1.0003186]
  [1.0001009 0.9998181 0.9993895 ... 1.0009694 1.0001419 0.9999935]
  ...
  [0.9990144 0.9999199 1.0005174 ... 0.9998116 0.9997496 1.0000062]
  [0.9998564 1.0004278 1.0003482 ... 0.9996344 1.0001656 0.9997514]
  [0.9991356 0.9997878 0.99947   ... 0.9997528 1.0003318 1.0002576]]]","[[[5.32154904e-04 0.00000000e+00 0.00000000e+00 ... 0.00000000e+00
   3.05239424e-04 4.19059285e-04]
  [0.00000000e+00 1.74684217e-04 3.69461622e-04 ... 0.00000000e+00
   0.00000000e+00 0.00000000e+00]
  [0.00000000e+00 2.59622063e-04 8.70140681e-04 ... 0.00000000e+00
   0.00000000e+00 9.51688336e-06]
  ...
  [2.51127145e-03 1.14559511e-04 0.00000000e+00 ... 2.68806226e-04
   3.56663948e-04 0.00000000e+00]
  [2.05014598e-04 0.00000000e+00 0.00000000e+00 ... 1.62169031e-03
   0.00000000e+00 3.54275761e-04]
  [2.55089278e-03 3.02932476e-04 7.55988132e-04 ... 3.52716366e-04
   0.00000000e+00 0.00000000e+00]]

 [[0.00000000e+00 1.28670228e-03 3.00929518e-04 ... 1.43782803e-04
   0.00000000e+00 0.00000000e+00]
  [2.65714614e-05 0.00000000e+00 0.00000000e+00 ... 3.61847801e-04
   8.02443039e-04 7.63567078e-04]
  [2.41489244e-04 0.00000000e+00 0.00000000e+00 ... 2.32227119e-03
   3.39781408e-04 0.00000000e+00]
  ...
  [0.00000000e+00 0.00000000e+00 1.23982089e-03 ... 0.00000000e+00
   0.00000000e+00 1.56415799e-05]
  [0.00000000e+00 1.02445650e-03 8.34153338e-04 ... 0.00000000e+00
   3.96389142e-04 0.00000000e+00]
  [0.00000000e+00 0.00000000e+00 0.00000000e+00 ... 0.00000000e+00
   7.94719524e-04 6.16998637e-04]]]","[[0. 0. 0. ... 0. 0. 0.]
 [0. 0. 0. ... 0. 0. 0.]
 [0. 0. 0. ... 0. 0. 0.]
 ...
 [0. 0. 0. ... 0. 0. 0.]
 [0. 0. 0. ... 0. 0. 0.]
 [0. 0. 0. ... 0. 0. 0.]]","[[0. 0. 0. ... 0. 0. 0.]
 [0. 0. 0. ... 0. 0. 0.]
 [0. 0. 0. ... 0. 0. 0.]
 ...
 [0. 0. 0. ... 0. 0. 0.]
 [0. 0. 0. ... 0. 0. 0.]
 [0. 0. 0. ... 0. 0. 0.]]",0.516629556768908,0.6066218070728465
422,5,20.0,25.0,0.05,1e-05,0.01,0.8000000000000003,6.762992463935619,0.8841417625791901,0.8243473218054519,"[[[0.9996631 1.0004995 1.0002135 ... 0.999737  0.999716  0.999991 ]
  [0.9997821 1.0005574 0.999449  ... 1.0001518 1.0001456 1.0003189]
  [1.0000801 0.9999347 0.9993894 ... 1.0002918 0.9999193 1.000111 ]
  ...
  [0.9998428 0.9999213 1.0005177 ... 1.0002517 1.0001657 1.0001669]
  [0.9998563 1.0004278 1.0001051 ... 1.0004591 0.9993186 0.9982738]
  [1.0001231 0.9997879 0.9999161 ... 0.9999461 1.0000454 1.000426 ]]

 [[0.9996266 1.0005373 1.0001256 ... 1.0000604 0.9997862 0.9997061]
  [1.0000112 0.9998776 0.9997409 ... 1.0001515 1.0003351 1.0003184]
  [1.000101  0.9998181 0.9993894 ... 1.0002918 1.0001419 0.9999934]
  ...
  [0.9990144 0.9999198 0.999886  ... 0.9998115 0.9997496 1.0000058]
  [0.9998565 1.0004278 1.000348  ... 0.9996344 1.0001656 0.9997512]
  [1.0001233 0.9997877 0.9994702 ... 0.9997529 1.0003318 1.0002575]]]","[[[0.00000000e+00 6.82540034e-05 2.82020322e-05 ... 6.33339615e-05
   1.57856174e-05 0.00000000e+00]
  [5.08407852e-05 0.00000000e+00 4.38308130e-05 ... 2.58330291e-05
   5.76450206e-05 3.85804987e-05]
  [2.78534592e-05 2.02668956e-06 0.00000000e+00 ... 3.23201006e-05
   4.88711625e-05 6.14919376e-07]
  ...
  [0.00000000e+00 3.93042402e-05 0.00000000e+00 ... 0.00000000e+00
   0.00000000e+00 2.31942042e-05]
  [2.64479735e-05 6.31054580e-05 8.43426907e-05 ... 0.00000000e+00
   1.39381975e-04 1.83528678e-04]
  [3.75443371e-05 1.77508413e-05 0.00000000e+00 ... 0.00000000e+00
   7.84225111e-05 2.12813078e-05]]

 [[0.00000000e+00 0.00000000e+00 0.00000000e+00 ... 0.00000000e+00
   0.00000000e+00 1.54407767e-05]
  [0.00000000e+00 5.14273324e-05 0.00000000e+00 ... 0.00000000e+00
   0.00000000e+00 0.00000000e+00]
  [0.00000000e+00 0.00000000e+00 1.88945139e-06 ... 0.00000000e+00
   0.00000000e+00 0.00000000e+00]
  ...
  [1.00162803e-04 0.00000000e+00 2.74742338e-05 ... 0.00000000e+00
   3.68655741e-06 0.00000000e+00]
  [0.00000000e+00 0.00000000e+00 0.00000000e+00 ... 6.76621742e-05
   0.00000000e+00 0.00000000e+00]
  [0.00000000e+00 0.00000000e+00 3.80735952e-05 ... 0.00000000e+00
   0.00000000e+00 0.00000000e+00]]]","[[0. 0. 0. ... 0. 0. 0.]
 [0. 0. 0. ... 0. 0. 0.]
 [0. 0. 0. ... 0. 0. 0.]
 ...
 [0. 0. 0. ... 0. 0. 0.]
 [0. 0. 0. ... 0. 0. 0.]
 [0. 0. 0. ... 0. 0. 0.]]","[[0. 0. 0. ... 0. 0. 0.]
 [0. 0. 0. ... 0. 0. 0.]
 [0. 0. 0. ... 0. 0. 0.]
 ...
 [0. 0. 0. ... 0. 0. 0.]
 [0. 0. 0. ... 0. 0. 0.]
 [0. 0. 0. ... 0. 0. 0.]]",0.5817215698933119,0.6021121594978314
422,5,20.0,25.0,0.05,1e-05,0.02,0.8000000000000003,1.089841597858958,0.8841417625791901,0.8937775072918215,"[[[0.9996631 1.0004997 1.0002136 ... 0.9997372 0.9997163 0.9999913]
  [0.9997821 1.000165  0.9994488 ... 1.0001523 1.0001458 1.000319 ]
  [1.0000803 0.999935  0.9993894 ... 1.0002918 0.9999192 1.0001107]
  ...
  [0.9998428 0.9999212 1.0005172 ... 1.0002513 1.0001655 1.0001669]
  [0.9998566 1.0004283 1.0001051 ... 1.0004591 0.9997161 0.9992366]
  [1.0001235 0.9997882 0.9999163 ... 0.9999459 1.0000451 1.000426 ]]

 [[0.9996266 1.0005373 1.0001258 ... 1.000061  0.9997863 0.9997064]
  [1.0000114 0.9998779 0.9997411 ... 1.000152  1.0003352 1.0003186]
  [1.000101  0.9998182 0.9993896 ... 1.000292  1.000142  0.9999936]
  ...
  [0.9990146 0.9999201 1.0005176 ... 0.9998119 0.9997498 1.0000063]
  [0.9998567 1.0004281 1.0003483 ... 1.0004593 1.0001659 0.9997515]
  [1.0001239 0.9997881 0.9994705 ... 0.9997534 1.000332  1.0002577]]]","[[[0.00000000e+00 3.77595110e-05 0.00000000e+00 ... 3.08878558e-05
   0.00000000e+00 0.00000000e+00]
  [2.09615210e-05 0.00000000e+00 1.38380330e-05 ... 0.00000000e+00
   2.72019166e-05 9.37748368e-06]
  [0.00000000e+00 0.00000000e+00 0.00000000e+00 ... 0.00000000e+00
   2.02795871e-05 0.00000000e+00]
  ...
  [0.00000000e+00 3.37190895e-06 3.37463819e-05 ... 0.00000000e+00
   0.00000000e+00 0.00000000e+00]
  [0.00000000e+00 3.06897119e-05 5.05386143e-05 ... 2.71591766e-05
   5.94891460e-05 4.47092042e-05]
  [8.31268974e-06 0.00000000e+00 0.00000000e+00 ... 0.00000000e+00
   4.66655105e-05 0.00000000e+00]]

 [[3.49896333e-05 0.00000000e+00 1.39985597e-06 ... 0.00000000e+00
   2.27581502e-05 6.52205211e-05]
  [0.00000000e+00 5.18694979e-05 0.00000000e+00 ... 1.77425173e-05
   0.00000000e+00 0.00000000e+00]
  [5.29914058e-06 3.25466520e-05 5.24542434e-05 ... 1.35315320e-05
   0.00000000e+00 3.74645241e-05]
  ...
  [1.54230929e-04 0.00000000e+00 0.00000000e+00 ... 6.61315384e-05
   6.22567946e-05 4.22059188e-06]
  [0.00000000e+00 0.00000000e+00 0.00000000e+00 ... 0.00000000e+00
   0.00000000e+00 0.00000000e+00]
  [0.00000000e+00 1.26093526e-05 8.71169486e-05 ... 5.09963056e-05
   0.00000000e+00 9.15061627e-06]]]","[[0. 0. 0. ... 0. 0. 0.]
 [0. 0. 0. ... 0. 0. 0.]
 [0. 0. 0. ... 0. 0. 0.]
 ...
 [0. 0. 0. ... 0. 0. 0.]
 [0. 0. 0. ... 0. 0. 0.]
 [0. 0. 0. ... 0. 0. 0.]]","[[0. 0. 0. ... 0. 0. 0.]
 [0. 0. 0. ... 0. 0. 0.]
 [0. 0. 0. ... 0. 0. 0.]
 ...
 [0. 0. 0. ... 0. 0. 0.]
 [0. 0. 0. ... 0. 0. 0.]
 [0. 0. 0. ... 0. 0. 0.]]",0.5838717424212547,0.6894748860406984
422,5,20.0,25.0,0.05,1e-05,0.03,0.8000000000000003,6.21008876388046,0.8841417625791901,0.939047750833895,"[[[1.0009124 1.0000358 1.0000837 ... 0.9997643 0.9997163 0.9997086]
  [1.0000831 1.0001651 1.000371  ... 1.0003854 1.0003942 0.9998953]
  [1.000128  1.0001378 0.9998544 ... 1.0002923 1.000197  1.0001585]
  ...
  [1.000564  1.0003288 1.0000212 ... 0.9994285 1.0003784 0.9998976]
  [0.9999947 1.0005212 0.9997615 ... 1.0001038 0.9997164 0.999237 ]
  [0.9999474 1.0001463 0.9999165 ... 0.9999465 0.9999545 0.9997259]]

 [[1.0009124 1.000036  1.0000837 ... 0.9997639 0.9997157 0.999708 ]
  [1.0000831 1.0001651 1.0003707 ... 1.000385  1.0003937 0.9998949]
  [1.0001279 1.0001377 0.9998541 ... 1.0002918 1.0001967 1.000158 ]
  ...
  [1.000564  1.0003288 1.0000211 ... 0.9994286 1.0003784 0.9998975]
  [0.9999945 1.0005208 0.999761  ... 1.0001036 0.9997161 0.9992364]
  [0.9999469 0.9993104 0.999916  ... 0.9999459 0.9999539 0.9997251]]]","[[[3.88612228e-05 0.00000000e+00 0.00000000e+00 ... 0.00000000e+00
   0.00000000e+00 0.00000000e+00]
  [0.00000000e+00 0.00000000e+00 0.00000000e+00 ... 4.00370799e-06
   4.53864648e-06 0.00000000e+00]
  [0.00000000e+00 0.00000000e+00 0.00000000e+00 ... 0.00000000e+00
   0.00000000e+00 0.00000000e+00]
  ...
  [1.75643975e-05 0.00000000e+00 0.00000000e+00 ... 0.00000000e+00
   8.76887279e-06 0.00000000e+00]
  [0.00000000e+00 1.73039444e-05 0.00000000e+00 ... 0.00000000e+00
   0.00000000e+00 0.00000000e+00]
  [0.00000000e+00 0.00000000e+00 0.00000000e+00 ... 0.00000000e+00
   0.00000000e+00 0.00000000e+00]]

 [[0.00000000e+00 2.88619132e-05 3.18178732e-05 ... 4.45007289e-05
   4.54478631e-05 4.84197911e-05]
  [3.12157965e-05 2.69111438e-05 1.41464847e-05 ... 6.94966709e-06
   6.51980250e-06 4.11983810e-05]
  [2.63169641e-05 2.42811679e-05 4.33389634e-05 ... 1.52528906e-05
   2.32988606e-05 2.57834836e-05]
  ...
  [0.00000000e+00 1.17416027e-05 2.96825112e-05 ... 6.85220942e-05
   0.00000000e+00 3.36313956e-05]
  [2.55529083e-05 0.00000000e+00 4.86276323e-05 ... 1.85315822e-05
   4.10259552e-05 7.23404674e-05]
  [2.60477999e-05 1.78655214e-04 3.48647750e-05 ... 2.95867038e-05
   2.31992838e-05 3.93981072e-05]]]","[[0. 0. 0. ... 0. 0. 0.]
 [0. 0. 0. ... 0. 0. 0.]
 [0. 0. 0. ... 0. 0. 0.]
 ...
 [0. 0. 0. ... 0. 0. 0.]
 [0. 0. 0. ... 0. 0. 0.]
 [0. 0. 0. ... 0. 0. 0.]]","[[0. 0. 0. ... 0. 0. 0.]
 [0. 0. 0. ... 0. 0. 0.]
 [0. 0. 0. ... 0. 0. 0.]
 ...
 [0. 0. 0. ... 0. 0. 0.]
 [0. 0. 0. ... 0. 0. 0.]
 [0. 0. 0. ... 0. 0. 0.]]",0.5294010325784896,0.8471370693194166
422,6,20.0,25.0,0.0,1e-05,0.01,0.2,21.124604472003153,0.278415370327374,0.3372295160982946,"[[[0.9996266 1.0005373 1.0001259 ... 1.000061  0.9997868 0.999707 ]
  [1.0000112 0.9998777 0.9997411 ... 1.0001521 1.0003357 1.0003192]
  [1.0001009 0.9998182 0.9998542 ... 1.0009698 1.0001423 0.9999943]
  ...
  [0.9990144 0.99992   1.0005176 ... 0.9998115 0.9997497 1.0000067]
  [0.9998566 1.0004281 1.0003484 ... 1.0004591 1.0001659 0.9997521]
  [0.9991356 0.999788  0.9994705 ... 0.9997529 1.0003319 1.000258 ]]

 [[0.9996266 1.0005372 1.0001256 ... 1.0000606 0.9997862 0.9997063]
  [1.0000111 0.9998773 0.9997406 ... 1.0001515 1.0003349 1.0003183]
  [1.0001007 0.9998178 0.9993892 ... 1.0002918 1.0001417 0.9999935]
  ...
  [0.9998425 0.9999194 0.9998859 ... 0.9998115 0.9997495 1.0000058]
  [0.9998561 1.0004275 1.0003479 ... 0.9996344 1.0001656 0.9997512]
  [1.0001231 0.9997875 0.99947   ... 0.9997526 1.0003318 1.0002573]]]","[[[5.32152516e-04 0.00000000e+00 0.00000000e+00 ... 0.00000000e+00
   3.05459738e-04 4.19364340e-04]
  [0.00000000e+00 1.75436076e-04 3.70280602e-04 ... 0.00000000e+00
   0.00000000e+00 0.00000000e+00]
  [0.00000000e+00 2.60202195e-04 1.49130174e-03 ... 4.88307010e-04
   0.00000000e+00 1.03046033e-05]
  ...
  [0.00000000e+00 1.15628142e-04 1.00526337e-03 ... 2.68650442e-04
   3.57308193e-04 0.00000000e+00]
  [2.05666226e-04 0.00000000e+00 0.00000000e+00 ... 1.62136346e-03
   0.00000000e+00 3.55717921e-04]
  [0.00000000e+00 3.03429152e-04 7.55981481e-04 ... 3.52969180e-04
   0.00000000e+00 0.00000000e+00]]

 [[0.00000000e+00 1.28725189e-03 3.00669145e-04 ... 1.44082187e-04
   0.00000000e+00 0.00000000e+00]
  [2.62870376e-05 0.00000000e+00 0.00000000e+00 ... 3.61865228e-04
   8.00803067e-04 7.60816019e-04]
  [2.41207996e-04 0.00000000e+00 0.00000000e+00 ... 0.00000000e+00
   3.38432594e-04 0.00000000e+00]
  ...
  [1.50730041e-03 0.00000000e+00 0.00000000e+00 ... 0.00000000e+00
   0.00000000e+00 1.20833231e-05]
  [0.00000000e+00 1.02334455e-03 8.32490675e-04 ... 0.00000000e+00
   3.96129230e-04 0.00000000e+00]
  [2.54243837e-03 0.00000000e+00 0.00000000e+00 ... 0.00000000e+00
   7.95000325e-04 6.15063610e-04]]]","[[0. 0. 0. ... 0. 0. 0.]
 [0. 0. 0. ... 0. 0. 0.]
 [0. 0. 0. ... 0. 0. 0.]
 ...
 [0. 0. 0. ... 0. 0. 0.]
 [0. 0. 0. ... 0. 0. 0.]
 [0. 0. 0. ... 0. 0. 0.]]","[[0. 0. 0. ... 0. 0. 0.]
 [0. 0. 0. ... 0. 0. 0.]
 [0. 0. 0. ... 0. 0. 0.]
 ...
 [0. 0. 0. ... 0. 0. 0.]
 [0. 0. 0. ... 0. 0. 0.]
 [0. 0. 0. ... 0. 0. 0.]]",0.28298991270536916,0.11429165944847107
422,6,20.0,25.0,0.0,1e-05,0.02,0.2,29.307476988029997,0.278415370327374,0.36001189091720764,"[[[0.9996631 1.0004992 1.0002131 ... 0.9997366 0.999737  0.9999909]
  [0.9997821 1.0001646 0.9994485 ... 1.0001514 1.0001453 1.0003188]
  [1.00008   0.9999344 0.999389  ... 1.0002913 0.9999189 1.0001109]
  ...
  [0.999843  0.9999212 1.0005174 ... 1.000251  1.0001653 1.0001667]
  [0.9998567 1.0004278 1.0001049 ... 1.0004588 0.999716  0.9982738]
  [1.0001235 0.9997876 0.9999157 ... 0.9999455 1.000045  1.000426 ]]

 [[0.9996266 1.0005372 1.0001252 ... 1.0000606 0.9997859 0.999706 ]
  [1.0000113 0.9998776 0.9997405 ... 0.99941   1.0003346 1.0003183]
  [1.0001009 0.9998178 0.9993889 ... 1.0009692 1.0001411 0.9999931]
  ...
  [0.9998428 0.9999198 0.9998856 ... 0.9998112 0.9997491 1.0000057]
  [0.9998564 1.0004277 1.0003479 ... 0.9996341 1.0001652 0.999751 ]
  [0.9991356 0.9997879 0.99947   ... 0.9997526 1.0003314 1.0002573]]]","[[[5.80892572e-04 0.00000000e+00 0.00000000e+00 ... 0.00000000e+00
   2.39829400e-04 7.99184695e-04]
  [0.00000000e+00 5.57436849e-04 0.00000000e+00 ... 1.83038552e-03
   0.00000000e+00 0.00000000e+00]
  [0.00000000e+00 4.15194179e-04 8.71120089e-04 ... 0.00000000e+00
   0.00000000e+00 1.66976859e-04]
  ...
  [2.24174041e-04 1.16198998e-04 1.00573825e-03 ... 8.55961103e-04
   9.12852754e-04 2.06540393e-04]
  [2.04970443e-04 0.00000000e+00 0.00000000e+00 ... 1.62183614e-03
   0.00000000e+00 0.00000000e+00]
  [2.55069738e-03 3.01772159e-04 1.35023291e-03 ... 6.10023575e-04
   0.00000000e+00 0.00000000e+00]]

 [[0.00000000e+00 1.37376071e-03 1.00025068e-04 ... 8.82199388e-04
   0.00000000e+00 0.00000000e+00]
  [5.48701989e-04 0.00000000e+00 4.22333930e-05 ... 0.00000000e+00
   1.23270116e-03 7.61954539e-04]
  [2.89272660e-04 0.00000000e+00 0.00000000e+00 ... 3.86350729e-03
   8.44001131e-04 0.00000000e+00]
  ...
  [0.00000000e+00 0.00000000e+00 0.00000000e+00 ... 0.00000000e+00
   0.00000000e+00 0.00000000e+00]
  [0.00000000e+00 1.02505001e-03 1.38641920e-03 ... 0.00000000e+00
   1.41811374e-03 2.76644747e-03]
  [0.00000000e+00 0.00000000e+00 0.00000000e+00 ... 0.00000000e+00
   1.44596926e-03 2.32891350e-04]]]","[[0. 0. 0. ... 0. 0. 0.]
 [0. 0. 0. ... 0. 0. 0.]
 [0. 0. 0. ... 0. 0. 0.]
 ...
 [0. 0. 0. ... 0. 0. 0.]
 [0. 0. 0. ... 0. 0. 0.]
 [0. 0. 0. ... 0. 0. 0.]]","[[0. 0. 0. ... 0. 0. 0.]
 [0. 0. 0. ... 0. 0. 0.]
 [0. 0. 0. ... 0. 0. 0.]
 ...
 [0. 0. 0. ... 0. 0. 0.]
 [0. 0. 0. ... 0. 0. 0.]
 [0. 0. 0. ... 0. 0. 0.]]",0.3256552012965132,0.13407526101624273
422,6,20.0,25.0,0.0,1e-05,0.03,0.2,32.21830274489133,0.27841537032737407,0.3681160772277578,"[[[0.9996631 1.0004994 1.0002133 ... 0.9997369 0.9997158 0.9999908]
  [0.999782  1.000557  0.9994486 ... 1.0001518 1.0001454 1.0003186]
  [1.0000802 0.9999345 0.9993891 ... 1.0002916 0.999919  1.0001105]
  ...
  [0.9998428 0.999921  1.0005171 ... 1.0002512 1.0001653 1.0001665]
  [0.9998563 1.0004277 1.0001047 ... 1.000459  0.9997159 0.9992362]
  [1.0001231 0.9997877 0.9999157 ... 0.9999458 1.0000448 1.0004255]]

 [[0.9996631 1.0004992 1.0002133 ... 0.9997366 0.9997368 0.9999905]
  [0.9997821 1.0005572 0.9994487 ... 1.0001518 1.0001452 1.0003183]
  [1.0000803 0.9999347 0.9993893 ... 0.9998848 0.9999191 1.0001105]
  ...
  [0.9998428 0.9999211 1.0005171 ... 1.0002512 1.0001651 1.0001665]
  [0.9998565 1.0004278 1.0001047 ... 1.000459  0.999716  0.9992364]
  [1.0001233 0.9997878 0.9999157 ... 0.9999458 1.000045  1.0004258]]]","[[[4.80099960e-04 0.00000000e+00 0.00000000e+00 ... 3.75757190e-04
   3.47100581e-04 1.39358032e-05]
  [3.10467574e-04 0.00000000e+00 7.85542160e-04 ... 0.00000000e+00
   0.00000000e+00 0.00000000e+00]
  [0.00000000e+00 9.28760817e-05 8.70180191e-04 ... 7.06948511e-04
   1.15114641e-04 0.00000000e+00]
  ...
  [2.23980673e-04 1.12385422e-04 0.00000000e+00 ... 0.00000000e+00
   0.00000000e+00 0.00000000e+00]
  [2.04300263e-04 0.00000000e+00 0.00000000e+00 ... 0.00000000e+00
   4.04667794e-04 1.08815509e-03]
  [0.00000000e+00 3.02231914e-04 1.20120710e-04 ... 7.72363411e-05
   0.00000000e+00 0.00000000e+00]]

 [[0.00000000e+00 1.19636973e-03 5.11211887e-04 ... 0.00000000e+00
   0.00000000e+00 0.00000000e+00]
  [0.00000000e+00 1.33601404e-03 0.00000000e+00 ... 3.63760227e-04
   3.47505915e-04 7.62138697e-04]
  [1.92844520e-04 0.00000000e+00 0.00000000e+00 ... 0.00000000e+00
   0.00000000e+00 2.64884361e-04]
  ...
  [0.00000000e+00 0.00000000e+00 1.23950423e-03 ... 6.02090686e-04
   3.95232149e-04 3.99209341e-04]
  [0.00000000e+00 1.02579985e-03 2.50882120e-04 ... 1.10008311e-03
   0.00000000e+00 0.00000000e+00]
  [2.95729699e-04 0.00000000e+00 0.00000000e+00 ... 0.00000000e+00
   1.07959645e-04 1.02147475e-03]]]","[[0. 0. 0. ... 0. 0. 0.]
 [0. 0. 0. ... 0. 0. 0.]
 [0. 0. 0. ... 0. 0. 0.]
 ...
 [0. 0. 0. ... 0. 0. 0.]
 [0. 0. 0. ... 0. 0. 0.]
 [0. 0. 0. ... 0. 0. 0.]]","[[0. 0. 0. ... 0. 0. 0.]
 [0. 0. 0. ... 0. 0. 0.]
 [0. 0. 0. ... 0. 0. 0.]
 ...
 [0. 0. 0. ... 0. 0. 0.]
 [0. 0. 0. ... 0. 0. 0.]
 [0. 0. 0. ... 0. 0. 0.]]",0.6235123573029943,0.42535952082624584
422,6,20.0,25.0,0.05,1e-05,0.01,0.2,40.53658892495181,0.278415370327374,0.39127546450086387,"[[[1.0009124 1.0000356 1.0000834 ... 0.9997637 0.9997157 0.9997076]
  [1.0000829 1.0001645 1.0003704 ... 1.0003848 1.0002817 0.9998948]
  [1.0001277 1.0001371 0.9998538 ... 1.000292  1.0001968 1.000158 ]
  ...
  [1.0005639 1.000328  1.0000207 ... 0.999428  1.0003781 0.9998972]
  [0.9999944 1.0005205 0.9997609 ... 1.0001032 0.9997158 0.9992361]
  [0.999947  0.9993101 0.9999157 ... 0.9999455 0.9999536 0.9997248]]

 [[0.9996631 1.0004995 1.0002133 ... 0.9997371 0.9997159 0.9999911]
  [0.9997821 1.0001647 0.9994488 ... 1.0001518 1.0001454 1.0003186]
  [1.0000805 0.9999349 0.9993894 ... 1.0002918 0.9999192 1.000111 ]
  ...
  [0.999843  0.9999212 1.0005172 ... 1.0002515 1.0001653 1.0001669]
  [0.9998565 1.0004278 1.0001049 ... 1.000459  0.999716  1.0001082]
  [1.0001233 0.9997878 0.9999158 ... 1.000525  1.000045  1.0004258]]]","[[[0.00000000e+00 4.41568165e-05 0.00000000e+00 ... 0.00000000e+00
   0.00000000e+00 0.00000000e+00]
  [0.00000000e+00 0.00000000e+00 0.00000000e+00 ... 0.00000000e+00
   0.00000000e+00 2.77867795e-05]
  [0.00000000e+00 0.00000000e+00 0.00000000e+00 ... 0.00000000e+00
   0.00000000e+00 0.00000000e+00]
  ...
  [0.00000000e+00 0.00000000e+00 2.52432173e-05 ... 4.50845518e-05
   0.00000000e+00 0.00000000e+00]
  [0.00000000e+00 0.00000000e+00 0.00000000e+00 ... 3.85120670e-06
   0.00000000e+00 4.01336121e-05]
  [0.00000000e+00 0.00000000e+00 0.00000000e+00 ... 4.30155535e-05
   0.00000000e+00 4.63991512e-05]]

 [[2.54934881e-04 0.00000000e+00 3.16207478e-05 ... 9.30243320e-05
   1.01552441e-04 4.48629004e-05]
  [1.12463934e-04 3.64130647e-05 1.90559520e-04 ... 7.71286614e-05
   7.52558518e-05 0.00000000e+00]
  [5.81594800e-05 7.23999707e-05 1.26910259e-04 ... 3.23996846e-05
   1.05579014e-04 6.37281396e-05]
  ...
  [2.08508380e-04 1.58359689e-04 7.57384940e-06 ... 0.00000000e+00
   1.30246134e-04 6.79302707e-05]
  [1.29829504e-04 7.93499117e-05 4.88824556e-05 ... 3.20786287e-05
   1.32719781e-04 0.00000000e+00]
  [6.10949326e-05 4.26289166e-05 9.28226476e-05 ... 0.00000000e+00
   8.67095180e-05 0.00000000e+00]]]","[[0. 0. 0. ... 0. 0. 0.]
 [0. 0. 0. ... 0. 0. 0.]
 [0. 0. 0. ... 0. 0. 0.]
 ...
 [0. 0. 0. ... 0. 0. 0.]
 [0. 0. 0. ... 0. 0. 0.]
 [0. 0. 0. ... 0. 0. 0.]]","[[0. 0. 0. ... 0. 0. 0.]
 [0. 0. 0. ... 0. 0. 0.]
 [0. 0. 0. ... 0. 0. 0.]
 ...
 [0. 0. 0. ... 0. 0. 0.]
 [0. 0. 0. ... 0. 0. 0.]
 [0. 0. 0. ... 0. 0. 0.]]",0.5945744172669847,0.33180510947705427
422,6,20.0,25.0,0.05,1e-05,0.02,0.2,55.28210110692603,0.278415370327374,0.43232923684897545,"[[[0.9996631 1.0004992 1.000213  ... 0.9997369 0.9997368 0.9999906]
  [0.9997821 1.000557  0.9994484 ... 1.0001516 1.0001451 1.0003185]
  [1.0000799 0.9999344 0.9993889 ... 0.9998846 0.9999189 1.0001107]
  ...
  [0.999843  0.9999212 1.0005172 ... 1.0002514 1.0001652 1.0001667]
  [0.9998564 1.0004278 1.0001048 ... 1.000459  0.9997159 0.9992366]
  [1.0001233 0.9997876 0.9999157 ... 0.9999456 1.0000448 1.0004259]]

 [[0.9996631 1.0004994 1.0002131 ... 0.9997369 0.9997159 0.9999908]
  [0.9997819 1.000557  0.9994485 ... 1.0001516 1.0001456 1.0003186]
  [1.0000803 0.9999347 0.9993894 ... 1.0002918 0.9999192 1.000111 ]
  ...
  [0.9998428 0.9999211 1.0005172 ... 1.0002513 1.0001655 1.0001667]
  [0.9998566 1.0004278 1.0001049 ... 1.0004592 0.9993186 0.9982738]
  [1.0001236 0.999788  0.9999159 ... 0.999946  1.0000451 1.000426 ]]]","[[[0.00000000e+00 2.19840259e-05 1.72782891e-06 ... 0.00000000e+00
   0.00000000e+00 0.00000000e+00]
  [0.00000000e+00 2.80825600e-05 0.00000000e+00 ... 5.98762567e-06
   4.28859016e-06 1.48970405e-05]
  [0.00000000e+00 0.00000000e+00 0.00000000e+00 ... 5.99498391e-05
   0.00000000e+00 0.00000000e+00]
  ...
  [0.00000000e+00 0.00000000e+00 1.35358697e-05 ... 4.71338123e-06
   5.17369304e-06 8.61625459e-06]
  [0.00000000e+00 1.51182560e-05 0.00000000e+00 ... 2.43555086e-05
   0.00000000e+00 0.00000000e+00]
  [4.45351706e-06 0.00000000e+00 0.00000000e+00 ... 0.00000000e+00
   6.08524047e-06 3.15938006e-05]]

 [[3.31297958e-05 0.00000000e+00 4.73433570e-06 ... 1.82696372e-05
   2.48868603e-05 6.43199071e-06]
  [2.70128455e-05 0.00000000e+00 4.88093666e-05 ... 0.00000000e+00
   0.00000000e+00 0.00000000e+00]
  [6.53185604e-06 1.24262483e-05 4.35961162e-05 ... 0.00000000e+00
   1.95674611e-05 6.20886382e-06]
  ...
  [2.53234118e-05 3.01863264e-05 0.00000000e+00 ... 1.14184476e-06
   0.00000000e+00 0.00000000e+00]
  [1.16023615e-05 0.00000000e+00 2.18567756e-05 ... 0.00000000e+00
   9.08383928e-05 2.31520548e-04]
  [0.00000000e+00 3.19493217e-05 3.04078041e-05 ... 6.50984669e-06
   0.00000000e+00 0.00000000e+00]]]","[[0. 0. 0. ... 0. 0. 0.]
 [0. 0. 0. ... 0. 0. 0.]
 [0. 0. 0. ... 0. 0. 0.]
 ...
 [0. 0. 0. ... 0. 0. 0.]
 [0. 0. 0. ... 0. 0. 0.]
 [0. 0. 0. ... 0. 0. 0.]]","[[0. 0. 0. ... 0. 0. 0.]
 [0. 0. 0. ... 0. 0. 0.]
 [0. 0. 0. ... 0. 0. 0.]
 ...
 [0. 0. 0. ... 0. 0. 0.]
 [0. 0. 0. ... 0. 0. 0.]
 [0. 0. 0. ... 0. 0. 0.]]",0.5985879024744,0.37337073053525177
422,6,20.0,25.0,0.05,1e-05,0.03,0.2,66.56664974706888,0.27841537032737407,0.4637471547352019,"[[[0.9996631 1.0004997 1.0002137 ... 0.999737  0.9997163 0.999991 ]
  [0.9997821 1.0001647 0.999449  ... 1.0001519 1.0001457 1.000319 ]
  [1.0000803 0.9999348 0.9993895 ... 1.000292  0.9999194 1.0001113]
  ...
  [0.9998427 0.9999212 1.0005175 ... 1.0002513 1.0001656 1.0001671]
  [0.9998565 1.000428  1.0001051 ... 1.0004592 0.9997163 0.999237 ]
  [1.0001235 0.9997879 0.999916  ... 0.999946  1.0000453 1.0004264]]

 [[0.9996631 1.0004995 1.000213  ... 0.9997366 0.9997368 0.9999907]
  [0.999782  1.0001647 0.9994487 ... 1.0001518 1.0001454 1.0003186]
  [1.0000802 0.9999348 0.9993891 ... 1.0002918 0.9999191 1.0001107]
  ...
  [0.9998427 0.9999211 1.0005172 ... 1.0002513 1.0001653 1.0001667]
  [0.9998564 1.000428  1.0001047 ... 1.0004591 0.9997161 1.0001082]
  [1.0001229 0.9997876 0.9999155 ... 0.9999458 1.0000448 1.0004258]]]","[[[0.00000000e+00 2.13218268e-05 3.38327309e-06 ... 0.00000000e+00
   0.00000000e+00 0.00000000e+00]
  [0.00000000e+00 4.83152232e-06 0.00000000e+00 ... 1.23551974e-05
   5.07071331e-06 1.25774626e-05]
  [0.00000000e+00 0.00000000e+00 0.00000000e+00 ... 1.96174302e-05
   0.00000000e+00 0.00000000e+00]
  ...
  [0.00000000e+00 0.00000000e+00 1.36335417e-05 ... 1.39664979e-05
   1.19520076e-06 0.00000000e+00]
  [0.00000000e+00 1.08566597e-05 0.00000000e+00 ... 2.73514241e-05
   0.00000000e+00 9.19048618e-05]
  [0.00000000e+00 0.00000000e+00 0.00000000e+00 ... 0.00000000e+00
   0.00000000e+00 1.34723862e-05]]

 [[4.00896907e-05 0.00000000e+00 1.87334077e-06 ... 1.17195450e-05
   2.16648116e-05 1.44041155e-05]
  [2.84027000e-05 0.00000000e+00 4.17115783e-05 ... 0.00000000e+00
   0.00000000e+00 0.00000000e+00]
  [8.06290190e-06 1.01251282e-05 3.76466685e-05 ... 0.00000000e+00
   1.60591680e-05 7.86573619e-06]
  ...
  [3.80391431e-05 3.46958966e-05 0.00000000e+00 ... 0.00000000e+00
   3.88276827e-06 1.44672391e-05]
  [3.87961400e-05 0.00000000e+00 2.37920408e-05 ... 0.00000000e+00
   3.71430659e-05 0.00000000e+00]
  [1.45054318e-05 3.88317438e-05 3.05139421e-05 ... 2.72191657e-06
   7.24597907e-06 0.00000000e+00]]]","[[0. 0. 0. ... 0. 0. 0.]
 [0. 0. 0. ... 0. 0. 0.]
 [0. 0. 0. ... 0. 0. 0.]
 ...
 [0. 0. 0. ... 0. 0. 0.]
 [0. 0. 0. ... 0. 0. 0.]
 [0. 0. 0. ... 0. 0. 0.]]","[[0. 0. 0. ... 0. 0. 0.]
 [0. 0. 0. ... 0. 0. 0.]
 [0. 0. 0. ... 0. 0. 0.]
 ...
 [0. 0. 0. ... 0. 0. 0.]
 [0. 0. 0. ... 0. 0. 0.]
 [0. 0. 0. ... 0. 0. 0.]]",0.5956239990058377,0.4247429272870454
422,6,20.0,25.0,0.0,1e-05,0.01,0.30000000000000004,3.6108488160814374,0.4382490298185678,0.4540735397232599,"[[[0.9996266 1.0005373 1.0001256 ... 1.0000607 0.9997865 0.9997069]
  [1.0000113 0.9998778 0.999741  ... 1.0001518 1.0003353 1.000319 ]
  [1.0001009 0.9998182 0.9993895 ... 1.0002918 1.0001419 0.9999939]
  ...
  [0.9998428 0.99992   1.0005174 ... 0.9998116 0.9997497 1.0000066]
  [0.9998564 1.000428  1.0003483 ... 1.0004591 1.0001658 0.9997518]
  [1.0001235 0.999788  0.9994703 ... 0.9997529 1.0003319 1.000258 ]]

 [[0.9996631 1.0004994 1.0002133 ... 0.9997368 0.9997159 0.999991 ]
  [0.9997822 1.0001647 0.9994488 ... 1.0001518 1.0001457 1.0003189]
  [1.0000806 0.999935  0.9993896 ... 1.000292  0.9999197 1.0001113]
  ...
  [0.9998429 0.9999212 1.0005175 ... 1.0002515 1.0001657 1.0001669]
  [0.9998565 1.0004278 1.0001049 ... 1.0004591 0.9997163 0.9982738]
  [1.0001234 0.9997878 0.9999159 ... 0.9999459 1.0000453 1.0004258]]]","[[[4.31307174e-04 0.00000000e+00 0.00000000e+00 ... 8.07296534e-04
   4.99000278e-04 0.00000000e+00]
  [6.16102447e-04 0.00000000e+00 1.17569324e-03 ... 0.00000000e+00
   4.54832861e-05 0.00000000e+00]
  [0.00000000e+00 0.00000000e+00 8.69892751e-04 ... 0.00000000e+00
   4.10810557e-04 0.00000000e+00]
  ...
  [2.23808032e-04 1.10696407e-04 0.00000000e+00 ... 0.00000000e+00
   0.00000000e+00 0.00000000e+00]
  [2.04442946e-04 0.00000000e+00 1.75289499e-04 ... 0.00000000e+00
   1.00415960e-03 4.43566266e-03]
  [0.00000000e+00 3.02609681e-04 0.00000000e+00 ... 0.00000000e+00
   3.17785368e-04 0.00000000e+00]]

 [[0.00000000e+00 1.11077449e-03 7.10525503e-04 ... 0.00000000e+00
   0.00000000e+00 6.24701954e-04]
  [0.00000000e+00 1.04764214e-03 0.00000000e+00 ... 3.63794539e-04
   0.00000000e+00 7.64144357e-04]
  [1.47087039e-04 1.09706697e-04 0.00000000e+00 ... 7.00111612e-04
   0.00000000e+00 5.34007276e-04]
  ...
  [0.00000000e+00 0.00000000e+00 1.24065437e-03 ... 1.60370592e-03
   1.34352819e-03 7.64782689e-04]
  [0.00000000e+00 1.02527979e-03 0.00000000e+00 ... 1.10040278e-03
   0.00000000e+00 0.00000000e+00]
  [2.95508347e-04 0.00000000e+00 8.12278475e-04 ... 3.09307313e-04
   0.00000000e+00 1.40237838e-03]]]","[[0. 0. 0. ... 0. 0. 0.]
 [0. 0. 0. ... 0. 0. 0.]
 [0. 0. 0. ... 0. 0. 0.]
 ...
 [0. 0. 0. ... 0. 0. 0.]
 [0. 0. 0. ... 0. 0. 0.]
 [0. 0. 0. ... 0. 0. 0.]]","[[0. 0. 0. ... 0. 0. 0.]
 [0. 0. 0. ... 0. 0. 0.]
 [0. 0. 0. ... 0. 0. 0.]
 ...
 [0. 0. 0. ... 0. 0. 0.]
 [0. 0. 0. ... 0. 0. 0.]
 [0. 0. 0. ... 0. 0. 0.]]",0.12094466507035653,0.04043145874766666
422,6,20.0,25.0,0.0,1e-05,0.02,0.30000000000000004,10.068413863907862,0.4382490298185678,0.48237375589526216,"[[[1.0009124 1.0000359 1.0000837 ... 0.9997641 0.999716  0.9997085]
  [1.0000831 1.0001653 1.0003707 ... 1.0003849 1.0003937 0.999895 ]
  [1.0001276 1.0001374 0.9998541 ... 1.000292  1.0001968 1.0001585]
  ...
  [1.0005639 1.0003285 1.000021  ... 0.9994284 1.0003784 0.9998976]
  [0.9999945 1.0005211 0.9997615 ... 1.0001037 0.9997164 0.999237 ]
  [0.999947  1.0001465 0.9999162 ... 0.9999462 0.9999543 0.9997259]]

 [[0.9996266 1.0005374 1.0001256 ... 1.0000608 0.9997864 0.9997064]
  [1.0000113 0.9998778 0.9997409 ... 1.000152  1.0003352 1.0003188]
  [1.000101  0.9998182 0.9993894 ... 1.0009696 1.0001419 0.9999937]
  ...
  [0.9990146 0.9999202 1.0005176 ... 0.9998119 0.9997497 1.0000062]
  [0.9998568 1.0004283 1.0003484 ... 0.9996348 1.0001657 0.9997515]
  [1.0001239 0.9997882 0.9994705 ... 0.9997534 1.000332  1.0002578]]]","[[[2.24735366e-03 0.00000000e+00 0.00000000e+00 ... 0.00000000e+00
   2.10399226e-04 4.21130772e-04]
  [7.95706161e-05 5.57705051e-04 1.20951654e-03 ... 9.41430407e-05
   0.00000000e+00 0.00000000e+00]
  [0.00000000e+00 6.84968325e-04 1.49042478e-03 ... 0.00000000e+00
   0.00000000e+00 2.28921836e-04]
  ...
  [3.47219675e-03 6.58473225e-04 0.00000000e+00 ... 0.00000000e+00
   1.19534860e-03 0.00000000e+00]
  [3.87684384e-04 0.00000000e+00 0.00000000e+00 ... 1.14612148e-03
   0.00000000e+00 0.00000000e+00]
  [0.00000000e+00 7.79793270e-04 1.34952382e-03 ... 6.08563502e-04
   0.00000000e+00 0.00000000e+00]]

 [[0.00000000e+00 2.42868891e-03 3.96753134e-04 ... 8.20847406e-04
   0.00000000e+00 0.00000000e+00]
  [0.00000000e+00 0.00000000e+00 0.00000000e+00 ... 0.00000000e+00
   6.70560744e-04 1.72814350e-03]
  [1.81687772e-04 0.00000000e+00 0.00000000e+00 ... 3.86442171e-03
   2.15183389e-04 0.00000000e+00]
  ...
  [0.00000000e+00 0.00000000e+00 2.37016601e-03 ... 4.21712327e-04
   0.00000000e+00 2.61985933e-04]
  [0.00000000e+00 8.15922092e-04 2.17041591e-03 ... 0.00000000e+00
   1.41944181e-03 5.75192671e-04]
  [6.99292597e-04 0.00000000e+00 0.00000000e+00 ... 0.00000000e+00
   1.65503552e-03 1.82833703e-03]]]","[[0. 0. 0. ... 0. 0. 0.]
 [0. 0. 0. ... 0. 0. 0.]
 [0. 0. 0. ... 0. 0. 0.]
 ...
 [0. 0. 0. ... 0. 0. 0.]
 [0. 0. 0. ... 0. 0. 0.]
 [0. 0. 0. ... 0. 0. 0.]]","[[0. 0. 0. ... 0. 0. 0.]
 [0. 0. 0. ... 0. 0. 0.]
 [0. 0. 0. ... 0. 0. 0.]
 ...
 [0. 0. 0. ... 0. 0. 0.]
 [0. 0. 0. ... 0. 0. 0.]
 [0. 0. 0. ... 0. 0. 0.]]",0.3046954845870268,0.13321867673067092
422,6,20.0,25.0,0.0,1e-05,0.03,0.30000000000000004,15.558044109833288,0.4382490298185678,0.506432007188657,"[[[0.9996631 1.0004995 1.0002134 ... 0.999737  0.9997158 0.9999904]
  [0.9997822 1.0005574 0.9994488 ... 1.0001519 1.0001456 1.0003183]
  [1.0000803 0.9999348 0.9993894 ... 1.0002918 0.9999192 1.0001104]
  ...
  [0.9998427 0.9999212 1.0005172 ... 1.0002513 1.0001653 1.000166 ]
  [0.9998565 1.000428  1.000105  ... 1.0004591 0.9997161 0.9992361]
  [1.0001234 0.9997879 0.999916  ... 0.999946  1.0000452 1.0004256]]

 [[0.9996631 1.0004996 1.0002135 ... 0.9997372 0.9997161 0.999991 ]
  [0.9997822 1.000165  0.9994491 ... 1.0001521 1.0001457 1.0003189]
  [1.0000803 0.9999349 0.9993895 ... 1.000292  0.9999194 1.0001109]
  ...
  [0.9998429 0.9999213 1.0005176 ... 1.0002517 1.0001656 1.0001669]
  [0.9998566 1.0004281 1.0001053 ... 1.0004593 0.9997163 0.9982738]
  [1.0001235 0.999788  0.9999162 ... 0.999946  1.0000453 1.0004264]]]","[[[4.80095639e-04 0.00000000e+00 0.00000000e+00 ... 3.74264901e-04
   4.04181958e-04 1.20655929e-05]
  [3.10369966e-04 2.88420723e-04 7.84782325e-04 ... 0.00000000e+00
   0.00000000e+00 0.00000000e+00]
  [0.00000000e+00 9.26077419e-05 8.69915113e-04 ... 0.00000000e+00
   1.14531695e-04 0.00000000e+00]
  ...
  [2.23661093e-04 1.11965512e-04 0.00000000e+00 ... 0.00000000e+00
   0.00000000e+00 0.00000000e+00]
  [2.04207550e-04 0.00000000e+00 0.00000000e+00 ... 0.00000000e+00
   4.04081852e-04 3.74723126e-03]
  [0.00000000e+00 3.02050282e-04 1.19192472e-04 ... 7.69698260e-05
   0.00000000e+00 0.00000000e+00]]

 [[0.00000000e+00 1.19778750e-03 5.12075183e-04 ... 0.00000000e+00
   0.00000000e+00 0.00000000e+00]
  [0.00000000e+00 0.00000000e+00 0.00000000e+00 ... 3.65171874e-04
   3.49456634e-04 7.65734926e-04]
  [1.92580763e-04 0.00000000e+00 0.00000000e+00 ... 7.00093593e-04
   0.00000000e+00 2.66823573e-04]
  ...
  [0.00000000e+00 0.00000000e+00 1.24147759e-03 ... 6.04055680e-04
   3.97463376e-04 4.01961693e-04]
  [0.00000000e+00 1.02637384e-03 2.52868611e-04 ... 1.10149694e-03
   0.00000000e+00 0.00000000e+00]
  [2.96305807e-04 0.00000000e+00 0.00000000e+00 ... 0.00000000e+00
   1.08823120e-04 1.02398571e-03]]]","[[0. 0. 0. ... 0. 0. 0.]
 [0. 0. 0. ... 0. 0. 0.]
 [0. 0. 0. ... 0. 0. 0.]
 ...
 [0. 0. 0. ... 0. 0. 0.]
 [0. 0. 0. ... 0. 0. 0.]
 [0. 0. 0. ... 0. 0. 0.]]","[[0. 0. 0. ... 0. 0. 0.]
 [0. 0. 0. ... 0. 0. 0.]
 [0. 0. 0. ... 0. 0. 0.]
 ...
 [0. 0. 0. ... 0. 0. 0.]
 [0. 0. 0. ... 0. 0. 0.]
 [0. 0. 0. ... 0. 0. 0.]]",0.5898091069504451,0.47369168432851694
422,6,20.0,25.0,0.05,1e-05,0.01,0.30000000000000004,19.3230283868589,0.4382490298185678,0.5229320142555434,"[[[0.9996631 1.0004994 1.0002135 ... 0.9997372 0.9997161 0.9999911]
  [0.9997822 1.0001647 0.9994489 ... 1.000152  1.0001456 1.0003189]
  [1.0000803 0.9999349 0.9993896 ... 0.999885  0.9999191 1.0001111]
  ...
  [0.9998429 0.9999211 1.0005172 ... 1.0002513 1.0001653 1.0001667]
  [0.9998563 1.0004278 1.000105  ... 1.0004591 0.9997159 0.9992368]
  [1.0001234 0.9997878 0.999916  ... 0.9999461 1.0000452 1.0004262]]

 [[0.9996631 1.0004996 1.0002134 ... 0.9997369 0.9997158 0.9999908]
  [0.9997822 1.000165  0.9994488 ... 1.000152  1.0001456 1.0003186]
  [1.0000806 0.9999351 0.9998542 ... 0.9998852 0.9999197 1.0001111]
  ...
  [0.9998433 0.9999217 1.0005178 ... 1.0002518 1.0001659 1.0001669]
  [0.9998565 1.0004278 1.000105  ... 1.0004594 0.9997164 0.9992366]
  [1.0001233 0.9997878 0.9999159 ... 0.9999462 1.0000457 1.000426 ]]]","[[[0.00000000e+00 9.96392781e-06 0.00000000e+00 ... 0.00000000e+00
   0.00000000e+00 0.00000000e+00]
  [0.00000000e+00 0.00000000e+00 0.00000000e+00 ... 8.41729283e-06
   8.27184341e-07 6.44838208e-06]
  [0.00000000e+00 0.00000000e+00 2.28960438e-05 ... 0.00000000e+00
   0.00000000e+00 0.00000000e+00]
  ...
  [0.00000000e+00 0.00000000e+00 4.30300486e-06 ... 5.43134762e-06
   0.00000000e+00 0.00000000e+00]
  [0.00000000e+00 3.45944190e-06 0.00000000e+00 ... 2.02588762e-05
   0.00000000e+00 0.00000000e+00]
  [0.00000000e+00 0.00000000e+00 0.00000000e+00 ... 0.00000000e+00
   0.00000000e+00 1.43632599e-05]]

 [[5.27407140e-05 1.45470701e-06 2.60567290e-05 ... 2.04604527e-05
   3.26408939e-05 2.29096830e-05]
  [4.46799578e-05 2.28559393e-05 7.56161226e-05 ... 0.00000000e+00
   3.83383845e-06 8.30056435e-07]
  [2.59886197e-05 4.08816240e-05 0.00000000e+00 ... 1.08474148e-05
   2.14824471e-05 1.90489997e-05]
  ...
  [4.43926187e-05 4.63822834e-05 1.12579976e-05 ... 5.24711254e-09
   1.11955348e-05 1.53475139e-05]
  [3.96610340e-05 9.67702017e-06 3.99924838e-05 ... 0.00000000e+00
   3.73856592e-05 7.45637945e-05]
  [2.11950255e-05 5.30891962e-05 5.05184106e-05 ... 1.21321298e-05
   1.10285307e-05 0.00000000e+00]]]","[[0. 0. 0. ... 0. 0. 0.]
 [0. 0. 0. ... 0. 0. 0.]
 [0. 0. 0. ... 0. 0. 0.]
 ...
 [0. 0. 0. ... 0. 0. 0.]
 [0. 0. 0. ... 0. 0. 0.]
 [0. 0. 0. ... 0. 0. 0.]]","[[0. 0. 0. ... 0. 0. 0.]
 [0. 0. 0. ... 0. 0. 0.]
 [0. 0. 0. ... 0. 0. 0.]
 ...
 [0. 0. 0. ... 0. 0. 0.]
 [0. 0. 0. ... 0. 0. 0.]
 [0. 0. 0. ... 0. 0. 0.]]",0.5860519033636473,0.3996819971287636
422,6,20.0,25.0,0.05,1e-05,0.02,0.30000000000000004,30.183203047485776,0.4382490298185678,0.5705266243423426,"[[[0.9996266 1.0005372 1.0001256 ... 1.0000604 0.9997863 0.9997063]
  [1.0000112 0.9998776 0.9997408 ... 0.99941   1.0003351 1.0003184]
  [1.0001007 0.9998177 1.0009134 ... 1.000969  1.0001414 0.9999933]
  ...
  [0.9998425 0.9999193 0.9998857 ... 0.999811  0.9997492 1.0000058]
  [0.9998565 1.0004277 1.000348  ... 0.9996342 1.0001656 0.9997513]
  [1.0001235 0.9997876 0.9994702 ... 0.9997526 1.0003315 1.0002574]]

 [[0.9996266 1.0005372 1.0001258 ... 1.000061  0.9997865 0.9997069]
  [1.0000114 0.9998778 0.999741  ... 1.0001519 1.0003352 1.0003189]
  [1.0001009 0.999818  0.9993894 ... 1.0002918 1.0001419 0.9999939]
  ...
  [0.9998433 0.9999202 1.0005178 ... 0.9998116 0.9997496 1.0000066]
  [0.9998568 1.0004281 1.0003484 ... 1.0004591 1.0001657 0.999752 ]
  [1.0001237 0.999788  0.9994706 ... 0.9997531 1.0003324 1.000258 ]]]","[[[0.00000000e+00 2.64801485e-05 4.94359665e-07 ... 0.00000000e+00
   0.00000000e+00 0.00000000e+00]
  [0.00000000e+00 0.00000000e+00 0.00000000e+00 ... 7.87155508e-05
   4.51526985e-06 9.57795615e-06]
  [2.14305052e-06 0.00000000e+00 0.00000000e+00 ... 0.00000000e+00
   0.00000000e+00 0.00000000e+00]
  ...
  [0.00000000e+00 0.00000000e+00 8.49376785e-05 ... 0.00000000e+00
   0.00000000e+00 0.00000000e+00]
  [0.00000000e+00 1.08557867e-05 2.48710360e-06 ... 1.03028894e-04
   0.00000000e+00 0.00000000e+00]
  [0.00000000e+00 0.00000000e+00 0.00000000e+00 ... 0.00000000e+00
   3.14531668e-06 1.87001523e-06]]

 [[4.18167458e-05 0.00000000e+00 3.51128459e-06 ... 2.48435902e-05
   4.15564940e-05 4.09432974e-05]
  [1.00206602e-05 1.06880077e-05 1.39176481e-05 ... 0.00000000e+00
   3.94517197e-06 0.00000000e+00]
  [0.00000000e+00 2.10804498e-06 2.21134685e-04 ... 8.67951061e-05
   8.83348639e-06 1.62181272e-05]
  ...
  [3.49883640e-05 3.44779340e-05 0.00000000e+00 ... 4.30091440e-05
   4.37021526e-05 2.37390370e-05]
  [3.41946149e-05 0.00000000e+00 7.77027071e-06 ... 0.00000000e+00
   2.09306159e-05 4.25243954e-05]
  [1.21583203e-05 3.52600453e-05 5.56908348e-05 ... 4.94199252e-05
   6.70056291e-06 6.26444832e-06]]]","[[0. 0. 0. ... 0. 0. 0.]
 [0. 0. 0. ... 0. 0. 0.]
 [0. 0. 0. ... 0. 0. 0.]
 ...
 [0. 0. 0. ... 0. 0. 0.]
 [0. 0. 0. ... 0. 0. 0.]
 [0. 0. 0. ... 0. 0. 0.]]","[[0. 0. 0. ... 0. 0. 0.]
 [0. 0. 0. ... 0. 0. 0.]
 [0. 0. 0. ... 0. 0. 0.]
 ...
 [0. 0. 0. ... 0. 0. 0.]
 [0. 0. 0. ... 0. 0. 0.]
 [0. 0. 0. ... 0. 0. 0.]]",0.5913667820532713,0.44579778047115237
422,6,20.0,25.0,0.05,1e-05,0.03,0.30000000000000004,38.321617014063676,0.4382490298185678,0.606193144593489,"[[[0.9996631 1.0004995 1.0002136 ... 0.9997369 0.9997161 0.9999915]
  [0.9997822 1.000165  0.9994491 ... 1.000152  1.000146  1.0003194]
  [1.0000803 0.9999349 0.9993896 ... 1.0002918 0.9999197 1.0001115]
  ...
  [0.9998428 0.9999213 1.0005176 ... 1.0002513 1.0001659 1.0001673]
  [0.9998565 1.000428  1.0001051 ... 1.0004591 0.9997166 1.0001088]
  [1.0001234 0.9997879 0.9999163 ... 0.999946  1.0000454 1.0004262]]

 [[0.9996631 1.0004992 1.0002129 ... 0.9997368 0.9997368 0.9999907]
  [0.9997821 1.0005572 0.9994484 ... 1.0001519 1.0001452 1.0003186]
  [1.0000805 0.9999347 0.9993888 ... 1.0002918 0.9999189 1.0001104]
  ...
  [0.9998429 0.9999211 1.000517  ... 1.0002512 1.000165  1.0001662]
  [0.9998567 1.0004278 1.0001045 ... 1.0004591 0.9993182 0.9992361]
  [1.0001236 0.9997879 0.9999156 ... 0.9999459 1.0000448 1.0004256]]]","[[[0.00000000e+00 0.00000000e+00 0.00000000e+00 ... 0.00000000e+00
   0.00000000e+00 0.00000000e+00]
  [0.00000000e+00 4.10415100e-05 0.00000000e+00 ... 0.00000000e+00
   0.00000000e+00 0.00000000e+00]
  [0.00000000e+00 0.00000000e+00 0.00000000e+00 ... 0.00000000e+00
   0.00000000e+00 0.00000000e+00]
  ...
  [0.00000000e+00 0.00000000e+00 0.00000000e+00 ... 0.00000000e+00
   0.00000000e+00 0.00000000e+00]
  [0.00000000e+00 0.00000000e+00 0.00000000e+00 ... 0.00000000e+00
   0.00000000e+00 0.00000000e+00]
  [0.00000000e+00 0.00000000e+00 0.00000000e+00 ... 0.00000000e+00
   0.00000000e+00 0.00000000e+00]]

 [[8.59978015e-05 3.25499084e-05 5.07360268e-05 ... 6.76045992e-05
   7.00124230e-05 5.95053645e-05]
  [8.34229886e-05 0.00000000e+00 9.56980540e-05 ... 4.56409819e-05
   5.22644476e-05 4.32971827e-05]
  [6.65437494e-05 6.84889349e-05 9.11802612e-05 ... 4.27241624e-05
   7.75267508e-05 6.71578545e-05]
  ...
  [7.32409117e-05 7.74826242e-05 4.42226570e-05 ... 4.12831116e-05
   4.20830952e-05 4.19502195e-05]
  [6.46054502e-05 3.84089589e-05 6.86856615e-05 ... 2.07541872e-05
   1.41893907e-04 2.07372245e-04]
  [4.94833754e-05 8.08884786e-05 7.63527292e-05 ... 5.38063688e-05
   4.33135083e-05 1.92991002e-05]]]","[[0. 0. 0. ... 0. 0. 0.]
 [0. 0. 0. ... 0. 0. 0.]
 [0. 0. 0. ... 0. 0. 0.]
 ...
 [0. 0. 0. ... 0. 0. 0.]
 [0. 0. 0. ... 0. 0. 0.]
 [0. 0. 0. ... 0. 0. 0.]]","[[0. 0. 0. ... 0. 0. 0.]
 [0. 0. 0. ... 0. 0. 0.]
 [0. 0. 0. ... 0. 0. 0.]
 ...
 [0. 0. 0. ... 0. 0. 0.]
 [0. 0. 0. ... 0. 0. 0.]
 [0. 0. 0. ... 0. 0. 0.]]",0.5763601226888486,0.5112353549720837
422,6,20.0,25.0,0.0,1e-05,0.01,0.4000000000000001,4.9311677442889374,0.5751109489535308,0.5467512633448602,"[[[0.9996631 1.0004991 1.000213  ... 0.9997368 0.9997368 0.9999906]
  [0.9997821 1.000557  0.9994485 ... 1.0001516 1.0001451 1.0003185]
  [1.0000803 0.9999346 0.9993891 ... 0.9998848 0.9999189 1.0001107]
  ...
  [0.9998428 0.9999209 1.0005171 ... 1.0002513 1.0001653 1.0001667]
  [0.9998564 1.0004276 1.0001045 ... 1.0004591 0.9997159 1.0001082]
  [1.0001234 0.9997875 0.9999156 ... 0.9999459 1.0000448 1.0004259]]

 [[0.9996266 1.0005374 1.0001256 ... 1.0000606 0.9997862 0.9997063]
  [1.0000113 0.9998778 0.999741  ... 1.0001518 1.0003351 1.0003186]
  [1.000101  0.9998182 0.9993896 ... 1.0009696 1.0001419 0.9999936]
  ...
  [0.9990144 0.9999199 1.0005175 ... 0.9998114 0.9997496 1.0000062]
  [0.9998567 1.0004281 1.0003483 ... 1.0004591 1.0001657 0.9997515]
  [1.0001235 0.999788  0.9994704 ... 0.999753  1.0003319 1.0002578]]]","[[[5.80889175e-04 0.00000000e+00 0.00000000e+00 ... 0.00000000e+00
   2.38682792e-04 7.97794659e-04]
  [0.00000000e+00 1.08006058e-03 0.00000000e+00 ... 0.00000000e+00
   0.00000000e+00 0.00000000e+00]
  [0.00000000e+00 4.14361082e-04 8.69302826e-04 ... 0.00000000e+00
   0.00000000e+00 1.65335694e-04]
  ...
  [2.51098460e-03 1.15469947e-04 0.00000000e+00 ... 8.55619802e-04
   9.11535080e-04 2.05224548e-04]
  [2.03749945e-04 0.00000000e+00 0.00000000e+00 ... 0.00000000e+00
   0.00000000e+00 8.30091164e-04]
  [0.00000000e+00 3.01446157e-04 1.34891701e-03 ... 6.09344752e-04
   0.00000000e+00 0.00000000e+00]]

 [[0.00000000e+00 1.37514827e-03 1.02527784e-04 ... 8.81803726e-04
   0.00000000e+00 0.00000000e+00]
  [5.48706468e-04 0.00000000e+00 4.47452570e-05 ... 3.64122538e-04
   1.23547579e-03 7.64172542e-04]
  [2.89018176e-04 0.00000000e+00 0.00000000e+00 ... 4.79049283e-03
   8.47344779e-04 0.00000000e+00]
  ...
  [0.00000000e+00 0.00000000e+00 1.24126151e-03 ... 0.00000000e+00
   0.00000000e+00 0.00000000e+00]
  [0.00000000e+00 1.02726749e-03 1.38947157e-03 ... 1.10046010e-03
   1.42048341e-03 0.00000000e+00]
  [2.96394468e-04 0.00000000e+00 0.00000000e+00 ... 0.00000000e+00
   1.44847712e-03 2.35954784e-04]]]","[[0. 0. 0. ... 0. 0. 0.]
 [0. 0. 0. ... 0. 0. 0.]
 [0. 0. 0. ... 0. 0. 0.]
 ...
 [0. 0. 0. ... 0. 0. 0.]
 [0. 0. 0. ... 0. 0. 0.]
 [0. 0. 0. ... 0. 0. 0.]]","[[0. 0. 0. ... 0. 0. 0.]
 [0. 0. 0. ... 0. 0. 0.]
 [0. 0. 0. ... 0. 0. 0.]
 ...
 [0. 0. 0. ... 0. 0. 0.]
 [0. 0. 0. ... 0. 0. 0.]
 [0. 0. 0. ... 0. 0. 0.]]",0.1135906759452745,0.03830674779935059
422,6,20.0,25.0,0.0,1e-05,0.02,0.4000000000000001,5.14197146239453,0.5751109489535308,0.6046829898258277,"[[[0.9996266 1.0005374 1.0001258 ... 1.0000609 0.9997865 0.9997065]
  [1.0000111 0.9998777 0.9997408 ... 1.000152  1.0003352 1.0003186]
  [1.0001007 0.999818  0.9993893 ... 1.000292  1.0001419 0.9999935]
  ...
  [0.999843  0.9999201 1.0005175 ... 0.9998121 0.9997498 1.0000063]
  [0.9998566 1.0004282 1.0003484 ... 1.0004593 1.0001659 0.9997517]
  [1.0001236 0.9997881 0.9994704 ... 0.9997531 1.000332  1.000258 ]]

 [[0.9996266 1.0005373 1.0001256 ... 1.000061  0.9997865 0.9997064]
  [1.0000112 0.9998777 0.9997409 ... 1.000152  1.0003355 1.0003186]
  [1.0001009 0.9998183 0.9993894 ... 1.0009698 1.000142  0.9999936]
  ...
  [0.9990146 0.9999202 1.0005177 ... 0.9998116 0.9997496 1.0000061]
  [0.9998568 1.0004286 1.0003486 ... 0.9996346 1.0001659 0.9997515]
  [1.0001237 0.9997884 0.9994706 ... 0.999753  1.0003319 1.0002577]]]","[[[5.32138412e-04 0.00000000e+00 0.00000000e+00 ... 0.00000000e+00
   3.04225655e-04 4.18548010e-04]
  [0.00000000e+00 1.74269138e-04 3.69042324e-04 ... 0.00000000e+00
   0.00000000e+00 0.00000000e+00]
  [0.00000000e+00 2.58466166e-04 8.70051451e-04 ... 0.00000000e+00
   0.00000000e+00 8.92300564e-06]
  ...
  [2.51058929e-03 1.13636716e-04 0.00000000e+00 ... 2.69177714e-04
   3.57042418e-04 0.00000000e+00]
  [2.03681803e-04 0.00000000e+00 0.00000000e+00 ... 1.62100641e-03
   0.00000000e+00 3.54324294e-04]
  [0.00000000e+00 3.01106489e-04 7.54239393e-04 ... 3.52121786e-04
   0.00000000e+00 0.00000000e+00]]

 [[0.00000000e+00 1.28756506e-03 3.00970991e-04 ... 1.46604394e-04
   0.00000000e+00 0.00000000e+00]
  [2.71405717e-05 0.00000000e+00 0.00000000e+00 ... 3.64390024e-04
   8.04694354e-04 7.63868596e-04]
  [2.42066311e-04 0.00000000e+00 0.00000000e+00 ... 3.86491144e-03
   3.40658350e-04 0.00000000e+00]
  ...
  [0.00000000e+00 0.00000000e+00 1.24152675e-03 ... 0.00000000e+00
   0.00000000e+00 1.40321049e-05]
  [0.00000000e+00 1.02810273e-03 8.35856761e-04 ... 0.00000000e+00
   3.97827008e-04 0.00000000e+00]
  [2.96932862e-04 0.00000000e+00 0.00000000e+00 ... 0.00000000e+00
   7.95312867e-04 6.17319405e-04]]]","[[0. 0. 0. ... 0. 0. 0.]
 [0. 0. 0. ... 0. 0. 0.]
 [0. 0. 0. ... 0. 0. 0.]
 ...
 [0. 0. 0. ... 0. 0. 0.]
 [0. 0. 0. ... 0. 0. 0.]
 [0. 0. 0. ... 0. 0. 0.]]","[[0. 0. 0. ... 0. 0. 0.]
 [0. 0. 0. ... 0. 0. 0.]
 [0. 0. 0. ... 0. 0. 0.]
 ...
 [0. 0. 0. ... 0. 0. 0.]
 [0. 0. 0. ... 0. 0. 0.]
 [0. 0. 0. ... 0. 0. 0.]]",0.4819462940062002,0.3694867070337364
422,6,20.0,25.0,0.0,1e-05,0.03,0.4000000000000001,7.991753627595951,0.5751109489535309,0.6210723990792262,"[[[0.9996631 1.0004995 1.0002135 ... 0.9997368 0.999737  0.999991 ]
  [0.9997821 1.0005574 0.9994489 ... 1.0001518 1.0001454 1.0003186]
  [1.0000802 0.9999349 0.9993893 ... 1.0002916 0.9999191 1.0001107]
  ...
  [0.9998427 0.9999211 1.0005172 ... 1.0002513 1.0001653 1.0001667]
  [0.9998564 1.0004281 1.0001048 ... 1.0004591 0.9997161 0.9992366]
  [1.0001231 0.9997877 0.9999157 ... 0.9999459 1.0000451 1.000426 ]]

 [[0.9996631 1.0004994 1.0002133 ... 0.9997368 0.9997158 0.9999907]
  [0.9997822 1.0005572 0.9994488 ... 1.0001518 1.0001456 1.0003186]
  [1.0000803 0.9999348 0.9993894 ... 1.0002918 0.9999192 1.0001107]
  ...
  [0.9998429 0.9999212 1.0005174 ... 1.0002512 1.0001653 1.0001663]
  [0.9998566 1.000428  1.0001051 ... 1.0004591 0.9997161 1.000108 ]
  [1.0001235 0.9997878 0.999916  ... 0.9999459 1.0000451 1.0004258]]]","[[[4.80131444e-04 0.00000000e+00 0.00000000e+00 ... 3.75139279e-04
   4.33357997e-04 1.37116339e-05]
  [3.10248061e-04 0.00000000e+00 7.85809809e-04 ... 0.00000000e+00
   0.00000000e+00 0.00000000e+00]
  [0.00000000e+00 9.31337475e-05 8.70120712e-04 ... 0.00000000e+00
   1.15152534e-04 0.00000000e+00]
  ...
  [2.23702393e-04 1.12179058e-04 0.00000000e+00 ... 0.00000000e+00
   0.00000000e+00 0.00000000e+00]
  [2.04166825e-04 0.00000000e+00 0.00000000e+00 ... 0.00000000e+00
   4.04609852e-04 0.00000000e+00]
  [0.00000000e+00 3.02267118e-04 1.19332426e-04 ... 7.71831677e-05
   0.00000000e+00 0.00000000e+00]]

 [[0.00000000e+00 1.19659704e-03 5.10609891e-04 ... 0.00000000e+00
   0.00000000e+00 0.00000000e+00]
  [0.00000000e+00 1.33487786e-03 0.00000000e+00 ... 3.63701569e-04
   3.49107910e-04 7.63750757e-04]
  [1.92788944e-04 0.00000000e+00 0.00000000e+00 ... 7.00007375e-04
   0.00000000e+00 2.65386551e-04]
  ...
  [0.00000000e+00 0.00000000e+00 1.24028184e-03 ... 6.01759656e-04
   3.96286431e-04 3.97756644e-04]
  [0.00000000e+00 1.02547599e-03 2.52778962e-04 ... 1.10031092e-03
   0.00000000e+00 2.24175037e-03]
  [2.96788808e-04 0.00000000e+00 0.00000000e+00 ... 0.00000000e+00
   1.07922516e-04 1.02006666e-03]]]","[[0. 0. 0. ... 0. 0. 0.]
 [0. 0. 0. ... 0. 0. 0.]
 [0. 0. 0. ... 0. 0. 0.]
 ...
 [0. 0. 0. ... 0. 0. 0.]
 [0. 0. 0. ... 0. 0. 0.]
 [0. 0. 0. ... 0. 0. 0.]]","[[0. 0. 0. ... 0. 0. 0.]
 [0. 0. 0. ... 0. 0. 0.]
 [0. 0. 0. ... 0. 0. 0.]
 ...
 [0. 0. 0. ... 0. 0. 0.]
 [0. 0. 0. ... 0. 0. 0.]
 [0. 0. 0. ... 0. 0. 0.]]",0.5512612089770133,0.5021534614929603
422,6,20.0,25.0,0.05,1e-05,0.01,0.4000000000000001,9.543080390643587,0.5751109489535308,0.6299942491475594,"[[[0.9996631 1.0004996 1.0002136 ... 0.9997371 0.9997158 0.999991 ]
  [0.9997822 1.000165  0.9994491 ... 1.0001519 1.0001456 1.0003186]
  [1.0000803 0.9999348 0.9993896 ... 1.000292  0.9999192 1.0001107]
  ...
  [0.9998427 0.9999211 1.0005176 ... 1.0002515 1.0001656 1.0001671]
  [0.9998564 1.0004278 1.0001051 ... 1.0004596 0.9997164 0.999237 ]
  [1.0001233 0.9997878 0.999916  ... 0.9999461 1.0000453 1.0004262]]

 [[0.9996631 1.0004994 1.0002133 ... 0.9997368 0.999737  0.999991 ]
  [0.999782  1.0005572 0.9994487 ... 1.0001516 1.0001453 1.0003188]
  [1.0000803 0.9999348 0.9993894 ... 0.999885  0.9999192 1.0001107]
  ...
  [0.9998429 0.9999212 1.0005174 ... 1.0002512 1.0001653 1.0001665]
  [0.9998565 1.000428  1.0001049 ... 1.0004592 0.999716  0.9992364]
  [1.0001233 0.9997879 0.9999159 ... 0.9999461 1.0000453 1.0004264]]]","[[[0.00000000e+00 0.00000000e+00 0.00000000e+00 ... 0.00000000e+00
   0.00000000e+00 0.00000000e+00]
  [0.00000000e+00 4.72582538e-05 0.00000000e+00 ... 0.00000000e+00
   0.00000000e+00 0.00000000e+00]
  [0.00000000e+00 0.00000000e+00 0.00000000e+00 ... 0.00000000e+00
   0.00000000e+00 0.00000000e+00]
  ...
  [0.00000000e+00 0.00000000e+00 5.79059772e-06 ... 0.00000000e+00
   0.00000000e+00 0.00000000e+00]
  [0.00000000e+00 0.00000000e+00 0.00000000e+00 ... 8.12754766e-06
   0.00000000e+00 0.00000000e+00]
  [0.00000000e+00 0.00000000e+00 0.00000000e+00 ... 0.00000000e+00
   0.00000000e+00 3.50098994e-06]]

 [[7.24995488e-05 1.89262984e-05 3.67280837e-05 ... 4.62328865e-05
   5.22877758e-05 4.46205416e-05]
  [7.04367531e-05 0.00000000e+00 8.73941799e-05 ... 1.91525367e-05
   3.13971684e-05 2.71477152e-05]
  [5.48431526e-05 6.17824119e-05 8.91422757e-05 ... 9.40391369e-05
   5.33350207e-05 5.04550232e-05]
  ...
  [5.27228571e-05 4.97559730e-05 8.74084975e-06 ... 1.82230975e-05
   2.69821434e-05 2.78578796e-05]
  [5.07421983e-05 1.65659641e-05 4.20031938e-05 ... 2.93429769e-06
   5.50707274e-05 8.92012948e-05]
  [3.59395428e-05 6.37380004e-05 5.64205022e-05 ... 3.47641085e-05
   3.15133713e-05 9.63106577e-06]]]","[[0. 0. 0. ... 0. 0. 0.]
 [0. 0. 0. ... 0. 0. 0.]
 [0. 0. 0. ... 0. 0. 0.]
 ...
 [0. 0. 0. ... 0. 0. 0.]
 [0. 0. 0. ... 0. 0. 0.]
 [0. 0. 0. ... 0. 0. 0.]]","[[0. 0. 0. ... 0. 0. 0.]
 [0. 0. 0. ... 0. 0. 0.]
 [0. 0. 0. ... 0. 0. 0.]
 ...
 [0. 0. 0. ... 0. 0. 0.]
 [0. 0. 0. ... 0. 0. 0.]
 [0. 0. 0. ... 0. 0. 0.]]",0.5768140572468506,0.4567416214385159
422,6,20.0,25.0,0.05,1e-05,0.02,0.4000000000000001,18.612617492988186,0.5751109489535308,0.682154150042546,"[[[1.0009124 1.0000356 1.0000834 ... 0.9997642 0.9997159 0.9997083]
  [1.0000829 1.0001645 1.0003701 ... 1.0003848 1.0002815 0.9998947]
  [1.0001276 1.000137  0.9998538 ... 1.000292  1.0001965 1.0001581]
  ...
  [1.000564  1.0003282 1.0000207 ... 0.9994286 1.0003785 0.9998976]
  [0.9999945 1.0005206 0.999761  ... 1.0001037 1.0008446 0.9992366]
  [0.9999469 0.99931   0.9999157 ... 0.9999459 0.9999538 0.9997251]]

 [[0.9996266 1.0005374 1.0001259 ... 1.0000612 0.9997869 0.999707 ]
  [1.0000114 0.9998779 0.9997415 ... 1.0001523 1.0003358 1.0003192]
  [1.000101  0.9998184 0.9998544 ... 0.9998856 1.0001425 0.9999942]
  ...
  [0.9998434 0.9999205 1.0005182 ... 0.9998118 0.9997498 1.0000064]
  [0.999857  1.0004286 1.000349  ... 0.9996348 1.000166  0.9997521]
  [1.0001239 0.9997886 0.9994709 ... 0.9997534 1.0003324 1.0002583]]]","[[[0.00000000e+00 1.08625751e-04 2.99818670e-05 ... 6.29408312e-05
   1.15733489e-05 0.00000000e+00]
  [7.87958967e-06 0.00000000e+00 0.00000000e+00 ... 4.41613265e-06
   4.14234022e-05 8.19668423e-05]
  [1.05682403e-05 0.00000000e+00 0.00000000e+00 ... 0.00000000e+00
   1.58299445e-05 0.00000000e+00]
  ...
  [0.00000000e+00 0.00000000e+00 9.99696093e-05 ... 6.68497589e-05
   0.00000000e+00 4.16350893e-05]
  [0.00000000e+00 3.19912846e-05 1.00311691e-04 ... 0.00000000e+00
   0.00000000e+00 6.67901949e-05]
  [4.62183698e-05 5.58879195e-05 0.00000000e+00 ... 0.00000000e+00
   8.72261810e-05 9.57010531e-05]]

 [[1.59541346e-04 0.00000000e+00 0.00000000e+00 ... 0.00000000e+00
   0.00000000e+00 0.00000000e+00]
  [0.00000000e+00 2.04345252e-05 7.40631641e-05 ... 0.00000000e+00
   0.00000000e+00 0.00000000e+00]
  [0.00000000e+00 3.67694700e-05 0.00000000e+00 ... 2.84164974e-05
   0.00000000e+00 9.66308859e-06]
  ...
  [6.18467979e-05 2.45667895e-05 0.00000000e+00 ... 0.00000000e+00
   4.17183392e-05 0.00000000e+00]
  [0.00000000e+00 0.00000000e+00 0.00000000e+00 ... 2.82084833e-05
   2.46043669e-05 0.00000000e+00]
  [0.00000000e+00 0.00000000e+00 6.91634250e-05 ... 0.00000000e+00
   0.00000000e+00 0.00000000e+00]]]","[[0. 0. 0. ... 0. 0. 0.]
 [0. 0. 0. ... 0. 0. 0.]
 [0. 0. 0. ... 0. 0. 0.]
 ...
 [0. 0. 0. ... 0. 0. 0.]
 [0. 0. 0. ... 0. 0. 0.]
 [0. 0. 0. ... 0. 0. 0.]]","[[0. 0. 0. ... 0. 0. 0.]
 [0. 0. 0. ... 0. 0. 0.]
 [0. 0. 0. ... 0. 0. 0.]
 ...
 [0. 0. 0. ... 0. 0. 0.]
 [0. 0. 0. ... 0. 0. 0.]
 [0. 0. 0. ... 0. 0. 0.]]",0.5805893996892184,0.5061152789786432
422,6,20.0,25.0,0.05,1e-05,0.03,0.4000000000000001,25.254116489246186,0.5751109489535309,0.7203501379446647,"[[[0.9996631 1.0004996 1.0002135 ... 0.9997369 0.999716  0.9999909]
  [0.9997822 1.000165  0.9994491 ... 1.000152  1.0001458 1.000319 ]
  [1.0000803 0.999935  0.9993895 ... 0.9998854 0.9999195 1.0001109]
  ...
  [0.9998428 0.9999214 1.0005175 ... 1.0002518 1.000166  1.0001669]
  [0.9998565 1.000428  1.0001051 ... 1.0004597 0.9997167 0.9982738]
  [1.0001234 0.9997879 0.999916  ... 0.9999467 1.0000458 1.000426 ]]

 [[0.9996631 1.0004996 1.0002136 ... 0.9997375 0.9997163 0.9999911]
  [0.9997823 1.000165  0.9994491 ... 1.0001525 1.000146  1.0003192]
  [1.0000806 0.9999351 0.9998542 ... 0.9998856 0.9999195 1.0001113]
  ...
  [0.9998434 0.9999218 1.000518  ... 1.0002519 1.0001657 1.0001668]
  [0.999857  1.0004283 1.0001053 ... 1.0004596 0.9997164 0.9992368]
  [1.000124  0.9997885 0.9999165 ... 0.9999465 1.0000457 1.0004265]]]","[[[0.00000000e+00 0.00000000e+00 0.00000000e+00 ... 0.00000000e+00
   0.00000000e+00 0.00000000e+00]
  [0.00000000e+00 0.00000000e+00 0.00000000e+00 ... 0.00000000e+00
   0.00000000e+00 0.00000000e+00]
  [0.00000000e+00 0.00000000e+00 1.33281967e-05 ... 0.00000000e+00
   0.00000000e+00 0.00000000e+00]
  ...
  [0.00000000e+00 0.00000000e+00 0.00000000e+00 ... 0.00000000e+00
   0.00000000e+00 0.00000000e+00]
  [0.00000000e+00 0.00000000e+00 0.00000000e+00 ... 3.77199924e-06
   0.00000000e+00 2.85251613e-05]
  [0.00000000e+00 0.00000000e+00 0.00000000e+00 ... 0.00000000e+00
   0.00000000e+00 0.00000000e+00]]

 [[7.89398117e-05 2.41037731e-05 4.52318400e-05 ... 5.04134029e-05
   6.24579677e-05 5.12689125e-05]
  [7.02109398e-05 4.42126122e-05 9.30707463e-05 ... 2.23155263e-05
   3.42009013e-05 2.97128994e-05]
  [5.18014237e-05 6.11240826e-05 2.49187283e-06 ... 4.29996715e-05
   5.35818075e-05 4.85945729e-05]
  ...
  [7.37656115e-05 7.15636789e-05 3.23082908e-05 ... 2.55148440e-05
   4.07931480e-05 4.85829054e-05]
  [7.15114006e-05 3.40726275e-05 6.10457516e-05 ... 1.03076131e-05
   7.07431966e-05 0.00000000e+00]
  [4.96589778e-05 7.68756379e-05 7.03663818e-05 ... 4.13382412e-05
   4.22584998e-05 2.49975231e-05]]]","[[0. 0. 0. ... 0. 0. 0.]
 [0. 0. 0. ... 0. 0. 0.]
 [0. 0. 0. ... 0. 0. 0.]
 ...
 [0. 0. 0. ... 0. 0. 0.]
 [0. 0. 0. ... 0. 0. 0.]
 [0. 0. 0. ... 0. 0. 0.]]","[[0. 0. 0. ... 0. 0. 0.]
 [0. 0. 0. ... 0. 0. 0.]
 [0. 0. 0. ... 0. 0. 0.]
 ...
 [0. 0. 0. ... 0. 0. 0.]
 [0. 0. 0. ... 0. 0. 0.]
 [0. 0. 0. ... 0. 0. 0.]]",0.5645633983632312,0.5879199187649042
422,6,20.0,25.0,0.0,1e-05,0.01,0.5000000000000001,4.547889046198754,0.7006977014162991,0.6688307474066207,"[[[0.9996266 1.0005372 1.0001255 ... 1.0000606 0.9997862 0.9997061]
  [1.0000113 0.9998777 0.9997408 ... 1.0001518 1.0003351 1.0003184]
  [1.0001009 0.9998181 0.9993893 ... 1.0002918 1.0001417 0.9999933]
  ...
  [0.9998428 0.9999199 1.0005174 ... 0.9998115 0.9997494 1.0000058]
  [0.9998566 1.000428  1.0003482 ... 0.9996344 1.0001655 0.9997511]
  [1.0001235 0.9997879 0.9994702 ... 0.9997526 1.0003316 1.0002574]]

 [[0.9996266 1.0005372 1.0001258 ... 1.0000607 0.9997864 0.9997066]
  [1.0000111 0.9998775 0.9997409 ... 1.0001518 1.0003353 1.0003188]
  [1.0001009 0.999818  0.9993894 ... 1.0002918 1.0001419 0.9999938]
  ...
  [0.9998428 0.9999198 1.0005174 ... 0.9998116 0.9997497 1.0000064]
  [0.9998565 1.0004278 1.0003484 ... 0.9996346 1.0001659 0.9997518]
  [1.0001237 0.9997881 0.9994708 ... 0.9997534 1.0003324 1.0002583]]]","[[[5.32135394e-04 0.00000000e+00 0.00000000e+00 ... 0.00000000e+00
   3.04152919e-04 4.17330248e-04]
  [0.00000000e+00 1.74760583e-04 3.69043273e-04 ... 0.00000000e+00
   0.00000000e+00 0.00000000e+00]
  [0.00000000e+00 2.59367428e-04 8.70049516e-04 ... 0.00000000e+00
   0.00000000e+00 8.19303153e-06]
  ...
  [2.23955057e-04 1.14464603e-04 0.00000000e+00 ... 2.68300915e-04
   3.56233302e-04 0.00000000e+00]
  [2.04663473e-04 0.00000000e+00 0.00000000e+00 ... 5.20346504e-04
   0.00000000e+00 3.52703149e-04]
  [0.00000000e+00 3.01689155e-04 7.53429651e-04 ... 3.50249478e-04
   0.00000000e+00 0.00000000e+00]]

 [[0.00000000e+00 1.28755182e-03 3.02067037e-04 ... 1.45753338e-04
   0.00000000e+00 0.00000000e+00]
  [2.60452875e-05 0.00000000e+00 0.00000000e+00 ... 3.63822518e-04
   8.04414787e-04 7.64970264e-04]
  [2.41793806e-04 0.00000000e+00 0.00000000e+00 ... 6.99582282e-04
   3.40373925e-04 0.00000000e+00]
  ...
  [0.00000000e+00 0.00000000e+00 1.24013093e-03 ... 0.00000000e+00
   0.00000000e+00 1.67949169e-05]
  [0.00000000e+00 1.02531240e-03 8.35844227e-04 ... 0.00000000e+00
   3.98917785e-04 0.00000000e+00]
  [2.97210098e-04 0.00000000e+00 0.00000000e+00 ... 0.00000000e+00
   7.98360144e-04 6.21462307e-04]]]","[[0. 0. 0. ... 0. 0. 0.]
 [0. 0. 0. ... 0. 0. 0.]
 [0. 0. 0. ... 0. 0. 0.]
 ...
 [0. 0. 0. ... 0. 0. 0.]
 [0. 0. 0. ... 0. 0. 0.]
 [0. 0. 0. ... 0. 0. 0.]]","[[0. 0. 0. ... 0. 0. 0.]
 [0. 0. 0. ... 0. 0. 0.]
 [0. 0. 0. ... 0. 0. 0.]
 ...
 [0. 0. 0. ... 0. 0. 0.]
 [0. 0. 0. ... 0. 0. 0.]
 [0. 0. 0. ... 0. 0. 0.]]",0.26934084589328106,0.14342515303397615
422,6,20.0,25.0,0.0,1e-05,0.02,0.5000000000000001,2.9598211468915734,0.7006977014162991,0.6799583026739963,"[[[0.9996631 1.0004996 1.0002135 ... 0.9997371 0.9997161 0.9999908]
  [0.9997823 1.000165  0.999449  ... 1.000152  1.0001458 1.0003189]
  [1.0000805 0.9999351 0.9993896 ... 1.000292  0.9999194 1.0001107]
  ...
  [0.9998433 0.9999218 1.0005178 ... 1.0002515 1.0001659 1.0001667]
  [0.999857  1.0004286 1.0001053 ... 1.0004593 0.9997163 0.9992364]
  [1.0001236 0.9997882 0.9999162 ... 0.9999459 1.0000452 1.0004258]]

 [[0.9996266 1.0005372 1.0001259 ... 1.0000608 0.9997865 0.9997067]
  [1.0000114 0.9998779 0.9997415 ... 1.0001518 1.0003355 1.0003189]
  [1.0001009 0.9998183 0.9998544 ... 1.0002918 1.000142  0.9999938]
  ...
  [0.9998428 0.9999199 1.0005177 ... 0.9998118 0.9997501 1.0000066]
  [0.9998564 1.0004278 1.0003484 ... 1.0004593 1.000166  0.9997517]
  [0.9991356 0.9997878 0.9994704 ... 0.9997531 1.0003321 1.000258 ]]]","[[[5.80863757e-04 0.00000000e+00 0.00000000e+00 ... 0.00000000e+00
   2.10230689e-04 7.97100431e-04]
  [0.00000000e+00 5.56896988e-04 0.00000000e+00 ... 0.00000000e+00
   0.00000000e+00 0.00000000e+00]
  [0.00000000e+00 4.14639633e-04 0.00000000e+00 ... 0.00000000e+00
   0.00000000e+00 1.64820780e-04]
  ...
  [2.24549875e-04 1.16639376e-04 0.00000000e+00 ... 8.54767220e-04
   9.10992006e-04 2.04214999e-04]
  [2.05342499e-04 0.00000000e+00 0.00000000e+00 ... 0.00000000e+00
   0.00000000e+00 0.00000000e+00]
  [2.55083030e-03 3.02867921e-04 1.34968693e-03 ... 6.08991649e-04
   0.00000000e+00 0.00000000e+00]]

 [[0.00000000e+00 1.37299933e-03 1.02602736e-04 ... 8.82280706e-04
   0.00000000e+00 0.00000000e+00]
  [5.48766363e-04 0.00000000e+00 4.57963584e-05 ... 3.63346968e-04
   1.23556060e-03 7.64515638e-04]
  [2.88233460e-04 0.00000000e+00 7.08630690e-04 ... 6.99374551e-04
   8.46717395e-04 0.00000000e+00]
  ...
  [0.00000000e+00 0.00000000e+00 1.24078806e-03 ... 0.00000000e+00
   0.00000000e+00 0.00000000e+00]
  [0.00000000e+00 1.02402797e-03 1.38843916e-03 ... 1.10106745e-03
   1.42137957e-03 5.77385634e-04]
  [0.00000000e+00 0.00000000e+00 0.00000000e+00 ... 0.00000000e+00
   1.44881662e-03 2.36821722e-04]]]","[[0. 0. 0. ... 0. 0. 0.]
 [0. 0. 0. ... 0. 0. 0.]
 [0. 0. 0. ... 0. 0. 0.]
 ...
 [0. 0. 0. ... 0. 0. 0.]
 [0. 0. 0. ... 0. 0. 0.]
 [0. 0. 0. ... 0. 0. 0.]]","[[0. 0. 0. ... 0. 0. 0.]
 [0. 0. 0. ... 0. 0. 0.]
 [0. 0. 0. ... 0. 0. 0.]
 ...
 [0. 0. 0. ... 0. 0. 0.]
 [0. 0. 0. ... 0. 0. 0.]
 [0. 0. 0. ... 0. 0. 0.]]",0.30050639427033576,0.15441769798495544
422,6,20.0,25.0,0.0,1e-05,0.03,0.5000000000000001,0.022308093931353114,0.7006977014162992,0.7005413891148924,"[[[0.9996266 1.0005372 1.0001256 ... 1.0000607 0.9997862 0.9997063]
  [1.0000113 0.9998777 0.9997408 ... 1.0001515 1.0003349 1.0003183]
  [1.000101  0.9998181 0.9993893 ... 1.0009694 1.0001415 0.9999932]
  ...
  [0.9998428 0.9999196 0.9998859 ... 0.9998116 0.9997493 1.0000058]
  [0.9998564 1.0004277 1.0003479 ... 0.9996344 1.0001653 0.9997512]
  [0.9991356 0.9997876 0.9994699 ... 0.9997529 1.0003315 1.0002574]]

 [[0.9996631 1.0004996 1.0002135 ... 0.9997372 0.9997163 0.9999911]
  [0.999782  1.0005574 0.999449  ... 1.0001521 1.0001458 1.000319 ]
  [1.0000802 0.9999349 0.9998542 ... 0.9998854 0.9999197 1.0001111]
  ...
  [0.9998428 0.9999214 1.0005177 ... 1.0002515 1.0001657 1.0001669]
  [0.9998564 1.0004281 1.0001053 ... 1.0004592 0.9993186 1.0001082]
  [1.0001236 0.9997882 0.9999163 ... 0.9999462 1.0000454 1.000426 ]]]","[[[4.31382347e-04 0.00000000e+00 0.00000000e+00 ... 8.06204869e-04
   4.97679150e-04 0.00000000e+00]
  [6.16672303e-04 0.00000000e+00 1.17479269e-03 ... 0.00000000e+00
   4.45851958e-05 0.00000000e+00]
  [0.00000000e+00 0.00000000e+00 0.00000000e+00 ... 1.60919972e-03
   4.10402195e-04 0.00000000e+00]
  ...
  [2.24036372e-04 1.09709774e-04 0.00000000e+00 ... 0.00000000e+00
   0.00000000e+00 0.00000000e+00]
  [2.04673971e-04 0.00000000e+00 1.73734501e-04 ... 0.00000000e+00
   2.10134984e-03 0.00000000e+00]
  [0.00000000e+00 3.01054027e-04 0.00000000e+00 ... 0.00000000e+00
   3.17042333e-04 0.00000000e+00]]

 [[0.00000000e+00 1.11203200e-03 7.11510466e-04 ... 0.00000000e+00
   0.00000000e+00 6.26498483e-04]
  [0.00000000e+00 2.88184689e-03 0.00000000e+00 ... 3.65902490e-04
   0.00000000e+00 7.66202766e-04]
  [1.45010693e-04 1.09571276e-04 7.08248111e-04 ... 0.00000000e+00
   0.00000000e+00 5.34388843e-04]
  ...
  [0.00000000e+00 0.00000000e+00 2.67777011e-03 ... 1.60361267e-03
   1.34437320e-03 7.66300848e-04]
  [0.00000000e+00 1.02681940e-03 0.00000000e+00 ... 2.97675011e-03
   0.00000000e+00 1.07159456e-03]
  [2.54453902e-03 0.00000000e+00 8.15054138e-04 ... 3.10601101e-04
   0.00000000e+00 1.40473444e-03]]]","[[0. 0. 0. ... 0. 0. 0.]
 [0. 0. 0. ... 0. 0. 0.]
 [0. 0. 0. ... 0. 0. 0.]
 ...
 [0. 0. 0. ... 0. 0. 0.]
 [0. 0. 0. ... 0. 0. 0.]
 [0. 0. 0. ... 0. 0. 0.]]","[[0. 0. 0. ... 0. 0. 0.]
 [0. 0. 0. ... 0. 0. 0.]
 [0. 0. 0. ... 0. 0. 0.]
 ...
 [0. 0. 0. ... 0. 0. 0.]
 [0. 0. 0. ... 0. 0. 0.]
 [0. 0. 0. ... 0. 0. 0.]]",0.41211339616795734,0.2706160413211138
422,6,20.0,25.0,0.05,1e-05,0.01,0.5000000000000001,2.6986377001166706,0.7006977014162991,0.7196069937505702,"[[[0.9996266 1.0005372 1.0001258 ... 1.0000608 0.9997865 0.9997063]
  [1.0000113 0.9998777 0.9997411 ... 1.000152  1.0003353 1.0003186]
  [1.000101  0.9998181 0.9993896 ... 1.0009698 1.000142  0.9999937]
  ...
  [0.9990146 0.9999199 1.0005177 ... 0.9998118 0.9997496 1.0000061]
  [0.9998568 1.0004282 1.0003486 ... 1.0004593 1.0001657 0.9997514]
  [1.0001239 0.9997882 0.9994706 ... 0.9997532 1.0003319 1.0002577]]

 [[0.9996631 1.0004994 1.0002135 ... 0.9997368 0.9997158 0.9999908]
  [0.999782  1.000557  0.9994485 ... 1.0001516 1.0001454 1.0003186]
  [1.00008   0.9999345 0.9993891 ... 1.0002916 0.9999191 1.0001107]
  ...
  [0.9998427 0.9999209 1.0005171 ... 1.000251  1.0001653 1.0001667]
  [0.9998564 1.0004278 1.0001047 ... 1.000459  0.9997161 1.0001082]
  [1.0001237 0.9997881 0.9999162 ... 0.9999461 1.0000451 1.000426 ]]]","[[[0.00000000e+00 0.00000000e+00 0.00000000e+00 ... 0.00000000e+00
   0.00000000e+00 0.00000000e+00]
  [0.00000000e+00 5.43891428e-05 0.00000000e+00 ... 0.00000000e+00
   0.00000000e+00 0.00000000e+00]
  [0.00000000e+00 0.00000000e+00 0.00000000e+00 ... 0.00000000e+00
   0.00000000e+00 0.00000000e+00]
  ...
  [1.06418018e-05 0.00000000e+00 0.00000000e+00 ... 8.57352653e-06
   0.00000000e+00 0.00000000e+00]
  [0.00000000e+00 0.00000000e+00 0.00000000e+00 ... 0.00000000e+00
   0.00000000e+00 0.00000000e+00]
  [0.00000000e+00 0.00000000e+00 0.00000000e+00 ... 0.00000000e+00
   0.00000000e+00 0.00000000e+00]]

 [[1.23601112e-04 8.05214132e-05 8.44506044e-05 ... 1.34654438e-04
   1.14772912e-04 6.25168792e-05]
  [1.44360070e-04 0.00000000e+00 1.66131935e-04 ... 6.28956965e-05
   9.78501416e-05 7.11508317e-05]
  [9.23052936e-05 8.13891655e-05 1.16782947e-04 ... 1.42602481e-04
   1.22188098e-04 7.23750771e-05]
  ...
  [2.91723851e-05 1.31595657e-04 9.08971787e-05 ... 2.27493316e-05
   4.21448524e-05 8.74988913e-05]
  [1.30826287e-04 9.13489316e-05 1.50415573e-04 ... 6.11791248e-05
   1.79236251e-04 5.83367679e-05]
  [1.03277775e-04 1.31366139e-04 7.15196999e-05 ... 6.41606791e-05
   1.24925490e-04 5.49816920e-05]]]","[[0. 0. 0. ... 0. 0. 0.]
 [0. 0. 0. ... 0. 0. 0.]
 [0. 0. 0. ... 0. 0. 0.]
 ...
 [0. 0. 0. ... 0. 0. 0.]
 [0. 0. 0. ... 0. 0. 0.]
 [0. 0. 0. ... 0. 0. 0.]]","[[0. 0. 0. ... 0. 0. 0.]
 [0. 0. 0. ... 0. 0. 0.]
 [0. 0. 0. ... 0. 0. 0.]
 ...
 [0. 0. 0. ... 0. 0. 0.]
 [0. 0. 0. ... 0. 0. 0.]
 [0. 0. 0. ... 0. 0. 0.]]",0.5732458680176267,0.4983685140514836
422,6,20.0,25.0,0.05,1e-05,0.02,0.5000000000000001,10.675520145461231,0.7006977014162991,0.7755008256897798,"[[[0.9996631 1.0004995 1.0002135 ... 0.9997368 0.9997158 0.9999907]
  [0.9997822 1.000165  0.999449  ... 1.0001519 1.0001457 1.0003186]
  [1.0000803 0.9999348 0.9993894 ... 1.0002918 0.9999195 1.0001109]
  ...
  [0.9998431 0.9999215 1.0005177 ... 1.0002513 1.0001655 1.0001665]
  [0.9998566 1.0004282 1.0001051 ... 1.0004591 0.9997164 0.9992366]
  [1.0001233 0.9997877 0.9999158 ... 1.000525  1.000045  1.0004258]]

 [[0.9996631 1.0004991 1.0002129 ... 0.9997366 0.999737  0.9999904]
  [0.9997821 1.000557  0.9994485 ... 1.0001515 1.0001451 1.000318 ]
  [1.0000803 0.9999345 0.9993893 ... 0.9998846 0.9999188 1.0001101]
  ...
  [0.9998428 0.9999209 1.000517  ... 1.0002512 1.0001651 1.000166 ]
  [0.9998562 1.0004275 1.0001045 ... 1.0004588 0.9997157 0.999236 ]
  [1.000123  0.9997873 0.9999156 ... 0.9999455 1.0000447 1.0004253]]]","[[[0.00000000e+00 0.00000000e+00 0.00000000e+00 ... 0.00000000e+00
   0.00000000e+00 0.00000000e+00]
  [0.00000000e+00 4.34081538e-05 0.00000000e+00 ... 1.14691760e-06
   0.00000000e+00 0.00000000e+00]
  [0.00000000e+00 0.00000000e+00 0.00000000e+00 ... 0.00000000e+00
   0.00000000e+00 0.00000000e+00]
  ...
  [0.00000000e+00 0.00000000e+00 0.00000000e+00 ... 0.00000000e+00
   0.00000000e+00 0.00000000e+00]
  [0.00000000e+00 0.00000000e+00 0.00000000e+00 ... 8.84835404e-06
   0.00000000e+00 0.00000000e+00]
  [0.00000000e+00 0.00000000e+00 0.00000000e+00 ... 0.00000000e+00
   0.00000000e+00 0.00000000e+00]]

 [[7.95602969e-05 3.14192684e-05 5.38740584e-05 ... 3.34398319e-05
   4.66366576e-05 4.57834877e-05]
  [7.21284907e-05 0.00000000e+00 9.80147271e-05 ... 3.75107193e-06
   2.19556547e-05 2.33794766e-05]
  [5.13484476e-05 6.26976544e-05 9.41558676e-05 ... 7.40948839e-05
   3.96801744e-05 4.22916363e-05]
  ...
  [8.09953055e-05 8.66260441e-05 5.48891059e-05 ... 2.72765749e-05
   4.06147299e-05 4.82884049e-05]
  [7.14360664e-05 4.44185106e-05 7.65508664e-05 ... 2.00966914e-06
   6.13474312e-05 1.02612629e-04]
  [4.93918780e-05 8.35607480e-05 8.12143544e-05 ... 1.00260129e-04
   2.98938900e-05 1.68027125e-05]]]","[[0. 0. 0. ... 0. 0. 0.]
 [0. 0. 0. ... 0. 0. 0.]
 [0. 0. 0. ... 0. 0. 0.]
 ...
 [0. 0. 0. ... 0. 0. 0.]
 [0. 0. 0. ... 0. 0. 0.]
 [0. 0. 0. ... 0. 0. 0.]]","[[0. 0. 0. ... 0. 0. 0.]
 [0. 0. 0. ... 0. 0. 0.]
 [0. 0. 0. ... 0. 0. 0.]
 ...
 [0. 0. 0. ... 0. 0. 0.]
 [0. 0. 0. ... 0. 0. 0.]
 [0. 0. 0. ... 0. 0. 0.]]",0.5811441554471928,0.5608055916366653
422,6,20.0,25.0,0.05,1e-05,0.03,0.5000000000000001,16.457916204506226,0.7006977014162992,0.8160179419622949,"[[[0.9996631 1.0004996 1.0002137 ... 0.9997368 0.9997158 0.9999908]
  [0.9997822 1.000165  0.9994491 ... 1.0001518 1.0001456 1.0003189]
  [1.0000803 0.9999348 0.9993895 ... 0.999885  0.9999193 1.000111 ]
  ...
  [0.9998429 0.999921  1.0005172 ... 1.0002515 1.0001656 1.0001669]
  [0.9998562 1.0004276 1.0001047 ... 1.0004593 0.9997163 0.9992368]
  [1.000123  0.9997875 0.9999156 ... 0.999946  1.000045  1.000426 ]]

 [[0.9996631 1.0004997 1.0002135 ... 0.9997371 0.9997163 0.9999911]
  [0.9997823 1.0005575 0.9994491 ... 1.000152  1.0001458 1.0003188]
  [1.0000806 0.9999353 0.99939   ... 1.0002924 0.9999198 1.0001113]
  ...
  [0.9998433 0.9999217 1.0005177 ... 1.0002515 1.0001657 1.0001667]
  [0.9998567 1.0004283 1.0001053 ... 1.0004592 0.9997163 0.9992366]
  [1.0001236 0.9997882 0.9999163 ... 0.9999459 1.0000454 1.0004259]]]","[[[0.00000000e+00 0.00000000e+00 0.00000000e+00 ... 0.00000000e+00
   0.00000000e+00 0.00000000e+00]
  [0.00000000e+00 4.90812665e-05 0.00000000e+00 ... 0.00000000e+00
   0.00000000e+00 0.00000000e+00]
  [0.00000000e+00 0.00000000e+00 0.00000000e+00 ... 4.05564574e-05
   0.00000000e+00 0.00000000e+00]
  ...
  [0.00000000e+00 0.00000000e+00 0.00000000e+00 ... 0.00000000e+00
   0.00000000e+00 0.00000000e+00]
  [0.00000000e+00 0.00000000e+00 0.00000000e+00 ... 3.53538694e-06
   0.00000000e+00 0.00000000e+00]
  [0.00000000e+00 0.00000000e+00 0.00000000e+00 ... 0.00000000e+00
   0.00000000e+00 0.00000000e+00]]

 [[7.48316063e-05 2.10463727e-05 3.91143195e-05 ... 5.10941678e-05
   6.07032277e-05 4.77713576e-05]
  [6.78761505e-05 0.00000000e+00 8.47198163e-05 ... 2.72702936e-05
   3.44311596e-05 2.61086369e-05]
  [4.58662567e-05 5.27044956e-05 8.16516881e-05 ... 0.00000000e+00
   5.48886164e-05 4.38004031e-05]
  ...
  [6.79771629e-05 6.67106146e-05 2.70947943e-05 ... 2.80106757e-05
   3.84376134e-05 4.12652550e-05]
  [6.15711208e-05 2.82717019e-05 5.45627105e-05 ... 1.06057291e-05
   6.39088249e-05 9.91099884e-05]
  [4.24988723e-05 7.07131852e-05 6.34025251e-05 ... 4.12797432e-05
   3.78221165e-05 1.61224781e-05]]]","[[0. 0. 0. ... 0. 0. 0.]
 [0. 0. 0. ... 0. 0. 0.]
 [0. 0. 0. ... 0. 0. 0.]
 ...
 [0. 0. 0. ... 0. 0. 0.]
 [0. 0. 0. ... 0. 0. 0.]
 [0. 0. 0. ... 0. 0. 0.]]","[[0. 0. 0. ... 0. 0. 0.]
 [0. 0. 0. ... 0. 0. 0.]
 [0. 0. 0. ... 0. 0. 0.]
 ...
 [0. 0. 0. ... 0. 0. 0.]
 [0. 0. 0. ... 0. 0. 0.]
 [0. 0. 0. ... 0. 0. 0.]]",0.5563536882152126,0.659446187098316
422,6,20.0,25.0,0.0,1e-05,0.01,0.6000000000000001,6.826407381837501,0.7948329961192743,0.740574457798908,"[[[0.9996266 1.0005374 1.0001256 ... 1.0000609 0.9997863 0.9997067]
  [1.0000112 0.9998778 0.9997409 ... 1.000152  1.0003352 1.0003189]
  [1.0001009 0.9998183 0.9993894 ... 1.0009698 1.0001419 0.9999937]
  ...
  [0.9998428 0.99992   1.0005175 ... 0.9998117 0.9997495 1.0000063]
  [0.9998566 1.0004282 1.0003484 ... 1.0004593 1.0001657 0.9997515]
  [1.0001233 0.9997878 0.9994702 ... 0.9997529 1.0003316 1.0002576]]

 [[0.9996266 1.0005373 1.0001256 ... 1.0000609 0.9997863 0.9997063]
  [1.0000112 0.9998777 0.9997408 ... 1.0001518 1.0003351 1.0003186]
  [1.0001009 0.9998181 0.9993891 ... 1.0002918 1.0001417 0.9999933]
  ...
  [0.9990144 0.9999199 0.999886  ... 0.9998114 0.9997495 1.0000061]
  [0.9998565 1.0004278 1.0003481 ... 1.000459  1.0001656 0.9997514]
  [0.9991356 0.9997878 0.99947   ... 0.9997528 1.0003318 1.0002576]]]","[[[5.32119356e-04 0.00000000e+00 0.00000000e+00 ... 0.00000000e+00
   3.04458030e-04 4.18931444e-04]
  [0.00000000e+00 1.74408570e-04 3.69514781e-04 ... 0.00000000e+00
   0.00000000e+00 0.00000000e+00]
  [0.00000000e+00 2.59502949e-04 8.71016134e-04 ... 4.88270068e-04
   0.00000000e+00 9.96413347e-06]
  ...
  [2.51098348e-03 1.14275305e-04 1.00490324e-03 ... 2.69096756e-04
   3.56952272e-04 0.00000000e+00]
  [2.04645235e-04 0.00000000e+00 0.00000000e+00 ... 0.00000000e+00
   0.00000000e+00 3.54394703e-04]
  [2.55037624e-03 3.02334690e-04 7.55549628e-04 ... 3.52275266e-04
   0.00000000e+00 0.00000000e+00]]

 [[0.00000000e+00 1.28759406e-03 3.01267825e-04 ... 1.46088186e-04
   0.00000000e+00 0.00000000e+00]
  [2.69047408e-05 0.00000000e+00 0.00000000e+00 ... 3.63315629e-04
   8.03064458e-04 7.63361865e-04]
  [2.41828991e-04 0.00000000e+00 0.00000000e+00 ... 0.00000000e+00
   3.39581956e-04 0.00000000e+00]
  ...
  [0.00000000e+00 0.00000000e+00 0.00000000e+00 ... 0.00000000e+00
   0.00000000e+00 1.40734284e-05]
  [0.00000000e+00 1.02480399e-03 8.33665572e-04 ... 1.09936349e-03
   3.96729821e-04 0.00000000e+00]
  [0.00000000e+00 0.00000000e+00 0.00000000e+00 ... 0.00000000e+00
   7.95601818e-04 6.17606100e-04]]]","[[0. 0. 0. ... 0. 0. 0.]
 [0. 0. 0. ... 0. 0. 0.]
 [0. 0. 0. ... 0. 0. 0.]
 ...
 [0. 0. 0. ... 0. 0. 0.]
 [0. 0. 0. ... 0. 0. 0.]
 [0. 0. 0. ... 0. 0. 0.]]","[[0. 0. 0. ... 0. 0. 0.]
 [0. 0. 0. ... 0. 0. 0.]
 [0. 0. 0. ... 0. 0. 0.]
 ...
 [0. 0. 0. ... 0. 0. 0.]
 [0. 0. 0. ... 0. 0. 0.]
 [0. 0. 0. ... 0. 0. 0.]]",0.2607232321881169,0.15245168986735325
422,6,20.0,25.0,0.0,1e-05,0.02,0.6000000000000001,6.256371432464195,0.7948329961192743,0.7451052916142687,"[[[0.9996266 1.0005372 1.0001255 ... 1.0000608 0.9997863 0.9997064]
  [1.0000112 0.9998777 0.9997408 ... 1.0001518 1.0003351 1.0003186]
  [1.0001009 0.9998178 0.9993891 ... 1.0009694 1.0001415 0.9999935]
  ...
  [0.9990144 0.9999196 0.9998859 ... 0.9998113 0.9997492 1.0000061]
  [0.9998566 1.000428  1.0003482 ... 0.9996344 1.0001656 0.9997514]
  [1.0001235 0.9997878 0.99947   ... 0.9997529 1.0003318 1.0002576]]

 [[0.9996631 1.0004994 1.000213  ... 0.999737  0.999737  0.9999905]
  [0.9997821 1.0001647 0.9994485 ... 1.0001518 1.0001454 1.0003184]
  [1.0000803 0.9999347 0.999389  ... 0.9998848 0.9999191 1.0001104]
  ...
  [0.999843  0.9999213 1.0005172 ... 1.0002512 1.0001651 1.0001662]
  [0.9998567 1.0004281 1.0001049 ... 1.000459  0.9993182 0.999236 ]
  [1.0001236 0.999788  0.9999159 ... 0.9999458 1.000045  1.0004256]]]","[[[4.31260651e-04 0.00000000e+00 0.00000000e+00 ... 8.06746498e-04
   4.40480713e-04 0.00000000e+00]
  [6.16223529e-04 0.00000000e+00 1.17614488e-03 ... 0.00000000e+00
   4.57712457e-05 0.00000000e+00]
  [0.00000000e+00 0.00000000e+00 8.70930706e-04 ... 1.61072954e-03
   4.11924581e-04 0.00000000e+00]
  ...
  [0.00000000e+00 1.09759609e-04 0.00000000e+00 ... 0.00000000e+00
   0.00000000e+00 0.00000000e+00]
  [2.03977296e-04 0.00000000e+00 1.75074846e-04 ... 0.00000000e+00
   2.10271695e-03 1.77697825e-03]
  [0.00000000e+00 3.01826195e-04 0.00000000e+00 ... 0.00000000e+00
   3.18567874e-04 0.00000000e+00]]

 [[0.00000000e+00 1.11113245e-03 7.09775551e-04 ... 0.00000000e+00
   0.00000000e+00 6.23772463e-04]
  [0.00000000e+00 1.04800144e-03 0.00000000e+00 ... 3.63885738e-04
   0.00000000e+00 7.62814402e-04]
  [1.46058820e-04 1.09349950e-04 0.00000000e+00 ... 0.00000000e+00
   0.00000000e+00 5.30590687e-04]
  ...
  [1.50960812e-03 0.00000000e+00 2.67574212e-03 ... 1.60278827e-03
   1.34203569e-03 7.62602541e-04]
  [0.00000000e+00 1.02648492e-03 0.00000000e+00 ... 2.97580588e-03
   0.00000000e+00 0.00000000e+00]
  [2.96699280e-04 0.00000000e+00 8.13051466e-04 ... 3.09108185e-04
   0.00000000e+00 1.40215485e-03]]]","[[0. 0. 0. ... 0. 0. 0.]
 [0. 0. 0. ... 0. 0. 0.]
 [0. 0. 0. ... 0. 0. 0.]
 ...
 [0. 0. 0. ... 0. 0. 0.]
 [0. 0. 0. ... 0. 0. 0.]
 [0. 0. 0. ... 0. 0. 0.]]","[[0. 0. 0. ... 0. 0. 0.]
 [0. 0. 0. ... 0. 0. 0.]
 [0. 0. 0. ... 0. 0. 0.]
 ...
 [0. 0. 0. ... 0. 0. 0.]
 [0. 0. 0. ... 0. 0. 0.]
 [0. 0. 0. ... 0. 0. 0.]]",0.29073354276039615,0.14942783119693723
422,6,20.0,25.0,0.0,1e-05,0.03,0.6000000000000001,1.0607299807371124,0.7948329961192744,0.8032640280059026,"[[[0.9996266 1.0005373 1.0001258 ... 1.0000607 0.9997864 0.9997066]
  [1.0000113 0.9998777 0.999741  ... 1.0001518 1.0003351 1.0003188]
  [1.0001009 0.9998181 0.9993895 ... 1.0002918 1.0001417 0.9999936]
  ...
  [0.9990146 0.9999201 1.0005176 ... 0.9998121 0.9997499 1.0000067]
  [0.9998566 1.000428  1.0003483 ... 1.0004593 1.0001659 0.9997518]
  [0.9991356 0.9997878 0.9994703 ... 0.9997531 1.0003319 1.000258 ]]

 [[0.9996266 1.0005375 1.0001261 ... 1.000061  0.9997866 0.9997066]
  [1.0000113 0.9998779 0.9997414 ... 1.0001523 1.0003355 1.0003189]
  [1.0001007 0.9998183 0.9998544 ... 1.0009698 1.0001421 0.9999936]
  ...
  [0.999843  0.9999202 1.0005178 ... 0.9998121 0.9997501 1.0000064]
  [0.9998567 1.0004282 1.0003488 ... 1.0004596 1.0001662 0.9997517]
  [1.0001235 0.9997881 0.9994706 ... 0.9997534 1.0003324 1.000258 ]]]","[[[5.32110236e-04 0.00000000e+00 0.00000000e+00 ... 0.00000000e+00
   3.03710386e-04 4.18018641e-04]
  [0.00000000e+00 1.73584674e-04 3.68025702e-04 ... 0.00000000e+00
   0.00000000e+00 0.00000000e+00]
  [0.00000000e+00 2.58520676e-04 0.00000000e+00 ... 0.00000000e+00
   0.00000000e+00 9.06243475e-06]
  ...
  [0.00000000e+00 1.13603967e-04 0.00000000e+00 ... 2.67671125e-04
   3.55857184e-04 0.00000000e+00]
  [2.03977791e-04 0.00000000e+00 0.00000000e+00 ... 0.00000000e+00
   0.00000000e+00 3.53957069e-04]
  [0.00000000e+00 3.01507528e-04 7.54055319e-04 ... 3.50944609e-04
   0.00000000e+00 0.00000000e+00]]

 [[0.00000000e+00 1.28898742e-03 3.03231971e-04 ... 1.47188731e-04
   0.00000000e+00 0.00000000e+00]
  [2.72005934e-05 0.00000000e+00 0.00000000e+00 ... 3.66644310e-04
   8.05007865e-04 7.64752999e-04]
  [2.41277845e-04 0.00000000e+00 7.08731731e-04 ... 3.86522219e-03
   3.41523762e-04 0.00000000e+00]
  ...
  [1.50905734e-03 0.00000000e+00 1.24186792e-03 ... 0.00000000e+00
   0.00000000e+00 1.49403342e-05]
  [0.00000000e+00 1.02702869e-03 8.37297688e-04 ... 1.10216198e-03
   3.98990262e-04 0.00000000e+00]
  [2.54418690e-03 0.00000000e+00 0.00000000e+00 ... 0.00000000e+00
   7.97862216e-04 6.18490520e-04]]]","[[0. 0. 0. ... 0. 0. 0.]
 [0. 0. 0. ... 0. 0. 0.]
 [0. 0. 0. ... 0. 0. 0.]
 ...
 [0. 0. 0. ... 0. 0. 0.]
 [0. 0. 0. ... 0. 0. 0.]
 [0. 0. 0. ... 0. 0. 0.]]","[[0. 0. 0. ... 0. 0. 0.]
 [0. 0. 0. ... 0. 0. 0.]
 [0. 0. 0. ... 0. 0. 0.]
 ...
 [0. 0. 0. ... 0. 0. 0.]
 [0. 0. 0. ... 0. 0. 0.]
 [0. 0. 0. ... 0. 0. 0.]]",0.5287979454641019,0.5918442986160475
422,6,20.0,25.0,0.05,1e-05,0.01,0.6000000000000001,2.179018016877656,0.7948329961192743,0.7775134419297468,"[[[0.9996266 1.0005372 1.0001255 ... 1.0000607 0.9997861 0.9997062]
  [1.0000111 0.9998776 0.9997406 ... 1.0001518 1.0003349 1.0003184]
  [1.0001007 0.9998181 0.9993893 ... 1.0002918 1.0001416 0.9999933]
  ...
  [0.9998424 0.9999196 0.9998858 ... 0.9998112 0.9997492 1.0000058]
  [0.9998564 1.000428  1.0003482 ... 0.9996344 1.0001653 0.9997511]
  [1.0001233 0.9997878 0.9994701 ... 0.9997529 1.0003318 1.0002573]]

 [[0.9996266 1.0005374 1.0001255 ... 1.0000608 0.9997864 0.9997066]
  [1.0000113 0.9998778 0.9997409 ... 1.0001519 1.0003352 1.0003186]
  [1.0001009 0.9998182 0.9993894 ... 1.0009696 1.0001419 0.9999938]
  ...
  [0.999843  0.9999201 1.0005174 ... 0.9998117 0.9997497 1.0000064]
  [0.9998566 1.0004281 1.0003483 ... 1.0004591 1.0001657 0.9997515]
  [1.0001235 0.9997881 0.9994703 ... 0.9997529 1.0003319 1.0002577]]]","[[[0.00000000e+00 4.82439706e-06 0.00000000e+00 ... 0.00000000e+00
   0.00000000e+00 0.00000000e+00]
  [0.00000000e+00 0.00000000e+00 0.00000000e+00 ... 0.00000000e+00
   0.00000000e+00 0.00000000e+00]
  [0.00000000e+00 0.00000000e+00 0.00000000e+00 ... 8.44913548e-05
   0.00000000e+00 0.00000000e+00]
  ...
  [0.00000000e+00 0.00000000e+00 7.11551440e-05 ... 0.00000000e+00
   0.00000000e+00 0.00000000e+00]
  [0.00000000e+00 0.00000000e+00 0.00000000e+00 ... 8.56216751e-05
   0.00000000e+00 0.00000000e+00]
  [0.00000000e+00 0.00000000e+00 0.00000000e+00 ... 0.00000000e+00
   0.00000000e+00 0.00000000e+00]]

 [[8.12096675e-05 1.14209296e-05 3.32181604e-05 ... 6.28582919e-05
   8.29901621e-05 8.19352160e-05]
  [5.72709354e-05 5.62598914e-05 5.62880857e-05 ... 7.18886389e-05
   5.47389445e-05 4.64609059e-05]
  [5.56017019e-05 5.85890971e-05 7.82275067e-05 ... 0.00000000e+00
   7.57772420e-05 7.47302023e-05]
  ...
  [6.30187310e-05 6.15519215e-05 0.00000000e+00 ... 6.95124284e-05
   7.06392493e-05 5.17182882e-05]
  [6.36789871e-05 2.41809227e-05 2.97373596e-05 ... 0.00000000e+00
   5.10723726e-05 7.27960943e-05]
  [4.55810007e-05 6.56475479e-05 8.09452779e-05 ... 8.33900304e-05
   4.16509895e-05 4.13287954e-05]]]","[[0. 0. 0. ... 0. 0. 0.]
 [0. 0. 0. ... 0. 0. 0.]
 [0. 0. 0. ... 0. 0. 0.]
 ...
 [0. 0. 0. ... 0. 0. 0.]
 [0. 0. 0. ... 0. 0. 0.]
 [0. 0. 0. ... 0. 0. 0.]]","[[0. 0. 0. ... 0. 0. 0.]
 [0. 0. 0. ... 0. 0. 0.]
 [0. 0. 0. ... 0. 0. 0.]
 ...
 [0. 0. 0. ... 0. 0. 0.]
 [0. 0. 0. ... 0. 0. 0.]
 [0. 0. 0. ... 0. 0. 0.]]",0.5823882241859093,0.564047965472155
422,6,20.0,25.0,0.05,1e-05,0.02,0.6000000000000001,5.0030183614816535,0.7948329961192743,0.8345986368582363,"[[[0.9996266 1.0005372 1.0001253 ... 1.0000607 0.9997864 0.9997066]
  [1.0000114 0.9998775 0.9997408 ... 1.0001518 1.0003352 1.0003188]
  [1.0001007 0.999818  0.9993894 ... 1.0002918 1.0001417 0.9999936]
  ...
  [0.9990144 0.9999197 1.0005172 ... 0.9998114 0.9997494 1.0000062]
  [0.9998565 1.000428  1.0003484 ... 1.0004591 1.0001656 0.9997515]
  [0.9991356 0.9997876 0.9994702 ... 0.9997528 1.0003318 1.0002576]]

 [[0.9996631 1.0004997 1.0002137 ... 0.9997372 0.9997163 0.9999911]
  [0.999782  1.000165  0.999449  ... 1.0001521 1.000146  1.0003188]
  [1.0000803 0.9999348 0.9993896 ... 0.9998852 0.9999195 1.0001109]
  ...
  [0.9998429 0.9999214 1.0005177 ... 1.0002514 1.0001655 1.0001667]
  [0.9998566 1.0004282 1.0001055 ... 1.0004594 0.9997164 0.9992366]
  [1.0001235 0.9997882 0.9999165 ... 0.9999462 1.0000454 1.000426 ]]]","[[[0.00000000e+00 0.00000000e+00 0.00000000e+00 ... 0.00000000e+00
   0.00000000e+00 0.00000000e+00]
  [0.00000000e+00 7.29558561e-06 0.00000000e+00 ... 0.00000000e+00
   0.00000000e+00 0.00000000e+00]
  [0.00000000e+00 0.00000000e+00 0.00000000e+00 ... 0.00000000e+00
   0.00000000e+00 0.00000000e+00]
  ...
  [2.24924684e-05 0.00000000e+00 0.00000000e+00 ... 1.50995238e-05
   3.74285148e-06 0.00000000e+00]
  [0.00000000e+00 0.00000000e+00 0.00000000e+00 ... 0.00000000e+00
   0.00000000e+00 0.00000000e+00]
  [6.82162340e-05 0.00000000e+00 0.00000000e+00 ... 0.00000000e+00
   0.00000000e+00 0.00000000e+00]]

 [[9.66802948e-05 4.82154986e-05 5.21901176e-05 ... 1.11601450e-04
   8.84592501e-05 3.52818960e-05]
  [1.07934381e-04 1.24745599e-05 1.29078251e-04 ... 3.57071565e-05
   6.77947260e-05 3.90057184e-05]
  [5.40762553e-05 4.17249685e-05 8.19314184e-05 ... 1.04888205e-04
   8.79116128e-05 3.63396705e-05]
  ...
  [9.66850194e-06 1.13617696e-04 7.08769889e-05 ... 1.19992694e-05
   2.61110089e-05 6.48192890e-05]
  [1.05590504e-04 6.95711153e-05 1.25937096e-04 ... 4.52763357e-05
   1.53025238e-04 1.99831395e-04]
  [0.00000000e+00 1.08104872e-04 4.28725877e-05 ... 4.44520067e-05
   9.91012543e-05 2.66400229e-05]]]","[[0. 0. 0. ... 0. 0. 0.]
 [0. 0. 0. ... 0. 0. 0.]
 [0. 0. 0. ... 0. 0. 0.]
 ...
 [0. 0. 0. ... 0. 0. 0.]
 [0. 0. 0. ... 0. 0. 0.]
 [0. 0. 0. ... 0. 0. 0.]]","[[0. 0. 0. ... 0. 0. 0.]
 [0. 0. 0. ... 0. 0. 0.]
 [0. 0. 0. ... 0. 0. 0.]
 ...
 [0. 0. 0. ... 0. 0. 0.]
 [0. 0. 0. ... 0. 0. 0.]
 [0. 0. 0. ... 0. 0. 0.]]",0.5812950578096975,0.6222949724265596
422,6,20.0,25.0,0.05,1e-05,0.03,0.6000000000000001,10.292223769139357,0.7948329961192744,0.8766389866708248,"[[[0.9996631 1.0004994 1.0002136 ... 0.9997367 0.9997158 0.999991 ]
  [0.9997821 1.0005572 0.9994488 ... 1.0001514 1.0001454 1.0003189]
  [1.0000803 0.9999348 0.9993894 ... 1.0002913 0.9999191 1.000111 ]
  ...
  [0.9998428 0.999921  1.0005172 ... 1.0002512 1.0001656 1.0001669]
  [0.9998565 1.0004277 1.0001049 ... 1.000459  0.9997163 0.999237 ]
  [1.0001233 0.9997876 0.9999159 ... 0.9999458 1.0000454 1.0004264]]

 [[0.9996631 1.0004994 1.0002133 ... 0.9997372 0.9997161 0.9999909]
  [0.9997824 1.0005574 0.999449  ... 1.0001521 1.0001457 1.0003189]
  [1.0000805 0.9999348 0.9993895 ... 1.0002918 0.9999193 1.0001109]
  ...
  [0.9998433 0.9999214 1.0005176 ... 1.0002517 1.0001657 1.0001667]
  [0.999857  1.0004281 1.0001051 ... 1.0004593 0.9997164 0.9992368]
  [1.0001237 0.9997879 0.999916  ... 0.9999462 1.0000454 1.0004267]]]","[[[0.00000000e+00 0.00000000e+00 0.00000000e+00 ... 0.00000000e+00
   0.00000000e+00 0.00000000e+00]
  [0.00000000e+00 2.62541673e-06 0.00000000e+00 ... 0.00000000e+00
   0.00000000e+00 0.00000000e+00]
  [0.00000000e+00 0.00000000e+00 0.00000000e+00 ... 0.00000000e+00
   0.00000000e+00 0.00000000e+00]
  ...
  [0.00000000e+00 0.00000000e+00 0.00000000e+00 ... 0.00000000e+00
   0.00000000e+00 0.00000000e+00]
  [0.00000000e+00 0.00000000e+00 0.00000000e+00 ... 0.00000000e+00
   0.00000000e+00 0.00000000e+00]
  [0.00000000e+00 0.00000000e+00 0.00000000e+00 ... 0.00000000e+00
   0.00000000e+00 0.00000000e+00]]

 [[8.23899340e-05 2.68847330e-05 4.68483129e-05 ... 6.60464151e-05
   7.27508303e-05 5.74606591e-05]
  [7.14514435e-05 1.57032876e-05 8.78755658e-05 ... 3.72564481e-05
   4.28615931e-05 3.30046391e-05]
  [4.81616391e-05 5.27884031e-05 8.26016878e-05 ... 2.76884084e-05
   5.97818645e-05 4.83408524e-05]
  ...
  [8.27005728e-05 8.03455744e-05 4.07404178e-05 ... 5.32632127e-05
   5.91989982e-05 5.84633299e-05]
  [7.48387450e-05 4.07086910e-05 6.76434730e-05 ... 3.25615405e-05
   8.21431569e-05 1.14341991e-04]
  [5.34237303e-05 8.09596873e-05 7.45979468e-05 ... 5.94763193e-05
   5.32284971e-05 2.87164024e-05]]]","[[0. 0. 0. ... 0. 0. 0.]
 [0. 0. 0. ... 0. 0. 0.]
 [0. 0. 0. ... 0. 0. 0.]
 ...
 [0. 0. 0. ... 0. 0. 0.]
 [0. 0. 0. ... 0. 0. 0.]
 [0. 0. 0. ... 0. 0. 0.]]","[[0. 0. 0. ... 0. 0. 0.]
 [0. 0. 0. ... 0. 0. 0.]
 [0. 0. 0. ... 0. 0. 0.]
 ...
 [0. 0. 0. ... 0. 0. 0.]
 [0. 0. 0. ... 0. 0. 0.]
 [0. 0. 0. ... 0. 0. 0.]]",0.5484064947914945,0.7436677927785811
422,6,20.0,25.0,0.0,1e-05,0.01,0.7000000000000002,15.381991024849933,0.8533488672924476,0.7220868211148648,"[[[0.9996266 1.0005372 1.0001256 ... 1.0000604 0.9997863 0.9997061]
  [1.0000112 0.9998776 0.9997408 ... 1.0001515 1.0003352 1.0003184]
  [1.0001009 0.9998178 0.9993894 ... 1.0002913 1.0001417 0.9999933]
  ...
  [0.9998427 0.9999196 1.0005174 ... 0.9998115 0.9997496 1.0000062]
  [0.9998564 1.0004276 1.000348  ... 0.9996342 1.0001657 0.9997512]
  [1.0001233 0.9997874 0.9994699 ... 0.9997528 1.0003318 1.0002574]]

 [[0.9996631 1.0004995 1.0002133 ... 0.9997369 0.9997156 0.9999908]
  [0.9997822 1.0005574 0.9994487 ... 1.0001519 1.0001456 1.0003186]
  [1.0000803 0.9999348 0.9993892 ... 0.9998848 0.9999189 1.0001107]
  ...
  [0.9998426 0.9999209 1.000517  ... 1.000251  1.000165  1.0001665]
  [0.9998565 1.0004278 1.0001047 ... 1.000459  0.9997157 0.9992364]
  [1.0001233 0.9997878 0.9999156 ... 0.9999459 1.0000448 1.0004258]]]","[[[4.31314347e-04 0.00000000e+00 0.00000000e+00 ... 8.06656441e-04
   4.99590970e-04 0.00000000e+00]
  [6.15950621e-04 0.00000000e+00 1.17554632e-03 ... 0.00000000e+00
   4.56593256e-05 0.00000000e+00]
  [0.00000000e+00 0.00000000e+00 8.70893339e-04 ... 7.06617198e-04
   4.12960505e-04 0.00000000e+00]
  ...
  [2.24478435e-04 1.10967998e-04 0.00000000e+00 ... 0.00000000e+00
   0.00000000e+00 0.00000000e+00]
  [2.04450953e-04 0.00000000e+00 1.75476774e-04 ... 0.00000000e+00
   1.00565317e-03 1.77563784e-03]
  [0.00000000e+00 3.01821631e-04 0.00000000e+00 ... 0.00000000e+00
   3.18948339e-04 0.00000000e+00]]

 [[0.00000000e+00 1.11159157e-03 7.10516663e-04 ... 0.00000000e+00
   0.00000000e+00 6.25753086e-04]
  [0.00000000e+00 2.88223163e-03 0.00000000e+00 ... 3.64881724e-04
   0.00000000e+00 7.64375686e-04]
  [1.45961062e-04 1.09805944e-04 0.00000000e+00 ... 0.00000000e+00
   0.00000000e+00 5.32567892e-04]
  ...
  [0.00000000e+00 0.00000000e+00 1.23841663e-03 ... 1.60173721e-03
   1.34044340e-03 7.63913244e-04]
  [0.00000000e+00 1.02608013e-03 0.00000000e+00 ... 2.97612991e-03
   0.00000000e+00 0.00000000e+00]
  [2.95480703e-04 0.00000000e+00 8.11825338e-04 ... 3.09434060e-04
   0.00000000e+00 1.40372169e-03]]]","[[0. 0. 0. ... 0. 0. 0.]
 [0. 0. 0. ... 0. 0. 0.]
 [0. 0. 0. ... 0. 0. 0.]
 ...
 [0. 0. 0. ... 0. 0. 0.]
 [0. 0. 0. ... 0. 0. 0.]
 [0. 0. 0. ... 0. 0. 0.]]","[[0. 0. 0. ... 0. 0. 0.]
 [0. 0. 0. ... 0. 0. 0.]
 [0. 0. 0. ... 0. 0. 0.]
 ...
 [0. 0. 0. ... 0. 0. 0.]
 [0. 0. 0. ... 0. 0. 0.]
 [0. 0. 0. ... 0. 0. 0.]]",0.11402335341279705,0.03509190512925143
422,6,20.0,25.0,0.0,1e-05,0.02,0.7000000000000002,7.603851736685392,0.8533488672924476,0.7884614846268457,"[[[0.9996631 1.0004995 1.0002135 ... 0.9997369 0.9997163 0.9999911]
  [0.9997823 1.000165  0.999449  ... 1.0001518 1.000146  1.000319 ]
  [1.0000805 0.999935  0.9998542 ... 1.0002918 0.9999197 1.0001111]
  ...
  [0.9998429 0.9999214 1.0005177 ... 1.0002512 1.0001657 1.0001667]
  [0.9998567 1.0004282 1.0001053 ... 1.000459  0.9997164 0.9992366]
  [1.0001236 0.9997881 0.9999163 ... 0.9999456 1.0000454 1.000426 ]]

 [[0.9996266 1.0005372 1.0001256 ... 1.0000607 0.9997863 0.9997064]
  [1.0000112 0.9998777 0.9997409 ... 1.0001518 1.0003352 1.0003185]
  [1.0001009 0.9998181 0.9993894 ... 1.0002918 1.0001419 0.9999934]
  ...
  [0.9998428 0.9999199 1.0005174 ... 0.9998115 0.9997495 1.0000058]
  [0.9998565 1.000428  1.0003483 ... 0.9996344 1.0001657 0.9997513]
  [0.9991356 0.9997879 0.9994703 ... 0.9997528 1.0003318 1.0002574]]]","[[[5.80987310e-04 0.00000000e+00 0.00000000e+00 ... 0.00000000e+00
   2.11088700e-04 7.98448482e-04]
  [0.00000000e+00 5.57682508e-04 0.00000000e+00 ... 0.00000000e+00
   0.00000000e+00 0.00000000e+00]
  [0.00000000e+00 4.15266386e-04 1.49071282e-03 ... 0.00000000e+00
   0.00000000e+00 1.66571922e-04]
  ...
  [2.24111611e-04 1.16201690e-04 0.00000000e+00 ... 8.55395455e-04
   9.12441324e-04 2.06310235e-04]
  [2.04902105e-04 0.00000000e+00 0.00000000e+00 ... 1.62127003e-03
   0.00000000e+00 0.00000000e+00]
  [2.55095262e-03 3.02502283e-04 1.35029981e-03 ... 6.09540574e-04
   0.00000000e+00 0.00000000e+00]]

 [[0.00000000e+00 1.37305731e-03 1.01273911e-04 ... 8.81921929e-04
   0.00000000e+00 0.00000000e+00]
  [5.47439722e-04 0.00000000e+00 4.27949800e-05 ... 3.63684595e-04
   1.23369515e-03 7.62360231e-04]
  [2.88021225e-04 0.00000000e+00 0.00000000e+00 ... 6.99439321e-04
   8.45276472e-04 0.00000000e+00]
  ...
  [0.00000000e+00 0.00000000e+00 1.23917756e-03 ... 0.00000000e+00
   0.00000000e+00 0.00000000e+00]
  [0.00000000e+00 1.02519382e-03 1.38767367e-03 ... 0.00000000e+00
   1.41922730e-03 5.75095838e-04]
  [0.00000000e+00 0.00000000e+00 0.00000000e+00 ... 0.00000000e+00
   1.44639287e-03 2.33283654e-04]]]","[[0. 0. 0. ... 0. 0. 0.]
 [0. 0. 0. ... 0. 0. 0.]
 [0. 0. 0. ... 0. 0. 0.]
 ...
 [0. 0. 0. ... 0. 0. 0.]
 [0. 0. 0. ... 0. 0. 0.]
 [0. 0. 0. ... 0. 0. 0.]]","[[0. 0. 0. ... 0. 0. 0.]
 [0. 0. 0. ... 0. 0. 0.]
 [0. 0. 0. ... 0. 0. 0.]
 ...
 [0. 0. 0. ... 0. 0. 0.]
 [0. 0. 0. ... 0. 0. 0.]
 [0. 0. 0. ... 0. 0. 0.]]",0.2988572489360253,0.16221561345390603
422,6,20.0,25.0,0.0,1e-05,0.03,0.7000000000000002,4.735427633539751,0.8533488672924475,0.8129391492201825,"[[[0.9996266 1.0005375 1.0001256 ... 1.0000612 0.9997864 0.9997067]
  [1.0000114 0.999878  0.9997409 ... 1.0001523 1.0003353 1.000319 ]
  [1.0001009 0.9998184 0.9993894 ... 1.00097   1.000142  0.9999939]
  ...
  [0.999843  0.9999204 1.0005174 ... 0.9998119 0.9997496 1.0000064]
  [0.9998567 1.0004283 1.0003483 ... 1.0004596 1.0001658 0.9997517]
  [1.0001236 0.9997885 0.9994705 ... 0.9997535 1.0003321 1.000258 ]]

 [[0.9996631 1.0004995 1.0002135 ... 0.999737  0.9997159 0.9999908]
  [0.9997821 1.0001647 0.9994489 ... 1.0001519 1.0001456 1.0003186]
  [1.0000803 0.9999347 0.9993894 ... 1.0002918 0.9999193 1.0001107]
  ...
  [0.9998429 0.9999212 1.0005175 ... 1.0002513 1.0001653 1.0001667]
  [0.9998568 1.0004283 1.0001053 ... 1.0004592 0.9997163 0.9982738]
  [1.0001239 0.999788  0.9999163 ... 0.9999461 1.0000454 1.000426 ]]]","[[[4.31333429e-04 0.00000000e+00 0.00000000e+00 ... 8.07292212e-04
   4.98862563e-04 0.00000000e+00]
  [6.16612195e-04 0.00000000e+00 1.17522702e-03 ... 0.00000000e+00
   4.58280923e-05 0.00000000e+00]
  [0.00000000e+00 0.00000000e+00 8.70251739e-04 ... 4.88636057e-04
   4.12133804e-04 0.00000000e+00]
  ...
  [2.24059525e-04 1.11263905e-04 0.00000000e+00 ... 0.00000000e+00
   0.00000000e+00 0.00000000e+00]
  [2.03873271e-04 0.00000000e+00 1.74317600e-04 ... 0.00000000e+00
   1.00418663e-03 4.43552850e-03]
  [0.00000000e+00 3.02851170e-04 0.00000000e+00 ... 0.00000000e+00
   3.17799490e-04 0.00000000e+00]]

 [[0.00000000e+00 1.11075201e-03 7.11609746e-04 ... 0.00000000e+00
   0.00000000e+00 6.24364281e-04]
  [0.00000000e+00 1.04719960e-03 0.00000000e+00 ... 3.62966836e-04
   0.00000000e+00 7.62996758e-04]
  [1.45942415e-04 1.07870217e-04 0.00000000e+00 ... 0.00000000e+00
   0.00000000e+00 5.31194177e-04]
  ...
  [0.00000000e+00 0.00000000e+00 1.24063691e-03 ... 1.60187179e-03
   1.34208595e-03 7.63907864e-04]
  [0.00000000e+00 1.02666568e-03 0.00000000e+00 ... 1.09983643e-03
   0.00000000e+00 0.00000000e+00]
  [2.97422504e-04 0.00000000e+00 8.13793046e-04 ... 3.09033087e-04
   0.00000000e+00 1.40344222e-03]]]","[[0. 0. 0. ... 0. 0. 0.]
 [0. 0. 0. ... 0. 0. 0.]
 [0. 0. 0. ... 0. 0. 0.]
 ...
 [0. 0. 0. ... 0. 0. 0.]
 [0. 0. 0. ... 0. 0. 0.]
 [0. 0. 0. ... 0. 0. 0.]]","[[0. 0. 0. ... 0. 0. 0.]
 [0. 0. 0. ... 0. 0. 0.]
 [0. 0. 0. ... 0. 0. 0.]
 ...
 [0. 0. 0. ... 0. 0. 0.]
 [0. 0. 0. ... 0. 0. 0.]
 [0. 0. 0. ... 0. 0. 0.]]",0.40831510292045087,0.2874384687397136
422,6,20.0,25.0,0.05,1e-05,0.01,0.7000000000000002,5.117016484509913,0.8533488672924476,0.8096828650827145,"[[[0.9996631 1.0004995 1.0002133 ... 0.9997368 0.999737  0.9999907]
  [0.999782  1.0001647 0.9994486 ... 1.0001516 1.0001456 1.0003186]
  [1.0000803 0.9999348 0.9993893 ... 1.0002916 0.999919  1.000111 ]
  ...
  [0.9998428 0.9999213 1.0005171 ... 1.0002513 1.0001653 1.0001667]
  [0.9998565 1.0004278 1.0001048 ... 1.000459  0.999716  0.9982738]
  [1.0001234 0.9997876 0.9999157 ... 0.9999456 1.000045  1.0004262]]

 [[0.9996266 1.0005373 1.0001255 ... 1.0000606 0.999786  0.9997061]
  [1.0000113 0.9998778 0.9997408 ... 1.0001518 1.0003349 1.0003184]
  [1.0001007 0.999818  1.0009134 ... 1.0002913 1.0001414 0.9999932]
  ...
  [0.9998425 0.9999196 0.9998858 ... 0.9998111 0.999749  1.0000056]
  [0.9998564 1.0004278 1.0003479 ... 0.9996341 1.0001652 0.9997511]
  [0.9991352 0.9997876 0.9994699 ... 0.9997526 1.0003314 1.0002576]]]","[[[0.00000000e+00 6.36687862e-05 2.35583485e-05 ... 5.45448942e-05
   7.73073383e-06 0.00000000e+00]
  [4.28744383e-05 0.00000000e+00 2.38648705e-05 ... 1.81340016e-05
   5.28495129e-05 3.42394624e-05]
  [2.00227801e-05 0.00000000e+00 2.31587734e-04 ... 2.71125811e-05
   4.57744689e-05 0.00000000e+00]
  ...
  [2.43104022e-05 3.40775320e-05 0.00000000e+00 ... 0.00000000e+00
   0.00000000e+00 1.21040185e-05]
  [2.42014199e-05 6.26468821e-05 8.71340821e-05 ... 0.00000000e+00
   8.67130660e-05 1.79462511e-04]
  [0.00000000e+00 2.12718927e-05 0.00000000e+00 ... 0.00000000e+00
   7.30818013e-05 2.29516008e-05]]

 [[0.00000000e+00 0.00000000e+00 0.00000000e+00 ... 0.00000000e+00
   0.00000000e+00 1.90851152e-05]
  [0.00000000e+00 2.37668474e-05 0.00000000e+00 ... 0.00000000e+00
   0.00000000e+00 0.00000000e+00]
  [0.00000000e+00 1.81538855e-05 0.00000000e+00 ... 0.00000000e+00
   0.00000000e+00 0.00000000e+00]
  ...
  [0.00000000e+00 0.00000000e+00 2.23117106e-05 ... 2.16901179e-05
   1.91544807e-05 0.00000000e+00]
  [0.00000000e+00 0.00000000e+00 0.00000000e+00 ... 8.57444764e-05
   0.00000000e+00 0.00000000e+00]
  [1.29622860e-04 0.00000000e+00 3.85489419e-05 ... 5.34071325e-06
   0.00000000e+00 0.00000000e+00]]]","[[0. 0. 0. ... 0. 0. 0.]
 [0. 0. 0. ... 0. 0. 0.]
 [0. 0. 0. ... 0. 0. 0.]
 ...
 [0. 0. 0. ... 0. 0. 0.]
 [0. 0. 0. ... 0. 0. 0.]
 [0. 0. 0. ... 0. 0. 0.]]","[[0. 0. 0. ... 0. 0. 0.]
 [0. 0. 0. ... 0. 0. 0.]
 [0. 0. 0. ... 0. 0. 0.]
 ...
 [0. 0. 0. ... 0. 0. 0.]
 [0. 0. 0. ... 0. 0. 0.]
 [0. 0. 0. ... 0. 0. 0.]]",0.5803513157343844,0.5834943079430028
422,6,20.0,25.0,0.05,1e-05,0.02,0.7000000000000002,2.3474889461899293,0.8533488672924476,0.8733811376245748,"[[[0.9996631 1.0004996 1.0002133 ... 0.9997372 0.999716  0.9999907]
  [0.9997824 1.0005575 0.999449  ... 1.0001521 1.0001458 1.0003186]
  [1.0000806 0.999935  0.9993896 ... 0.9998854 0.9999197 1.0001107]
  ...
  [0.9998431 0.9999215 1.0005175 ... 1.0002515 1.0001656 1.0001665]
  [0.9998568 1.0004282 1.0001051 ... 1.0004594 0.9997164 0.9992364]
  [1.0001234 0.999788  0.9999161 ... 0.9999461 1.0000454 1.0004258]]

 [[0.9996631 1.0004994 1.0002133 ... 0.9997368 0.9997158 0.9999908]
  [0.9997821 1.0005572 0.9994487 ... 1.0001515 1.0001454 1.0003186]
  [1.0000802 0.9999347 0.9993893 ... 0.9998846 0.9999191 1.0001109]
  ...
  [0.9998428 0.9999211 1.0005172 ... 1.000251  1.0001651 1.0001664]
  [0.9998564 1.0004278 1.0001049 ... 1.0004588 0.9997159 0.9992364]
  [1.0001233 0.9997878 0.9999159 ... 0.9999456 1.000045  1.0004258]]]","[[[0.00000000e+00 6.08678517e-07 0.00000000e+00 ... 0.00000000e+00
   0.00000000e+00 0.00000000e+00]
  [0.00000000e+00 7.24648277e-06 0.00000000e+00 ... 0.00000000e+00
   0.00000000e+00 0.00000000e+00]
  [0.00000000e+00 0.00000000e+00 0.00000000e+00 ... 0.00000000e+00
   0.00000000e+00 0.00000000e+00]
  ...
  [0.00000000e+00 0.00000000e+00 0.00000000e+00 ... 0.00000000e+00
   0.00000000e+00 0.00000000e+00]
  [0.00000000e+00 0.00000000e+00 0.00000000e+00 ... 7.61895834e-08
   0.00000000e+00 0.00000000e+00]
  [0.00000000e+00 0.00000000e+00 0.00000000e+00 ... 0.00000000e+00
   0.00000000e+00 0.00000000e+00]]

 [[7.25374481e-05 1.68337655e-05 3.57380314e-05 ... 5.50738241e-05
   6.20358707e-05 4.73190465e-05]
  [6.42603574e-05 7.99225432e-06 7.90175447e-05 ... 2.69922704e-05
   3.39489370e-05 2.51689128e-05]
  [4.39784749e-05 4.79370413e-05 7.55110401e-05 ... 4.74068378e-05
   5.28029144e-05 4.35656527e-05]
  ...
  [6.77233278e-05 6.61716453e-05 2.77886787e-05 ... 3.37494906e-05
   4.17075067e-05 4.21915210e-05]
  [6.14489628e-05 2.77065377e-05 5.45557063e-05 ... 1.62458778e-05
   6.69825804e-05 1.00143015e-04]
  [4.17545446e-05 6.93724628e-05 6.25332840e-05 ... 4.59571921e-05
   4.02948985e-05 1.65754701e-05]]]","[[0. 0. 0. ... 0. 0. 0.]
 [0. 0. 0. ... 0. 0. 0.]
 [0. 0. 0. ... 0. 0. 0.]
 ...
 [0. 0. 0. ... 0. 0. 0.]
 [0. 0. 0. ... 0. 0. 0.]
 [0. 0. 0. ... 0. 0. 0.]]","[[0. 0. 0. ... 0. 0. 0.]
 [0. 0. 0. ... 0. 0. 0.]
 [0. 0. 0. ... 0. 0. 0.]
 ...
 [0. 0. 0. ... 0. 0. 0.]
 [0. 0. 0. ... 0. 0. 0.]
 [0. 0. 0. ... 0. 0. 0.]]",0.5844186733029494,0.6665943691709324
422,6,20.0,25.0,0.05,1e-05,0.03,0.7000000000000002,7.350290212893914,0.8533488672924475,0.9160724855668854,"[[[0.9996266 1.0005372 1.0001261 ... 1.0000607 0.9997869 0.9997071]
  [1.0000114 0.9998779 0.9997414 ... 1.0001519 1.0003357 1.00032  ]
  [1.0001011 0.9998186 0.99939   ... 1.0009698 1.0001425 0.9999944]
  ...
  [0.9990146 0.9999202 1.0005181 ... 0.9998118 0.9997502 1.000007 ]
  [0.9998568 1.0004286 1.000349  ... 1.0004593 1.0001663 0.9997523]
  [1.0001237 0.9997885 0.9994711 ... 0.9997535 1.0003325 1.0002584]]

 [[0.9996631 1.0004994 1.0002134 ... 0.9997371 0.999716  0.9999908]
  [0.999782  1.0005572 0.9994487 ... 1.0001518 1.0001456 1.0003186]
  [1.0000803 0.9999347 0.9993894 ... 1.0002918 0.9999192 1.0001105]
  ...
  [0.9998431 0.9999212 1.0005176 ... 1.0002513 1.0001653 1.0001665]
  [0.999857  1.0004283 1.0001053 ... 1.0004593 0.9997161 1.000108 ]
  [1.0001239 0.9997882 0.9999163 ... 0.9999459 1.0000451 1.0004258]]]","[[[0.00000000e+00 0.00000000e+00 0.00000000e+00 ... 0.00000000e+00
   0.00000000e+00 0.00000000e+00]
  [0.00000000e+00 7.49386692e-05 0.00000000e+00 ... 0.00000000e+00
   0.00000000e+00 0.00000000e+00]
  [0.00000000e+00 0.00000000e+00 0.00000000e+00 ... 0.00000000e+00
   0.00000000e+00 0.00000000e+00]
  ...
  [1.88090561e-05 0.00000000e+00 0.00000000e+00 ... 1.92597134e-05
   2.54088469e-06 0.00000000e+00]
  [0.00000000e+00 0.00000000e+00 0.00000000e+00 ... 0.00000000e+00
   0.00000000e+00 0.00000000e+00]
  [0.00000000e+00 0.00000000e+00 0.00000000e+00 ... 0.00000000e+00
   0.00000000e+00 0.00000000e+00]]

 [[9.40041445e-05 5.10224419e-05 5.48534797e-05 ... 1.01273185e-04
   8.34703451e-05 3.25690634e-05]
  [1.09712211e-04 0.00000000e+00 1.32627123e-04 ... 2.54890492e-05
   6.20190740e-05 3.60231797e-05]
  [5.19858085e-05 4.21853027e-05 8.01057323e-05 ... 1.01569314e-04
   8.17585157e-05 3.22696110e-05]
  ...
  [1.56564373e-05 1.15871497e-04 7.20258241e-05 ... 5.05655359e-06
   2.80505414e-05 7.43569866e-05]
  [1.11240634e-04 7.06103224e-05 1.27696307e-04 ... 3.72835378e-05
   1.58425750e-04 3.91162341e-05]
  [7.84624055e-05 1.06089424e-04 4.50844882e-05 ... 3.53669105e-05
   9.86049734e-05 2.97871809e-05]]]","[[0. 0. 0. ... 0. 0. 0.]
 [0. 0. 0. ... 0. 0. 0.]
 [0. 0. 0. ... 0. 0. 0.]
 ...
 [0. 0. 0. ... 0. 0. 0.]
 [0. 0. 0. ... 0. 0. 0.]
 [0. 0. 0. ... 0. 0. 0.]]","[[0. 0. 0. ... 0. 0. 0.]
 [0. 0. 0. ... 0. 0. 0.]
 [0. 0. 0. ... 0. 0. 0.]
 ...
 [0. 0. 0. ... 0. 0. 0.]
 [0. 0. 0. ... 0. 0. 0.]
 [0. 0. 0. ... 0. 0. 0.]]",0.5392676039652233,0.8042724385925922
422,6,20.0,25.0,0.0,1e-05,0.01,0.8000000000000003,9.26968747009151,0.9002457792961623,0.8167958090927183,"[[[0.9996631 1.0004996 1.0002135 ... 0.9997375 0.9997163 0.999991 ]
  [0.9997821 1.000165  0.999449  ... 1.0001523 1.0001457 1.0003186]
  [1.0000802 0.9999349 0.9993896 ... 0.9998852 0.9999193 1.0001107]
  ...
  [0.9998429 0.9999215 1.0005176 ... 1.0002513 1.0001653 1.0001667]
  [0.9998565 1.0004281 1.000105  ... 1.0004591 0.999716  0.9992364]
  [1.0001234 0.999788  0.999916  ... 0.9999459 1.0000451 1.0004258]]

 [[0.9996631 1.0004994 1.0002131 ... 0.9997369 0.999737  0.999991 ]
  [0.9997821 1.0001647 0.9994488 ... 1.0001518 1.0001454 1.0003188]
  [1.0000803 0.9999349 0.9993895 ... 1.0002918 0.9999192 1.000111 ]
  ...
  [0.9998429 0.9999213 1.0005175 ... 1.0002513 1.0001653 1.0001668]
  [0.9998566 1.0004281 1.0001051 ... 1.000459  0.999716  0.9982738]
  [1.0001235 0.999788  0.9999161 ... 0.9999459 1.0000452 1.000426 ]]]","[[[4.80069597e-04 0.00000000e+00 0.00000000e+00 ... 3.75696914e-04
   3.47048968e-04 1.28297430e-05]
  [3.10516231e-04 0.00000000e+00 7.85903132e-04 ... 0.00000000e+00
   0.00000000e+00 0.00000000e+00]
  [0.00000000e+00 9.27423793e-05 8.70127308e-04 ... 0.00000000e+00
   1.15322935e-04 0.00000000e+00]
  ...
  [2.23876685e-04 1.12343024e-04 0.00000000e+00 ... 0.00000000e+00
   0.00000000e+00 0.00000000e+00]
  [2.04184003e-04 0.00000000e+00 0.00000000e+00 ... 0.00000000e+00
   4.04719985e-04 3.74760389e-03]
  [0.00000000e+00 3.02104998e-04 1.19498787e-04 ... 7.71152079e-05
   0.00000000e+00 0.00000000e+00]]

 [[0.00000000e+00 1.19643751e-03 5.10167818e-04 ... 0.00000000e+00
   0.00000000e+00 0.00000000e+00]
  [0.00000000e+00 3.94417367e-04 0.00000000e+00 ... 3.62454903e-04
   3.48121632e-04 7.64413548e-04]
  [1.92895669e-04 0.00000000e+00 0.00000000e+00 ... 1.62445810e-03
   0.00000000e+00 2.66613441e-04]
  ...
  [0.00000000e+00 0.00000000e+00 1.24013503e-03 ... 6.02421535e-04
   3.96388098e-04 4.00087919e-04]
  [0.00000000e+00 1.02614402e-03 2.52345396e-04 ... 1.09986344e-03
   0.00000000e+00 0.00000000e+00]
  [2.96348853e-04 0.00000000e+00 0.00000000e+00 ... 0.00000000e+00
   1.08583568e-04 1.02182007e-03]]]","[[0. 0. 0. ... 0. 0. 0.]
 [0. 0. 0. ... 0. 0. 0.]
 [0. 0. 0. ... 0. 0. 0.]
 ...
 [0. 0. 0. ... 0. 0. 0.]
 [0. 0. 0. ... 0. 0. 0.]
 [0. 0. 0. ... 0. 0. 0.]]","[[0. 0. 0. ... 0. 0. 0.]
 [0. 0. 0. ... 0. 0. 0.]
 [0. 0. 0. ... 0. 0. 0.]
 ...
 [0. 0. 0. ... 0. 0. 0.]
 [0. 0. 0. ... 0. 0. 0.]
 [0. 0. 0. ... 0. 0. 0.]]",0.26087535402401335,0.15781735856498097
422,6,20.0,25.0,0.0,1e-05,0.02,0.8000000000000003,3.751366884224385,0.9002457792961623,0.8664742572550184,"[[[0.9996266 1.0005373 1.0001255 ... 1.0000608 0.9997862 0.9997065]
  [1.0000113 0.9998778 0.9997408 ... 1.0001519 1.0003349 1.0003186]
  [1.000101  0.9998183 0.9993894 ... 1.000292  1.0001419 0.9999938]
  ...
  [0.999843  0.9999201 1.0005174 ... 0.9998118 0.9997496 1.0000064]
  [0.9998567 1.0004282 1.0003483 ... 1.0004593 1.0001657 0.9997517]
  [1.0001236 0.9997881 0.9994703 ... 0.9997531 1.0003318 1.0002578]]

 [[0.9996266 1.0005373 1.0001258 ... 1.0000606 0.9997863 0.9997065]
  [1.0000113 0.9998778 0.9997411 ... 1.0001518 1.0003352 1.0003188]
  [1.000101  0.9998182 0.9993895 ... 1.0002918 1.000142  0.9999939]
  ...
  [0.999843  0.99992   1.0005176 ... 0.9998115 0.9997496 1.0000063]
  [0.9998568 1.0004282 1.0003484 ... 1.0004591 1.0001658 0.9997516]
  [1.0001237 0.9997882 0.9994706 ... 0.9997529 1.0003319 1.0002578]]]","[[[5.32162506e-04 0.00000000e+00 0.00000000e+00 ... 0.00000000e+00
   3.04344481e-04 4.18242369e-04]
  [0.00000000e+00 1.74125001e-04 3.68579173e-04 ... 0.00000000e+00
   0.00000000e+00 0.00000000e+00]
  [0.00000000e+00 2.59218504e-04 8.69908810e-04 ... 0.00000000e+00
   0.00000000e+00 8.52658491e-06]
  ...
  [2.23723708e-04 1.14150280e-04 0.00000000e+00 ... 2.69142206e-04
   3.56828121e-04 0.00000000e+00]
  [2.03859646e-04 0.00000000e+00 0.00000000e+00 ... 0.00000000e+00
   0.00000000e+00 3.54014590e-04]
  [0.00000000e+00 3.01626782e-04 7.54110575e-04 ... 3.52477430e-04
   0.00000000e+00 0.00000000e+00]]

 [[0.00000000e+00 1.28778868e-03 3.02017185e-04 ... 1.44602354e-04
   0.00000000e+00 0.00000000e+00]
  [2.71151136e-05 0.00000000e+00 0.00000000e+00 ... 3.63500271e-04
   8.04350645e-04 7.64380102e-04]
  [2.42039310e-04 0.00000000e+00 0.00000000e+00 ... 6.99260554e-04
   3.40609820e-04 0.00000000e+00]
  ...
  [0.00000000e+00 0.00000000e+00 1.24119570e-03 ... 0.00000000e+00
   0.00000000e+00 1.48411734e-05]
  [0.00000000e+00 1.02639449e-03 8.35525589e-04 ... 1.09983581e-03
   3.97772014e-04 0.00000000e+00]
  [2.96894255e-04 0.00000000e+00 0.00000000e+00 ... 0.00000000e+00
   7.95816785e-04 6.18109591e-04]]]","[[0. 0. 0. ... 0. 0. 0.]
 [0. 0. 0. ... 0. 0. 0.]
 [0. 0. 0. ... 0. 0. 0.]
 ...
 [0. 0. 0. ... 0. 0. 0.]
 [0. 0. 0. ... 0. 0. 0.]
 [0. 0. 0. ... 0. 0. 0.]]","[[0. 0. 0. ... 0. 0. 0.]
 [0. 0. 0. ... 0. 0. 0.]
 [0. 0. 0. ... 0. 0. 0.]
 ...
 [0. 0. 0. ... 0. 0. 0.]
 [0. 0. 0. ... 0. 0. 0.]
 [0. 0. 0. ... 0. 0. 0.]]",0.45683518315764515,0.4464270326420493
422,6,20.0,25.0,0.0,1e-05,0.03,0.8000000000000003,6.101945370861938,0.9002457792961625,0.8453132736400203,"[[[0.9996266 1.0005373 1.0001256 ... 1.0000608 0.9997864 0.9997065]
  [1.0000113 0.9998779 0.999741  ... 1.0001519 1.0003353 1.0003188]
  [1.0001011 0.9998184 0.9998542 ... 1.0009698 1.000142  0.9999937]
  ...
  [0.9990146 0.9999202 1.0005177 ... 0.9998118 0.9997498 1.0000064]
  [0.9998566 1.0004282 1.0003484 ... 0.9996346 1.0001657 0.9997516]
  [1.0001236 0.9997882 0.9994705 ... 0.999753  1.000332  1.0002578]]

 [[0.9996631 1.0004995 1.0002133 ... 0.9997369 0.9997159 0.999991 ]
  [0.9997821 1.0001647 0.9994487 ... 1.0001519 1.0001456 1.0003189]
  [1.0000802 0.9999347 0.9993893 ... 0.999885  0.9999193 1.000111 ]
  ...
  [0.9998431 0.9999214 1.0005176 ... 1.0002513 1.0001655 1.0001668]
  [0.9998566 1.0004278 1.000105  ... 1.000459  0.999716  0.9992364]
  [1.0001234 0.9997878 0.9999159 ... 0.9999458 1.000045  1.0004258]]]","[[[4.31327931e-04 0.00000000e+00 0.00000000e+00 ... 8.07145811e-04
   4.98861035e-04 0.00000000e+00]
  [6.16451901e-04 0.00000000e+00 1.17587468e-03 ... 0.00000000e+00
   4.58311366e-05 0.00000000e+00]
  [0.00000000e+00 0.00000000e+00 1.49098667e-03 ... 1.61062370e-03
   4.12139966e-04 0.00000000e+00]
  ...
  [0.00000000e+00 1.10463325e-04 0.00000000e+00 ... 0.00000000e+00
   0.00000000e+00 0.00000000e+00]
  [2.04372182e-04 0.00000000e+00 1.75141877e-04 ... 0.00000000e+00
   1.00484369e-03 1.77620605e-03]
  [0.00000000e+00 3.02949327e-04 0.00000000e+00 ... 0.00000000e+00
   3.18949073e-04 0.00000000e+00]]

 [[0.00000000e+00 1.11129207e-03 7.10493174e-04 ... 0.00000000e+00
   0.00000000e+00 6.25619349e-04]
  [0.00000000e+00 1.04733549e-03 0.00000000e+00 ... 3.64045975e-04
   0.00000000e+00 7.64656142e-04]
  [1.44849715e-04 1.07880386e-04 0.00000000e+00 ... 0.00000000e+00
   0.00000000e+00 5.32851259e-04]
  ...
  [1.50950343e-03 0.00000000e+00 1.24036149e-03 ... 1.60201505e-03
   1.34224365e-03 7.64464339e-04]
  [0.00000000e+00 1.02470180e-03 0.00000000e+00 ... 2.97515322e-03
   0.00000000e+00 0.00000000e+00]
  [2.95207313e-04 0.00000000e+00 8.11835316e-04 ... 3.08724949e-04
   0.00000000e+00 1.40262313e-03]]]","[[0. 0. 0. ... 0. 0. 0.]
 [0. 0. 0. ... 0. 0. 0.]
 [0. 0. 0. ... 0. 0. 0.]
 ...
 [0. 0. 0. ... 0. 0. 0.]
 [0. 0. 0. ... 0. 0. 0.]
 [0. 0. 0. ... 0. 0. 0.]]","[[0. 0. 0. ... 0. 0. 0.]
 [0. 0. 0. ... 0. 0. 0.]
 [0. 0. 0. ... 0. 0. 0.]
 ...
 [0. 0. 0. ... 0. 0. 0.]
 [0. 0. 0. ... 0. 0. 0.]
 [0. 0. 0. ... 0. 0. 0.]]",0.4080476440428434,0.2905571863587417
422,6,20.0,25.0,0.05,1e-05,0.01,0.8000000000000003,7.641220183850702,0.9002457792961623,0.8314560171043199,"[[[0.9996266 1.0005373 1.0001255 ... 1.0000606 0.9997859 0.9997062]
  [1.0000114 0.9998777 0.9997406 ... 1.0001515 1.0003349 1.0003184]
  [1.0001009 0.999818  0.9993891 ... 1.0009692 1.0001414 0.9999935]
  ...
  [0.999843  0.9999198 0.9998859 ... 0.9998112 0.999749  1.0000058]
  [0.9998566 1.0004278 1.0003479 ... 0.9996341 1.0001651 0.9997512]
  [0.9991356 0.9997876 0.99947   ... 0.9997526 1.0003312 1.0002574]]

 [[0.9996631 1.0004992 1.0002131 ... 0.9997368 0.999737  0.999991 ]
  [0.9997824 1.000165  0.999449  ... 1.0001518 1.0001456 1.0003192]
  [1.0000806 0.9999351 0.9993896 ... 0.9998848 0.9999192 1.0001111]
  ...
  [0.9998434 0.9999215 1.0005178 ... 1.0002513 1.0001655 1.0001669]
  [0.9998568 1.0004286 1.0001051 ... 1.0004588 0.9997161 0.9992368]
  [1.0001239 0.9997884 0.9999162 ... 0.9999458 1.000045  1.000426 ]]]","[[[0.00000000e+00 0.00000000e+00 0.00000000e+00 ... 0.00000000e+00
   0.00000000e+00 0.00000000e+00]
  [0.00000000e+00 0.00000000e+00 0.00000000e+00 ... 0.00000000e+00
   0.00000000e+00 0.00000000e+00]
  [0.00000000e+00 0.00000000e+00 0.00000000e+00 ... 0.00000000e+00
   0.00000000e+00 0.00000000e+00]
  ...
  [0.00000000e+00 0.00000000e+00 3.25751924e-05 ... 2.05053710e-05
   7.33142276e-06 0.00000000e+00]
  [0.00000000e+00 0.00000000e+00 0.00000000e+00 ... 7.82245611e-05
   0.00000000e+00 0.00000000e+00]
  [6.15914476e-05 0.00000000e+00 0.00000000e+00 ... 0.00000000e+00
   0.00000000e+00 0.00000000e+00]]

 [[1.13291886e-04 6.90328189e-05 7.62887752e-05 ... 1.12966782e-04
   9.14839837e-05 4.76064385e-05]
  [1.31992741e-04 3.96757335e-05 1.58448663e-04 ... 3.63499509e-05
   7.87093944e-05 5.77874434e-05]
  [8.73098124e-05 7.72521992e-05 1.16638840e-04 ... 1.93262799e-04
   1.04561796e-04 6.35970289e-05]
  ...
  [1.11342385e-04 1.18802970e-04 4.65502930e-06 ... 2.67997172e-06
   2.01114676e-05 5.85211785e-05]
  [1.07846196e-04 7.95075247e-05 1.43430447e-04 ... 0.00000000e+00
   1.54443533e-04 2.00219576e-04]
  [0.00000000e+00 1.23336651e-04 6.24724958e-05 ... 4.61300901e-05
   1.03367399e-04 3.38221828e-05]]]","[[0. 0. 0. ... 0. 0. 0.]
 [0. 0. 0. ... 0. 0. 0.]
 [0. 0. 0. ... 0. 0. 0.]
 ...
 [0. 0. 0. ... 0. 0. 0.]
 [0. 0. 0. ... 0. 0. 0.]
 [0. 0. 0. ... 0. 0. 0.]]","[[0. 0. 0. ... 0. 0. 0.]
 [0. 0. 0. ... 0. 0. 0.]
 [0. 0. 0. ... 0. 0. 0.]
 ...
 [0. 0. 0. ... 0. 0. 0.]
 [0. 0. 0. ... 0. 0. 0.]
 [0. 0. 0. ... 0. 0. 0.]]",0.5820803862225497,0.6096900166650842
422,6,20.0,25.0,0.05,1e-05,0.02,0.8000000000000003,0.14701886838582282,0.9002457792961623,0.9015693104535747,"[[[0.9996266 1.0005372 1.0001253 ... 1.0000607 0.9997862 0.9997063]
  [1.0000112 0.9998776 0.9997406 ... 1.0001518 1.0003349 1.0003184]
  [1.0001007 0.999818  0.9993891 ... 1.0002918 1.0001417 0.9999933]
  ...
  [0.9998428 0.9999199 0.9998859 ... 0.9998116 0.9997495 1.0000063]
  [0.9998564 1.0004278 1.000348  ... 1.0004591 1.0001657 0.9997514]
  [1.0001233 0.9997876 0.99947   ... 0.9997531 1.0003318 1.0002578]]

 [[0.9996631 1.0004994 1.0002133 ... 0.9997369 0.999716  0.9999913]
  [0.9997823 1.000165  0.999449  ... 1.0001518 1.0001458 1.0003189]
  [1.0000803 0.9999349 0.9993896 ... 0.999885  0.9999194 1.0001113]
  ...
  [0.9998431 0.9999214 1.0005177 ... 1.0002513 1.0001656 1.0001667]
  [0.999857  1.0004283 1.0001055 ... 1.0004591 0.9993186 0.9982738]
  [1.0001237 0.9997882 0.9999163 ... 0.9999459 1.0000452 1.000426 ]]]","[[[0.00000000e+00 1.52628599e-05 6.00165049e-06 ... 0.00000000e+00
   0.00000000e+00 3.15143945e-05]
  [0.00000000e+00 3.67093249e-05 0.00000000e+00 ... 2.07780305e-05
   0.00000000e+00 1.93738878e-05]
  [0.00000000e+00 1.83511382e-06 0.00000000e+00 ... 0.00000000e+00
   0.00000000e+00 1.46744944e-05]
  ...
  [0.00000000e+00 0.00000000e+00 7.28701251e-05 ... 6.02254895e-05
   5.35045978e-05 2.50612925e-05]
  [0.00000000e+00 8.13069437e-06 0.00000000e+00 ... 3.06023139e-05
   0.00000000e+00 0.00000000e+00]
  [2.87205074e-06 0.00000000e+00 2.15934598e-05 ... 2.58847228e-05
   0.00000000e+00 5.45311127e-05]]

 [[2.81738165e-05 0.00000000e+00 2.84038257e-06 ... 4.06837227e-05
   1.75304170e-05 0.00000000e+00]
  [5.35116877e-05 0.00000000e+00 8.56577702e-05 ... 0.00000000e+00
   5.61206635e-06 0.00000000e+00]
  [8.87594870e-06 1.57622823e-06 4.48881284e-05 ... 4.71058971e-05
   3.41725118e-05 0.00000000e+00]
  ...
  [3.46748985e-05 4.73519690e-05 0.00000000e+00 ... 0.00000000e+00
   0.00000000e+00 0.00000000e+00]
  [1.53320115e-05 1.89555931e-06 7.19499239e-05 ... 0.00000000e+00
   1.39202185e-04 2.92990190e-04]
  [0.00000000e+00 4.06815473e-05 0.00000000e+00 ... 0.00000000e+00
   1.58520117e-05 0.00000000e+00]]]","[[0. 0. 0. ... 0. 0. 0.]
 [0. 0. 0. ... 0. 0. 0.]
 [0. 0. 0. ... 0. 0. 0.]
 ...
 [0. 0. 0. ... 0. 0. 0.]
 [0. 0. 0. ... 0. 0. 0.]
 [0. 0. 0. ... 0. 0. 0.]]","[[0. 0. 0. ... 0. 0. 0.]
 [0. 0. 0. ... 0. 0. 0.]
 [0. 0. 0. ... 0. 0. 0.]
 ...
 [0. 0. 0. ... 0. 0. 0.]
 [0. 0. 0. ... 0. 0. 0.]
 [0. 0. 0. ... 0. 0. 0.]]",0.5849873428822022,0.699013224549385
422,6,20.0,25.0,0.05,1e-05,0.03,0.8000000000000003,5.104453316174644,0.9002457792961625,0.9461984048311677,"[[[0.9996631 1.0004997 1.0002139 ... 0.9997372 0.999716  0.999991 ]
  [0.9997822 1.000165  0.9994491 ... 1.0001523 1.0001458 1.000319 ]
  [1.0000805 0.9999351 0.9998542 ... 0.9998854 0.9999197 1.0001111]
  ...
  [0.999843  0.9999215 1.0005177 ... 1.0002519 1.000166  1.0001673]
  [0.9998565 1.0004283 1.0001053 ... 1.0004594 0.9997164 0.9992368]
  [1.0001235 0.9997884 0.9999165 ... 0.9999464 1.0000454 1.000426 ]]

 [[0.9996266 1.0005374 1.0001259 ... 1.0000609 0.9997865 0.9997065]
  [1.0000112 0.9998778 0.9997412 ... 1.000152  1.0003355 1.0003186]
  [1.0001009 0.9998183 0.9993896 ... 1.000292  1.0001421 0.9999938]
  ...
  [0.9990146 0.9999202 1.0005177 ... 0.9998117 0.9997496 1.0000062]
  [0.9998567 1.0004281 1.0003483 ... 1.0004591 1.0001658 0.9997515]
  [1.0001237 0.9997882 0.9994704 ... 0.9997528 1.0003318 1.0002577]]]","[[[0.00000000e+00 6.78477429e-05 2.89866488e-05 ... 6.52208777e-05
   1.64749511e-05 0.00000000e+00]
  [5.02213655e-05 0.00000000e+00 4.59786097e-05 ... 2.70007120e-05
   5.85487769e-05 3.89250902e-05]
  [2.73002985e-05 3.24557941e-06 0.00000000e+00 ... 8.13527677e-05
   4.87208061e-05 8.53575741e-07]
  ...
  [0.00000000e+00 3.44314432e-05 6.34866119e-05 ... 0.00000000e+00
   0.00000000e+00 2.57604266e-05]
  [2.89033627e-05 6.11391063e-05 8.04936290e-05 ... 6.19437974e-05
   9.32983243e-05 7.73970589e-05]
  [3.90261544e-05 1.78627018e-05 0.00000000e+00 ... 0.00000000e+00
   7.94298324e-05 2.49300574e-05]]

 [[0.00000000e+00 0.00000000e+00 0.00000000e+00 ... 0.00000000e+00
   0.00000000e+00 1.40575170e-05]
  [0.00000000e+00 1.52255986e-06 0.00000000e+00 ... 0.00000000e+00
   0.00000000e+00 0.00000000e+00]
  [0.00000000e+00 0.00000000e+00 5.51230813e-05 ... 0.00000000e+00
   0.00000000e+00 0.00000000e+00]
  ...
  [1.00135498e-04 0.00000000e+00 0.00000000e+00 ... 5.65709221e-06
   3.63545698e-06 0.00000000e+00]
  [0.00000000e+00 0.00000000e+00 0.00000000e+00 ... 0.00000000e+00
   0.00000000e+00 0.00000000e+00]
  [0.00000000e+00 0.00000000e+00 3.75549650e-05 ... 0.00000000e+00
   0.00000000e+00 0.00000000e+00]]]","[[0. 0. 0. ... 0. 0. 0.]
 [0. 0. 0. ... 0. 0. 0.]
 [0. 0. 0. ... 0. 0. 0.]
 ...
 [0. 0. 0. ... 0. 0. 0.]
 [0. 0. 0. ... 0. 0. 0.]
 [0. 0. 0. ... 0. 0. 0.]]","[[0. 0. 0. ... 0. 0. 0.]
 [0. 0. 0. ... 0. 0. 0.]
 [0. 0. 0. ... 0. 0. 0.]
 ...
 [0. 0. 0. ... 0. 0. 0.]
 [0. 0. 0. ... 0. 0. 0.]
 [0. 0. 0. ... 0. 0. 0.]]",0.5286681042809068,0.8645965780621361
